province,year,month,spi3,vhi,vci,tci,cdi,cdi_category
Badakhshan,2015,1,-0.71,48.99,62.23,35.75,36.5,Moderate drought
Badakhshan,2015,2,0.62,43.05,33.7,52.4,58.06,Normal
Badakhshan,2015,3,0.87,35.87,7.8,63.94,58.28,Normal
Badakhshan,2015,4,0.57,34.34,18.3,50.38,52.96,Normal
Badakhshan,2015,5,-0.16,50.0,0.0,100.0,46.89,Normal
Badakhshan,2015,6,-0.33,75.57,76.19,74.96,56.25,Normal
Badakhshan,2015,7,-0.03,100.0,100.0,100.0,74.44,Healthy
Badakhshan,2015,8,0.29,94.03,100.0,88.06,77.73,Healthy
Badakhshan,2015,9,1.36,100.0,100.0,100.0,95.69,Healthy
Badakhshan,2015,10,0.17,46.75,71.27,22.23,51.84,Normal
Badakhshan,2015,11,0.41,56.8,28.53,85.06,61.32,Healthy
Badakhshan,2015,12,0.21,45.2,29.92,60.48,51.85,Normal
Badakhshan,2016,1,0.03,40.78,63.76,17.81,45.98,Normal
Badakhshan,2016,2,-1.57,36.86,71.57,2.15,21.34,Severe drought
Badakhshan,2016,3,-0.38,65.23,86.23,44.24,50.15,Normal
Badakhshan,2016,4,0.01,50.34,50.35,50.32,50.47,Normal
Badakhshan,2016,5,0.93,60.13,59.18,61.09,71.32,Healthy
Badakhshan,2016,6,0.52,54.8,100.0,9.6,62.28,Healthy
Badakhshan,2016,7,0.43,49.82,43.38,56.26,58.29,Normal
Badakhshan,2016,8,0.27,63.07,26.15,100.0,61.91,Healthy
Badakhshan,2016,9,0.48,41.25,64.03,18.46,54.93,Normal
Badakhshan,2016,10,-0.55,56.94,88.04,25.84,42.96,Normal
Badakhshan,2016,11,0.15,47.91,42.94,52.87,51.87,Normal
Badakhshan,2016,12,0.19,45.16,86.21,4.1,51.34,Normal
Badakhshan,2017,1,0.72,57.7,33.16,82.23,67.04,Healthy
Badakhshan,2017,2,1.03,53.74,15.85,91.62,69.27,Healthy
Badakhshan,2017,3,0.81,62.84,25.68,100.0,70.97,Healthy
Badakhshan,2017,4,0.38,47.95,0.0,95.9,56.3,Normal
Badakhshan,2017,5,-0.44,36.79,24.31,49.27,34.92,Moderate drought
Badakhshan,2017,6,-0.43,54.11,97.16,11.06,43.66,Normal
Badakhshan,2017,7,-0.48,50.29,69.66,30.92,40.84,Normal
Badakhshan,2017,8,-0.24,39.17,43.43,34.91,39.85,Moderate drought
Badakhshan,2017,9,0.3,62.55,41.81,83.28,62.14,Healthy
Badakhshan,2017,10,-0.73,50.0,100.0,0.0,36.63,Moderate drought
Badakhshan,2017,11,-1.16,50.0,100.0,0.0,31.17,Moderate drought
Badakhshan,2017,12,-1.21,54.23,60.96,47.5,32.81,Moderate drought
Badakhshan,2018,1,-1.86,50.0,100.0,0.0,26.59,Moderate drought
Badakhshan,2018,2,-1.3,64.02,93.85,34.18,36.82,Moderate drought
Badakhshan,2018,3,-0.58,35.33,49.18,21.47,31.78,Moderate drought
Badakhshan,2018,4,-0.36,51.43,52.2,50.67,43.61,Normal
Badakhshan,2018,5,0.87,56.49,13.46,99.52,68.63,Healthy
Badakhshan,2018,6,0.59,40.7,68.56,12.83,56.5,Normal
Badakhshan,2018,7,1.18,31.52,47.87,15.17,59.8,Normal
Badakhshan,2018,8,-0.92,18.42,27.58,9.26,18.19,Severe drought
Badakhshan,2018,9,-0.08,46.86,32.05,61.67,46.82,Normal
Badakhshan,2018,10,2.16,50.0,0.0,100.0,74.22,Healthy
Badakhshan,2018,11,1.31,63.54,27.07,100.0,77.0,Healthy
Badakhshan,2018,12,0.84,47.6,39.47,55.73,63.77,Healthy
Badakhshan,2019,1,1.04,50.0,0.0,100.0,67.58,Healthy
Badakhshan,2019,2,0.87,50.0,0.0,100.0,65.37,Healthy
Badakhshan,2019,3,0.82,33.58,0.0,67.15,56.42,Normal
Badakhshan,2019,4,0.75,58.09,57.02,59.16,67.74,Healthy
Badakhshan,2019,5,0.27,44.42,26.07,62.77,52.46,Normal
Badakhshan,2019,6,1.23,50.0,0.0,100.0,69.56,Healthy
Badakhshan,2019,7,0.73,55.51,72.4,38.62,66.05,Healthy
Badakhshan,2019,8,2.43,55.53,57.39,53.67,77.39,Healthy
Badakhshan,2019,9,-0.69,55.28,75.7,34.86,39.86,Moderate drought
Badakhshan,2019,10,0.56,60.5,97.56,23.45,65.93,Healthy
Badakhshan,2019,11,0.85,63.96,45.89,82.04,72.15,Healthy
Badakhshan,2019,12,0.26,47.1,54.37,39.82,53.65,Normal
Badakhshan,2020,1,-0.19,51.85,25.68,78.03,47.25,Normal
Badakhshan,2020,2,-1.64,38.98,77.95,0.0,22.04,Severe drought
Badakhshan,2020,3,-1.81,61.58,79.32,43.84,32.54,Moderate drought
Badakhshan,2020,4,-1.07,48.01,64.26,31.76,31.11,Moderate drought
Badakhshan,2020,5,-0.01,51.22,45.94,56.51,50.32,Normal
Badakhshan,2020,6,0.55,65.6,76.84,54.36,68.21,Healthy
Badakhshan,2020,7,0.77,84.67,71.69,97.65,81.34,Healthy
Badakhshan,2020,8,0.88,30.47,60.95,0.0,55.78,Normal
Badakhshan,2020,9,2.16,60.35,29.32,91.38,79.4,Healthy
Badakhshan,2020,10,-0.91,58.14,65.89,50.39,38.09,Moderate drought
Badakhshan,2020,11,0.2,43.75,0.0,87.51,50.85,Normal
Badakhshan,2020,12,-0.06,50.0,0.0,100.0,48.71,Normal
Badakhshan,2021,1,-0.66,40.22,52.72,27.72,32.86,Moderate drought
Badakhshan,2021,2,-1.97,51.82,100.0,3.65,27.14,Moderate drought
Badakhshan,2021,3,0.36,63.03,38.9,87.16,63.6,Healthy
Badakhshan,2021,4,0.21,50.54,1.08,100.0,54.48,Normal
Badakhshan,2021,5,0.48,46.76,13.1,80.41,57.58,Normal
Badakhshan,2021,6,-1.3,33.25,49.91,16.59,21.43,Severe drought
Badakhshan,2021,7,-0.79,43.43,44.79,42.07,32.43,Moderate drought
Badakhshan,2021,8,-0.31,41.22,44.08,38.37,39.43,Moderate drought
Badakhshan,2021,9,0.58,29.8,59.6,0.0,50.8,Normal
Badakhshan,2021,10,-0.5,57.33,85.87,28.8,44.08,Normal
Badakhshan,2021,11,-0.97,53.57,34.81,72.32,35.03,Moderate drought
Badakhshan,2021,12,-0.99,54.06,48.55,59.56,35.11,Moderate drought
Badakhshan,2022,1,-0.35,50.74,44.06,57.42,43.55,Normal
Badakhshan,2022,2,-0.9,55.23,37.17,73.29,36.87,Moderate drought
Badakhshan,2022,3,-0.45,50.0,100.0,0.0,41.23,Normal
Badakhshan,2022,4,-1.36,50.0,100.0,0.0,29.32,Moderate drought
Badakhshan,2022,5,-0.67,50.0,100.0,0.0,37.55,Moderate drought
Badakhshan,2022,6,-0.83,37.11,74.22,0.0,28.77,Moderate drought
Badakhshan,2022,7,-0.29,0.0,0.0,0.0,19.27,Severe drought
Badakhshan,2022,8,1.28,47.94,0.0,95.87,68.96,Healthy
Badakhshan,2022,9,1.84,43.1,18.72,67.47,69.91,Healthy
Badakhshan,2022,10,1.17,34.99,11.47,58.51,61.43,Healthy
Badakhshan,2022,11,0.76,61.16,27.51,94.82,69.42,Healthy
Badakhshan,2022,12,0.14,48.61,30.55,66.67,52.15,Normal
Badakhshan,2023,1,-0.38,80.86,67.01,94.7,58.09,Normal
Badakhshan,2023,2,-0.14,74.39,68.67,80.12,59.45,Normal
Badakhshan,2023,3,-0.96,64.47,80.25,48.69,40.67,Normal
Badakhshan,2023,4,-1.84,52.33,50.89,53.77,27.81,Moderate drought
Badakhshan,2023,5,-2.73,51.63,7.08,96.18,25.98,Severe drought
Badakhshan,2023,6,-1.9,22.68,27.17,18.18,12.76,Severe drought
Badakhshan,2023,7,-0.82,42.55,19.18,65.91,31.59,Moderate drought
Badakhshan,2023,8,-0.07,60.8,44.99,76.6,54.02,Normal
Badakhshan,2023,9,0.99,48.02,0.0,96.05,65.98,Healthy
Badakhshan,2023,10,-0.41,59.6,71.22,47.97,46.85,Normal
Badakhshan,2023,11,-1.28,53.07,69.66,36.48,31.58,Moderate drought
Badakhshan,2023,12,-1.82,50.0,100.0,0.0,26.73,Moderate drought
Badghis,2015,1,0.16,46.0,36.47,55.53,51.27,Normal
Badghis,2015,2,1.69,76.6,74.8,78.41,86.02,Healthy
Badghis,2015,3,1.77,83.34,66.67,100.0,89.73,Healthy
Badghis,2015,4,1.23,67.73,73.97,61.48,78.44,Healthy
Badghis,2015,5,-0.15,45.71,47.34,44.08,44.86,Normal
Badghis,2015,6,-1.05,37.47,52.96,21.99,26.11,Moderate drought
Badghis,2015,7,-0.45,55.16,61.54,48.78,43.85,Normal
Badghis,2015,8,-0.16,62.62,61.53,63.72,53.05,Normal
Badghis,2015,9,0.64,52.15,54.69,49.61,63.03,Healthy
Badghis,2015,10,1.56,85.86,78.13,93.6,89.97,Healthy
Badghis,2015,11,1.34,86.71,100.0,73.42,88.88,Healthy
Badghis,2015,12,0.61,78.03,100.0,56.07,75.46,Healthy
Badghis,2016,1,0.05,70.2,100.0,40.39,61.01,Healthy
Badghis,2016,2,-1.45,59.37,100.0,18.74,33.33,Moderate drought
Badghis,2016,3,-0.21,80.27,100.0,60.53,60.93,Healthy
Badghis,2016,4,0.07,66.76,72.31,61.21,59.71,Normal
Badghis,2016,5,0.75,18.75,37.5,0.0,48.1,Normal
Badghis,2016,6,0.37,37.94,37.05,38.84,51.11,Normal
Badghis,2016,7,-0.21,28.76,38.09,19.44,35.15,Moderate drought
Badghis,2016,8,1.44,36.32,39.17,33.48,64.42,Healthy
Badghis,2016,9,0.64,17.68,35.37,0.0,45.8,Normal
Badghis,2016,10,-0.54,61.46,41.97,80.95,45.38,Normal
Badghis,2016,11,-1.13,32.1,27.26,36.93,22.48,Severe drought
Badghis,2016,12,-0.94,21.39,42.78,0.0,19.43,Severe drought
Badghis,2017,1,-0.22,38.77,6.94,70.6,39.99,Moderate drought
Badghis,2017,2,1.96,50.0,0.0,100.0,73.74,Healthy
Badghis,2017,3,1.67,55.15,30.9,79.4,75.22,Healthy
Badghis,2017,4,1.03,47.76,47.45,48.06,66.32,Healthy
Badghis,2017,5,-0.51,26.89,38.73,15.05,28.72,Moderate drought
Badghis,2017,6,-1.08,36.84,49.08,24.59,25.48,Severe drought
Badghis,2017,7,-0.3,52.76,54.01,51.52,45.53,Normal
Badghis,2017,8,-0.16,30.35,50.16,10.55,36.91,Moderate drought
Badghis,2017,9,0.64,40.69,40.29,41.1,57.3,Normal
Badghis,2017,10,-0.52,14.27,28.55,0.0,22.17,Severe drought
Badghis,2017,11,-0.96,9.26,18.53,0.0,13.0,Severe drought
Badghis,2017,12,-1.38,20.39,32.65,8.12,14.38,Severe drought
Badghis,2018,1,-2.23,8.98,17.95,0.0,5.13,Severe drought
Badghis,2018,2,-1.29,21.35,8.08,34.61,15.61,Severe drought
Badghis,2018,3,-0.56,0.0,0.0,0.0,14.34,Severe drought
Badghis,2018,4,-0.22,21.3,0.0,42.6,31.28,Moderate drought
Badghis,2018,5,0.09,27.72,0.72,54.71,40.72,Normal
Badghis,2018,6,0.07,19.83,0.0,39.66,36.38,Moderate drought
Badghis,2018,7,1.03,0.0,0.0,0.0,42.43,Normal
Badghis,2018,8,0.0,32.02,0.0,64.03,41.02,Normal
Badghis,2018,9,0.78,15.01,0.0,30.03,46.64,Normal
Badghis,2018,10,2.37,42.8,0.0,85.6,70.95,Healthy
Badghis,2018,11,1.06,52.27,31.02,73.53,68.88,Healthy
Badghis,2018,12,0.18,36.86,51.47,22.26,47.09,Normal
Badghis,2019,1,0.92,45.71,24.25,67.17,63.89,Healthy
Badghis,2019,2,1.69,60.56,25.74,95.37,78.0,Healthy
Badghis,2019,3,1.98,71.57,56.8,86.33,84.58,Healthy
Badghis,2019,4,2.03,100.0,100.0,100.0,98.94,Healthy
Badghis,2019,5,1.58,100.0,100.0,100.0,97.15,Healthy
Badghis,2019,6,1.68,100.0,100.0,100.0,97.7,Healthy
Badghis,2019,7,-0.56,58.97,100.0,17.93,43.88,Normal
Badghis,2019,8,1.25,97.32,100.0,94.64,93.35,Healthy
Badghis,2019,9,0.64,78.18,100.0,56.35,76.05,Healthy
Badghis,2019,10,1.55,98.08,100.0,96.15,96.01,Healthy
Badghis,2019,11,0.57,70.28,62.72,77.84,70.88,Healthy
Badghis,2019,12,0.06,43.74,63.35,24.14,48.03,Normal
Badghis,2020,1,0.24,47.23,5.75,88.7,53.33,Normal
Badghis,2020,2,-0.24,55.05,68.98,41.13,47.69,Normal
Badghis,2020,3,0.43,59.52,52.44,66.6,62.99,Healthy
Badghis,2020,4,0.9,71.16,76.21,66.12,76.4,Healthy
Badghis,2020,5,1.51,60.77,71.41,50.13,77.11,Healthy
Badghis,2020,6,1.75,42.44,58.27,26.61,69.23,Healthy
Badghis,2020,7,1.2,53.25,67.16,39.33,70.85,Healthy
Badghis,2020,8,1.88,51.33,68.17,34.48,74.18,Healthy
Badghis,2020,9,1.87,66.05,65.52,66.59,81.48,Healthy
Badghis,2020,10,-0.15,80.84,61.68,100.0,62.52,Healthy
Badghis,2020,11,1.13,50.0,0.0,100.0,68.56,Healthy
Badghis,2020,12,1.09,50.0,0.0,100.0,68.06,Healthy
Badghis,2021,1,-0.04,38.41,31.49,45.33,43.37,Normal
Badghis,2021,2,-1.45,35.15,70.31,0.0,21.27,Severe drought
Badghis,2021,3,-1.25,40.14,38.99,41.29,25.32,Severe drought
Badghis,2021,4,-1.15,7.22,14.45,0.0,9.89,Severe drought
Badghis,2021,5,-0.48,14.38,0.0,28.75,22.91,Severe drought
Badghis,2021,6,-0.78,1.86,3.71,0.0,11.76,Severe drought
Badghis,2021,7,0.86,25.15,11.95,38.35,52.83,Normal
Badghis,2021,8,-0.16,8.22,16.43,0.0,25.85,Severe drought
Badghis,2021,9,0.64,9.13,6.84,11.42,41.52,Normal
Badghis,2021,10,-0.95,53.53,21.51,85.54,35.38,Moderate drought
Badghis,2021,11,-1.29,37.74,24.31,51.18,23.79,Severe drought
Badghis,2021,12,-1.34,32.62,44.0,21.25,20.84,Severe drought
Badghis,2022,1,-0.82,48.09,25.61,70.56,34.32,Moderate drought
Badghis,2022,2,-0.97,51.72,50.01,53.42,34.15,Moderate drought
Badghis,2022,3,-1.02,27.1,43.57,10.62,21.23,Severe drought
Badghis,2022,4,-1.45,25.76,28.11,23.42,16.59,Severe drought
Badghis,2022,5,-1.23,43.01,15.87,70.16,26.96,Moderate drought
Badghis,2022,6,-1.14,17.54,14.03,21.05,15.1,Severe drought
Badghis,2022,7,-0.4,39.84,16.93,62.74,37.17,Moderate drought
Badghis,2022,8,0.23,51.0,20.76,81.24,55.03,Normal
Badghis,2022,9,2.01,24.94,16.43,33.45,61.35,Healthy
Badghis,2022,10,-0.15,34.51,6.36,62.65,39.31,Moderate drought
Badghis,2022,11,-0.44,48.82,44.27,53.37,40.91,Normal
Badghis,2022,12,-0.62,64.67,76.01,53.34,45.71,Normal
Badghis,2023,1,-1.34,50.0,0.0,100.0,29.47,Moderate drought
Badghis,2023,2,-0.98,67.87,63.73,72.02,42.11,Normal
Badghis,2023,3,-1.62,48.92,66.76,31.09,27.12,Moderate drought
Badghis,2023,4,-1.69,24.73,24.18,25.28,14.64,Severe drought
Badghis,2023,5,-2.23,19.16,13.81,24.51,10.23,Severe drought
Badghis,2023,6,-1.77,26.97,10.94,43.01,15.38,Severe drought
Badghis,2023,7,-0.77,56.8,13.6,100.0,39.4,Moderate drought
Badghis,2023,8,0.15,58.38,16.77,100.0,57.26,Normal
Badghis,2023,9,0.64,54.85,9.7,100.0,64.38,Healthy
Badghis,2023,10,0.27,32.2,21.03,43.36,46.44,Normal
Badghis,2023,11,0.22,24.21,18.57,29.86,41.45,Normal
Badghis,2023,12,-0.71,18.82,35.52,2.13,21.34,Severe drought
Baghlan,2015,1,-1.26,38.66,34.06,43.27,24.49,Severe drought
Baghlan,2015,2,0.29,59.95,34.43,85.48,60.66,Healthy
Baghlan,2015,3,0.52,59.55,19.11,100.0,64.65,Healthy
Baghlan,2015,4,0.42,61.29,51.9,70.67,63.81,Healthy
Baghlan,2015,5,0.03,94.61,92.82,96.41,72.91,Healthy
Baghlan,2015,6,-0.18,77.15,100.0,54.3,60.1,Healthy
Baghlan,2015,7,0.37,87.75,100.0,75.49,76.15,Healthy
Baghlan,2015,8,-0.71,81.19,100.0,62.39,52.5,Normal
Baghlan,2015,9,0.25,83.34,84.76,81.92,71.69,Healthy
Baghlan,2015,10,0.3,61.9,100.0,23.8,61.81,Healthy
Baghlan,2015,11,1.59,84.11,100.0,68.23,89.28,Healthy
Baghlan,2015,12,1.09,70.37,80.78,59.97,78.26,Healthy
Baghlan,2016,1,1.2,62.86,100.0,25.72,75.7,Healthy
Baghlan,2016,2,-1.36,65.11,89.19,41.02,36.87,Moderate drought
Baghlan,2016,3,-0.16,72.42,92.24,52.61,58.02,Normal
Baghlan,2016,4,-0.32,67.3,60.74,73.87,52.29,Normal
Baghlan,2016,5,0.56,48.8,74.75,22.84,59.96,Normal
Baghlan,2016,6,0.05,58.75,77.16,40.34,55.39,Normal
Baghlan,2016,7,0.19,53.01,51.86,54.16,55.36,Normal
Baghlan,2016,8,0.8,39.07,39.87,38.26,58.93,Normal
Baghlan,2016,9,-0.49,21.18,42.36,0.0,26.16,Moderate drought
Baghlan,2016,10,-1.14,43.11,50.21,36.02,27.95,Moderate drought
Baghlan,2016,11,0.39,57.48,75.29,39.67,61.24,Healthy
Baghlan,2016,12,0.1,50.0,100.0,0.0,52.02,Normal
Baghlan,2017,1,0.87,40.4,0.0,80.8,60.61,Healthy
Baghlan,2017,2,1.86,47.12,0.0,94.24,72.0,Healthy
Baghlan,2017,3,0.97,44.88,31.8,57.97,64.16,Healthy
Baghlan,2017,4,0.16,52.92,24.97,80.88,54.6,Normal
Baghlan,2017,5,-1.44,35.46,70.92,0.0,21.48,Severe drought
Baghlan,2017,6,-1.0,35.04,70.08,0.0,25.43,Severe drought
Baghlan,2017,7,0.0,28.16,50.71,5.61,39.12,Moderate drought
Baghlan,2017,8,0.47,23.85,38.6,9.1,46.03,Normal
Baghlan,2017,9,2.54,50.16,42.39,57.93,74.8,Healthy
Baghlan,2017,10,-1.02,24.83,49.66,0.0,20.08,Severe drought
Baghlan,2017,11,-0.46,40.07,80.14,0.0,36.23,Moderate drought
Baghlan,2017,12,-0.71,38.64,34.06,43.22,31.3,Moderate drought
Baghlan,2018,1,-1.49,29.65,59.3,0.0,18.21,Severe drought
Baghlan,2018,2,-0.9,54.11,64.1,44.12,36.23,Moderate drought
Baghlan,2018,3,0.15,15.22,30.45,0.0,35.63,Moderate drought
Baghlan,2018,4,0.39,33.92,0.0,67.85,49.54,Normal
Baghlan,2018,5,0.75,64.43,37.4,91.47,70.86,Healthy
Baghlan,2018,6,0.41,44.65,52.17,37.14,55.27,Normal
Baghlan,2018,7,1.25,17.65,35.29,0.0,53.55,Normal
Baghlan,2018,8,0.87,41.69,14.94,68.44,61.3,Healthy
Baghlan,2018,9,0.85,50.51,47.46,53.56,65.32,Healthy
Baghlan,2018,10,3.18,59.47,18.94,100.0,79.7,Healthy
Baghlan,2018,11,1.48,75.76,51.52,100.0,84.41,Healthy
Baghlan,2018,12,1.54,52.7,83.26,22.14,73.25,Healthy
Baghlan,2019,1,1.91,54.15,13.54,94.77,75.67,Healthy
Baghlan,2019,2,2.34,75.08,50.16,100.0,87.06,Healthy
Baghlan,2019,3,1.78,59.42,48.49,70.35,77.82,Healthy
Baghlan,2019,4,1.43,100.0,100.0,100.0,96.17,Healthy
Baghlan,2019,5,0.54,81.17,99.98,62.35,75.83,Healthy
Baghlan,2019,6,1.08,99.69,99.39,100.0,92.87,Healthy
Baghlan,2019,7,-0.17,45.82,91.13,0.52,44.56,Normal
Baghlan,2019,8,2.21,72.7,89.48,55.92,85.67,Healthy
Baghlan,2019,9,0.27,67.65,100.0,35.3,64.23,Healthy
Baghlan,2019,10,0.69,66.12,97.74,34.5,70.85,Healthy
Baghlan,2019,11,0.97,77.28,78.75,75.8,80.38,Healthy
Baghlan,2019,12,0.31,45.45,76.43,14.47,53.78,Normal
Baghlan,2020,1,0.34,41.67,7.4,75.94,52.57,Normal
Baghlan,2020,2,-0.56,37.73,54.54,20.93,33.27,Moderate drought
Baghlan,2020,3,-0.0,34.09,0.0,68.17,42.04,Normal
Baghlan,2020,4,0.6,58.23,35.03,81.43,65.45,Healthy
Baghlan,2020,5,1.28,100.0,100.0,100.0,94.95,Healthy
Baghlan,2020,6,1.83,80.01,97.94,62.09,88.32,Healthy
Baghlan,2020,7,1.61,84.45,97.45,71.45,89.55,Healthy
Baghlan,2020,8,0.45,43.91,87.82,0.0,55.68,Normal
Baghlan,2020,9,1.12,84.74,83.55,85.93,85.78,Healthy
Baghlan,2020,10,-0.95,61.95,68.31,55.59,39.47,Moderate drought
Baghlan,2020,11,1.13,42.0,0.0,84.0,64.5,Healthy
Baghlan,2020,12,1.13,50.0,0.0,100.0,68.52,Healthy
Baghlan,2021,1,0.32,23.76,19.59,27.93,43.13,Normal
Baghlan,2021,2,-1.98,50.0,100.0,0.0,26.18,Moderate drought
Baghlan,2021,3,-0.37,80.27,84.59,75.96,57.86,Normal
Baghlan,2021,4,-0.14,62.56,57.04,68.08,53.57,Normal
Baghlan,2021,5,0.73,61.73,73.99,49.48,69.18,Healthy
Baghlan,2021,6,-0.33,36.91,64.55,9.26,37.07,Moderate drought
Baghlan,2021,7,0.26,52.98,51.68,54.28,56.65,Normal
Baghlan,2021,8,-0.71,36.31,51.99,20.63,30.05,Moderate drought
Baghlan,2021,9,0.1,30.53,48.07,12.99,42.31,Normal
Baghlan,2021,10,-0.03,59.05,60.97,57.14,54.02,Normal
Baghlan,2021,11,-0.94,63.38,76.15,50.61,40.42,Normal
Baghlan,2021,12,-0.41,60.51,75.74,45.29,47.24,Normal
Baghlan,2022,1,0.31,66.39,82.33,50.46,64.35,Healthy
Baghlan,2022,2,-0.37,77.53,84.64,70.42,56.62,Normal
Baghlan,2022,3,-0.88,56.44,100.0,12.89,37.68,Moderate drought
Baghlan,2022,4,-1.65,9.59,19.17,0.0,7.29,Severe drought
Baghlan,2022,5,-1.02,3.27,4.46,2.09,9.28,Severe drought
Baghlan,2022,6,-0.97,18.92,11.81,26.04,17.81,Severe drought
Baghlan,2022,7,-0.14,39.37,6.56,72.18,41.86,Normal
Baghlan,2022,8,0.02,60.96,21.93,100.0,55.93,Normal
Baghlan,2022,9,1.2,41.46,23.94,58.99,64.96,Healthy
Baghlan,2022,10,-0.29,23.85,9.8,37.91,31.24,Moderate drought
Baghlan,2022,11,0.05,71.14,69.09,73.18,61.6,Healthy
Baghlan,2022,12,-0.01,66.22,79.87,52.56,57.83,Normal
Baghlan,2023,1,-0.19,53.74,7.48,100.0,48.05,Normal
Baghlan,2023,2,-0.11,73.71,95.57,51.84,59.7,Normal
Baghlan,2023,3,-1.11,62.39,89.63,35.15,37.91,Moderate drought
Baghlan,2023,4,-1.82,24.24,13.01,35.47,13.85,Severe drought
Baghlan,2023,5,-2.6,9.28,0.0,18.56,4.87,Severe drought
Baghlan,2023,6,-2.65,4.56,0.0,9.12,2.48,Severe drought
Baghlan,2023,7,-1.25,50.0,0.0,100.0,30.25,Moderate drought
Baghlan,2023,8,-0.79,48.37,0.0,96.73,34.98,Moderate drought
Baghlan,2023,9,0.04,50.0,0.0,100.0,50.7,Normal
Baghlan,2023,10,-0.07,19.58,0.0,39.15,33.37,Moderate drought
Baghlan,2023,11,-0.44,46.36,64.74,27.99,39.67,Moderate drought
Baghlan,2023,12,-0.82,48.99,87.49,10.49,34.83,Moderate drought
Balkh,2015,1,-0.53,51.9,35.85,67.96,40.85,Normal
Balkh,2015,2,0.56,72.56,80.17,64.95,71.87,Healthy
Balkh,2015,3,0.83,84.94,69.88,100.0,82.29,Healthy
Balkh,2015,4,0.57,73.15,84.15,62.16,72.32,Healthy
Balkh,2015,5,-0.33,92.04,84.09,100.0,64.55,Healthy
Balkh,2015,6,-0.49,34.56,69.13,0.0,32.93,Moderate drought
Balkh,2015,7,-0.05,64.95,71.07,58.84,56.53,Normal
Balkh,2015,8,-0.25,60.72,77.31,44.12,50.4,Normal
Balkh,2015,9,1.35,51.65,66.13,37.17,71.36,Healthy
Balkh,2015,10,0.48,74.65,77.45,71.85,71.6,Healthy
Balkh,2015,11,1.57,88.3,100.0,76.59,91.27,Healthy
Balkh,2015,12,0.33,77.78,100.0,55.56,70.37,Healthy
Balkh,2016,1,0.46,70.55,100.0,41.1,69.1,Healthy
Balkh,2016,2,-1.38,66.5,100.0,33.01,37.41,Moderate drought
Balkh,2016,3,-0.27,78.37,100.0,56.74,58.91,Normal
Balkh,2016,4,-0.45,51.95,66.75,37.14,42.3,Normal
Balkh,2016,5,0.45,19.13,38.26,0.0,43.28,Normal
Balkh,2016,6,-0.09,38.43,37.13,39.74,42.4,Normal
Balkh,2016,7,-0.22,31.43,26.35,36.51,36.42,Moderate drought
Balkh,2016,8,0.66,14.76,25.88,3.65,44.58,Normal
Balkh,2016,9,0.28,10.24,20.47,0.0,35.55,Moderate drought
Balkh,2016,10,-1.63,41.82,13.67,69.96,23.47,Severe drought
Balkh,2016,11,0.08,28.48,11.77,45.2,40.88,Normal
Balkh,2016,12,0.6,41.79,55.26,28.32,57.24,Normal
Balkh,2017,1,0.61,65.53,36.41,94.66,69.27,Healthy
Balkh,2017,2,1.98,50.0,0.0,100.0,73.82,Healthy
Balkh,2017,3,1.63,59.32,48.6,70.04,77.07,Healthy
Balkh,2017,4,1.15,74.73,84.44,65.03,81.08,Healthy
Balkh,2017,5,-0.75,49.2,93.74,4.65,35.86,Moderate drought
Balkh,2017,6,-0.74,71.03,100.0,42.06,46.99,Normal
Balkh,2017,7,-0.36,81.49,100.0,62.98,58.71,Normal
Balkh,2017,8,-0.64,52.03,100.0,4.05,39.06,Moderate drought
Balkh,2017,9,0.28,74.0,70.56,77.45,67.43,Healthy
Balkh,2017,10,-1.18,0.0,0.0,0.0,5.99,Severe drought
Balkh,2017,11,-0.78,11.66,23.31,0.0,16.71,Severe drought
Balkh,2017,12,-1.53,15.19,14.53,15.85,10.75,Severe drought
Balkh,2018,1,-2.25,0.0,0.0,0.0,0.61,Severe drought
Balkh,2018,2,-1.87,43.71,23.54,63.89,23.41,Severe drought
Balkh,2018,3,-0.85,0.0,0.0,0.0,9.85,Severe drought
Balkh,2018,4,-0.46,18.6,0.0,37.19,25.39,Severe drought
Balkh,2018,5,0.01,48.43,12.91,83.96,49.37,Normal
Balkh,2018,6,-0.43,47.35,4.12,90.59,40.43,Normal
Balkh,2018,7,0.25,13.82,0.0,27.63,36.75,Moderate drought
Balkh,2018,8,-0.4,24.94,0.0,49.88,29.78,Moderate drought
Balkh,2018,9,0.57,15.21,3.93,26.5,43.32,Normal
Balkh,2018,10,2.15,56.35,29.08,83.62,77.38,Healthy
Balkh,2018,11,1.31,52.26,36.6,67.93,71.33,Healthy
Balkh,2018,12,0.41,24.08,41.86,6.3,45.08,Normal
Balkh,2019,1,1.64,49.84,27.45,72.23,72.37,Healthy
Balkh,2019,2,1.86,71.15,60.67,81.64,84.01,Healthy
Balkh,2019,3,1.98,47.55,53.78,41.32,72.58,Healthy
Balkh,2019,4,1.71,100.0,100.0,100.0,97.81,Healthy
Balkh,2019,5,1.05,86.4,100.0,72.8,85.9,Healthy
Balkh,2019,6,1.68,95.7,91.4,100.0,95.51,Healthy
Balkh,2019,7,-0.15,41.28,82.56,0.0,42.63,Normal
Balkh,2019,8,1.63,73.88,94.24,53.51,84.35,Healthy
Balkh,2019,9,0.28,69.03,90.57,47.49,64.95,Healthy
Balkh,2019,10,0.74,55.15,100.0,10.3,66.02,Healthy
Balkh,2019,11,0.34,53.99,52.89,55.09,58.7,Normal
Balkh,2019,12,-0.03,31.42,62.84,0.0,40.12,Normal
Balkh,2020,1,-0.33,40.08,8.69,71.47,38.65,Moderate drought
Balkh,2020,2,-0.43,39.78,50.4,29.16,36.51,Moderate drought
Balkh,2020,3,-0.67,41.06,18.59,63.52,33.06,Moderate drought
Balkh,2020,4,0.2,60.02,61.29,58.75,58.91,Normal
Balkh,2020,5,0.86,75.32,79.34,71.29,77.88,Healthy
Balkh,2020,6,1.61,50.67,73.35,28.0,72.66,Healthy
Balkh,2020,7,1.63,58.96,82.7,35.22,76.93,Healthy
Balkh,2020,8,0.99,51.27,85.91,16.62,67.6,Healthy
Balkh,2020,9,1.8,83.57,100.0,67.14,89.97,Healthy
Balkh,2020,10,0.26,68.04,58.12,77.97,64.1,Healthy
Balkh,2020,11,0.56,65.58,31.16,100.0,68.47,Healthy
Balkh,2020,12,0.89,50.0,0.0,100.0,65.7,Healthy
Balkh,2021,1,-0.3,24.32,14.77,33.88,31.21,Moderate drought
Balkh,2021,2,-1.41,29.03,58.05,0.0,18.46,Severe drought
Balkh,2021,3,-1.0,66.64,45.0,88.27,41.21,Normal
Balkh,2021,4,-0.85,25.8,39.6,12.0,22.74,Severe drought
Balkh,2021,5,-0.04,30.31,43.83,16.79,39.41,Moderate drought
Balkh,2021,6,-1.22,32.06,41.76,22.35,21.56,Severe drought
Balkh,2021,7,-0.05,47.18,35.57,58.79,47.62,Normal
Balkh,2021,8,-0.64,22.0,43.99,0.0,24.04,Severe drought
Balkh,2021,9,0.28,29.93,18.31,41.54,45.4,Normal
Balkh,2021,10,-1.41,60.11,20.21,100.0,33.99,Moderate drought
Balkh,2021,11,-1.19,44.05,41.75,46.36,27.85,Moderate drought
Balkh,2021,12,-1.81,38.27,50.85,25.69,20.9,Severe drought
Balkh,2022,1,-1.07,60.92,53.69,68.15,37.55,Moderate drought
Balkh,2022,2,-1.21,64.99,72.7,57.29,38.15,Moderate drought
Balkh,2022,3,-1.05,57.12,63.47,50.77,35.94,Moderate drought
Balkh,2022,4,-1.56,6.04,12.07,0.0,6.0,Severe drought
Balkh,2022,5,-1.06,46.53,0.0,93.06,30.53,Moderate drought
Balkh,2022,6,-0.85,10.34,6.85,13.83,15.09,Severe drought
Balkh,2022,7,0.08,51.71,13.36,90.06,52.47,Normal
Balkh,2022,8,0.51,47.19,22.42,71.95,58.33,Normal
Balkh,2022,9,1.76,34.72,19.7,49.73,65.4,Healthy
Balkh,2022,10,0.25,46.71,8.33,85.09,53.21,Normal
Balkh,2022,11,0.41,64.19,77.24,51.13,64.99,Healthy
Balkh,2022,12,-0.14,66.28,98.11,34.45,55.44,Normal
Balkh,2023,1,-0.92,50.87,1.74,100.0,34.37,Moderate drought
Balkh,2023,2,-0.66,68.91,71.9,65.92,47.23,Normal
Balkh,2023,3,-1.41,35.13,65.95,4.31,21.52,Severe drought
Balkh,2023,4,-1.52,21.66,6.59,36.73,14.04,Severe drought
Balkh,2023,5,-2.42,37.37,3.61,71.13,19.08,Severe drought
Balkh,2023,6,-1.87,25.89,0.0,51.77,14.48,Severe drought
Balkh,2023,7,-0.83,53.63,7.26,100.0,36.95,Moderate drought
Balkh,2023,8,-0.64,61.41,22.82,100.0,43.75,Normal
Balkh,2023,9,0.28,50.0,0.0,100.0,55.43,Normal
Balkh,2023,10,0.54,33.28,15.62,50.93,51.99,Normal
Balkh,2023,11,-0.43,15.59,0.0,31.18,24.52,Severe drought
Balkh,2023,12,-1.22,30.87,49.72,12.02,21.03,Severe drought
Bamyan,2015,1,-1.21,50.77,56.26,45.29,31.05,Moderate drought
Bamyan,2015,2,0.26,48.37,44.5,52.24,54.31,Normal
Bamyan,2015,3,0.53,54.22,17.64,90.8,62.21,Healthy
Bamyan,2015,4,0.59,52.7,15.91,89.49,62.39,Healthy
Bamyan,2015,5,-0.05,61.64,57.81,65.47,54.87,Normal
Bamyan,2015,6,-0.18,62.59,91.29,33.89,52.72,Normal
Bamyan,2015,7,0.26,70.54,95.43,45.65,65.34,Healthy
Bamyan,2015,8,-1.03,75.76,91.03,60.49,45.5,Normal
Bamyan,2015,9,-0.22,85.66,77.54,93.78,63.54,Healthy
Bamyan,2015,10,0.82,72.1,65.96,78.24,75.75,Healthy
Bamyan,2015,11,1.58,61.05,46.18,75.92,77.66,Healthy
Bamyan,2015,12,0.66,46.82,32.15,61.5,60.67,Healthy
Bamyan,2016,1,0.62,33.56,10.6,56.52,53.44,Normal
Bamyan,2016,2,-1.24,40.87,37.06,44.69,25.81,Severe drought
Bamyan,2016,3,-0.28,59.62,44.74,74.5,49.24,Normal
Bamyan,2016,4,-0.4,52.23,21.23,83.23,43.3,Normal
Bamyan,2016,5,0.67,63.15,100.0,26.3,69.03,Healthy
Bamyan,2016,6,0.34,70.72,88.42,53.02,66.94,Healthy
Bamyan,2016,7,0.27,56.59,77.07,36.1,58.57,Normal
Bamyan,2016,8,0.75,69.32,69.56,69.07,73.32,Healthy
Bamyan,2016,9,-0.51,41.68,70.61,12.74,36.07,Moderate drought
Bamyan,2016,10,-0.96,60.06,80.23,39.89,38.5,Moderate drought
Bamyan,2016,11,0.39,54.26,100.0,8.53,59.73,Normal
Bamyan,2016,12,0.06,35.1,69.05,1.14,43.79,Normal
Bamyan,2017,1,0.48,58.65,48.56,68.74,63.63,Healthy
Bamyan,2017,2,2.21,51.74,12.02,91.45,75.2,Healthy
Bamyan,2017,3,1.81,55.58,18.6,92.55,76.04,Healthy
Bamyan,2017,4,1.23,50.96,23.09,78.83,70.03,Healthy
Bamyan,2017,5,-1.26,48.77,67.36,30.17,29.57,Moderate drought
Bamyan,2017,6,-1.04,36.59,73.18,0.0,25.72,Severe drought
Bamyan,2017,7,0.36,41.48,65.98,16.99,52.69,Normal
Bamyan,2017,8,0.35,39.8,49.28,30.32,51.66,Normal
Bamyan,2017,9,2.02,58.04,47.25,68.83,77.94,Healthy
Bamyan,2017,10,-1.26,15.17,30.33,0.0,12.8,Severe drought
Bamyan,2017,11,-0.63,36.51,58.36,14.66,31.46,Moderate drought
Bamyan,2017,12,-0.35,41.53,43.32,39.73,38.94,Moderate drought
Bamyan,2018,1,-1.16,50.0,100.0,0.0,31.18,Moderate drought
Bamyan,2018,2,-0.52,69.62,100.0,39.25,49.8,Normal
Bamyan,2018,3,0.19,47.37,75.86,18.88,52.47,Normal
Bamyan,2018,4,0.41,67.21,64.3,70.12,66.55,Healthy
Bamyan,2018,5,0.93,64.59,29.18,100.0,73.43,Healthy
Bamyan,2018,6,0.36,62.05,92.48,31.61,63.0,Healthy
Bamyan,2018,7,1.63,43.39,76.03,10.76,69.09,Healthy
Bamyan,2018,8,-0.14,42.26,54.88,29.63,43.37,Normal
Bamyan,2018,9,0.03,58.54,55.75,61.33,54.83,Normal
Bamyan,2018,10,1.62,74.01,52.78,95.24,84.37,Healthy
Bamyan,2018,11,0.71,60.99,61.02,60.96,68.62,Healthy
Bamyan,2018,12,1.49,36.63,43.55,29.71,64.9,Healthy
Bamyan,2019,1,2.46,50.72,22.45,78.99,75.01,Healthy
Bamyan,2019,2,2.51,50.0,0.0,100.0,74.7,Healthy
Bamyan,2019,3,2.1,50.0,0.0,100.0,74.1,Healthy
Bamyan,2019,4,1.65,63.75,35.61,91.89,79.42,Healthy
Bamyan,2019,5,0.8,39.47,23.69,55.24,59.12,Normal
Bamyan,2019,6,0.98,100.0,100.0,100.0,91.77,Healthy
Bamyan,2019,7,-0.07,48.42,96.84,0.0,47.84,Normal
Bamyan,2019,8,1.24,58.55,85.93,31.17,73.93,Healthy
Bamyan,2019,9,0.13,66.92,100.0,33.84,60.99,Healthy
Bamyan,2019,10,0.99,78.68,100.0,57.36,81.25,Healthy
Bamyan,2019,11,1.25,67.28,47.93,86.63,78.35,Healthy
Bamyan,2019,12,0.64,40.98,32.63,49.34,57.5,Normal
Bamyan,2020,1,1.28,46.97,8.65,85.29,68.44,Healthy
Bamyan,2020,2,0.55,48.7,48.75,48.65,59.72,Normal
Bamyan,2020,3,0.7,55.29,24.42,86.15,65.57,Healthy
Bamyan,2020,4,0.89,50.0,0.0,100.0,65.6,Healthy
Bamyan,2020,5,1.6,29.9,0.0,59.79,62.23,Healthy
Bamyan,2020,6,2.03,63.1,88.4,37.8,80.49,Healthy
Bamyan,2020,7,1.79,87.59,100.0,75.18,91.97,Healthy
Bamyan,2020,8,1.02,50.0,100.0,0.0,67.27,Healthy
Bamyan,2020,9,2.25,81.45,93.95,68.95,90.11,Healthy
Bamyan,2020,10,-0.4,55.91,55.3,56.51,45.13,Normal
Bamyan,2020,11,1.26,50.0,0.0,100.0,69.79,Healthy
Bamyan,2020,12,1.03,50.0,0.0,100.0,67.38,Healthy
Bamyan,2021,1,-0.14,25.85,0.65,51.05,35.18,Moderate drought
Bamyan,2021,2,-1.86,41.67,83.34,0.0,22.39,Severe drought
Bamyan,2021,3,-1.2,60.99,69.06,52.92,36.26,Moderate drought
Bamyan,2021,4,-1.11,52.86,63.65,42.06,33.11,Moderate drought
Bamyan,2021,5,-0.11,52.13,59.23,45.03,48.82,Normal
Bamyan,2021,6,-0.75,31.39,56.76,6.01,27.1,Moderate drought
Bamyan,2021,7,0.2,47.53,53.05,42.02,52.72,Normal
Bamyan,2021,8,-0.74,33.57,39.8,27.34,28.23,Moderate drought
Bamyan,2021,9,0.28,16.56,33.11,0.0,38.86,Moderate drought
Bamyan,2021,10,-0.94,44.12,36.38,51.86,30.72,Moderate drought
Bamyan,2021,11,-1.44,53.81,76.08,31.53,30.68,Moderate drought
Bamyan,2021,12,-0.85,50.38,65.44,35.32,35.02,Moderate drought
Bamyan,2022,1,0.04,34.32,0.0,68.64,42.87,Normal
Bamyan,2022,2,-0.41,48.8,31.05,66.55,41.37,Normal
Bamyan,2022,3,-0.64,50.0,100.0,0.0,38.08,Moderate drought
Bamyan,2022,4,-1.8,50.0,100.0,0.0,26.81,Moderate drought
Bamyan,2022,5,-1.39,7.27,14.55,0.0,7.71,Severe drought
Bamyan,2022,6,-1.37,4.9,0.0,9.8,6.74,Severe drought
Bamyan,2022,7,-0.26,11.9,0.0,23.81,25.77,Severe drought
Bamyan,2022,8,0.18,50.0,0.0,100.0,53.66,Normal
Bamyan,2022,9,1.71,32.02,0.0,64.04,63.83,Healthy
Bamyan,2022,10,-0.41,9.1,0.0,18.2,21.51,Severe drought
Bamyan,2022,11,-0.56,61.64,63.72,59.56,45.25,Normal
Bamyan,2022,12,-0.7,50.87,50.21,51.53,37.53,Moderate drought
Bamyan,2023,1,-0.7,58.16,16.32,100.0,41.25,Normal
Bamyan,2023,2,-0.31,58.48,48.11,68.86,48.21,Normal
Bamyan,2023,3,-0.68,61.26,79.06,43.46,43.03,Normal
Bamyan,2023,4,-1.57,54.25,54.38,54.13,30.06,Moderate drought
Bamyan,2023,5,-2.38,23.19,3.1,43.27,12.03,Severe drought
Bamyan,2023,6,-2.34,32.91,42.08,23.74,16.94,Severe drought
Bamyan,2023,7,-0.81,65.77,31.53,100.0,43.28,Normal
Bamyan,2023,8,-0.45,52.37,21.12,83.62,42.55,Normal
Bamyan,2023,9,-0.32,61.09,22.19,100.0,49.19,Normal
Bamyan,2023,10,-0.09,70.79,41.58,100.0,58.68,Normal
Bamyan,2023,11,-0.53,45.67,91.34,0.0,37.81,Moderate drought
Bamyan,2023,12,-1.03,50.0,100.0,0.0,32.63,Moderate drought
Daykundi,2015,1,-0.96,53.64,67.24,40.04,35.19,Moderate drought
Daykundi,2015,2,0.12,53.48,45.39,61.57,54.07,Normal
Daykundi,2015,3,0.3,68.95,64.31,73.58,65.38,Healthy
Daykundi,2015,4,0.3,52.35,50.62,54.09,57.11,Normal
Daykundi,2015,5,-0.34,68.05,87.1,48.99,52.32,Normal
Daykundi,2015,6,-0.4,60.46,68.93,51.99,47.49,Normal
Daykundi,2015,7,-0.01,49.59,60.19,38.98,49.59,Normal
Daykundi,2015,8,-0.43,46.8,44.07,49.53,40.08,Normal
Daykundi,2015,9,0.1,52.63,29.84,75.42,53.34,Normal
Daykundi,2015,10,1.82,92.39,84.78,100.0,94.48,Healthy
Daykundi,2015,11,1.61,72.84,67.49,78.19,83.74,Healthy
Daykundi,2015,12,0.65,56.58,57.92,55.25,65.44,Healthy
Daykundi,2016,1,-0.04,53.47,61.65,45.29,50.86,Normal
Daykundi,2016,2,-1.85,50.71,72.32,29.1,26.95,Moderate drought
Daykundi,2016,3,-0.36,80.59,84.17,77.01,58.22,Normal
Daykundi,2016,4,0.04,61.94,59.62,64.25,56.7,Normal
Daykundi,2016,5,1.16,41.0,75.06,6.94,64.36,Healthy
Daykundi,2016,6,0.67,46.51,61.46,31.56,60.68,Healthy
Daykundi,2016,7,0.63,35.13,55.11,15.15,54.34,Normal
Daykundi,2016,8,-0.06,61.61,50.06,73.15,54.71,Normal
Daykundi,2016,9,-0.06,28.29,43.5,13.08,37.87,Moderate drought
Daykundi,2016,10,-0.07,53.49,57.33,49.64,50.4,Normal
Daykundi,2016,11,0.1,56.08,100.0,12.17,54.98,Normal
Daykundi,2016,12,-0.31,41.09,82.18,0.0,39.44,Moderate drought
Daykundi,2017,1,0.09,64.55,78.54,50.55,59.14,Normal
Daykundi,2017,2,1.38,51.75,23.41,80.1,71.66,Healthy
Daykundi,2017,3,1.3,64.93,48.93,80.93,77.66,Healthy
Daykundi,2017,4,0.65,29.43,26.25,32.61,51.77,Normal
Daykundi,2017,5,-0.96,29.26,51.31,7.2,23.02,Severe drought
Daykundi,2017,6,-1.1,23.87,47.74,0.0,18.75,Severe drought
Daykundi,2017,7,0.25,28.72,39.05,18.4,44.32,Normal
Daykundi,2017,8,0.09,33.53,29.21,37.85,43.66,Normal
Daykundi,2017,9,0.8,40.61,18.53,62.68,59.73,Normal
Daykundi,2017,10,-0.85,17.34,34.67,0.0,18.57,Severe drought
Daykundi,2017,11,-0.36,29.89,59.77,0.0,32.9,Moderate drought
Daykundi,2017,12,-0.04,49.98,86.75,13.2,49.12,Normal
Daykundi,2018,1,-1.09,50.0,100.0,0.0,31.89,Moderate drought
Daykundi,2018,2,-0.75,56.6,78.96,34.24,39.65,Moderate drought
Daykundi,2018,3,-0.49,54.32,78.81,29.83,42.82,Normal
Daykundi,2018,4,-0.03,68.18,63.43,72.93,58.58,Normal
Daykundi,2018,5,0.36,81.87,63.74,100.0,72.98,Healthy
Daykundi,2018,6,0.18,64.7,72.04,57.36,60.85,Healthy
Daykundi,2018,7,1.23,36.16,47.63,24.68,62.62,Healthy
Daykundi,2018,8,-0.11,29.75,28.59,30.91,37.75,Moderate drought
Daykundi,2018,9,0.53,41.9,9.99,73.82,56.03,Normal
Daykundi,2018,10,0.03,68.82,38.83,98.81,59.99,Normal
Daykundi,2018,11,-0.17,66.17,84.84,47.5,54.61,Normal
Daykundi,2018,12,0.45,49.36,87.8,10.92,58.3,Normal
Daykundi,2019,1,1.19,58.53,58.58,58.48,73.44,Healthy
Daykundi,2019,2,1.83,50.0,0.0,100.0,73.32,Healthy
Daykundi,2019,3,1.72,50.0,0.0,100.0,72.85,Healthy
Daykundi,2019,4,1.54,48.4,10.84,85.96,71.13,Healthy
Daykundi,2019,5,0.85,67.17,82.0,52.34,73.66,Healthy
Daykundi,2019,6,1.1,97.09,94.17,100.0,91.73,Healthy
Daykundi,2019,7,0.34,38.16,76.32,0.0,50.65,Normal
Daykundi,2019,8,2.2,58.79,73.6,43.99,78.71,Healthy
Daykundi,2019,9,0.16,49.97,78.53,21.42,53.2,Normal
Daykundi,2019,10,1.43,76.29,100.0,52.57,84.33,Healthy
Daykundi,2019,11,1.98,85.99,71.98,100.0,91.81,Healthy
Daykundi,2019,12,1.39,47.14,51.98,42.3,69.46,Healthy
Daykundi,2020,1,1.66,50.0,0.0,100.0,72.56,Healthy
Daykundi,2020,2,0.49,45.24,19.05,71.43,57.1,Normal
Daykundi,2020,3,0.84,67.91,53.83,81.99,73.98,Healthy
Daykundi,2020,4,1.02,50.0,0.0,100.0,67.29,Healthy
Daykundi,2020,5,1.95,69.01,100.0,38.02,83.24,Healthy
Daykundi,2020,6,2.33,76.74,100.0,53.48,87.88,Healthy
Daykundi,2020,7,2.11,66.65,100.0,33.31,82.46,Healthy
Daykundi,2020,8,2.01,50.0,100.0,0.0,73.88,Healthy
Daykundi,2020,9,2.65,78.46,100.0,56.92,89.03,Healthy
Daykundi,2020,10,-0.07,78.85,82.35,75.34,63.08,Healthy
Daykundi,2020,11,1.32,45.78,0.0,91.57,68.24,Healthy
Daykundi,2020,12,0.72,50.0,0.0,100.0,63.16,Healthy
Daykundi,2021,1,-0.5,47.78,67.13,28.43,39.32,Moderate drought
Daykundi,2021,2,-2.48,50.0,100.0,0.0,25.33,Severe drought
Daykundi,2021,3,-2.04,67.29,100.0,34.59,34.68,Moderate drought
Daykundi,2021,4,-1.81,47.11,70.78,23.44,25.32,Severe drought
Daykundi,2021,5,-0.69,45.1,43.78,46.41,34.78,Moderate drought
Daykundi,2021,6,-0.85,25.66,36.96,14.36,22.73,Severe drought
Daykundi,2021,7,0.78,28.28,21.08,35.49,53.31,Normal
Daykundi,2021,8,-0.42,25.33,9.15,41.5,29.49,Moderate drought
Daykundi,2021,9,0.11,0.0,0.0,0.0,27.26,Moderate drought
Daykundi,2021,10,-0.83,38.28,26.2,50.36,29.32,Moderate drought
Daykundi,2021,11,-1.47,49.64,87.49,11.79,28.34,Moderate drought
Daykundi,2021,12,-1.3,61.57,99.68,23.46,35.59,Moderate drought
Daykundi,2022,1,-0.28,47.1,19.43,74.77,43.05,Normal
Daykundi,2022,2,-0.67,47.73,38.01,57.46,36.4,Moderate drought
Daykundi,2022,3,-0.86,48.62,97.23,0.0,34.07,Moderate drought
Daykundi,2022,4,-1.97,50.0,100.0,0.0,26.21,Moderate drought
Daykundi,2022,5,-1.69,0.0,0.0,0.0,2.29,Severe drought
Daykundi,2022,6,-1.75,16.25,0.0,32.5,10.11,Severe drought
Daykundi,2022,7,-0.69,20.94,0.0,41.88,22.7,Severe drought
Daykundi,2022,8,0.44,50.0,0.0,100.0,58.45,Normal
Daykundi,2022,9,2.19,39.85,10.71,69.0,69.21,Healthy
Daykundi,2022,10,-0.31,12.8,0.0,25.61,25.25,Severe drought
Daykundi,2022,11,-0.44,56.0,64.41,47.6,44.58,Normal
Daykundi,2022,12,-0.93,55.47,53.41,57.54,36.51,Moderate drought
Daykundi,2023,1,-0.75,64.48,45.21,83.75,43.65,Normal
Daykundi,2023,2,-0.84,57.77,46.98,68.56,38.93,Moderate drought
Daykundi,2023,3,-0.47,64.43,80.62,48.25,48.13,Normal
Daykundi,2023,4,-1.08,62.39,67.55,57.23,38.23,Moderate drought
Daykundi,2023,5,-0.93,61.85,67.46,56.23,39.78,Moderate drought
Daykundi,2023,6,-1.56,54.1,52.32,55.89,30.04,Moderate drought
Daykundi,2023,7,-0.02,69.48,38.97,100.0,59.4,Normal
Daykundi,2023,8,-0.3,52.75,29.24,76.27,45.5,Normal
Daykundi,2023,9,0.1,59.94,19.87,100.0,56.89,Normal
Daykundi,2023,10,-0.08,85.12,78.13,92.11,66.0,Healthy
Daykundi,2023,11,-0.17,57.83,98.74,16.91,50.47,Normal
Daykundi,2023,12,-0.77,60.62,100.0,21.23,41.37,Normal
Farah,2015,1,-0.69,24.97,35.46,14.49,24.77,Severe drought
Farah,2015,2,0.28,30.14,0.0,60.28,45.61,Normal
Farah,2015,3,0.93,65.56,31.12,100.0,73.91,Healthy
Farah,2015,4,0.92,50.98,55.76,46.21,66.53,Healthy
Farah,2015,5,0.57,68.26,71.09,65.42,69.98,Healthy
Farah,2015,6,-0.23,59.07,69.63,48.52,49.93,Normal
Farah,2015,7,0.32,66.37,62.9,69.83,64.38,Healthy
Farah,2015,8,-0.16,52.37,59.73,45.01,47.92,Normal
Farah,2015,9,0.64,59.44,53.44,65.45,66.68,Healthy
Farah,2015,10,1.12,52.7,84.39,21.01,69.82,Healthy
Farah,2015,11,0.7,86.76,86.47,87.05,81.24,Healthy
Farah,2015,12,0.15,92.66,100.0,85.33,74.27,Healthy
Farah,2016,1,-0.67,61.93,100.0,23.86,43.5,Normal
Farah,2016,2,-1.88,64.75,95.96,33.54,33.88,Moderate drought
Farah,2016,3,0.11,76.06,78.89,73.23,65.16,Healthy
Farah,2016,4,0.47,40.83,57.38,24.28,54.46,Normal
Farah,2016,5,1.41,15.45,30.9,0.0,53.78,Normal
Farah,2016,6,0.27,49.75,36.75,62.74,55.17,Normal
Farah,2016,7,0.43,35.27,34.41,36.14,50.87,Normal
Farah,2016,8,0.04,44.67,45.02,44.32,48.07,Normal
Farah,2016,9,0.64,23.68,47.36,0.0,48.8,Normal
Farah,2016,10,-0.05,55.25,44.12,66.37,51.53,Normal
Farah,2016,11,-0.12,37.55,43.24,31.87,41.33,Normal
Farah,2016,12,-0.38,13.07,26.14,0.0,24.19,Severe drought
Farah,2017,1,0.06,48.53,48.98,48.08,50.54,Normal
Farah,2017,2,1.27,44.34,19.83,68.85,67.03,Healthy
Farah,2017,3,1.18,63.07,54.24,71.89,75.58,Healthy
Farah,2017,4,0.73,47.93,56.91,38.95,62.29,Healthy
Farah,2017,5,-0.4,34.97,55.47,14.47,34.76,Moderate drought
Farah,2017,6,-1.28,31.47,57.44,5.5,20.72,Severe drought
Farah,2017,7,0.16,58.11,52.55,63.67,57.18,Normal
Farah,2017,8,-0.16,38.07,50.03,26.12,40.77,Normal
Farah,2017,9,0.64,50.23,44.01,56.46,62.07,Healthy
Farah,2017,10,-0.89,25.81,51.62,0.0,22.2,Severe drought
Farah,2017,11,-0.42,18.1,36.2,0.0,25.99,Severe drought
Farah,2017,12,0.07,35.39,40.19,30.58,44.04,Normal
Farah,2018,1,-1.33,26.92,53.85,0.0,18.07,Severe drought
Farah,2018,2,-0.94,38.52,52.41,24.63,27.92,Moderate drought
Farah,2018,3,-0.65,6.46,12.91,0.0,16.07,Severe drought
Farah,2018,4,0.13,46.03,7.88,84.18,50.52,Normal
Farah,2018,5,0.27,51.26,2.52,100.0,55.92,Normal
Farah,2018,6,0.41,42.98,7.02,78.94,54.36,Normal
Farah,2018,7,0.79,18.0,0.77,35.22,48.23,Normal
Farah,2018,8,0.07,25.31,0.0,50.63,39.0,Moderate drought
Farah,2018,9,1.42,22.66,0.0,45.32,57.47,Normal
Farah,2018,10,1.23,27.59,0.0,55.18,58.29,Normal
Farah,2018,11,0.62,29.98,4.73,55.24,51.68,Normal
Farah,2018,12,-0.33,6.8,5.74,7.85,21.95,Severe drought
Farah,2019,1,-0.58,14.84,12.99,16.7,21.41,Severe drought
Farah,2019,2,0.17,57.42,14.83,100.0,57.15,Normal
Farah,2019,3,1.15,37.3,0.0,74.6,62.42,Healthy
Farah,2019,4,1.74,76.05,52.11,100.0,85.97,Healthy
Farah,2019,5,1.77,83.35,76.67,90.04,89.76,Healthy
Farah,2019,6,1.93,90.88,81.76,100.0,94.09,Healthy
Farah,2019,7,0.69,35.96,71.92,0.0,55.65,Normal
Farah,2019,8,1.58,51.95,63.17,40.72,73.12,Healthy
Farah,2019,9,0.97,43.96,67.96,19.96,63.66,Healthy
Farah,2019,10,1.01,56.76,70.33,43.19,70.57,Healthy
Farah,2019,11,1.17,87.72,79.15,96.3,87.81,Healthy
Farah,2019,12,0.6,63.07,78.54,47.59,67.77,Healthy
Farah,2020,1,2.24,59.09,21.79,96.39,78.91,Healthy
Farah,2020,2,1.09,65.12,89.54,40.7,75.68,Healthy
Farah,2020,3,1.32,90.9,100.0,81.8,90.76,Healthy
Farah,2020,4,0.64,90.6,100.0,81.19,82.17,Healthy
Farah,2020,5,1.5,81.74,100.0,63.48,87.51,Healthy
Farah,2020,6,1.95,59.15,100.0,18.31,78.28,Healthy
Farah,2020,7,1.65,65.94,100.0,31.88,80.48,Healthy
Farah,2020,8,2.19,50.0,100.0,0.0,74.29,Healthy
Farah,2020,9,1.56,88.89,100.0,77.77,91.46,Healthy
Farah,2020,10,1.08,100.0,100.0,100.0,92.96,Healthy
Farah,2020,11,1.4,100.0,100.0,100.0,95.98,Healthy
Farah,2020,12,0.34,98.71,97.41,100.0,81.02,Healthy
Farah,2021,1,-1.24,55.62,93.05,18.19,33.21,Moderate drought
Farah,2021,2,-2.34,50.0,100.0,0.0,25.48,Severe drought
Farah,2021,3,-2.04,22.2,28.38,16.02,12.13,Severe drought
Farah,2021,4,-1.48,0.0,0.0,0.0,3.44,Severe drought
Farah,2021,5,-0.49,34.29,2.71,65.87,32.66,Moderate drought
Farah,2021,6,0.05,7.4,14.79,0.0,29.66,Moderate drought
Farah,2021,7,2.04,32.38,11.9,52.87,65.15,Healthy
Farah,2021,8,-0.16,21.24,23.06,19.43,32.36,Moderate drought
Farah,2021,9,0.64,36.58,24.3,48.87,55.25,Normal
Farah,2021,10,-1.71,51.86,10.33,93.39,28.1,Moderate drought
Farah,2021,11,-2.02,22.61,2.78,42.43,12.39,Severe drought
Farah,2021,12,-1.24,20.17,2.88,37.45,15.47,Severe drought
Farah,2022,1,0.26,32.65,0.0,65.31,46.51,Normal
Farah,2022,2,-0.36,48.76,56.55,40.97,42.27,Normal
Farah,2022,3,-0.45,48.84,91.18,6.5,40.67,Normal
Farah,2022,4,-1.4,18.4,32.17,4.63,13.21,Severe drought
Farah,2022,5,-1.1,48.1,20.63,75.57,30.88,Moderate drought
Farah,2022,6,-1.1,52.6,20.91,84.28,33.07,Moderate drought
Farah,2022,7,-1.19,59.58,26.83,92.34,35.68,Moderate drought
Farah,2022,8,0.39,64.39,30.97,97.81,64.86,Healthy
Farah,2022,9,2.14,51.68,51.09,52.27,75.03,Healthy
Farah,2022,10,0.39,42.14,30.64,53.65,53.67,Normal
Farah,2022,11,-0.58,45.74,75.89,15.6,36.88,Moderate drought
Farah,2022,12,-1.01,88.45,89.92,86.97,52.03,Normal
Farah,2023,1,-0.5,71.0,41.99,100.0,50.85,Normal
Farah,2023,2,-0.54,38.31,42.37,34.24,33.93,Moderate drought
Farah,2023,3,-0.56,25.08,36.75,13.41,26.95,Moderate drought
Farah,2023,4,-1.01,18.85,2.75,34.94,17.21,Severe drought
Farah,2023,5,-1.29,40.54,0.0,81.08,25.15,Severe drought
Farah,2023,6,-1.43,34.84,0.0,69.68,21.25,Severe drought
Farah,2023,7,-0.65,50.0,0.0,100.0,37.85,Moderate drought
Farah,2023,8,0.72,53.12,6.23,100.0,64.74,Healthy
Farah,2023,9,0.64,55.39,10.77,100.0,64.65,Healthy
Farah,2023,10,0.12,29.9,19.05,40.76,42.29,Normal
Farah,2023,11,0.71,19.4,0.0,38.8,47.83,Normal
Farah,2023,12,-0.4,17.85,0.0,35.69,26.22,Moderate drought
Faryab,2015,1,0.3,44.28,46.08,42.48,52.95,Normal
Faryab,2015,2,1.5,73.37,69.18,77.56,83.36,Healthy
Faryab,2015,3,1.49,87.62,75.23,100.0,90.38,Healthy
Faryab,2015,4,0.95,73.92,93.65,54.19,78.43,Healthy
Faryab,2015,5,-0.44,59.63,58.39,60.87,46.28,Normal
Faryab,2015,6,-1.09,36.25,56.33,16.16,25.04,Severe drought
Faryab,2015,7,-0.41,56.79,63.74,49.85,45.39,Normal
Faryab,2015,8,-0.39,59.88,60.13,59.62,47.33,Normal
Faryab,2015,9,0.64,44.79,53.65,35.93,59.35,Normal
Faryab,2015,10,0.89,70.54,61.19,79.9,75.95,Healthy
Faryab,2015,11,1.27,88.84,100.0,77.68,89.35,Healthy
Faryab,2015,12,0.39,71.53,100.0,43.06,68.36,Healthy
Faryab,2016,1,0.46,65.31,100.0,30.62,66.59,Healthy
Faryab,2016,2,-1.36,65.61,100.0,31.21,37.18,Moderate drought
Faryab,2016,3,-0.11,80.62,100.0,61.24,63.09,Healthy
Faryab,2016,4,-0.19,77.56,94.19,60.94,60.06,Healthy
Faryab,2016,5,0.63,32.16,54.36,9.96,52.79,Normal
Faryab,2016,6,0.06,46.15,48.33,43.97,49.2,Normal
Faryab,2016,7,-0.19,45.96,51.6,40.33,44.21,Normal
Faryab,2016,8,1.38,40.19,51.35,29.04,65.88,Healthy
Faryab,2016,9,0.64,24.57,49.15,0.0,49.24,Normal
Faryab,2016,10,-0.81,70.77,48.36,93.17,45.9,Normal
Faryab,2016,11,-0.73,30.25,12.17,48.34,26.83,Moderate drought
Faryab,2016,12,-0.4,28.39,53.32,3.46,31.35,Moderate drought
Faryab,2017,1,0.09,44.01,26.46,61.55,48.79,Normal
Faryab,2017,2,2.29,58.15,16.3,100.0,78.53,Healthy
Faryab,2017,3,1.94,53.05,30.53,75.56,75.2,Healthy
Faryab,2017,4,1.37,61.5,65.95,57.06,76.47,Healthy
Faryab,2017,5,-0.44,33.35,52.99,13.71,33.2,Moderate drought
Faryab,2017,6,-0.87,42.15,56.86,27.45,30.68,Moderate drought
Faryab,2017,7,-0.08,64.9,61.56,68.24,55.76,Normal
Faryab,2017,8,-0.39,33.55,60.04,7.07,34.17,Moderate drought
Faryab,2017,9,0.64,52.7,51.05,54.35,63.31,Healthy
Faryab,2017,10,-0.62,13.5,27.0,0.0,20.15,Severe drought
Faryab,2017,11,-0.87,7.13,14.27,0.0,13.21,Severe drought
Faryab,2017,12,-1.54,21.89,38.27,5.51,14.05,Severe drought
Faryab,2018,1,-2.1,5.85,11.71,0.0,3.81,Severe drought
Faryab,2018,2,-1.19,17.25,0.0,34.49,14.51,Severe drought
Faryab,2018,3,-0.61,0.0,0.0,0.0,13.6,Severe drought
Faryab,2018,4,-0.5,15.01,0.0,30.03,23.01,Severe drought
Faryab,2018,5,-0.27,18.22,0.0,36.44,28.71,Moderate drought
Faryab,2018,6,-0.41,20.03,0.0,40.07,27.09,Moderate drought
Faryab,2018,7,0.43,0.0,0.0,0.0,33.4,Moderate drought
Faryab,2018,8,-0.17,37.25,0.0,74.5,40.19,Normal
Faryab,2018,9,0.85,9.55,0.0,19.1,44.96,Normal
Faryab,2018,10,2.13,44.15,0.0,88.3,71.24,Healthy
Faryab,2018,11,0.95,44.0,14.03,73.96,63.45,Healthy
Faryab,2018,12,0.44,24.92,44.09,5.75,46.0,Normal
Faryab,2019,1,1.52,35.63,15.29,55.97,64.57,Healthy
Faryab,2019,2,1.83,60.2,23.92,96.47,78.43,Healthy
Faryab,2019,3,1.96,58.92,41.86,75.98,78.21,Healthy
Faryab,2019,4,1.99,100.0,100.0,100.0,98.82,Healthy
Faryab,2019,5,1.57,100.0,100.0,100.0,97.11,Healthy
Faryab,2019,6,1.76,100.0,100.0,100.0,98.03,Healthy
Faryab,2019,7,-0.47,57.68,100.0,15.37,44.76,Normal
Faryab,2019,8,1.75,96.7,100.0,93.4,96.34,Healthy
Faryab,2019,9,0.64,76.09,100.0,52.18,75.0,Healthy
Faryab,2019,10,1.19,83.14,100.0,66.27,85.76,Healthy
Faryab,2019,11,0.62,65.38,60.74,70.02,69.31,Healthy
Faryab,2019,12,0.37,32.42,58.86,5.97,48.49,Normal
Faryab,2020,1,0.43,46.73,20.63,72.82,56.68,Normal
Faryab,2020,2,-0.03,48.64,50.95,46.34,48.64,Normal
Faryab,2020,3,-0.14,66.21,59.76,72.66,55.27,Normal
Faryab,2020,4,0.3,76.1,86.77,65.42,68.94,Healthy
Faryab,2020,5,0.75,82.38,84.42,80.34,79.85,Healthy
Faryab,2020,6,1.41,52.35,69.99,34.72,72.2,Healthy
Faryab,2020,7,1.12,65.45,78.4,52.49,76.11,Healthy
Faryab,2020,8,1.28,57.67,84.85,30.49,73.86,Healthy
Faryab,2020,9,1.94,72.74,84.64,60.84,85.05,Healthy
Faryab,2020,10,0.12,78.42,79.45,77.39,66.58,Healthy
Faryab,2020,11,0.71,50.0,0.0,100.0,63.12,Healthy
Faryab,2020,12,0.99,50.0,0.0,100.0,66.9,Healthy
Faryab,2021,1,-0.12,32.5,18.01,46.99,38.89,Moderate drought
Faryab,2021,2,-1.57,21.75,43.51,0.0,13.79,Severe drought
Faryab,2021,3,-1.12,39.28,24.58,53.97,26.26,Moderate drought
Faryab,2021,4,-1.08,14.55,29.1,0.0,14.27,Severe drought
Faryab,2021,5,-0.36,7.93,15.87,0.0,21.96,Severe drought
Faryab,2021,6,-1.21,7.04,14.08,0.0,9.18,Severe drought
Faryab,2021,7,-0.18,35.26,19.42,51.1,39.12,Moderate drought
Faryab,2021,8,-0.39,11.87,23.75,0.0,23.33,Severe drought
Faryab,2021,9,0.64,20.55,18.48,22.62,47.23,Normal
Faryab,2021,10,-1.07,60.64,21.29,100.0,37.43,Moderate drought
Faryab,2021,11,-1.26,33.53,21.33,45.72,21.97,Severe drought
Faryab,2021,12,-1.68,32.42,54.15,10.7,18.54,Severe drought
Faryab,2022,1,-1.19,46.81,34.78,58.83,29.29,Moderate drought
Faryab,2022,2,-1.34,60.61,59.5,61.72,34.8,Moderate drought
Faryab,2022,3,-0.96,62.03,81.34,42.72,39.49,Moderate drought
Faryab,2022,4,-1.37,30.76,40.63,20.9,19.68,Severe drought
Faryab,2022,5,-0.89,49.2,22.75,75.65,33.91,Moderate drought
Faryab,2022,6,-1.15,24.71,16.3,33.12,18.66,Severe drought
Faryab,2022,7,-0.2,47.65,20.25,75.06,44.79,Normal
Faryab,2022,8,0.03,51.23,21.69,80.78,51.13,Normal
Faryab,2022,9,1.93,25.48,21.73,29.24,61.39,Healthy
Faryab,2022,10,0.16,46.63,11.86,81.41,51.41,Normal
Faryab,2022,11,0.14,66.57,69.77,63.36,60.99,Healthy
Faryab,2022,12,-0.41,57.06,86.05,28.07,45.6,Normal
Faryab,2023,1,-1.15,50.0,0.0,100.0,31.26,Moderate drought
Faryab,2023,2,-0.81,66.86,64.49,69.23,43.83,Normal
Faryab,2023,3,-1.44,42.51,65.69,19.33,24.99,Severe drought
Faryab,2023,4,-1.6,19.11,19.29,18.93,12.3,Severe drought
Faryab,2023,5,-2.3,17.94,11.07,24.82,9.51,Severe drought
Faryab,2023,6,-1.7,17.28,4.81,29.74,10.86,Severe drought
Faryab,2023,7,-0.66,53.91,7.83,100.0,39.63,Moderate drought
Faryab,2023,8,-0.3,55.72,11.45,100.0,46.88,Normal
Faryab,2023,9,0.64,55.37,10.73,100.0,64.64,Healthy
Faryab,2023,10,0.44,21.36,10.94,31.79,44.19,Normal
Faryab,2023,11,-0.06,13.38,6.97,19.8,30.52,Moderate drought
Faryab,2023,12,-0.87,25.01,50.01,0.0,22.15,Severe drought
Ghazni,2015,1,-1.26,55.29,100.0,10.57,32.88,Moderate drought
Ghazni,2015,2,-0.15,55.13,63.23,47.04,49.61,Normal
Ghazni,2015,3,0.05,61.38,67.11,55.66,56.67,Normal
Ghazni,2015,4,0.06,27.2,16.37,38.03,39.81,Moderate drought
Ghazni,2015,5,-0.15,39.01,31.31,46.71,41.49,Normal
Ghazni,2015,6,-0.15,43.08,37.05,49.1,43.64,Normal
Ghazni,2015,7,0.92,27.26,17.89,36.64,54.7,Normal
Ghazni,2015,8,0.54,16.09,11.78,20.4,43.32,Normal
Ghazni,2015,9,0.59,38.76,7.61,69.91,55.53,Normal
Ghazni,2015,10,1.74,52.89,34.24,71.55,74.38,Healthy
Ghazni,2015,11,0.96,56.71,41.41,72.0,69.99,Healthy
Ghazni,2015,12,0.12,55.14,25.04,85.24,54.93,Normal
Ghazni,2016,1,-0.56,48.03,65.71,30.35,38.32,Moderate drought
Ghazni,2016,2,-1.9,47.44,74.87,20.01,25.17,Severe drought
Ghazni,2016,3,-0.4,66.9,69.89,63.9,50.76,Normal
Ghazni,2016,4,-0.27,59.37,44.05,74.69,49.37,Normal
Ghazni,2016,5,1.1,34.79,69.57,0.0,60.66,Healthy
Ghazni,2016,6,0.43,50.33,59.1,41.55,58.4,Normal
Ghazni,2016,7,1.35,23.55,43.2,3.91,57.32,Normal
Ghazni,2016,8,0.25,29.03,33.92,24.15,44.52,Normal
Ghazni,2016,9,0.28,18.07,36.15,0.0,39.61,Moderate drought
Ghazni,2016,10,-0.25,35.89,34.37,37.41,37.93,Moderate drought
Ghazni,2016,11,-0.68,49.39,90.47,8.3,37.18,Moderate drought
Ghazni,2016,12,-1.13,48.77,97.55,0.0,30.85,Moderate drought
Ghazni,2017,1,0.38,51.03,60.71,41.34,58.0,Normal
Ghazni,2017,2,1.35,51.1,23.38,78.82,71.16,Healthy
Ghazni,2017,3,1.21,54.41,51.98,56.84,71.52,Healthy
Ghazni,2017,4,0.19,38.87,47.51,30.23,48.29,Normal
Ghazni,2017,5,-1.34,32.72,51.96,13.47,20.88,Severe drought
Ghazni,2017,6,-1.18,25.51,51.02,0.0,18.75,Severe drought
Ghazni,2017,7,1.18,15.21,30.42,0.0,51.64,Normal
Ghazni,2017,8,1.59,7.49,13.16,1.81,50.93,Normal
Ghazni,2017,9,1.73,22.32,14.61,30.04,59.07,Normal
Ghazni,2017,10,-1.24,10.36,20.72,0.0,10.55,Severe drought
Ghazni,2017,11,0.26,17.97,15.04,20.9,39.11,Moderate drought
Ghazni,2017,12,0.66,40.08,20.38,59.78,57.36,Normal
Ghazni,2018,1,-0.39,44.77,89.54,0.0,39.77,Moderate drought
Ghazni,2018,2,-0.12,57.62,74.55,40.7,51.42,Normal
Ghazni,2018,3,-0.28,56.63,91.61,21.65,47.78,Normal
Ghazni,2018,4,0.05,79.67,85.41,73.93,65.91,Healthy
Ghazni,2018,5,-0.01,55.85,42.89,68.81,52.63,Normal
Ghazni,2018,6,-0.11,32.92,46.12,19.71,39.23,Moderate drought
Ghazni,2018,7,0.94,11.77,18.29,5.26,47.16,Normal
Ghazni,2018,8,0.58,0.0,0.0,0.0,35.93,Moderate drought
Ghazni,2018,9,0.38,23.85,0.0,47.7,44.4,Normal
Ghazni,2018,10,1.17,43.06,0.48,85.64,65.49,Healthy
Ghazni,2018,11,0.27,44.35,62.37,26.32,52.53,Normal
Ghazni,2018,12,0.76,55.99,80.71,31.28,66.76,Healthy
Ghazni,2019,1,0.77,55.0,58.1,51.91,66.54,Healthy
Ghazni,2019,2,1.27,50.0,0.0,100.0,69.89,Healthy
Ghazni,2019,3,1.59,50.0,0.0,100.0,72.2,Healthy
Ghazni,2019,4,1.44,45.9,0.0,91.81,69.19,Healthy
Ghazni,2019,5,1.19,76.06,65.02,87.11,82.18,Healthy
Ghazni,2019,6,0.96,89.66,86.25,93.06,86.41,Healthy
Ghazni,2019,7,0.61,45.83,86.11,5.55,59.33,Normal
Ghazni,2019,8,1.12,45.6,74.29,16.91,66.23,Healthy
Ghazni,2019,9,0.81,54.95,80.42,29.48,67.06,Healthy
Ghazni,2019,10,1.21,79.02,100.0,58.03,83.82,Healthy
Ghazni,2019,11,1.51,66.19,32.39,100.0,79.85,Healthy
Ghazni,2019,12,0.61,44.19,0.0,88.39,58.57,Normal
Ghazni,2020,1,1.38,50.0,0.0,100.0,70.81,Healthy
Ghazni,2020,2,0.43,47.76,21.95,73.58,57.25,Normal
Ghazni,2020,3,1.11,65.38,53.25,77.51,76.04,Healthy
Ghazni,2020,4,0.87,65.58,31.16,100.0,73.15,Healthy
Ghazni,2020,5,1.58,78.34,88.07,68.61,86.33,Healthy
Ghazni,2020,6,1.88,85.33,100.0,70.66,91.16,Healthy
Ghazni,2020,7,1.37,65.92,100.0,31.84,78.67,Healthy
Ghazni,2020,8,0.71,50.01,100.0,0.01,63.1,Healthy
Ghazni,2020,9,0.45,73.44,100.0,46.88,70.39,Healthy
Ghazni,2020,10,0.17,70.25,71.75,68.76,63.46,Healthy
Ghazni,2020,11,1.52,37.16,0.0,74.31,65.37,Healthy
Ghazni,2020,12,0.89,60.47,20.95,100.0,70.89,Healthy
Ghazni,2021,1,-0.45,47.77,80.81,14.74,40.23,Normal
Ghazni,2021,2,-2.29,50.0,100.0,0.0,25.55,Severe drought
Ghazni,2021,3,-2.01,60.51,100.0,21.01,31.36,Moderate drought
Ghazni,2021,4,-1.18,37.46,47.29,27.62,24.71,Severe drought
Ghazni,2021,5,-0.29,37.52,29.33,45.72,38.04,Moderate drought
Ghazni,2021,6,-0.45,24.8,29.65,19.95,28.77,Moderate drought
Ghazni,2021,7,1.03,28.91,24.79,33.02,56.83,Normal
Ghazni,2021,8,1.37,11.82,11.27,12.36,51.68,Normal
Ghazni,2021,9,1.49,7.89,6.93,8.85,50.52,Normal
Ghazni,2021,10,0.35,31.46,0.0,62.93,47.54,Normal
Ghazni,2021,11,-1.32,37.78,75.57,0.0,23.54,Severe drought
Ghazni,2021,12,-0.8,66.8,97.55,36.06,44.02,Normal
Ghazni,2022,1,0.56,46.34,25.0,67.68,58.71,Normal
Ghazni,2022,2,-0.23,50.94,59.91,41.98,45.92,Normal
Ghazni,2022,3,-0.67,49.03,98.07,0.0,37.02,Moderate drought
Ghazni,2022,4,-2.1,42.86,85.71,0.0,22.33,Severe drought
Ghazni,2022,5,-1.83,1.33,0.0,2.67,2.34,Severe drought
Ghazni,2022,6,-2.1,22.05,0.0,44.09,11.91,Severe drought
Ghazni,2022,7,0.37,46.33,0.0,92.66,55.39,Normal
Ghazni,2022,8,1.83,64.18,28.37,100.0,80.41,Healthy
Ghazni,2022,9,1.9,87.43,74.86,100.0,92.27,Healthy
Ghazni,2022,10,-0.25,57.38,43.67,71.1,48.77,Normal
Ghazni,2022,11,-0.2,59.0,78.95,39.05,50.56,Normal
Ghazni,2022,12,-0.74,75.58,78.93,72.24,49.34,Normal
Ghazni,2023,1,-0.93,60.42,45.04,75.8,39.07,Moderate drought
Ghazni,2023,2,-1.41,57.03,60.13,53.93,32.48,Moderate drought
Ghazni,2023,3,-0.73,70.57,96.4,44.73,46.92,Normal
Ghazni,2023,4,-1.04,89.92,100.0,79.84,52.4,Normal
Ghazni,2023,5,-0.43,100.0,100.0,100.0,66.61,Healthy
Ghazni,2023,6,-1.59,88.71,77.42,100.0,47.16,Normal
Ghazni,2023,7,0.55,83.14,66.27,100.0,77.07,Healthy
Ghazni,2023,8,0.32,45.73,57.09,34.36,54.05,Normal
Ghazni,2023,9,0.34,74.2,54.35,94.05,68.71,Healthy
Ghazni,2023,10,-0.11,89.49,78.99,100.0,67.65,Healthy
Ghazni,2023,11,-0.59,58.95,100.0,17.9,43.34,Normal
Ghazni,2023,12,-1.08,72.09,100.0,44.18,43.04,Normal
Ghor,2015,1,-0.53,48.65,52.61,44.7,39.26,Moderate drought
Ghor,2015,2,0.82,48.17,27.85,68.5,63.84,Healthy
Ghor,2015,3,1.15,64.37,45.54,83.2,75.89,Healthy
Ghor,2015,4,0.95,66.39,66.37,66.42,74.65,Healthy
Ghor,2015,5,-0.54,79.96,100.0,59.92,54.7,Normal
Ghor,2015,6,-0.85,63.81,86.06,41.56,41.73,Normal
Ghor,2015,7,-0.53,67.96,87.07,48.86,48.85,Normal
Ghor,2015,8,-1.0,76.43,83.63,69.22,46.12,Normal
Ghor,2015,9,-0.36,84.05,83.96,84.14,60.08,Healthy
Ghor,2015,10,0.9,95.73,91.45,100.0,88.6,Healthy
Ghor,2015,11,1.27,72.86,57.45,88.27,81.37,Healthy
Ghor,2015,12,0.19,54.94,61.51,48.37,56.15,Normal
Ghor,2016,1,-0.03,42.99,26.43,59.56,45.88,Normal
Ghor,2016,2,-1.59,42.63,52.7,32.56,24.11,Severe drought
Ghor,2016,3,-0.09,80.85,94.87,66.84,63.6,Healthy
Ghor,2016,4,0.22,78.39,94.38,62.4,68.64,Healthy
Ghor,2016,5,1.25,51.75,89.69,13.82,70.55,Healthy
Ghor,2016,6,0.57,43.49,68.4,18.57,57.6,Normal
Ghor,2016,7,0.01,37.92,61.65,14.18,44.15,Normal
Ghor,2016,8,-0.07,74.53,67.59,81.48,60.81,Healthy
Ghor,2016,9,-0.43,45.8,72.04,19.56,39.59,Moderate drought
Ghor,2016,10,-0.22,56.22,60.86,51.58,48.81,Normal
Ghor,2016,11,-0.1,59.74,100.0,19.48,52.87,Normal
Ghor,2016,12,-0.24,44.73,89.46,0.0,42.72,Normal
Ghor,2017,1,-0.2,56.93,57.12,56.75,49.56,Normal
Ghor,2017,2,1.57,50.14,7.86,92.41,72.14,Healthy
Ghor,2017,3,1.55,65.64,52.5,78.77,79.8,Healthy
Ghor,2017,4,1.07,43.55,51.36,35.73,64.68,Healthy
Ghor,2017,5,-1.03,34.08,63.93,4.23,24.63,Severe drought
Ghor,2017,6,-1.32,22.46,44.93,0.0,15.93,Severe drought
Ghor,2017,7,-0.06,28.98,41.85,16.12,38.23,Moderate drought
Ghor,2017,8,-0.83,36.14,40.7,31.57,28.25,Moderate drought
Ghor,2017,9,0.03,51.97,38.84,65.09,51.55,Normal
Ghor,2017,10,-0.57,13.07,26.14,0.0,20.79,Severe drought
Ghor,2017,11,-0.43,28.87,57.75,0.0,31.07,Moderate drought
Ghor,2017,12,-0.23,47.17,88.94,5.4,44.08,Normal
Ghor,2018,1,-1.26,50.0,100.0,0.0,30.16,Moderate drought
Ghor,2018,2,-0.91,63.44,85.99,40.89,40.78,Normal
Ghor,2018,3,-0.64,58.2,88.27,28.12,42.21,Normal
Ghor,2018,4,-0.13,83.59,100.0,67.18,64.11,Healthy
Ghor,2018,5,0.34,83.63,67.27,100.0,73.42,Healthy
Ghor,2018,6,0.27,54.43,73.02,35.84,57.62,Normal
Ghor,2018,7,1.32,29.73,51.88,7.57,60.21,Healthy
Ghor,2018,8,-0.67,39.68,39.83,39.54,32.44,Moderate drought
Ghor,2018,9,0.19,50.15,34.73,65.58,53.89,Normal
Ghor,2018,10,0.91,55.33,31.17,79.5,68.58,Healthy
Ghor,2018,11,0.34,67.4,72.37,62.42,65.3,Healthy
Ghor,2018,12,0.04,34.98,54.98,14.97,43.35,Normal
Ghor,2019,1,1.08,51.7,31.27,72.13,68.85,Healthy
Ghor,2019,2,1.6,50.0,0.0,100.0,72.25,Healthy
Ghor,2019,3,1.73,50.0,0.0,100.0,72.92,Healthy
Ghor,2019,4,1.68,59.34,18.67,100.0,77.33,Healthy
Ghor,2019,5,1.16,70.54,88.25,52.84,79.14,Healthy
Ghor,2019,6,1.56,100.0,100.0,100.0,97.05,Healthy
Ghor,2019,7,0.64,51.88,100.0,3.77,62.85,Healthy
Ghor,2019,8,2.52,78.12,95.47,60.78,88.77,Healthy
Ghor,2019,9,-0.32,71.97,99.61,44.32,54.78,Normal
Ghor,2019,10,1.91,79.99,100.0,59.98,88.59,Healthy
Ghor,2019,11,1.81,83.74,67.48,100.0,90.1,Healthy
Ghor,2019,12,1.07,40.19,36.06,44.32,63.01,Healthy
Ghor,2020,1,1.47,50.0,0.0,100.0,71.44,Healthy
Ghor,2020,2,0.15,43.72,21.32,66.12,49.79,Normal
Ghor,2020,3,0.44,63.46,51.32,75.59,65.29,Healthy
Ghor,2020,4,0.56,56.48,18.49,94.47,63.77,Healthy
Ghor,2020,5,1.71,61.04,88.84,33.25,78.34,Healthy
Ghor,2020,6,1.99,58.24,89.28,27.19,77.96,Healthy
Ghor,2020,7,2.08,64.6,99.26,29.94,81.36,Healthy
Ghor,2020,8,1.46,50.0,100.0,0.0,71.38,Healthy
Ghor,2020,9,3.45,86.48,100.0,72.96,93.23,Healthy
Ghor,2020,10,-0.07,62.71,59.22,66.2,54.89,Normal
Ghor,2020,11,1.44,45.35,0.0,90.7,68.95,Healthy
Ghor,2020,12,0.51,50.0,0.0,100.0,59.71,Normal
Ghor,2021,1,-0.63,41.94,43.18,40.7,34.21,Moderate drought
Ghor,2021,2,-2.33,50.0,100.0,0.0,25.49,Severe drought
Ghor,2021,3,-1.95,61.82,100.0,23.63,32.18,Moderate drought
Ghor,2021,4,-1.81,0.1,0.0,0.19,1.8,Severe drought
Ghor,2021,5,-0.77,20.06,0.0,40.11,21.06,Severe drought
Ghor,2021,6,-0.86,4.43,6.42,2.45,11.9,Severe drought
Ghor,2021,7,0.8,15.89,2.33,29.45,47.32,Normal
Ghor,2021,8,-1.0,24.46,0.0,48.91,20.2,Severe drought
Ghor,2021,9,-0.34,0.0,0.0,0.0,18.28,Severe drought
Ghor,2021,10,-0.58,25.41,4.89,45.94,26.76,Moderate drought
Ghor,2021,11,-1.4,49.27,67.43,31.12,28.66,Moderate drought
Ghor,2021,12,-1.14,50.98,68.4,33.57,31.88,Moderate drought
Ghor,2022,1,-0.61,43.29,7.67,78.9,35.18,Moderate drought
Ghor,2022,2,-0.85,42.87,17.14,68.6,31.28,Moderate drought
Ghor,2022,3,-0.96,48.2,96.4,0.0,32.55,Moderate drought
Ghor,2022,4,-1.8,42.16,84.33,0.0,22.89,Severe drought
Ghor,2022,5,-1.57,9.37,18.74,0.0,7.62,Severe drought
Ghor,2022,6,-1.54,7.69,0.0,15.38,6.95,Severe drought
Ghor,2022,7,-1.02,0.0,0.0,0.0,7.65,Severe drought
Ghor,2022,8,-0.3,39.01,3.13,74.88,38.54,Moderate drought
Ghor,2022,9,2.69,40.13,20.44,59.83,69.89,Healthy
Ghor,2022,10,-0.17,10.61,0.0,21.21,26.92,Moderate drought
Ghor,2022,11,-0.62,60.37,61.41,59.33,43.62,Normal
Ghor,2022,12,-1.2,51.27,46.42,56.12,31.37,Moderate drought
Ghor,2023,1,-1.36,58.94,23.1,94.79,33.85,Moderate drought
Ghor,2023,2,-0.92,57.98,45.33,70.63,37.87,Moderate drought
Ghor,2023,3,-0.89,65.18,95.13,35.24,41.93,Normal
Ghor,2023,4,-1.36,35.75,33.81,37.7,22.22,Severe drought
Ghor,2023,5,-1.81,39.19,40.21,38.17,21.37,Severe drought
Ghor,2023,6,-1.68,17.17,21.5,12.85,10.89,Severe drought
Ghor,2023,7,-0.47,57.22,14.43,100.0,44.49,Normal
Ghor,2023,8,0.63,54.41,8.81,100.0,64.01,Healthy
Ghor,2023,9,-0.36,59.02,18.03,100.0,47.57,Normal
Ghor,2023,10,-0.09,55.63,30.19,81.07,50.98,Normal
Ghor,2023,11,0.18,57.81,92.27,23.36,57.47,Normal
Ghor,2023,12,-0.8,50.62,100.0,1.24,35.85,Moderate drought
Hilmand,2015,1,-0.74,20.81,30.77,10.84,21.94,Severe drought
Hilmand,2015,2,-0.42,29.92,0.0,59.84,31.91,Moderate drought
Hilmand,2015,3,-0.15,50.0,0.0,100.0,47.08,Normal
Hilmand,2015,4,0.01,32.36,22.97,41.74,41.29,Normal
Hilmand,2015,5,-0.01,43.28,43.17,43.39,46.53,Normal
Hilmand,2015,6,-0.09,50.7,40.05,61.36,48.5,Normal
Hilmand,2015,7,0.7,49.75,38.86,60.65,62.8,Healthy
Hilmand,2015,8,-1.38,41.86,36.34,47.39,25.09,Severe drought
Hilmand,2015,9,-0.83,40.13,13.14,67.13,30.22,Moderate drought
Hilmand,2015,10,1.54,26.18,39.17,13.19,60.02,Healthy
Hilmand,2015,11,0.76,59.52,57.65,61.38,68.63,Healthy
Hilmand,2015,12,0.11,77.41,57.9,96.93,65.88,Healthy
Hilmand,2016,1,-0.79,53.19,100.0,6.38,37.34,Moderate drought
Hilmand,2016,2,-1.7,53.87,71.45,36.28,29.17,Moderate drought
Hilmand,2016,3,0.24,58.81,44.35,73.27,59.23,Normal
Hilmand,2016,4,0.69,31.06,38.93,23.19,53.33,Normal
Hilmand,2016,5,1.56,12.17,24.35,0.0,53.12,Normal
Hilmand,2016,6,0.56,55.34,32.1,78.58,63.33,Healthy
Hilmand,2016,7,0.77,20.51,18.18,22.85,49.23,Normal
Hilmand,2016,8,-0.52,46.06,34.55,57.57,38.09,Moderate drought
Hilmand,2016,9,-0.17,11.74,23.48,0.0,27.45,Moderate drought
Hilmand,2016,10,-0.5,30.84,4.28,57.4,30.81,Moderate drought
Hilmand,2016,11,-0.7,22.81,17.79,27.84,23.48,Severe drought
Hilmand,2016,12,-1.03,15.89,31.78,0.0,15.54,Severe drought
Hilmand,2017,1,0.07,38.3,38.89,37.71,45.62,Normal
Hilmand,2017,2,0.89,60.68,40.82,80.55,71.04,Healthy
Hilmand,2017,3,0.77,50.45,31.84,69.05,64.18,Healthy
Hilmand,2017,4,0.41,23.15,31.4,14.9,44.55,Normal
Hilmand,2017,5,-0.37,31.23,48.85,13.62,33.45,Moderate drought
Hilmand,2017,6,-1.27,29.16,58.33,0.0,19.69,Severe drought
Hilmand,2017,7,-0.05,47.32,50.25,44.38,47.66,Normal
Hilmand,2017,8,-1.71,44.46,45.48,43.44,24.4,Severe drought
Hilmand,2017,9,-1.12,41.51,30.96,52.07,27.28,Moderate drought
Hilmand,2017,10,-0.9,14.99,29.98,0.0,16.65,Severe drought
Hilmand,2017,11,0.31,12.62,25.24,0.0,37.34,Moderate drought
Hilmand,2017,12,0.58,35.51,3.05,67.97,53.73,Normal
Hilmand,2018,1,-0.85,4.07,8.14,0.0,11.92,Severe drought
Hilmand,2018,2,-0.93,22.35,15.98,28.73,20.04,Severe drought
Hilmand,2018,3,-1.01,4.75,9.49,0.0,10.18,Severe drought
Hilmand,2018,4,-0.29,34.67,0.0,69.33,36.63,Moderate drought
Hilmand,2018,5,-0.13,55.59,11.18,100.0,50.15,Normal
Hilmand,2018,6,0.35,30.02,2.0,58.04,46.83,Normal
Hilmand,2018,7,1.06,15.56,0.0,31.12,50.57,Normal
Hilmand,2018,8,0.06,47.32,0.0,94.64,49.78,Normal
Hilmand,2018,9,0.3,25.66,0.0,51.33,43.68,Normal
Hilmand,2018,10,0.31,31.21,0.0,62.42,46.71,Normal
Hilmand,2018,11,0.6,15.89,0.0,31.78,44.3,Normal
Hilmand,2018,12,-0.24,14.96,10.5,19.42,27.66,Moderate drought
Hilmand,2019,1,-0.36,6.52,0.0,13.05,21.3,Severe drought
Hilmand,2019,2,0.62,60.36,20.73,100.0,66.82,Healthy
Hilmand,2019,3,2.39,45.97,3.17,88.77,72.57,Healthy
Hilmand,2019,4,2.92,77.91,55.82,100.0,88.87,Healthy
Hilmand,2019,5,3.07,81.48,79.94,83.02,90.69,Healthy
Hilmand,2019,6,2.73,67.84,77.8,57.88,83.76,Healthy
Hilmand,2019,7,1.43,28.36,55.01,1.71,60.34,Healthy
Hilmand,2019,8,0.07,59.08,64.24,53.92,55.99,Normal
Hilmand,2019,9,-0.78,37.47,62.5,12.44,29.66,Moderate drought
Hilmand,2019,10,0.63,57.24,78.13,36.36,65.47,Healthy
Hilmand,2019,11,1.99,100.0,100.0,100.0,98.84,Healthy
Hilmand,2019,12,1.43,86.65,100.0,73.31,89.53,Healthy
Hilmand,2020,1,2.71,78.93,66.38,91.48,89.3,Healthy
Hilmand,2020,2,2.07,76.3,100.0,52.61,87.19,Healthy
Hilmand,2020,3,1.64,88.88,100.0,77.76,91.91,Healthy
Hilmand,2020,4,0.47,84.12,100.0,68.25,76.04,Healthy
Hilmand,2020,5,0.77,70.21,100.0,40.42,74.03,Healthy
Hilmand,2020,6,1.64,55.62,100.0,11.23,75.29,Healthy
Hilmand,2020,7,1.39,50.0,100.0,0.0,70.9,Healthy
Hilmand,2020,8,1.72,50.0,100.0,0.0,72.86,Healthy
Hilmand,2020,9,1.48,86.09,100.0,72.17,89.58,Healthy
Hilmand,2020,10,1.24,100.0,100.0,100.0,94.62,Healthy
Hilmand,2020,11,0.89,93.62,97.81,89.44,87.53,Healthy
Hilmand,2020,12,0.24,89.55,82.05,97.06,74.52,Healthy
Hilmand,2021,1,-1.2,32.69,49.59,15.79,22.15,Severe drought
Hilmand,2021,2,-2.06,19.13,38.26,0.0,10.56,Severe drought
Hilmand,2021,3,-1.89,22.5,16.22,28.78,12.71,Severe drought
Hilmand,2021,4,-1.35,22.33,21.79,22.87,15.58,Severe drought
Hilmand,2021,5,-0.68,43.14,21.56,64.72,34.05,Moderate drought
Hilmand,2021,6,-0.38,27.88,23.79,31.96,31.48,Moderate drought
Hilmand,2021,7,1.36,31.62,14.06,49.17,61.5,Healthy
Hilmand,2021,8,1.06,42.47,47.22,37.73,64.06,Healthy
Hilmand,2021,9,1.14,35.16,31.47,38.85,61.27,Healthy
Hilmand,2021,10,-0.9,52.1,18.72,85.48,35.21,Moderate drought
Hilmand,2021,11,-1.94,19.15,4.41,33.89,10.9,Severe drought
Hilmand,2021,12,-1.2,27.87,0.0,55.74,19.65,Severe drought
Hilmand,2022,1,0.39,33.16,10.75,55.57,49.16,Normal
Hilmand,2022,2,-0.24,36.03,30.34,41.71,38.3,Moderate drought
Hilmand,2022,3,-0.3,23.18,42.19,4.18,30.66,Moderate drought
Hilmand,2022,4,-1.2,6.35,12.7,0.0,8.96,Severe drought
Hilmand,2022,5,-0.79,33.53,0.0,67.06,27.55,Moderate drought
Hilmand,2022,6,-1.55,50.0,0.0,100.0,28.01,Moderate drought
Hilmand,2022,7,-0.08,64.51,37.87,91.16,55.76,Normal
Hilmand,2022,8,2.23,73.94,48.25,99.63,86.32,Healthy
Hilmand,2022,9,2.32,51.45,52.93,49.96,75.22,Healthy
Hilmand,2022,10,-0.13,49.99,28.53,71.45,47.51,Normal
Hilmand,2022,11,-0.29,45.56,66.8,24.33,42.03,Normal
Hilmand,2022,12,-0.78,80.49,60.98,100.0,51.19,Normal
Hilmand,2023,1,-0.16,66.7,33.39,100.0,55.23,Normal
Hilmand,2023,2,-0.64,25.74,14.34,37.15,26.0,Moderate drought
Hilmand,2023,3,-0.48,31.78,14.78,48.78,31.65,Moderate drought
Hilmand,2023,4,-0.75,40.31,7.45,73.17,31.48,Moderate drought
Hilmand,2023,5,-0.49,40.8,4.01,77.58,35.98,Moderate drought
Hilmand,2023,6,-0.93,46.18,10.87,81.49,31.84,Moderate drought
Hilmand,2023,7,-0.33,57.99,15.97,100.0,47.46,Normal
Hilmand,2023,8,0.15,70.18,40.35,100.0,63.11,Healthy
Hilmand,2023,9,0.23,58.64,17.29,100.0,58.91,Normal
Hilmand,2023,10,0.72,43.16,37.15,49.17,59.84,Normal
Hilmand,2023,11,1.1,36.49,28.61,44.38,61.51,Healthy
Hilmand,2023,12,0.27,52.2,37.01,67.39,56.45,Normal
Hirat,2015,1,-0.2,31.32,33.99,28.66,36.6,Moderate drought
Hirat,2015,2,1.46,52.75,37.77,67.73,72.75,Healthy
Hirat,2015,3,1.77,62.29,24.58,100.0,79.21,Healthy
Hirat,2015,4,1.4,55.01,61.12,48.89,73.45,Healthy
Hirat,2015,5,0.29,53.06,51.8,54.32,57.2,Normal
Hirat,2015,6,-0.48,49.41,48.37,50.44,40.4,Normal
Hirat,2015,7,-0.3,61.71,47.41,76.01,49.97,Normal
Hirat,2015,8,-0.68,48.14,46.11,50.17,36.47,Moderate drought
Hirat,2015,9,-0.36,52.14,44.8,59.49,44.0,Normal
Hirat,2015,10,1.12,52.36,71.09,33.64,69.59,Healthy
Hirat,2015,11,0.77,81.68,84.18,79.19,79.78,Healthy
Hirat,2015,12,0.17,79.6,100.0,59.21,68.1,Healthy
Hirat,2016,1,-0.44,62.54,100.0,25.07,47.79,Normal
Hirat,2016,2,-1.72,58.52,99.17,17.86,31.41,Moderate drought
Hirat,2016,3,-0.27,89.67,100.0,79.33,64.54,Healthy
Hirat,2016,4,0.12,55.18,62.1,48.25,54.92,Normal
Hirat,2016,5,1.01,20.85,41.71,0.0,52.63,Normal
Hirat,2016,6,0.5,43.99,28.25,59.73,56.52,Normal
Hirat,2016,7,0.2,34.88,29.15,40.6,46.33,Normal
Hirat,2016,8,1.39,39.62,30.92,48.31,65.7,Healthy
Hirat,2016,9,-0.36,15.85,31.7,0.0,25.86,Severe drought
Hirat,2016,10,-0.68,53.55,31.36,75.74,39.13,Moderate drought
Hirat,2016,11,-1.03,46.13,26.09,66.16,30.67,Moderate drought
Hirat,2016,12,-0.85,6.17,12.35,0.0,12.94,Severe drought
Hirat,2017,1,-0.0,43.11,33.74,52.48,46.46,Normal
Hirat,2017,2,1.94,47.53,15.21,79.84,72.46,Healthy
Hirat,2017,3,1.87,47.46,16.08,78.84,72.19,Healthy
Hirat,2017,4,1.16,52.46,51.57,53.35,70.05,Healthy
Hirat,2017,5,-0.24,33.38,52.81,13.96,36.94,Moderate drought
Hirat,2017,6,-1.07,44.74,53.46,36.02,29.43,Moderate drought
Hirat,2017,7,-0.09,67.81,55.94,79.68,57.11,Normal
Hirat,2017,8,-0.68,38.4,52.25,24.55,31.6,Moderate drought
Hirat,2017,9,-0.36,48.83,49.28,48.37,42.41,Normal
Hirat,2017,10,-0.62,25.16,50.31,0.0,25.92,Severe drought
Hirat,2017,11,-0.82,19.59,39.19,0.0,20.14,Severe drought
Hirat,2017,12,-0.68,17.82,22.57,13.08,21.35,Severe drought
Hirat,2018,1,-1.95,25.32,50.64,0.0,13.94,Severe drought
Hirat,2018,2,-0.95,42.78,51.7,33.86,29.98,Moderate drought
Hirat,2018,3,-0.36,0.3,0.6,0.0,18.14,Severe drought
Hirat,2018,4,0.23,40.54,9.04,72.05,49.91,Normal
Hirat,2018,5,0.41,51.94,3.88,100.0,59.0,Normal
Hirat,2018,6,0.42,44.53,0.0,89.05,55.41,Normal
Hirat,2018,7,0.85,23.0,0.0,45.99,51.63,Normal
Hirat,2018,8,-0.03,43.8,0.0,87.61,46.39,Normal
Hirat,2018,9,0.9,18.99,0.0,37.99,50.31,Normal
Hirat,2018,10,2.3,33.37,0.0,66.74,66.15,Healthy
Hirat,2018,11,0.65,38.0,0.0,76.0,56.05,Normal
Hirat,2018,12,-0.31,9.49,0.21,18.77,23.75,Severe drought
Hirat,2019,1,-0.0,32.77,26.31,39.23,41.29,Normal
Hirat,2019,2,1.36,50.0,0.0,100.0,70.65,Healthy
Hirat,2019,3,1.84,46.31,0.0,92.62,71.52,Healthy
Hirat,2019,4,1.94,91.44,82.88,100.0,94.4,Healthy
Hirat,2019,5,1.56,89.2,91.74,86.66,91.61,Healthy
Hirat,2019,6,1.57,100.0,100.0,100.0,97.11,Healthy
Hirat,2019,7,-0.04,48.5,96.99,0.0,48.45,Normal
Hirat,2019,8,1.11,71.58,89.97,53.19,79.13,Healthy
Hirat,2019,9,-0.36,58.87,91.39,26.35,47.37,Normal
Hirat,2019,10,1.63,74.45,94.09,54.82,84.65,Healthy
Hirat,2019,11,0.56,100.0,100.0,100.0,85.68,Healthy
Hirat,2019,12,0.03,53.55,80.23,26.86,52.43,Normal
Hirat,2020,1,1.23,71.39,42.77,100.0,80.24,Healthy
Hirat,2020,2,0.17,66.32,92.23,40.42,61.62,Healthy
Hirat,2020,3,1.0,87.18,99.78,74.59,85.64,Healthy
Hirat,2020,4,1.03,87.05,100.0,74.1,85.98,Healthy
Hirat,2020,5,1.87,82.77,100.0,65.55,89.86,Healthy
Hirat,2020,6,1.92,65.3,97.99,32.61,81.28,Healthy
Hirat,2020,7,1.11,64.85,100.0,29.71,75.71,Healthy
Hirat,2020,8,2.67,53.37,100.0,6.73,76.49,Healthy
Hirat,2020,9,2.35,89.82,100.0,79.64,94.44,Healthy
Hirat,2020,10,0.38,100.0,100.0,100.0,82.34,Healthy
Hirat,2020,11,1.36,81.38,65.71,97.04,86.32,Healthy
Hirat,2020,12,0.63,67.18,34.36,100.0,70.36,Healthy
Hirat,2021,1,-0.7,44.28,69.73,18.83,34.31,Moderate drought
Hirat,2021,2,-1.83,50.0,100.0,0.0,26.69,Moderate drought
Hirat,2021,3,-1.62,7.16,12.33,1.99,6.2,Severe drought
Hirat,2021,4,-1.33,0.0,0.0,0.0,4.57,Severe drought
Hirat,2021,5,-0.56,28.8,0.0,57.6,28.74,Moderate drought
Hirat,2021,6,-0.34,1.95,3.89,0.0,19.29,Severe drought
Hirat,2021,7,1.93,29.02,13.95,44.1,63.18,Healthy
Hirat,2021,8,-0.68,9.15,18.3,0.0,16.99,Severe drought
Hirat,2021,9,-0.36,22.99,15.9,30.08,29.45,Moderate drought
Hirat,2021,10,-0.93,50.48,15.03,85.93,34.1,Moderate drought
Hirat,2021,11,-1.35,24.14,12.44,35.83,16.5,Severe drought
Hirat,2021,12,-0.85,15.1,6.79,23.42,17.4,Severe drought
Hirat,2022,1,0.12,40.47,20.06,60.89,47.6,Normal
Hirat,2022,2,-0.25,47.82,49.38,46.27,43.95,Normal
Hirat,2022,3,-0.59,31.23,56.58,5.88,29.57,Moderate drought
Hirat,2022,4,-1.27,37.13,44.95,29.31,23.68,Severe drought
Hirat,2022,5,-1.32,65.14,35.84,94.45,37.23,Moderate drought
Hirat,2022,6,-1.03,36.31,22.39,50.23,25.72,Severe drought
Hirat,2022,7,-0.87,50.77,26.34,75.19,35.01,Moderate drought
Hirat,2022,8,-0.12,52.35,28.42,76.27,48.77,Normal
Hirat,2022,9,3.08,32.96,32.96,32.95,66.43,Healthy
Hirat,2022,10,-0.22,34.92,25.75,44.1,38.18,Moderate drought
Hirat,2022,11,-0.9,46.48,55.47,37.5,32.39,Moderate drought
Hirat,2022,12,-1.08,63.17,44.21,82.14,38.62,Moderate drought
Hirat,2023,1,-1.44,45.65,0.0,91.3,26.58,Moderate drought
Hirat,2023,2,-1.01,64.95,65.8,64.09,40.31,Normal
Hirat,2023,3,-1.14,30.92,59.91,1.93,21.84,Severe drought
Hirat,2023,4,-1.37,26.66,22.89,30.43,17.57,Severe drought
Hirat,2023,5,-1.84,32.27,11.82,52.72,17.79,Severe drought
Hirat,2023,6,-1.86,21.33,2.82,39.84,12.23,Severe drought
Hirat,2023,7,-0.72,53.25,6.5,100.0,38.4,Moderate drought
Hirat,2023,8,-0.46,55.02,10.03,100.0,43.71,Normal
Hirat,2023,9,-0.36,55.01,10.02,100.0,45.44,Normal
Hirat,2023,10,-0.17,20.58,13.99,27.18,31.97,Moderate drought
Hirat,2023,11,0.23,18.14,6.43,29.86,38.7,Moderate drought
Hirat,2023,12,-0.85,7.97,0.0,15.95,13.83,Severe drought
Jawzjan,2015,1,-0.14,46.02,54.71,37.33,45.21,Normal
Jawzjan,2015,2,0.72,81.55,87.12,75.98,79.01,Healthy
Jawzjan,2015,3,1.1,100.0,100.0,100.0,93.25,Healthy
Jawzjan,2015,4,0.66,87.12,100.0,74.24,80.84,Healthy
Jawzjan,2015,5,-0.43,80.5,65.78,95.23,56.94,Normal
Jawzjan,2015,6,-0.8,27.89,55.78,0.0,24.54,Severe drought
Jawzjan,2015,7,-0.07,58.78,62.12,55.44,52.92,Normal
Jawzjan,2015,8,-0.39,49.85,61.39,38.31,42.32,Normal
Jawzjan,2015,9,1.17,29.91,58.45,1.36,58.89,Normal
Jawzjan,2015,10,0.84,80.99,63.42,98.55,80.52,Healthy
Jawzjan,2015,11,1.33,91.65,100.0,83.31,91.25,Healthy
Jawzjan,2015,12,0.18,66.85,100.0,33.7,62.09,Healthy
Jawzjan,2016,1,0.32,52.98,100.0,5.95,57.82,Normal
Jawzjan,2016,2,-1.19,70.35,100.0,40.69,41.03,Normal
Jawzjan,2016,3,-0.29,76.2,90.76,61.63,57.47,Normal
Jawzjan,2016,4,-0.52,59.26,70.09,48.42,44.65,Normal
Jawzjan,2016,5,0.4,22.38,44.75,0.0,43.88,Normal
Jawzjan,2016,6,-0.03,44.52,42.91,46.13,46.56,Normal
Jawzjan,2016,7,-0.05,24.21,46.46,1.97,36.08,Moderate drought
Jawzjan,2016,8,1.04,25.65,45.88,5.42,55.31,Normal
Jawzjan,2016,9,0.28,22.71,44.6,0.83,41.79,Normal
Jawzjan,2016,10,-1.35,69.97,45.88,94.05,39.42,Moderate drought
Jawzjan,2016,11,-0.63,25.37,27.28,23.47,25.91,Severe drought
Jawzjan,2016,12,-0.14,27.82,38.44,17.2,36.2,Moderate drought
Jawzjan,2017,1,0.0,42.47,28.65,56.29,46.26,Normal
Jawzjan,2017,2,1.8,67.09,34.18,100.0,81.75,Healthy
Jawzjan,2017,3,1.78,53.98,39.63,68.34,75.11,Healthy
Jawzjan,2017,4,1.47,75.97,77.74,74.2,84.42,Healthy
Jawzjan,2017,5,-0.49,50.8,76.26,25.34,41.05,Normal
Jawzjan,2017,6,-0.63,64.29,73.01,55.57,45.41,Normal
Jawzjan,2017,7,-0.12,79.74,80.64,78.83,62.39,Healthy
Jawzjan,2017,8,-0.29,42.28,78.2,6.37,40.51,Normal
Jawzjan,2017,9,0.28,63.46,68.89,58.03,62.16,Healthy
Jawzjan,2017,10,-0.1,20.02,27.82,12.23,32.96,Moderate drought
Jawzjan,2017,11,-0.72,17.03,34.06,0.0,20.34,Severe drought
Jawzjan,2017,12,-1.36,17.59,27.37,7.82,13.18,Severe drought
Jawzjan,2018,1,-2.15,0.0,0.0,0.0,0.79,Severe drought
Jawzjan,2018,2,-1.59,15.69,0.0,31.38,10.62,Severe drought
Jawzjan,2018,3,-1.07,3.09,0.0,6.18,8.64,Severe drought
Jawzjan,2018,4,-0.69,20.86,0.0,41.73,22.72,Severe drought
Jawzjan,2018,5,-0.52,43.19,0.0,86.37,36.7,Moderate drought
Jawzjan,2018,6,-0.69,37.77,0.0,75.53,31.08,Moderate drought
Jawzjan,2018,7,0.04,7.57,0.0,15.14,29.53,Moderate drought
Jawzjan,2018,8,-0.24,36.34,0.0,72.68,38.49,Moderate drought
Jawzjan,2018,9,0.73,0.24,0.49,0.0,38.49,Moderate drought
Jawzjan,2018,10,2.24,50.76,1.52,100.0,74.75,Healthy
Jawzjan,2018,11,1.29,47.57,21.21,73.93,68.89,Healthy
Jawzjan,2018,12,0.48,17.74,27.29,8.18,43.15,Normal
Jawzjan,2019,1,1.62,21.95,10.32,33.57,58.37,Normal
Jawzjan,2019,2,1.73,63.17,27.28,99.05,79.52,Healthy
Jawzjan,2019,3,2.16,39.66,31.81,47.51,69.06,Healthy
Jawzjan,2019,4,1.9,89.0,77.99,100.0,93.05,Healthy
Jawzjan,2019,5,1.48,100.0,100.0,100.0,96.52,Healthy
Jawzjan,2019,6,1.56,100.0,100.0,100.0,97.03,Healthy
Jawzjan,2019,7,-0.53,50.0,100.0,0.0,39.87,Moderate drought
Jawzjan,2019,8,1.37,81.61,100.0,63.21,86.57,Healthy
Jawzjan,2019,9,0.28,70.01,100.0,40.03,65.44,Healthy
Jawzjan,2019,10,0.96,50.0,100.0,0.0,66.64,Healthy
Jawzjan,2019,11,0.23,60.34,56.84,63.84,59.81,Normal
Jawzjan,2019,12,-0.18,28.28,56.57,0.0,35.6,Moderate drought
Jawzjan,2020,1,-0.17,36.52,29.54,43.5,39.83,Moderate drought
Jawzjan,2020,2,-0.24,45.38,46.55,44.21,42.91,Normal
Jawzjan,2020,3,-0.39,54.25,58.81,49.69,44.6,Normal
Jawzjan,2020,4,0.19,77.02,82.97,71.07,67.27,Healthy
Jawzjan,2020,5,0.74,81.07,85.1,77.05,79.0,Healthy
Jawzjan,2020,6,1.41,47.54,66.77,28.31,69.81,Healthy
Jawzjan,2020,7,1.14,44.42,75.33,13.51,65.85,Healthy
Jawzjan,2020,8,1.13,43.46,80.4,6.51,65.23,Healthy
Jawzjan,2020,9,1.83,62.13,83.19,41.06,79.37,Healthy
Jawzjan,2020,10,0.35,78.08,87.84,68.32,70.93,Healthy
Jawzjan,2020,11,-0.27,70.64,41.27,100.0,55.04,Normal
Jawzjan,2020,12,0.1,50.0,0.0,100.0,51.94,Normal
Jawzjan,2021,1,-1.15,34.02,17.15,50.89,23.26,Severe drought
Jawzjan,2021,2,-1.82,13.72,27.45,0.0,8.59,Severe drought
Jawzjan,2021,3,-1.36,47.8,34.24,61.36,28.23,Moderate drought
Jawzjan,2021,4,-1.02,19.56,39.13,0.0,17.48,Severe drought
Jawzjan,2021,5,-0.26,20.69,38.4,2.97,30.19,Moderate drought
Jawzjan,2021,6,-1.23,32.37,35.88,28.86,21.66,Severe drought
Jawzjan,2021,7,-0.31,46.15,34.23,58.07,41.91,Normal
Jawzjan,2021,8,-0.39,17.51,35.02,0.0,26.15,Moderate drought
Jawzjan,2021,9,0.28,31.39,29.32,33.47,46.13,Normal
Jawzjan,2021,10,-1.14,60.39,28.24,92.53,36.56,Moderate drought
Jawzjan,2021,11,-1.11,31.54,29.87,33.21,22.47,Severe drought
Jawzjan,2021,12,-1.63,23.77,33.74,13.79,14.46,Severe drought
Jawzjan,2022,1,-1.04,32.16,33.67,30.64,23.5,Severe drought
Jawzjan,2022,2,-1.45,54.97,49.37,60.56,31.18,Moderate drought
Jawzjan,2022,3,-0.88,50.24,58.89,41.59,34.66,Moderate drought
Jawzjan,2022,4,-1.34,18.78,26.0,11.56,13.88,Severe drought
Jawzjan,2022,5,-0.67,53.31,14.54,92.08,39.27,Moderate drought
Jawzjan,2022,6,-1.07,23.7,11.68,35.71,18.93,Severe drought
Jawzjan,2022,7,-0.09,44.05,10.48,77.62,45.14,Normal
Jawzjan,2022,8,-0.15,36.13,9.68,62.57,40.12,Normal
Jawzjan,2022,9,2.02,18.95,14.28,23.62,58.4,Normal
Jawzjan,2022,10,0.53,39.59,3.96,75.22,54.91,Normal
Jawzjan,2022,11,0.62,54.2,51.05,57.34,63.78,Healthy
Jawzjan,2022,12,-0.41,38.21,53.14,23.28,36.08,Moderate drought
Jawzjan,2023,1,-1.33,50.29,0.57,100.0,29.71,Moderate drought
Jawzjan,2023,2,-1.07,61.73,45.07,78.38,37.95,Moderate drought
Jawzjan,2023,3,-1.58,23.96,47.92,0.0,14.86,Severe drought
Jawzjan,2023,4,-1.54,21.97,10.65,33.29,14.1,Severe drought
Jawzjan,2023,5,-2.47,50.17,6.45,93.88,25.43,Severe drought
Jawzjan,2023,6,-1.63,30.03,5.47,54.59,17.6,Severe drought
Jawzjan,2023,7,-0.45,52.93,5.86,100.0,42.76,Normal
Jawzjan,2023,8,-0.39,52.18,4.36,100.0,43.48,Normal
Jawzjan,2023,9,0.28,50.0,0.0,100.0,55.43,Normal
Jawzjan,2023,10,0.47,27.41,0.0,54.82,47.69,Normal
Jawzjan,2023,11,-0.31,14.23,0.0,28.45,26.01,Moderate drought
Jawzjan,2023,12,-1.14,19.36,27.03,11.7,16.0,Severe drought
Kabul,2015,1,-1.7,55.08,78.03,32.13,29.75,Moderate drought
Kabul,2015,2,-0.0,57.46,52.54,62.39,53.72,Normal
Kabul,2015,3,1.01,81.0,63.19,98.82,82.65,Healthy
Kabul,2015,4,1.0,29.42,9.39,49.45,56.75,Normal
Kabul,2015,5,0.9,56.17,42.23,70.12,68.82,Healthy
Kabul,2015,6,0.18,51.72,39.72,63.73,54.4,Normal
Kabul,2015,7,0.91,50.17,53.13,47.22,66.03,Healthy
Kabul,2015,8,0.16,39.91,52.35,27.47,48.04,Normal
Kabul,2015,9,0.58,53.32,37.86,68.78,62.61,Healthy
Kabul,2015,10,0.93,74.97,80.23,69.7,78.73,Healthy
Kabul,2015,11,1.49,85.91,71.81,100.0,89.53,Healthy
Kabul,2015,12,0.91,83.09,100.0,66.19,82.44,Healthy
Kabul,2016,1,0.35,63.55,100.0,27.11,63.65,Healthy
Kabul,2016,2,-1.95,59.56,95.08,24.05,31.05,Moderate drought
Kabul,2016,3,-0.17,97.04,99.89,94.2,70.08,Healthy
Kabul,2016,4,0.12,81.56,83.35,79.76,68.12,Healthy
Kabul,2016,5,1.4,42.25,75.54,8.95,67.09,Healthy
Kabul,2016,6,1.12,49.48,42.26,56.71,68.17,Healthy
Kabul,2016,7,1.44,35.03,46.88,23.17,63.76,Healthy
Kabul,2016,8,0.97,41.68,44.76,38.59,62.58,Healthy
Kabul,2016,9,0.36,18.62,37.24,0.0,41.29,Normal
Kabul,2016,10,-0.69,30.39,26.91,33.86,27.52,Moderate drought
Kabul,2016,11,-0.35,24.96,43.55,6.37,30.59,Moderate drought
Kabul,2016,12,-0.95,31.48,62.97,0.0,24.35,Severe drought
Kabul,2017,1,0.48,55.11,42.66,67.56,61.73,Healthy
Kabul,2017,2,1.95,45.31,3.7,86.92,71.36,Healthy
Kabul,2017,3,1.49,57.06,52.56,61.55,75.11,Healthy
Kabul,2017,4,0.51,15.93,1.52,30.34,42.77,Normal
Kabul,2017,5,-1.56,17.63,35.26,0.0,11.79,Severe drought
Kabul,2017,6,-1.38,16.38,32.75,0.0,12.38,Severe drought
Kabul,2017,7,0.8,35.95,42.1,29.79,57.31,Normal
Kabul,2017,8,1.91,33.15,37.23,29.07,65.17,Healthy
Kabul,2017,9,2.2,32.75,22.41,43.09,65.68,Healthy
Kabul,2017,10,-1.23,11.99,23.97,0.0,11.46,Severe drought
Kabul,2017,11,0.22,24.13,29.88,18.39,41.48,Normal
Kabul,2017,12,0.72,36.89,0.0,73.79,56.64,Normal
Kabul,2018,1,-0.25,43.18,86.36,0.0,41.74,Normal
Kabul,2018,2,0.08,56.13,67.09,45.17,54.75,Normal
Kabul,2018,3,0.18,50.25,74.54,25.96,53.71,Normal
Kabul,2018,4,0.65,33.31,0.0,66.62,53.77,Normal
Kabul,2018,5,0.68,42.82,13.37,72.27,59.04,Normal
Kabul,2018,6,0.85,20.19,6.57,33.81,50.19,Normal
Kabul,2018,7,1.42,5.86,0.0,11.71,49.07,Normal
Kabul,2018,8,1.55,0.0,0.0,0.0,46.99,Normal
Kabul,2018,9,0.86,29.99,0.0,59.98,55.23,Normal
Kabul,2018,10,2.57,46.21,0.0,92.42,72.85,Healthy
Kabul,2018,11,1.28,29.53,26.59,32.47,59.72,Normal
Kabul,2018,12,1.36,38.48,21.42,55.53,64.91,Healthy
Kabul,2019,1,1.02,56.47,36.81,76.12,70.57,Healthy
Kabul,2019,2,1.57,50.0,0.0,100.0,72.06,Healthy
Kabul,2019,3,1.68,50.0,0.0,100.0,72.66,Healthy
Kabul,2019,4,1.47,57.35,14.7,100.0,75.14,Healthy
Kabul,2019,5,0.7,74.17,70.73,77.61,75.05,Healthy
Kabul,2019,6,0.47,90.22,87.85,92.59,79.08,Healthy
Kabul,2019,7,-0.29,41.07,82.13,0.0,39.88,Moderate drought
Kabul,2019,8,0.86,59.63,82.47,36.78,70.12,Healthy
Kabul,2019,9,0.54,56.29,78.19,34.39,63.33,Healthy
Kabul,2019,10,1.15,100.0,100.0,100.0,93.75,Healthy
Kabul,2019,11,1.34,94.19,100.0,88.39,92.56,Healthy
Kabul,2019,12,0.54,74.9,79.2,70.6,72.8,Healthy
Kabul,2020,1,0.99,50.0,0.0,100.0,66.95,Healthy
Kabul,2020,2,0.08,55.76,55.53,55.99,54.4,Normal
Kabul,2020,3,1.24,91.74,88.94,94.53,90.5,Healthy
Kabul,2020,4,1.58,97.01,100.0,94.02,95.64,Healthy
Kabul,2020,5,2.04,87.37,100.0,74.74,92.66,Healthy
Kabul,2020,6,2.24,100.0,100.0,100.0,99.38,Healthy
Kabul,2020,7,0.82,76.63,100.0,53.26,78.03,Healthy
Kabul,2020,8,0.1,74.49,100.0,48.99,64.27,Healthy
Kabul,2020,9,0.02,84.06,100.0,68.11,67.41,Healthy
Kabul,2020,10,-0.37,61.37,68.79,53.96,48.45,Normal
Kabul,2020,11,1.19,46.76,0.0,93.52,67.56,Healthy
Kabul,2020,12,0.67,72.48,44.96,100.0,73.73,Healthy
Kabul,2021,1,-0.44,55.84,91.9,19.77,44.38,Normal
Kabul,2021,2,-2.4,50.0,100.0,0.0,25.41,Severe drought
Kabul,2021,3,-1.16,80.46,100.0,60.93,46.42,Normal
Kabul,2021,4,-0.68,45.41,44.57,46.26,35.1,Moderate drought
Kabul,2021,5,0.25,48.91,43.38,54.43,54.39,Normal
Kabul,2021,6,-0.33,28.32,27.06,29.57,32.66,Moderate drought
Kabul,2021,7,0.73,39.6,39.65,39.56,58.12,Normal
Kabul,2021,8,1.02,34.43,43.65,25.22,59.56,Normal
Kabul,2021,9,1.32,40.1,33.78,46.42,65.35,Healthy
Kabul,2021,10,0.36,26.8,29.71,23.89,45.44,Normal
Kabul,2021,11,-0.85,19.18,38.37,0.0,19.4,Severe drought
Kabul,2021,12,-0.16,56.81,38.59,75.03,50.25,Normal
Kabul,2022,1,0.63,44.38,8.63,80.14,59.05,Normal
Kabul,2022,2,0.22,52.48,49.23,55.73,55.56,Normal
Kabul,2022,3,-0.37,46.91,93.81,0.0,41.18,Normal
Kabul,2022,4,-1.46,6.55,13.1,0.0,6.87,Severe drought
Kabul,2022,5,-1.21,8.08,0.0,16.15,9.72,Severe drought
Kabul,2022,6,-1.29,31.29,0.0,62.57,20.59,Severe drought
Kabul,2022,7,0.17,62.75,25.5,100.0,59.8,Normal
Kabul,2022,8,1.41,76.39,52.79,100.0,84.24,Healthy
Kabul,2022,9,1.48,87.18,74.35,100.0,90.09,Healthy
Kabul,2022,10,0.03,19.58,32.46,6.69,35.47,Moderate drought
Kabul,2022,11,0.14,56.6,73.01,40.2,56.04,Normal
Kabul,2022,12,-0.49,64.44,58.25,70.63,47.79,Normal
Kabul,2023,1,-0.16,65.47,48.83,82.12,54.64,Normal
Kabul,2023,2,-0.81,63.2,66.0,60.4,42.02,Normal
Kabul,2023,3,-1.14,80.34,97.96,62.73,46.52,Normal
Kabul,2023,4,-1.92,73.62,74.64,72.6,38.17,Moderate drought
Kabul,2023,5,-1.65,74.59,49.19,100.0,39.78,Moderate drought
Kabul,2023,6,-1.91,53.92,24.69,83.15,28.35,Moderate drought
Kabul,2023,7,-0.25,67.76,36.22,99.3,53.94,Normal
Kabul,2023,8,-0.55,37.33,40.67,34.0,33.24,Moderate drought
Kabul,2023,9,-0.53,62.36,29.14,95.59,46.0,Normal
Kabul,2023,10,-0.41,84.83,82.46,87.21,59.48,Normal
Kabul,2023,11,-1.17,50.99,73.52,28.47,31.58,Moderate drought
Kabul,2023,12,-1.23,63.71,85.0,42.43,37.33,Moderate drought
Kandahar,2015,1,-1.02,17.01,22.73,11.28,16.21,Severe drought
Kandahar,2015,2,-0.55,28.41,1.44,55.38,28.8,Moderate drought
Kandahar,2015,3,-0.35,50.55,9.4,91.7,43.39,Normal
Kandahar,2015,4,-0.01,34.84,13.02,56.66,42.28,Normal
Kandahar,2015,5,-0.18,31.14,15.65,46.63,36.9,Moderate drought
Kandahar,2015,6,-0.22,57.2,14.39,100.0,49.21,Normal
Kandahar,2015,7,0.07,33.87,15.57,52.17,43.24,Normal
Kandahar,2015,8,-0.67,35.12,21.15,49.09,30.09,Moderate drought
Kandahar,2015,9,-0.62,34.01,13.92,54.11,30.35,Moderate drought
Kandahar,2015,10,1.83,23.48,28.73,18.24,60.05,Healthy
Kandahar,2015,11,0.8,53.22,34.04,72.39,65.97,Healthy
Kandahar,2015,12,-0.16,61.2,28.23,94.18,52.44,Normal
Kandahar,2016,1,-1.05,48.72,91.94,5.5,31.7,Moderate drought
Kandahar,2016,2,-1.99,27.16,22.81,31.51,14.75,Severe drought
Kandahar,2016,3,-0.03,64.18,29.69,98.66,56.47,Normal
Kandahar,2016,4,0.43,50.21,43.67,56.74,58.42,Normal
Kandahar,2016,5,1.47,16.22,32.45,0.0,54.58,Normal
Kandahar,2016,6,0.12,54.69,32.19,77.19,54.77,Normal
Kandahar,2016,7,0.51,26.44,26.4,26.48,47.91,Normal
Kandahar,2016,8,-0.98,38.76,38.36,39.16,27.53,Moderate drought
Kandahar,2016,9,-0.96,19.97,39.94,0.0,18.42,Severe drought
Kandahar,2016,10,-0.4,48.54,34.38,62.71,41.52,Normal
Kandahar,2016,11,-0.9,25.21,24.11,26.32,21.78,Severe drought
Kandahar,2016,12,-1.13,12.52,25.03,0.0,12.77,Severe drought
Kandahar,2017,1,1.2,62.0,68.08,55.92,75.22,Healthy
Kandahar,2017,2,1.27,60.51,41.69,79.33,75.17,Healthy
Kandahar,2017,3,1.05,61.84,42.39,81.29,73.55,Healthy
Kandahar,2017,4,-0.23,35.95,49.56,22.33,38.4,Moderate drought
Kandahar,2017,5,-0.77,36.25,57.47,15.02,29.1,Moderate drought
Kandahar,2017,6,-0.88,37.88,63.6,12.17,28.35,Moderate drought
Kandahar,2017,7,-0.09,44.7,56.68,32.72,45.6,Normal
Kandahar,2017,8,-0.48,43.3,57.34,29.26,37.47,Moderate drought
Kandahar,2017,9,-0.43,37.27,51.75,22.79,35.34,Moderate drought
Kandahar,2017,10,-1.54,25.79,51.58,0.0,15.96,Severe drought
Kandahar,2017,11,1.18,20.63,41.27,0.0,54.41,Normal
Kandahar,2017,12,0.55,42.64,17.38,67.91,56.75,Normal
Kandahar,2018,1,-0.77,7.57,15.14,0.0,14.88,Severe drought
Kandahar,2018,2,-1.09,20.01,0.0,40.02,16.87,Severe drought
Kandahar,2018,3,-1.01,10.89,0.0,21.78,13.31,Severe drought
Kandahar,2018,4,-0.17,47.59,0.0,95.19,45.44,Normal
Kandahar,2018,5,-0.02,50.0,0.0,100.0,49.53,Normal
Kandahar,2018,6,0.29,21.72,0.0,43.45,41.52,Normal
Kandahar,2018,7,0.34,14.39,0.0,28.78,38.82,Moderate drought
Kandahar,2018,8,-0.53,35.8,0.0,71.6,32.78,Moderate drought
Kandahar,2018,9,-0.48,22.29,0.0,44.58,26.9,Moderate drought
Kandahar,2018,10,-0.09,41.4,0.0,82.8,43.93,Normal
Kandahar,2018,11,0.09,12.88,0.0,25.76,33.21,Moderate drought
Kandahar,2018,12,-0.57,21.01,0.0,42.01,24.74,Severe drought
Kandahar,2019,1,-0.23,8.1,0.0,16.2,24.55,Severe drought
Kandahar,2019,2,0.72,56.97,13.95,100.0,66.75,Healthy
Kandahar,2019,3,2.15,55.31,14.25,96.37,76.86,Healthy
Kandahar,2019,4,2.68,76.76,53.51,100.0,88.2,Healthy
Kandahar,2019,5,2.95,69.89,69.03,70.75,84.87,Healthy
Kandahar,2019,6,3.12,63.54,74.88,52.19,81.72,Healthy
Kandahar,2019,7,0.93,39.16,52.72,25.6,60.77,Healthy
Kandahar,2019,8,-0.17,47.58,65.06,30.1,45.36,Normal
Kandahar,2019,9,-0.47,36.91,61.67,12.15,34.45,Moderate drought
Kandahar,2019,10,1.17,52.8,67.68,37.91,70.3,Healthy
Kandahar,2019,11,2.33,88.26,76.52,100.0,93.64,Healthy
Kandahar,2019,12,1.6,82.32,83.89,80.75,88.41,Healthy
Kandahar,2020,1,2.24,96.13,100.0,92.26,97.44,Healthy
Kandahar,2020,2,1.39,79.74,100.0,59.48,85.74,Healthy
Kandahar,2020,3,1.38,100.0,100.0,100.0,95.78,Healthy
Kandahar,2020,4,0.18,97.7,100.0,95.4,77.5,Healthy
Kandahar,2020,5,0.63,74.43,100.0,48.85,74.03,Healthy
Kandahar,2020,6,0.98,50.0,100.0,0.0,66.79,Healthy
Kandahar,2020,7,1.39,50.0,100.0,0.0,70.91,Healthy
Kandahar,2020,8,1.12,50.0,100.0,0.0,68.46,Healthy
Kandahar,2020,9,1.07,71.41,100.0,42.82,78.56,Healthy
Kandahar,2020,10,1.21,100.0,100.0,100.0,94.39,Healthy
Kandahar,2020,11,0.83,92.0,100.0,83.99,85.81,Healthy
Kandahar,2020,12,0.75,98.62,100.0,97.24,87.94,Healthy
Kandahar,2021,1,-0.79,47.33,82.94,11.73,34.37,Moderate drought
Kandahar,2021,2,-1.84,14.85,29.71,0.0,9.05,Severe drought
Kandahar,2021,3,-2.23,22.19,8.52,35.86,11.75,Severe drought
Kandahar,2021,4,-1.51,24.44,12.24,36.63,15.52,Severe drought
Kandahar,2021,5,-0.74,37.87,16.09,59.66,30.45,Moderate drought
Kandahar,2021,6,-0.79,20.51,23.94,17.08,20.97,Severe drought
Kandahar,2021,7,1.19,37.89,23.17,52.6,63.1,Healthy
Kandahar,2021,8,0.84,32.76,35.59,29.93,56.32,Normal
Kandahar,2021,9,0.88,27.82,26.47,29.18,54.47,Normal
Kandahar,2021,10,-1.16,53.62,23.07,84.16,33.01,Moderate drought
Kandahar,2021,11,-1.43,19.24,8.4,30.09,13.45,Severe drought
Kandahar,2021,12,-0.81,33.76,7.67,59.84,27.33,Moderate drought
Kandahar,2022,1,0.76,56.75,46.53,66.96,67.22,Healthy
Kandahar,2022,2,0.04,37.26,37.17,37.34,44.34,Normal
Kandahar,2022,3,-0.07,13.67,27.34,0.0,30.41,Moderate drought
Kandahar,2022,4,-1.29,7.48,14.96,0.0,8.67,Severe drought
Kandahar,2022,5,-0.73,36.27,13.47,59.07,29.72,Moderate drought
Kandahar,2022,6,-1.53,58.55,18.36,98.75,32.4,Moderate drought
Kandahar,2022,7,1.06,52.36,17.99,86.72,68.96,Healthy
Kandahar,2022,8,2.76,67.8,35.59,100.0,83.76,Healthy
Kandahar,2022,9,2.91,47.56,44.67,50.45,73.69,Healthy
Kandahar,2022,10,1.01,54.25,37.45,71.04,69.32,Healthy
Kandahar,2022,11,-0.12,43.86,40.71,47.0,44.57,Normal
Kandahar,2022,12,-0.79,71.12,42.23,100.0,46.23,Normal
Kandahar,2023,1,-0.52,81.55,63.11,100.0,55.88,Normal
Kandahar,2023,2,-1.06,24.21,12.54,35.87,19.36,Severe drought
Kandahar,2023,3,-0.36,46.27,20.28,72.26,41.14,Normal
Kandahar,2023,4,-0.34,61.3,25.7,96.9,48.91,Normal
Kandahar,2023,5,0.26,60.03,33.27,86.8,60.13,Healthy
Kandahar,2023,6,-0.71,61.94,35.13,88.76,42.97,Normal
Kandahar,2023,7,0.44,60.38,20.76,100.0,63.67,Healthy
Kandahar,2023,8,0.17,60.09,36.47,83.71,58.34,Normal
Kandahar,2023,9,0.19,63.38,26.75,100.0,60.54,Healthy
Kandahar,2023,10,0.79,56.18,34.83,77.54,67.4,Healthy
Kandahar,2023,11,0.88,33.72,29.72,37.73,57.45,Normal
Kandahar,2023,12,0.18,54.53,31.99,77.07,55.81,Normal
Kapisa,2015,1,-2.06,49.91,64.84,34.98,25.95,Severe drought
Kapisa,2015,2,0.12,59.3,47.3,71.29,56.95,Normal
Kapisa,2015,3,1.05,63.08,26.17,100.0,74.23,Healthy
Kapisa,2015,4,1.15,28.68,0.0,57.36,58.04,Normal
Kapisa,2015,5,0.95,63.18,54.72,71.63,73.0,Healthy
Kapisa,2015,6,0.33,52.09,45.96,58.22,57.55,Normal
Kapisa,2015,7,0.86,66.45,74.9,57.99,73.46,Healthy
Kapisa,2015,8,0.27,46.0,67.49,24.52,53.37,Normal
Kapisa,2015,9,0.83,54.35,48.3,60.4,67.07,Healthy
Kapisa,2015,10,0.66,73.82,100.0,47.63,74.17,Healthy
Kapisa,2015,11,1.49,95.9,91.9,99.9,94.52,Healthy
Kapisa,2015,12,1.06,74.63,99.19,50.08,80.08,Healthy
Kapisa,2016,1,0.53,58.16,100.0,16.31,64.13,Healthy
Kapisa,2016,2,-1.95,67.58,100.0,35.17,35.06,Moderate drought
Kapisa,2016,3,-0.4,87.47,92.54,82.4,60.92,Healthy
Kapisa,2016,4,0.05,75.85,74.96,76.74,63.89,Healthy
Kapisa,2016,5,1.41,41.9,71.37,12.44,66.96,Healthy
Kapisa,2016,6,1.18,43.14,38.09,48.19,65.59,Healthy
Kapisa,2016,7,1.25,34.14,58.97,9.32,61.8,Healthy
Kapisa,2016,8,0.87,29.66,37.31,22.0,55.26,Normal
Kapisa,2016,9,-0.07,9.97,19.95,0.0,28.59,Moderate drought
Kapisa,2016,10,-0.69,20.55,26.48,14.61,22.46,Severe drought
Kapisa,2016,11,-0.49,41.15,82.31,0.0,36.25,Moderate drought
Kapisa,2016,12,-0.83,43.9,87.81,0.0,32.14,Moderate drought
Kapisa,2017,1,0.57,48.23,33.69,62.77,59.93,Normal
Kapisa,2017,2,2.08,45.88,6.35,85.41,72.0,Healthy
Kapisa,2017,3,1.58,47.55,40.74,54.36,70.93,Healthy
Kapisa,2017,4,0.63,17.3,13.43,21.17,45.42,Normal
Kapisa,2017,5,-1.61,23.27,46.54,0.0,14.32,Severe drought
Kapisa,2017,6,-1.23,16.84,33.69,0.0,13.86,Severe drought
Kapisa,2017,7,0.57,32.34,50.52,14.17,51.95,Normal
Kapisa,2017,8,1.91,29.86,39.81,19.92,63.52,Healthy
Kapisa,2017,9,2.24,26.1,16.7,35.49,62.43,Healthy
Kapisa,2017,10,-0.75,11.12,22.25,0.0,16.87,Severe drought
Kapisa,2017,11,0.04,36.89,66.72,7.05,44.19,Normal
Kapisa,2017,12,0.6,35.24,0.0,70.48,53.95,Normal
Kapisa,2018,1,-0.35,33.29,66.58,0.0,34.85,Moderate drought
Kapisa,2018,2,0.13,56.2,62.45,49.95,55.76,Normal
Kapisa,2018,3,0.14,46.54,76.75,16.34,50.97,Normal
Kapisa,2018,4,0.73,56.37,35.17,77.56,66.6,Healthy
Kapisa,2018,5,0.86,57.86,39.72,76.01,69.17,Healthy
Kapisa,2018,6,1.13,35.69,29.12,42.26,61.4,Healthy
Kapisa,2018,7,1.5,0.32,0.0,0.63,46.84,Normal
Kapisa,2018,8,1.13,0.0,0.0,0.0,43.55,Normal
Kapisa,2018,9,0.93,27.7,0.0,55.41,55.03,Normal
Kapisa,2018,10,2.68,50.0,0.0,100.0,74.82,Healthy
Kapisa,2018,11,1.3,39.75,57.47,22.02,65.05,Healthy
Kapisa,2018,12,1.33,51.88,61.85,41.91,71.33,Healthy
Kapisa,2019,1,0.71,56.61,31.33,81.89,66.43,Healthy
Kapisa,2019,2,1.39,50.0,0.0,100.0,70.86,Healthy
Kapisa,2019,3,1.46,42.38,0.0,84.77,67.6,Healthy
Kapisa,2019,4,1.44,65.77,31.55,100.0,79.11,Healthy
Kapisa,2019,5,0.7,73.81,67.48,80.14,74.84,Healthy
Kapisa,2019,6,0.64,74.67,63.12,86.22,74.24,Healthy
Kapisa,2019,7,-0.36,32.46,64.92,0.0,34.29,Moderate drought
Kapisa,2019,8,0.75,51.28,76.2,26.37,64.34,Healthy
Kapisa,2019,9,-0.08,50.72,65.37,36.07,48.84,Normal
Kapisa,2019,10,1.44,79.29,93.86,64.73,85.87,Healthy
Kapisa,2019,11,1.57,86.92,88.03,85.8,90.53,Healthy
Kapisa,2019,12,0.87,72.48,86.89,58.07,76.69,Healthy
Kapisa,2020,1,0.92,50.0,0.0,100.0,66.11,Healthy
Kapisa,2020,2,-0.21,53.41,53.84,52.98,47.58,Normal
Kapisa,2020,3,0.62,81.29,81.78,80.81,77.21,Healthy
Kapisa,2020,4,1.18,99.3,100.0,98.6,93.65,Healthy
Kapisa,2020,5,1.84,85.83,100.0,71.66,91.27,Healthy
Kapisa,2020,6,2.25,100.0,100.0,100.0,99.38,Healthy
Kapisa,2020,7,1.19,62.07,100.0,24.14,75.19,Healthy
Kapisa,2020,8,0.15,72.48,100.0,44.96,64.28,Healthy
Kapisa,2020,9,-0.17,85.11,100.0,70.22,64.26,Healthy
Kapisa,2020,10,-0.95,62.56,77.58,47.53,39.81,Moderate drought
Kapisa,2020,11,1.24,50.0,0.0,100.0,69.6,Healthy
Kapisa,2020,12,0.83,50.7,1.4,100.0,65.16,Healthy
Kapisa,2021,1,-0.13,41.02,69.14,12.91,42.9,Normal
Kapisa,2021,2,-2.33,47.98,95.97,0.0,24.48,Severe drought
Kapisa,2021,3,-1.16,79.23,100.0,58.45,45.75,Normal
Kapisa,2021,4,-0.79,53.43,48.44,58.41,37.47,Moderate drought
Kapisa,2021,5,0.19,55.83,56.36,55.29,56.77,Normal
Kapisa,2021,6,-0.44,34.34,42.88,25.8,33.6,Moderate drought
Kapisa,2021,7,0.36,41.1,61.78,20.43,52.66,Normal
Kapisa,2021,8,0.4,37.27,57.14,17.4,51.35,Normal
Kapisa,2021,9,0.66,48.75,41.08,56.43,61.63,Healthy
Kapisa,2021,10,0.34,33.11,43.06,23.16,48.12,Normal
Kapisa,2021,11,-0.66,39.51,75.54,3.47,32.44,Moderate drought
Kapisa,2021,12,-0.0,61.5,58.15,64.84,55.75,Normal
Kapisa,2022,1,0.75,52.79,33.81,71.76,65.03,Healthy
Kapisa,2022,2,0.04,52.55,57.94,47.15,52.03,Normal
Kapisa,2022,3,-0.45,48.25,96.51,0.0,40.49,Normal
Kapisa,2022,4,-1.45,23.18,46.36,0.0,15.28,Severe drought
Kapisa,2022,5,-0.89,10.8,0.0,21.6,14.78,Severe drought
Kapisa,2022,6,-0.9,23.68,0.0,47.35,21.06,Severe drought
Kapisa,2022,7,0.44,75.08,50.15,100.0,71.01,Healthy
Kapisa,2022,8,1.72,77.85,55.69,100.0,86.81,Healthy
Kapisa,2022,9,1.58,82.23,64.45,100.0,88.28,Healthy
Kapisa,2022,10,-0.07,20.71,36.58,4.84,33.93,Moderate drought
Kapisa,2022,11,-0.03,73.42,92.33,54.5,61.09,Healthy
Kapisa,2022,12,-0.59,70.3,79.91,60.69,49.01,Normal
Kapisa,2023,1,-0.29,76.29,67.66,84.92,57.44,Normal
Kapisa,2023,2,-0.27,66.37,71.37,61.38,52.93,Normal
Kapisa,2023,3,-0.76,72.71,88.64,56.78,47.5,Normal
Kapisa,2023,4,-1.48,69.64,64.07,75.21,38.3,Moderate drought
Kapisa,2023,5,-1.79,73.61,47.23,100.0,38.65,Moderate drought
Kapisa,2023,6,-1.65,52.67,13.24,92.11,28.82,Moderate drought
Kapisa,2023,7,-0.3,64.47,35.54,93.41,51.42,Normal
Kapisa,2023,8,-0.64,28.27,23.12,33.42,27.13,Moderate drought
Kapisa,2023,9,-0.76,48.7,0.43,96.97,35.48,Moderate drought
Kapisa,2023,10,-0.5,78.18,66.88,89.49,54.58,Normal
Kapisa,2023,11,-1.15,65.21,100.0,30.42,38.89,Moderate drought
Kapisa,2023,12,-1.19,66.85,100.0,33.69,39.27,Moderate drought
Khost,2015,1,-1.29,44.01,61.67,26.35,26.97,Moderate drought
Khost,2015,2,0.49,65.64,63.21,68.07,67.25,Healthy
Khost,2015,3,0.82,84.9,71.03,98.78,82.21,Healthy
Khost,2015,4,0.67,33.45,27.87,39.03,54.21,Normal
Khost,2015,5,0.5,44.08,63.21,24.94,56.53,Normal
Khost,2015,6,0.21,49.75,31.1,68.41,54.01,Normal
Khost,2015,7,0.57,25.84,40.59,11.08,48.73,Normal
Khost,2015,8,0.58,30.84,35.51,26.18,51.41,Normal
Khost,2015,9,0.73,36.5,30.79,42.2,56.56,Normal
Khost,2015,10,0.91,66.04,70.38,61.7,73.91,Healthy
Khost,2015,11,0.95,71.78,74.68,68.89,77.29,Healthy
Khost,2015,12,0.48,76.42,90.54,62.29,72.39,Healthy
Khost,2016,1,0.34,61.04,99.76,22.31,62.16,Healthy
Khost,2016,2,-1.56,49.5,78.94,20.05,27.69,Moderate drought
Khost,2016,3,-0.31,80.52,70.23,90.82,59.26,Normal
Khost,2016,4,-0.09,49.73,37.55,61.91,48.11,Normal
Khost,2016,5,1.4,32.55,65.11,0.0,62.26,Healthy
Khost,2016,6,1.47,31.47,32.75,30.19,62.18,Healthy
Khost,2016,7,1.64,29.9,19.59,40.2,62.4,Healthy
Khost,2016,8,0.93,19.88,36.08,3.68,51.08,Normal
Khost,2016,9,1.06,7.33,14.66,0.0,46.41,Normal
Khost,2016,10,0.47,11.27,5.09,17.45,39.64,Moderate drought
Khost,2016,11,0.08,10.42,20.84,0.0,31.82,Moderate drought
Khost,2016,12,-0.47,12.34,24.67,0.0,22.1,Severe drought
Khost,2017,1,1.43,62.14,33.89,90.39,77.25,Healthy
Khost,2017,2,1.77,48.25,27.77,68.72,72.2,Healthy
Khost,2017,3,1.07,66.63,76.26,57.0,76.2,Healthy
Khost,2017,4,-0.23,4.45,8.28,0.62,22.66,Severe drought
Khost,2017,5,-1.22,18.03,32.35,3.71,14.58,Severe drought
Khost,2017,6,-1.03,17.79,16.04,19.54,16.44,Severe drought
Khost,2017,7,1.61,27.44,13.06,41.81,61.02,Healthy
Khost,2017,8,1.55,27.14,18.73,35.55,60.53,Healthy
Khost,2017,9,1.6,6.98,1.58,12.37,50.74,Normal
Khost,2017,10,0.34,0.0,0.0,0.0,31.61,Moderate drought
Khost,2017,11,0.42,20.09,0.0,40.18,43.12,Normal
Khost,2017,12,1.49,39.67,0.0,79.33,66.45,Healthy
Khost,2018,1,0.68,17.99,35.98,0.0,46.55,Normal
Khost,2018,2,0.64,60.63,71.53,49.72,67.31,Healthy
Khost,2018,3,0.33,59.97,78.26,41.67,61.37,Healthy
Khost,2018,4,0.61,48.21,29.89,66.53,60.49,Healthy
Khost,2018,5,0.83,54.55,48.13,60.98,67.06,Healthy
Khost,2018,6,1.54,10.0,20.0,0.0,51.91,Normal
Khost,2018,7,1.6,17.49,0.0,34.98,56.0,Normal
Khost,2018,8,0.44,5.65,0.0,11.31,36.25,Moderate drought
Khost,2018,9,0.19,16.54,0.0,33.08,37.03,Moderate drought
Khost,2018,10,-0.07,49.57,6.14,93.01,48.37,Normal
Khost,2018,11,1.3,27.13,19.32,34.93,58.72,Normal
Khost,2018,12,0.9,38.47,9.71,67.23,60.04,Healthy
Khost,2019,1,0.73,51.65,27.83,75.47,64.13,Healthy
Khost,2019,2,1.34,50.0,0.0,100.0,70.5,Healthy
Khost,2019,3,1.32,42.88,0.0,85.76,66.8,Healthy
Khost,2019,4,1.19,77.65,55.29,100.0,83.01,Healthy
Khost,2019,5,0.76,83.12,95.93,70.32,80.45,Healthy
Khost,2019,6,0.8,42.65,44.06,41.25,60.72,Healthy
Khost,2019,7,0.53,12.01,11.5,12.51,41.16,Normal
Khost,2019,8,0.97,20.34,40.68,0.0,51.83,Normal
Khost,2019,9,0.72,39.49,27.32,51.65,57.98,Normal
Khost,2019,10,0.92,65.76,67.39,64.13,73.96,Healthy
Khost,2019,11,1.2,86.81,73.63,100.0,87.62,Healthy
Khost,2019,12,1.11,75.95,61.92,89.97,81.27,Healthy
Khost,2020,1,1.72,70.24,40.48,100.0,82.97,Healthy
Khost,2020,2,0.15,61.4,86.3,36.5,58.75,Normal
Khost,2020,3,1.68,93.72,87.44,100.0,94.55,Healthy
Khost,2020,4,1.61,99.03,100.0,98.06,96.83,Healthy
Khost,2020,5,2.08,77.77,100.0,55.54,87.96,Healthy
Khost,2020,6,1.44,84.15,80.7,87.6,88.32,Healthy
Khost,2020,7,-0.51,39.35,72.46,6.24,35.01,Moderate drought
Khost,2020,8,-1.25,63.75,63.0,64.49,37.16,Moderate drought
Khost,2020,9,-1.17,43.25,74.08,12.43,27.63,Moderate drought
Khost,2020,10,-1.01,41.18,52.74,29.63,28.46,Moderate drought
Khost,2020,11,1.38,79.85,76.66,83.03,85.73,Healthy
Khost,2020,12,1.29,89.6,79.21,100.0,89.84,Healthy
Khost,2021,1,0.44,55.89,100.0,11.78,61.4,Healthy
Khost,2021,2,-2.02,46.14,92.29,0.0,24.16,Severe drought
Khost,2021,3,-1.4,61.95,71.0,52.91,35.0,Moderate drought
Khost,2021,4,-0.52,49.65,34.64,64.67,39.97,Moderate drought
Khost,2021,5,0.31,68.27,63.52,73.01,65.3,Healthy
Khost,2021,6,0.33,6.73,9.31,4.15,34.81,Moderate drought
Khost,2021,7,1.37,17.19,34.38,0.0,54.35,Normal
Khost,2021,8,0.72,37.53,45.87,29.19,56.96,Normal
Khost,2021,9,0.85,57.32,36.04,78.59,68.8,Healthy
Khost,2021,10,-0.24,31.69,41.96,21.43,36.16,Moderate drought
Khost,2021,11,0.19,12.91,16.21,9.62,35.25,Moderate drought
Khost,2021,12,0.11,48.52,4.81,92.23,51.48,Normal
Khost,2022,1,1.13,38.7,0.0,77.4,62.87,Healthy
Khost,2022,2,-0.1,60.98,67.32,54.64,53.41,Normal
Khost,2022,3,-0.7,47.35,94.7,0.0,35.83,Moderate drought
Khost,2022,4,-2.23,0.0,0.0,0.0,0.65,Severe drought
Khost,2022,5,-1.84,3.57,0.0,7.13,3.43,Severe drought
Khost,2022,6,-1.49,11.93,0.0,23.85,9.4,Severe drought
Khost,2022,7,0.47,81.53,63.05,100.0,74.82,Healthy
Khost,2022,8,1.43,100.0,100.0,100.0,96.16,Healthy
Khost,2022,9,1.17,100.0,100.0,100.0,93.98,Healthy
Khost,2022,10,1.05,53.45,79.44,27.47,69.38,Healthy
Khost,2022,11,0.14,78.61,100.0,57.22,67.04,Healthy
Khost,2022,12,-0.11,92.24,98.64,85.84,68.99,Healthy
Khost,2023,1,-0.23,95.74,99.48,92.0,68.4,Healthy
Khost,2023,2,-1.24,77.07,100.0,54.14,43.87,Normal
Khost,2023,3,-0.16,95.78,100.0,91.55,69.75,Healthy
Khost,2023,4,-0.64,81.41,78.75,84.08,53.76,Normal
Khost,2023,5,0.09,98.87,97.75,100.0,76.16,Healthy
Khost,2023,6,-0.6,100.0,100.0,100.0,63.79,Healthy
Khost,2023,7,0.25,94.79,100.0,89.59,77.25,Healthy
Khost,2023,8,-1.14,49.42,57.47,41.38,31.07,Moderate drought
Khost,2023,9,-1.61,63.15,41.42,84.89,34.26,Moderate drought
Khost,2023,10,-1.95,100.0,100.0,100.0,51.27,Normal
Khost,2023,11,-1.12,72.3,87.84,56.76,42.67,Normal
Khost,2023,12,-0.45,80.49,100.0,60.97,56.63,Normal
Kunar,2015,1,-1.33,58.23,84.42,32.04,33.72,Moderate drought
Kunar,2015,2,0.01,49.41,23.2,75.62,50.0,Normal
Kunar,2015,3,1.31,65.33,30.66,100.0,77.89,Healthy
Kunar,2015,4,1.19,36.31,30.48,42.14,62.27,Healthy
Kunar,2015,5,0.85,70.89,80.94,60.84,75.62,Healthy
Kunar,2015,6,-0.58,62.88,51.48,74.28,45.56,Normal
Kunar,2015,7,1.02,41.79,46.48,37.09,63.22,Healthy
Kunar,2015,8,1.4,65.9,100.0,31.8,78.87,Healthy
Kunar,2015,9,1.54,54.47,54.46,54.49,74.16,Healthy
Kunar,2015,10,0.54,75.81,100.0,51.61,73.2,Healthy
Kunar,2015,11,1.05,87.75,83.73,91.77,86.51,Healthy
Kunar,2015,12,0.87,75.21,95.92,54.5,78.0,Healthy
Kunar,2016,1,0.21,55.23,100.0,10.47,56.84,Normal
Kunar,2016,2,-1.41,62.52,86.12,38.92,35.2,Moderate drought
Kunar,2016,3,0.36,87.59,95.47,79.7,75.75,Healthy
Kunar,2016,4,0.9,49.51,45.71,53.3,65.53,Healthy
Kunar,2016,5,1.79,53.91,100.0,7.81,75.13,Healthy
Kunar,2016,6,1.45,57.88,56.07,59.68,75.27,Healthy
Kunar,2016,7,0.77,45.28,41.89,48.66,61.56,Healthy
Kunar,2016,8,0.29,32.88,64.25,1.52,47.06,Normal
Kunar,2016,9,-0.04,13.62,27.25,0.0,31.06,Moderate drought
Kunar,2016,10,-0.43,21.16,17.5,24.82,27.29,Moderate drought
Kunar,2016,11,-0.81,23.71,47.42,0.0,22.34,Severe drought
Kunar,2016,12,-0.79,22.36,44.73,0.0,21.95,Severe drought
Kunar,2017,1,1.18,48.46,34.03,62.89,68.31,Healthy
Kunar,2017,2,1.96,53.08,35.21,70.95,75.29,Healthy
Kunar,2017,3,1.42,63.63,65.57,61.69,77.95,Healthy
Kunar,2017,4,-0.04,12.93,11.76,14.11,30.62,Moderate drought
Kunar,2017,5,-0.9,27.4,54.8,0.0,22.91,Severe drought
Kunar,2017,6,-0.46,21.52,37.74,5.3,26.9,Moderate drought
Kunar,2017,7,1.38,43.93,24.18,63.68,67.81,Healthy
Kunar,2017,8,1.06,19.69,16.29,23.08,52.57,Normal
Kunar,2017,9,1.24,14.78,3.18,26.37,52.05,Normal
Kunar,2017,10,0.27,0.0,0.0,0.0,30.36,Moderate drought
Kunar,2017,11,0.39,10.8,0.0,21.6,37.91,Moderate drought
Kunar,2017,12,0.54,37.22,0.0,74.44,53.87,Normal
Kunar,2018,1,-0.31,41.75,83.5,0.0,39.76,Moderate drought
Kunar,2018,2,-0.36,59.72,64.23,55.22,47.92,Normal
Kunar,2018,3,-0.42,58.77,100.0,17.54,46.16,Normal
Kunar,2018,4,0.42,41.98,22.23,61.73,54.16,Normal
Kunar,2018,5,1.05,58.98,50.41,67.54,72.14,Healthy
Kunar,2018,6,1.85,24.75,48.67,0.82,60.77,Healthy
Kunar,2018,7,2.18,24.21,15.15,33.26,61.36,Healthy
Kunar,2018,8,0.75,2.43,0.0,4.86,39.83,Moderate drought
Kunar,2018,9,0.82,8.76,0.0,17.52,44.08,Normal
Kunar,2018,10,2.33,66.66,33.31,100.0,82.84,Healthy
Kunar,2018,11,2.3,63.64,72.7,54.57,81.29,Healthy
Kunar,2018,12,1.64,51.56,53.35,49.77,73.23,Healthy
Kunar,2019,1,0.58,54.67,23.99,85.34,63.33,Healthy
Kunar,2019,2,0.84,50.0,0.0,100.0,65.0,Healthy
Kunar,2019,3,1.34,44.39,0.0,88.78,67.69,Healthy
Kunar,2019,4,1.23,71.69,43.39,100.0,80.36,Healthy
Kunar,2019,5,0.84,75.75,86.73,64.77,77.9,Healthy
Kunar,2019,6,0.51,54.75,42.11,67.39,62.08,Healthy
Kunar,2019,7,-0.57,14.84,0.0,29.68,21.63,Severe drought
Kunar,2019,8,0.16,47.61,74.38,20.84,51.94,Normal
Kunar,2019,9,-0.23,63.28,75.21,51.36,52.05,Normal
Kunar,2019,10,1.15,65.35,64.62,66.08,76.42,Healthy
Kunar,2019,11,2.03,100.0,100.0,100.0,98.95,Healthy
Kunar,2019,12,1.64,83.5,96.69,70.32,89.24,Healthy
Kunar,2020,1,1.44,52.05,4.09,100.0,72.29,Healthy
Kunar,2020,2,-0.07,61.17,80.69,41.65,54.16,Normal
Kunar,2020,3,0.89,90.32,92.42,88.22,85.88,Healthy
Kunar,2020,4,1.46,95.43,100.0,90.87,94.09,Healthy
Kunar,2020,5,1.94,78.23,94.84,61.63,87.82,Healthy
Kunar,2020,6,2.24,99.53,100.0,99.06,99.13,Healthy
Kunar,2020,7,1.14,36.64,73.29,0.0,61.93,Healthy
Kunar,2020,8,0.09,30.72,36.76,24.68,42.14,Normal
Kunar,2020,9,1.22,45.68,78.07,13.29,67.33,Healthy
Kunar,2020,10,0.31,38.26,46.97,29.55,50.17,Normal
Kunar,2020,11,1.33,39.02,2.54,75.51,64.89,Healthy
Kunar,2020,12,0.09,61.38,22.77,100.0,57.46,Normal
Kunar,2021,1,-0.58,50.39,87.41,13.37,39.17,Moderate drought
Kunar,2021,2,-2.23,50.0,100.0,0.0,25.64,Severe drought
Kunar,2021,3,-0.6,73.21,79.49,66.92,50.34,Normal
Kunar,2021,4,-0.12,26.68,0.0,53.36,35.87,Moderate drought
Kunar,2021,5,0.61,60.95,46.1,75.81,66.96,Healthy
Kunar,2021,6,-0.15,14.53,29.06,0.0,29.33,Moderate drought
Kunar,2021,7,0.23,52.14,71.07,33.22,55.69,Normal
Kunar,2021,8,0.01,24.48,48.96,0.0,37.37,Moderate drought
Kunar,2021,9,0.27,50.12,30.53,69.71,55.4,Normal
Kunar,2021,10,-0.0,39.44,50.47,28.41,44.66,Normal
Kunar,2021,11,-0.43,40.72,68.26,13.19,37.08,Moderate drought
Kunar,2021,12,-0.46,55.77,46.01,65.53,44.01,Normal
Kunar,2022,1,0.83,31.02,0.0,62.04,55.31,Normal
Kunar,2022,2,0.16,57.32,56.66,57.97,56.89,Normal
Kunar,2022,3,-0.17,42.27,84.55,0.0,42.7,Normal
Kunar,2022,4,-1.62,20.14,40.27,0.0,12.7,Severe drought
Kunar,2022,5,-0.98,8.02,0.0,16.05,12.15,Severe drought
Kunar,2022,6,-1.15,26.73,0.0,53.47,19.66,Severe drought
Kunar,2022,7,0.1,71.01,49.6,92.42,62.55,Healthy
Kunar,2022,8,2.36,86.33,72.67,100.0,92.71,Healthy
Kunar,2022,9,1.95,100.0,100.0,100.0,98.73,Healthy
Kunar,2022,10,1.68,14.69,16.59,12.8,55.01,Normal
Kunar,2022,11,-0.04,66.92,69.51,64.32,57.67,Normal
Kunar,2022,12,-0.08,66.08,75.72,56.43,56.42,Normal
Kunar,2023,1,0.5,65.96,46.85,85.06,67.57,Healthy
Kunar,2023,2,-0.17,64.3,68.88,59.71,53.69,Normal
Kunar,2023,3,-0.52,74.95,75.41,74.49,52.61,Normal
Kunar,2023,4,-1.23,67.74,60.25,75.23,39.34,Moderate drought
Kunar,2023,5,-0.95,86.99,73.97,100.0,52.1,Normal
Kunar,2023,6,-0.59,97.94,95.88,100.0,62.83,Healthy
Kunar,2023,7,0.54,100.0,100.0,100.0,85.35,Healthy
Kunar,2023,8,-0.44,43.72,58.01,29.44,38.32,Moderate drought
Kunar,2023,9,-0.58,46.47,17.46,75.49,37.34,Moderate drought
Kunar,2023,10,-1.23,63.28,65.64,60.92,37.15,Moderate drought
Kunar,2023,11,-1.31,59.89,87.13,32.65,34.74,Moderate drought
Kunar,2023,12,-1.28,64.61,100.0,29.21,37.31,Moderate drought
Kunduz,2015,1,-0.57,40.41,49.42,31.4,34.44,Moderate drought
Kunduz,2015,2,0.29,62.08,64.4,59.76,61.8,Healthy
Kunduz,2015,3,0.36,70.58,64.17,76.98,67.24,Healthy
Kunduz,2015,4,0.16,78.37,83.07,73.67,67.35,Healthy
Kunduz,2015,5,-0.1,94.02,88.05,100.0,70.02,Healthy
Kunduz,2015,6,-0.08,28.33,56.66,0.0,37.62,Moderate drought
Kunduz,2015,7,0.59,61.63,64.11,59.15,66.88,Healthy
Kunduz,2015,8,-0.28,64.12,85.53,42.7,51.63,Normal
Kunduz,2015,9,0.38,59.74,68.27,51.21,62.31,Healthy
Kunduz,2015,10,0.65,77.52,93.8,61.25,75.84,Healthy
Kunduz,2015,11,1.67,90.05,100.0,80.1,92.63,Healthy
Kunduz,2015,12,0.86,84.2,100.0,68.4,82.35,Healthy
Kunduz,2016,1,0.71,50.0,100.0,0.0,62.98,Healthy
Kunduz,2016,2,-1.46,63.34,98.08,28.6,35.25,Moderate drought
Kunduz,2016,3,-1.05,76.0,100.0,52.01,45.39,Normal
Kunduz,2016,4,-0.91,47.94,57.46,38.42,33.05,Moderate drought
Kunduz,2016,5,-0.21,29.28,48.97,9.59,35.39,Moderate drought
Kunduz,2016,6,-0.17,49.75,77.37,22.13,46.54,Normal
Kunduz,2016,7,-0.15,43.78,55.48,32.09,43.95,Normal
Kunduz,2016,8,0.57,25.28,44.14,6.42,48.43,Normal
Kunduz,2016,9,0.28,16.08,32.15,0.0,38.47,Moderate drought
Kunduz,2016,10,-0.78,38.69,13.64,63.74,30.24,Moderate drought
Kunduz,2016,11,0.64,48.7,0.0,97.39,61.26,Healthy
Kunduz,2016,12,0.53,28.19,27.65,28.74,49.22,Normal
Kunduz,2017,1,0.74,66.45,56.31,76.59,71.79,Healthy
Kunduz,2017,2,1.08,50.0,0.0,100.0,67.95,Healthy
Kunduz,2017,3,0.27,27.4,21.7,33.11,44.08,Normal
Kunduz,2017,4,-0.01,73.19,61.49,84.88,61.37,Healthy
Kunduz,2017,5,-1.04,45.32,90.64,0.0,30.07,Moderate drought
Kunduz,2017,6,-0.65,57.54,100.0,15.08,41.71,Normal
Kunduz,2017,7,-0.87,54.73,59.24,50.23,36.96,Moderate drought
Kunduz,2017,8,-0.28,45.9,84.31,7.48,42.52,Normal
Kunduz,2017,9,0.28,73.47,66.21,80.73,67.17,Healthy
Kunduz,2017,10,-0.34,30.76,41.96,19.55,33.69,Moderate drought
Kunduz,2017,11,-1.12,14.47,28.93,0.0,13.86,Severe drought
Kunduz,2017,12,-1.5,22.29,0.0,44.58,14.49,Severe drought
Kunduz,2018,1,-2.13,25.42,0.0,50.83,13.55,Severe drought
Kunduz,2018,2,-1.53,48.29,12.5,84.09,27.3,Moderate drought
Kunduz,2018,3,-0.5,3.29,6.58,0.0,17.09,Severe drought
Kunduz,2018,4,-0.08,25.56,0.0,51.13,36.21,Moderate drought
Kunduz,2018,5,0.42,58.98,39.67,78.3,62.59,Healthy
Kunduz,2018,6,0.23,27.3,0.0,54.6,43.19,Normal
Kunduz,2018,7,0.67,7.23,0.0,14.47,41.06,Normal
Kunduz,2018,8,-0.18,29.72,3.7,55.73,36.3,Moderate drought
Kunduz,2018,9,0.95,44.36,50.3,38.43,63.68,Healthy
Kunduz,2018,10,1.43,87.21,76.42,98.0,89.82,Healthy
Kunduz,2018,11,0.77,76.01,52.02,100.0,76.99,Healthy
Kunduz,2018,12,0.03,35.6,45.73,25.47,43.45,Normal
Kunduz,2019,1,1.15,53.16,71.75,34.56,70.34,Healthy
Kunduz,2019,2,1.23,68.11,64.91,71.3,78.6,Healthy
Kunduz,2019,3,0.93,51.02,74.06,27.99,66.74,Healthy
Kunduz,2019,4,1.08,90.76,81.53,100.0,88.36,Healthy
Kunduz,2019,5,0.8,65.6,74.63,56.56,72.24,Healthy
Kunduz,2019,6,1.95,92.1,84.2,100.0,94.78,Healthy
Kunduz,2019,7,0.56,36.09,72.19,0.0,53.58,Normal
Kunduz,2019,8,2.1,73.34,90.02,56.66,85.77,Healthy
Kunduz,2019,9,0.28,67.95,79.62,56.28,64.41,Healthy
Kunduz,2019,10,0.5,50.0,100.0,0.0,59.58,Normal
Kunduz,2019,11,0.64,57.79,50.75,64.82,65.8,Healthy
Kunduz,2019,12,-0.41,10.95,21.89,0.0,22.44,Severe drought
Kunduz,2020,1,-0.7,31.3,16.93,45.66,27.69,Moderate drought
Kunduz,2020,2,-1.65,27.83,28.24,27.42,16.39,Severe drought
Kunduz,2020,3,-0.69,20.73,0.0,41.46,22.67,Severe drought
Kunduz,2020,4,0.18,42.87,40.46,45.27,50.08,Normal
Kunduz,2020,5,1.1,90.81,100.0,81.63,88.67,Healthy
Kunduz,2020,6,1.65,59.73,74.53,44.93,77.37,Healthy
Kunduz,2020,7,1.6,66.32,100.0,32.63,80.41,Healthy
Kunduz,2020,8,0.78,52.05,100.0,4.1,65.1,Healthy
Kunduz,2020,9,1.99,88.75,100.0,77.5,93.21,Healthy
Kunduz,2020,10,-0.12,67.37,48.75,86.0,56.35,Normal
Kunduz,2020,11,0.57,72.4,54.17,90.63,72.0,Healthy
Kunduz,2020,12,0.53,61.95,23.89,100.0,66.0,Healthy
Kunduz,2021,1,-0.44,28.11,30.84,25.39,30.53,Moderate drought
Kunduz,2021,2,-1.79,21.7,43.4,0.0,12.68,Severe drought
Kunduz,2021,3,-0.13,84.9,69.79,100.0,64.88,Healthy
Kunduz,2021,4,0.39,69.31,100.0,38.62,67.29,Healthy
Kunduz,2021,5,0.94,57.6,85.58,29.63,70.18,Healthy
Kunduz,2021,6,-0.04,52.47,73.77,31.17,50.47,Normal
Kunduz,2021,7,-0.26,71.59,77.34,65.84,55.66,Normal
Kunduz,2021,8,-0.28,33.65,67.29,0.0,36.39,Moderate drought
Kunduz,2021,9,0.28,41.77,39.29,44.25,51.32,Normal
Kunduz,2021,10,-0.15,78.88,57.76,100.0,61.47,Healthy
Kunduz,2021,11,-0.85,58.75,53.35,64.15,39.25,Moderate drought
Kunduz,2021,12,-1.16,51.2,58.84,43.55,31.74,Moderate drought
Kunduz,2022,1,-0.37,71.36,99.62,43.1,53.49,Normal
Kunduz,2022,2,-0.9,71.13,100.0,42.26,44.81,Normal
Kunduz,2022,3,-1.16,65.42,81.05,49.8,38.81,Moderate drought
Kunduz,2022,4,-1.92,6.43,12.87,0.0,4.58,Severe drought
Kunduz,2022,5,-1.13,47.59,0.0,95.19,30.24,Moderate drought
Kunduz,2022,6,-0.88,23.12,39.64,6.61,21.05,Severe drought
Kunduz,2022,7,0.3,75.47,50.94,100.0,68.66,Healthy
Kunduz,2022,8,0.66,37.07,0.0,74.13,55.85,Normal
Kunduz,2022,9,1.63,23.79,0.0,47.58,59.32,Normal
Kunduz,2022,10,0.53,59.43,51.45,67.42,64.83,Healthy
Kunduz,2022,11,0.58,73.46,84.31,62.61,72.72,Healthy
Kunduz,2022,12,0.09,75.99,93.12,58.85,64.69,Healthy
Kunduz,2023,1,-0.61,73.68,47.36,100.0,50.35,Normal
Kunduz,2023,2,-0.78,55.83,78.38,33.28,38.73,Moderate drought
Kunduz,2023,3,-1.84,51.38,92.46,10.3,27.33,Moderate drought
Kunduz,2023,4,-2.01,38.06,24.94,51.18,20.13,Severe drought
Kunduz,2023,5,-2.66,54.37,18.56,90.19,27.38,Moderate drought
Kunduz,2023,6,-2.37,24.91,3.18,46.64,12.91,Severe drought
Kunduz,2023,7,-1.23,72.78,66.53,79.04,41.9,Normal
Kunduz,2023,8,-0.28,64.29,28.58,100.0,51.71,Normal
Kunduz,2023,9,0.28,51.84,3.69,100.0,56.35,Normal
Kunduz,2023,10,0.81,32.95,0.0,65.9,56.04,Normal
Kunduz,2023,11,-0.29,39.84,28.96,50.72,39.29,Moderate drought
Kunduz,2023,12,-1.01,25.74,25.77,25.7,20.72,Severe drought
Laghman,2015,1,-2.07,40.64,49.56,31.72,21.27,Severe drought
Laghman,2015,2,0.18,51.27,21.28,81.26,54.11,Normal
Laghman,2015,3,1.35,60.8,21.59,100.0,76.01,Healthy
Laghman,2015,4,1.24,28.76,7.24,50.27,59.0,Normal
Laghman,2015,5,0.98,54.65,46.61,62.69,69.15,Healthy
Laghman,2015,6,0.08,55.42,40.73,70.11,54.34,Normal
Laghman,2015,7,0.71,56.25,66.7,45.81,66.22,Healthy
Laghman,2015,8,0.74,71.11,95.31,46.91,74.13,Healthy
Laghman,2015,9,1.14,57.35,63.6,51.1,72.3,Healthy
Laghman,2015,10,0.51,79.22,100.0,58.44,74.44,Healthy
Laghman,2015,11,1.35,87.98,75.96,100.0,89.56,Healthy
Laghman,2015,12,0.9,77.12,100.0,54.24,79.4,Healthy
Laghman,2016,1,0.4,56.18,100.0,12.35,60.95,Healthy
Laghman,2016,2,-1.81,53.0,74.1,31.89,28.26,Moderate drought
Laghman,2016,3,0.18,75.36,66.51,84.21,66.21,Healthy
Laghman,2016,4,0.55,51.03,48.47,53.59,60.93,Healthy
Laghman,2016,5,1.61,31.19,62.37,0.0,62.91,Healthy
Laghman,2016,6,1.35,35.63,45.9,25.36,63.41,Healthy
Laghman,2016,7,1.55,26.81,46.63,6.99,60.41,Healthy
Laghman,2016,8,0.8,35.13,55.11,15.16,56.91,Normal
Laghman,2016,9,0.11,9.02,18.03,0.0,31.79,Moderate drought
Laghman,2016,10,-0.62,16.85,20.71,12.98,21.84,Severe drought
Laghman,2016,11,-0.77,14.67,29.34,0.0,18.44,Severe drought
Laghman,2016,12,-1.11,21.37,42.73,0.0,17.32,Severe drought
Laghman,2017,1,0.47,43.57,0.0,87.14,55.84,Normal
Laghman,2017,2,1.76,53.71,32.29,75.13,74.88,Healthy
Laghman,2017,3,1.15,56.24,39.1,73.38,71.84,Healthy
Laghman,2017,4,0.07,13.37,16.15,10.58,33.1,Moderate drought
Laghman,2017,5,-1.21,22.92,44.94,0.9,17.09,Severe drought
Laghman,2017,6,-0.9,23.03,40.01,6.06,20.7,Severe drought
Laghman,2017,7,1.24,30.17,19.81,40.53,59.75,Normal
Laghman,2017,8,1.91,35.28,35.78,34.79,66.24,Healthy
Laghman,2017,9,2.22,20.24,14.62,25.86,59.46,Normal
Laghman,2017,10,-0.3,0.34,0.01,0.66,19.29,Severe drought
Laghman,2017,11,0.09,16.88,0.0,33.76,35.33,Moderate drought
Laghman,2017,12,0.79,46.02,0.0,92.04,62.31,Healthy
Laghman,2018,1,0.17,33.08,66.17,0.0,44.98,Normal
Laghman,2018,2,0.18,55.47,63.06,47.88,56.34,Normal
Laghman,2018,3,0.31,57.38,83.1,31.66,59.78,Normal
Laghman,2018,4,0.79,47.97,26.49,69.46,63.32,Healthy
Laghman,2018,5,1.08,50.17,37.74,62.59,68.13,Healthy
Laghman,2018,6,1.33,20.36,34.42,6.3,55.61,Normal
Laghman,2018,7,1.84,5.69,0.0,11.37,51.21,Normal
Laghman,2018,8,0.94,0.0,0.0,0.0,41.34,Normal
Laghman,2018,9,0.36,18.12,0.0,36.24,41.17,Normal
Laghman,2018,10,1.84,50.0,0.0,100.0,73.37,Healthy
Laghman,2018,11,1.47,40.63,35.77,45.49,66.79,Healthy
Laghman,2018,12,1.07,53.21,56.74,49.67,69.44,Healthy
Laghman,2019,1,0.19,48.38,13.09,83.67,52.87,Normal
Laghman,2019,2,0.99,50.0,0.0,100.0,66.93,Healthy
Laghman,2019,3,1.3,42.9,0.0,85.8,66.64,Healthy
Laghman,2019,4,1.29,65.75,31.49,100.0,77.91,Healthy
Laghman,2019,5,0.72,69.91,66.44,73.37,73.09,Healthy
Laghman,2019,6,0.49,54.69,44.33,65.05,61.75,Healthy
Laghman,2019,7,-0.44,20.25,26.14,14.35,26.53,Moderate drought
Laghman,2019,8,0.25,65.93,82.51,49.34,62.99,Healthy
Laghman,2019,9,-0.48,66.71,74.61,58.8,49.18,Normal
Laghman,2019,10,1.35,74.86,74.48,75.24,83.03,Healthy
Laghman,2019,11,1.72,87.22,83.95,90.5,91.48,Healthy
Laghman,2019,12,1.18,81.88,96.32,67.43,85.01,Healthy
Laghman,2020,1,0.81,60.78,21.57,100.0,69.96,Healthy
Laghman,2020,2,-0.27,60.71,82.51,38.92,50.03,Normal
Laghman,2020,3,0.73,99.48,100.0,98.95,88.16,Healthy
Laghman,2020,4,1.6,96.28,100.0,92.55,95.41,Healthy
Laghman,2020,5,2.04,83.27,100.0,66.54,90.59,Healthy
Laghman,2020,6,2.42,100.0,100.0,100.0,99.61,Healthy
Laghman,2020,7,0.93,50.0,100.0,0.0,66.14,Healthy
Laghman,2020,8,-0.78,73.67,88.01,59.33,47.69,Normal
Laghman,2020,9,-0.77,63.43,95.75,31.12,42.78,Normal
Laghman,2020,10,-1.0,53.47,71.44,35.49,34.72,Moderate drought
Laghman,2020,11,0.64,60.37,21.57,99.16,67.15,Healthy
Laghman,2020,12,0.21,77.29,54.58,100.0,67.72,Healthy
Laghman,2021,1,-0.54,48.61,93.93,3.3,39.02,Moderate drought
Laghman,2021,2,-2.35,50.0,100.0,0.0,25.47,Severe drought
Laghman,2021,3,-0.77,76.21,82.36,70.07,49.16,Normal
Laghman,2021,4,-0.56,47.57,45.5,49.64,38.21,Moderate drought
Laghman,2021,5,0.18,55.08,57.97,52.2,56.18,Normal
Laghman,2021,6,-0.43,17.35,34.71,0.0,25.3,Severe drought
Laghman,2021,7,0.26,49.82,70.98,28.65,55.12,Normal
Laghman,2021,8,0.09,43.81,69.72,17.89,48.71,Normal
Laghman,2021,9,0.46,58.29,37.25,79.32,62.94,Healthy
Laghman,2021,10,0.27,31.58,41.55,21.61,46.16,Normal
Laghman,2021,11,-0.54,17.66,26.65,8.66,23.61,Severe drought
Laghman,2021,12,-0.28,54.64,40.69,68.59,46.89,Normal
Laghman,2022,1,0.47,41.83,7.5,76.15,54.95,Normal
Laghman,2022,2,-0.07,53.85,55.98,51.72,50.51,Normal
Laghman,2022,3,-0.52,28.8,57.6,0.0,29.4,Moderate drought
Laghman,2022,4,-1.65,0.0,0.0,0.0,2.47,Severe drought
Laghman,2022,5,-1.14,9.01,0.0,18.02,10.85,Severe drought
Laghman,2022,6,-1.22,24.58,0.0,49.15,17.86,Severe drought
Laghman,2022,7,0.32,71.62,43.24,100.0,67.04,Healthy
Laghman,2022,8,2.31,100.0,100.0,100.0,99.48,Healthy
Laghman,2022,9,1.85,100.0,100.0,100.0,98.39,Healthy
Laghman,2022,10,0.83,22.27,44.54,0.0,50.99,Normal
Laghman,2022,11,-0.04,63.27,64.76,61.77,55.79,Normal
Laghman,2022,12,-0.42,64.93,67.19,62.68,49.27,Normal
Laghman,2023,1,-0.23,69.61,49.56,89.66,55.23,Normal
Laghman,2023,2,-0.49,58.36,61.61,55.11,44.75,Normal
Laghman,2023,3,-0.9,63.66,50.58,76.75,40.97,Normal
Laghman,2023,4,-1.58,54.48,36.81,72.14,30.12,Moderate drought
Laghman,2023,5,-1.46,83.11,66.21,100.0,45.16,Normal
Laghman,2023,6,-1.31,85.03,74.16,95.9,47.3,Normal
Laghman,2023,7,-0.02,77.78,79.54,76.03,63.55,Healthy
Laghman,2023,8,-1.1,46.59,62.1,31.08,30.09,Moderate drought
Laghman,2023,9,-1.38,55.51,15.44,95.57,31.93,Moderate drought
Laghman,2023,10,-1.2,87.95,85.82,90.08,49.72,Normal
Laghman,2023,11,-1.63,72.23,100.0,44.46,38.69,Moderate drought
Laghman,2023,12,-1.6,68.96,99.58,38.33,37.25,Moderate drought
Logar,2015,1,-1.42,57.77,94.38,21.17,32.76,Moderate drought
Logar,2015,2,0.29,57.08,66.99,47.16,59.31,Normal
Logar,2015,3,0.98,71.11,60.36,81.86,77.38,Healthy
Logar,2015,4,0.94,31.34,16.43,46.26,56.97,Normal
Logar,2015,5,0.75,46.31,40.12,52.5,61.8,Healthy
Logar,2015,6,0.13,48.34,39.28,57.4,51.73,Normal
Logar,2015,7,0.82,33.98,32.94,35.02,56.64,Normal
Logar,2015,8,0.22,21.95,30.83,13.07,40.39,Normal
Logar,2015,9,0.54,40.12,27.96,52.28,55.29,Normal
Logar,2015,10,1.15,56.17,58.65,53.68,71.8,Healthy
Logar,2015,11,1.29,71.9,59.5,84.29,81.0,Healthy
Logar,2015,12,0.58,60.09,53.04,67.14,66.05,Healthy
Logar,2016,1,0.09,59.54,86.38,32.7,56.5,Normal
Logar,2016,2,-2.0,59.14,100.0,18.28,30.7,Moderate drought
Logar,2016,3,-0.35,81.31,87.69,74.93,58.84,Normal
Logar,2016,4,-0.09,74.76,63.13,86.39,60.61,Healthy
Logar,2016,5,1.38,37.56,75.12,0.0,64.59,Healthy
Logar,2016,6,1.28,55.77,50.52,61.01,72.91,Healthy
Logar,2016,7,1.67,31.68,43.83,19.53,63.47,Healthy
Logar,2016,8,0.91,38.99,40.93,37.04,60.41,Healthy
Logar,2016,9,0.55,16.87,33.74,0.0,43.85,Normal
Logar,2016,10,0.03,36.27,41.96,30.57,43.73,Normal
Logar,2016,11,0.11,44.01,73.02,15.01,49.25,Normal
Logar,2016,12,-0.54,43.28,86.56,0.0,36.43,Moderate drought
Logar,2017,1,0.72,55.84,54.66,57.02,66.14,Healthy
Logar,2017,2,1.82,51.24,21.81,80.66,73.9,Healthy
Logar,2017,3,1.36,58.43,57.02,59.84,74.86,Healthy
Logar,2017,4,0.48,27.91,19.14,36.67,48.26,Normal
Logar,2017,5,-1.37,29.8,39.82,19.79,19.15,Severe drought
Logar,2017,6,-1.19,18.82,37.64,0.0,15.29,Severe drought
Logar,2017,7,1.12,30.05,30.13,29.97,58.41,Normal
Logar,2017,8,1.95,19.42,21.46,17.37,58.42,Normal
Logar,2017,9,2.22,21.47,12.08,30.87,60.07,Healthy
Logar,2017,10,-1.05,11.54,23.09,0.0,13.07,Severe drought
Logar,2017,11,0.3,30.17,45.82,14.53,45.95,Normal
Logar,2017,12,0.9,50.55,33.18,67.91,66.04,Healthy
Logar,2018,1,-0.03,50.0,100.0,0.0,49.33,Normal
Logar,2018,2,0.08,57.25,79.57,34.93,55.27,Normal
Logar,2018,3,-0.12,52.11,77.53,26.69,48.74,Normal
Logar,2018,4,0.24,42.96,13.95,71.97,51.17,Normal
Logar,2018,5,0.31,43.28,12.32,74.25,52.63,Normal
Logar,2018,6,0.65,17.02,15.86,18.19,45.62,Normal
Logar,2018,7,1.49,5.49,0.0,10.98,49.31,Normal
Logar,2018,8,1.36,0.0,0.0,0.0,45.69,Normal
Logar,2018,9,0.56,22.83,0.0,45.65,47.06,Normal
Logar,2018,10,2.22,41.61,0.0,83.23,70.15,Healthy
Logar,2018,11,1.03,46.17,60.22,32.11,65.56,Healthy
Logar,2018,12,1.26,52.42,48.95,55.89,70.97,Healthy
Logar,2019,1,1.12,48.7,22.67,74.72,67.75,Healthy
Logar,2019,2,1.44,50.0,0.0,100.0,71.23,Healthy
Logar,2019,3,1.48,50.0,0.0,100.0,71.5,Healthy
Logar,2019,4,1.22,50.0,0.0,100.0,69.45,Healthy
Logar,2019,5,0.62,79.46,69.4,89.53,76.35,Healthy
Logar,2019,6,0.17,90.87,88.78,92.97,73.76,Healthy
Logar,2019,7,-0.17,41.44,82.88,0.0,42.35,Normal
Logar,2019,8,0.67,46.07,74.6,17.54,60.5,Healthy
Logar,2019,9,0.42,42.61,71.82,13.4,54.52,Normal
Logar,2019,10,1.06,83.07,98.29,67.85,84.33,Healthy
Logar,2019,11,1.44,80.18,60.37,100.0,86.33,Healthy
Logar,2019,12,0.61,40.65,5.36,75.94,56.73,Normal
Logar,2020,1,1.18,50.0,0.0,100.0,69.1,Healthy
Logar,2020,2,0.21,50.77,37.52,64.01,54.56,Normal
Logar,2020,3,1.52,74.05,67.74,80.35,83.78,Healthy
Logar,2020,4,1.63,86.31,73.84,98.78,90.59,Healthy
Logar,2020,5,2.27,83.73,100.0,67.46,91.29,Healthy
Logar,2020,6,2.11,95.46,100.0,90.93,96.87,Healthy
Logar,2020,7,0.75,71.95,100.0,43.9,74.67,Healthy
Logar,2020,8,-0.3,62.61,100.0,25.22,50.39,Normal
Logar,2020,9,-0.48,66.87,84.37,49.37,49.26,Normal
Logar,2020,10,-0.52,68.24,79.91,56.56,49.21,Normal
Logar,2020,11,1.33,43.94,0.0,87.87,67.4,Healthy
Logar,2020,12,0.89,50.0,0.0,100.0,65.69,Healthy
Logar,2021,1,-0.19,49.94,82.34,17.54,46.29,Normal
Logar,2021,2,-2.09,48.64,97.29,0.0,25.22,Severe drought
Logar,2021,3,-1.34,62.78,86.3,39.25,35.93,Moderate drought
Logar,2021,4,-0.86,35.92,29.86,41.99,27.71,Moderate drought
Logar,2021,5,0.04,44.34,37.02,51.67,48.02,Normal
Logar,2021,6,-0.35,29.22,32.43,26.01,32.78,Moderate drought
Logar,2021,7,0.93,44.05,40.33,47.77,63.22,Healthy
Logar,2021,8,1.33,35.19,46.98,23.4,63.0,Healthy
Logar,2021,9,1.65,26.67,35.41,17.92,60.88,Healthy
Logar,2021,10,0.95,41.19,41.28,41.1,62.01,Healthy
Logar,2021,11,-0.56,35.22,70.45,0.0,32.01,Moderate drought
Logar,2021,12,-0.1,62.72,55.95,69.49,54.39,Normal
Logar,2022,1,0.79,45.31,14.0,76.61,61.89,Healthy
Logar,2022,2,0.15,54.62,54.52,54.73,55.37,Normal
Logar,2022,3,-0.4,46.26,92.51,0.0,40.44,Normal
Logar,2022,4,-1.61,16.1,32.2,0.0,10.74,Severe drought
Logar,2022,5,-1.5,5.72,0.0,11.44,6.18,Severe drought
Logar,2022,6,-1.6,37.7,0.0,75.39,21.56,Severe drought
Logar,2022,7,0.24,69.46,38.92,100.0,64.52,Healthy
Logar,2022,8,1.87,87.99,75.97,100.0,92.47,Healthy
Logar,2022,9,1.83,100.0,100.0,100.0,98.33,Healthy
Logar,2022,10,0.68,61.01,79.52,42.5,68.07,Healthy
Logar,2022,11,0.31,72.32,100.0,44.64,67.25,Healthy
Logar,2022,12,-0.16,78.75,83.36,74.14,61.18,Healthy
Logar,2023,1,-0.09,62.62,45.24,80.0,54.45,Normal
Logar,2023,2,-1.13,63.86,68.53,59.2,38.4,Moderate drought
Logar,2023,3,-0.99,77.44,100.0,54.88,46.74,Normal
Logar,2023,4,-1.61,86.29,100.0,72.58,45.81,Normal
Logar,2023,5,-1.17,88.19,76.38,100.0,50.14,Normal
Logar,2023,6,-1.96,77.94,55.88,100.0,40.22,Normal
Logar,2023,7,-0.26,80.04,66.76,93.31,59.85,Normal
Logar,2023,8,-0.71,49.42,67.94,30.91,36.61,Moderate drought
Logar,2023,9,-0.79,68.01,46.93,89.08,44.79,Normal
Logar,2023,10,-0.48,100.0,100.0,100.0,65.76,Healthy
Logar,2023,11,-0.94,66.32,96.55,36.09,41.88,Normal
Logar,2023,12,-0.87,73.08,100.0,46.16,46.21,Normal
Nangarhar,2015,1,-1.79,34.19,39.74,28.63,18.94,Severe drought
Nangarhar,2015,2,0.2,49.71,26.31,73.12,53.73,Normal
Nangarhar,2015,3,1.15,62.86,31.42,94.29,75.19,Healthy
Nangarhar,2015,4,1.34,39.39,25.43,53.35,65.19,Healthy
Nangarhar,2015,5,1.02,45.3,40.35,50.26,64.99,Healthy
Nangarhar,2015,6,0.28,35.18,23.92,46.43,48.1,Normal
Nangarhar,2015,7,0.43,54.45,74.16,34.74,60.56,Healthy
Nangarhar,2015,8,0.8,70.93,80.01,61.85,74.94,Healthy
Nangarhar,2015,9,1.28,53.92,57.14,50.69,71.95,Healthy
Nangarhar,2015,10,1.37,73.46,100.0,46.91,82.48,Healthy
Nangarhar,2015,11,1.48,84.72,88.42,81.03,88.87,Healthy
Nangarhar,2015,12,1.0,73.35,90.95,55.76,78.78,Healthy
Nangarhar,2016,1,0.22,47.34,75.03,19.65,53.12,Normal
Nangarhar,2016,2,-1.47,41.18,54.72,27.64,24.14,Severe drought
Nangarhar,2016,3,0.04,60.44,40.68,80.2,56.04,Normal
Nangarhar,2016,4,0.24,44.89,36.31,53.47,52.16,Normal
Nangarhar,2016,5,1.33,24.88,49.76,0.0,57.85,Normal
Nangarhar,2016,6,1.26,36.08,41.87,30.29,62.81,Healthy
Nangarhar,2016,7,1.69,22.97,35.49,10.45,59.21,Normal
Nangarhar,2016,8,1.2,26.23,34.91,17.55,57.37,Normal
Nangarhar,2016,9,0.55,8.48,16.96,0.0,39.72,Moderate drought
Nangarhar,2016,10,-0.22,15.49,21.7,9.28,28.46,Moderate drought
Nangarhar,2016,11,-0.83,11.43,22.85,0.0,15.81,Severe drought
Nangarhar,2016,12,-1.21,5.5,11.01,0.0,8.45,Severe drought
Nangarhar,2017,1,0.99,48.23,0.0,96.47,66.1,Healthy
Nangarhar,2017,2,1.84,35.2,0.0,70.41,65.95,Healthy
Nangarhar,2017,3,1.25,32.3,9.4,55.19,60.88,Healthy
Nangarhar,2017,4,0.04,5.68,5.47,5.89,28.71,Moderate drought
Nangarhar,2017,5,-0.96,13.78,22.13,5.43,15.33,Severe drought
Nangarhar,2017,6,-0.56,7.28,14.57,0.0,17.95,Severe drought
Nangarhar,2017,7,1.69,23.59,7.1,40.09,59.5,Normal
Nangarhar,2017,8,1.62,19.46,10.49,28.43,57.12,Normal
Nangarhar,2017,9,2.07,6.86,0.0,13.72,52.47,Normal
Nangarhar,2017,10,0.26,0.19,0.0,0.37,30.23,Moderate drought
Nangarhar,2017,11,0.48,23.69,0.0,47.38,46.14,Normal
Nangarhar,2017,12,1.43,40.78,0.0,81.57,66.54,Healthy
Nangarhar,2018,1,0.27,25.71,51.41,0.0,43.12,Normal
Nangarhar,2018,2,0.2,61.21,74.98,47.45,59.48,Normal
Nangarhar,2018,3,0.18,47.04,65.54,28.53,52.04,Normal
Nangarhar,2018,4,0.86,34.39,2.25,66.54,57.49,Normal
Nangarhar,2018,5,1.18,45.52,26.34,64.7,66.85,Healthy
Nangarhar,2018,6,1.66,18.59,32.04,5.15,56.85,Normal
Nangarhar,2018,7,2.19,8.94,0.0,17.88,53.76,Normal
Nangarhar,2018,8,0.91,0.0,0.0,0.0,40.86,Normal
Nangarhar,2018,9,0.64,21.88,5.75,38.01,47.89,Normal
Nangarhar,2018,10,0.55,66.68,33.36,100.0,68.75,Healthy
Nangarhar,2018,11,1.1,38.66,37.35,39.98,62.51,Healthy
Nangarhar,2018,12,0.76,36.72,11.08,62.35,57.11,Normal
Nangarhar,2019,1,0.61,39.23,9.65,68.82,56.0,Normal
Nangarhar,2019,2,0.86,53.34,6.68,100.0,66.96,Healthy
Nangarhar,2019,3,1.1,42.67,0.0,85.34,64.58,Healthy
Nangarhar,2019,4,0.94,71.61,46.65,96.58,77.1,Healthy
Nangarhar,2019,5,0.6,61.73,67.76,55.7,67.12,Healthy
Nangarhar,2019,6,0.31,40.54,44.38,36.7,51.44,Normal
Nangarhar,2019,7,-0.34,12.55,23.42,1.68,24.6,Severe drought
Nangarhar,2019,8,0.39,40.04,49.62,30.45,52.67,Normal
Nangarhar,2019,9,0.01,48.32,47.2,49.43,49.31,Normal
Nangarhar,2019,10,1.36,73.24,82.28,64.21,82.3,Healthy
Nangarhar,2019,11,2.18,95.92,93.75,98.09,97.22,Healthy
Nangarhar,2019,12,1.58,89.22,98.77,79.68,91.74,Healthy
Nangarhar,2020,1,1.42,69.26,38.52,100.0,80.77,Healthy
Nangarhar,2020,2,0.43,71.07,100.0,42.15,68.91,Healthy
Nangarhar,2020,3,1.55,100.0,100.0,100.0,97.0,Healthy
Nangarhar,2020,4,2.02,100.0,100.0,100.0,98.91,Healthy
Nangarhar,2020,5,2.33,81.26,100.0,62.51,90.13,Healthy
Nangarhar,2020,6,2.46,92.92,100.0,85.84,96.11,Healthy
Nangarhar,2020,7,0.07,50.0,100.0,0.0,51.49,Normal
Nangarhar,2020,8,-1.23,59.59,71.97,47.22,35.22,Moderate drought
Nangarhar,2020,9,-1.13,46.9,78.85,14.95,29.92,Moderate drought
Nangarhar,2020,10,-1.31,54.9,86.64,23.15,32.19,Moderate drought
Nangarhar,2020,11,0.8,89.87,79.74,100.0,84.41,Healthy
Nangarhar,2020,12,0.39,100.0,100.0,100.0,82.57,Healthy
Nangarhar,2021,1,-0.58,58.14,100.0,16.29,43.07,Normal
Nangarhar,2021,2,-1.99,48.04,96.08,0.0,25.19,Severe drought
Nangarhar,2021,3,-0.86,63.58,60.24,66.91,41.54,Normal
Nangarhar,2021,4,-0.29,40.95,33.72,48.17,39.84,Moderate drought
Nangarhar,2021,5,0.36,42.85,44.95,40.75,53.5,Normal
Nangarhar,2021,6,-0.1,7.34,13.34,1.35,26.58,Moderate drought
Nangarhar,2021,7,0.58,46.29,65.14,27.44,59.1,Normal
Nangarhar,2021,8,0.27,22.82,39.32,6.32,41.65,Normal
Nangarhar,2021,9,0.72,46.72,30.56,62.88,61.64,Healthy
Nangarhar,2021,10,0.02,27.57,50.15,4.99,39.18,Moderate drought
Nangarhar,2021,11,-0.71,22.16,40.01,4.3,23.08,Severe drought
Nangarhar,2021,12,-0.16,42.26,9.04,75.49,43.01,Normal
Nangarhar,2022,1,1.17,44.6,6.89,82.32,66.26,Healthy
Nangarhar,2022,2,0.73,44.89,38.12,51.65,60.88,Healthy
Nangarhar,2022,3,-0.06,21.43,42.85,0.0,34.48,Moderate drought
Nangarhar,2022,4,-1.61,0.0,0.0,0.0,2.68,Severe drought
Nangarhar,2022,5,-1.58,15.44,0.0,30.88,10.56,Severe drought
Nangarhar,2022,6,-1.37,32.36,0.0,64.72,20.48,Severe drought
Nangarhar,2022,7,0.41,87.07,74.15,100.0,76.55,Healthy
Nangarhar,2022,8,1.69,100.0,100.0,100.0,97.72,Healthy
Nangarhar,2022,9,1.49,100.0,100.0,100.0,96.57,Healthy
Nangarhar,2022,10,1.32,44.09,88.17,0.0,67.36,Healthy
Nangarhar,2022,11,0.25,75.72,100.0,51.44,67.75,Healthy
Nangarhar,2022,12,-0.08,81.23,97.25,65.21,64.05,Healthy
Nangarhar,2023,1,0.11,64.02,33.94,94.11,59.25,Normal
Nangarhar,2023,2,-0.48,51.01,53.23,48.79,41.32,Normal
Nangarhar,2023,3,-0.49,49.72,27.57,71.88,40.45,Normal
Nangarhar,2023,4,-1.14,49.55,25.75,73.35,31.17,Moderate drought
Nangarhar,2023,5,-0.97,73.8,47.6,100.0,45.17,Normal
Nangarhar,2023,6,-1.21,72.9,45.81,100.0,42.07,Normal
Nangarhar,2023,7,0.24,67.37,61.96,72.78,63.42,Healthy
Nangarhar,2023,8,-0.69,32.33,35.01,29.64,28.49,Moderate drought
Nangarhar,2023,9,-1.14,59.68,21.3,98.06,36.21,Moderate drought
Nangarhar,2023,10,-1.54,82.3,82.91,81.69,44.26,Normal
Nangarhar,2023,11,-1.01,67.78,86.13,49.42,41.73,Normal
Nangarhar,2023,12,-0.92,70.39,92.6,48.18,44.1,Normal
Nimroz,2015,1,-0.44,31.02,62.04,0.0,31.94,Moderate drought
Nimroz,2015,2,-0.03,36.63,4.62,68.64,42.65,Normal
Nimroz,2015,3,0.4,93.53,87.05,100.0,79.57,Healthy
Nimroz,2015,4,0.51,45.87,52.25,39.49,57.76,Normal
Nimroz,2015,5,0.48,43.92,46.14,41.7,56.26,Normal
Nimroz,2015,6,0.31,47.25,51.4,43.1,54.68,Normal
Nimroz,2015,7,0.81,60.23,53.25,67.21,69.71,Healthy
Nimroz,2015,8,-0.29,44.87,61.42,28.33,41.7,Normal
Nimroz,2015,9,-0.6,52.22,49.7,54.75,39.76,Moderate drought
Nimroz,2015,10,0.98,31.8,63.6,0.0,57.67,Normal
Nimroz,2015,11,-0.01,57.95,67.4,48.51,53.85,Normal
Nimroz,2015,12,0.38,87.1,77.51,96.68,75.88,Healthy
Nimroz,2016,1,-0.71,32.91,57.77,8.05,28.46,Moderate drought
Nimroz,2016,2,-1.37,50.12,47.46,52.77,29.31,Moderate drought
Nimroz,2016,3,0.16,58.12,61.65,54.59,57.18,Normal
Nimroz,2016,4,0.75,20.13,33.39,6.87,48.73,Normal
Nimroz,2016,5,1.59,14.66,25.52,3.8,54.52,Normal
Nimroz,2016,6,0.65,51.55,44.14,58.95,62.93,Healthy
Nimroz,2016,7,1.06,34.56,30.07,39.05,60.06,Healthy
Nimroz,2016,8,-0.29,44.96,70.98,18.95,41.74,Normal
Nimroz,2016,9,-0.6,34.97,69.94,0.0,31.14,Moderate drought
Nimroz,2016,10,-0.55,55.52,54.04,57.0,42.35,Normal
Nimroz,2016,11,-1.02,43.49,71.26,15.71,29.47,Moderate drought
Nimroz,2016,12,-0.94,30.8,61.61,0.0,24.06,Severe drought
Nimroz,2017,1,0.01,55.62,76.28,34.96,53.05,Normal
Nimroz,2017,2,0.93,93.79,100.0,87.59,88.13,Healthy
Nimroz,2017,3,0.93,55.82,45.81,65.83,69.08,Healthy
Nimroz,2017,4,0.77,57.42,79.55,35.3,67.71,Healthy
Nimroz,2017,5,-0.04,38.04,76.08,0.0,43.24,Normal
Nimroz,2017,6,-1.67,39.38,67.77,10.99,22.05,Severe drought
Nimroz,2017,7,-0.08,56.1,56.43,55.78,51.45,Normal
Nimroz,2017,8,-0.29,36.34,68.73,3.95,37.43,Moderate drought
Nimroz,2017,9,-0.6,49.89,55.45,44.32,38.6,Moderate drought
Nimroz,2017,10,-1.11,26.07,48.35,3.79,19.7,Severe drought
Nimroz,2017,11,-0.17,11.37,22.74,0.0,27.34,Moderate drought
Nimroz,2017,12,0.51,42.0,5.95,78.04,55.75,Normal
Nimroz,2018,1,-0.94,15.58,27.67,3.49,16.42,Severe drought
Nimroz,2018,2,-0.79,17.6,0.0,35.21,19.5,Severe drought
Nimroz,2018,3,-1.08,27.83,55.66,0.0,20.88,Severe drought
Nimroz,2018,4,-0.39,46.76,1.77,91.75,40.88,Normal
Nimroz,2018,5,-0.41,50.0,0.0,100.0,42.12,Normal
Nimroz,2018,6,0.27,29.09,12.18,45.99,44.86,Normal
Nimroz,2018,7,0.96,12.58,6.38,18.78,47.87,Normal
Nimroz,2018,8,0.87,30.32,13.53,47.11,55.59,Normal
Nimroz,2018,9,0.99,20.83,5.84,35.82,52.33,Normal
Nimroz,2018,10,0.35,19.6,0.0,39.2,41.61,Normal
Nimroz,2018,11,0.36,18.36,0.0,36.71,41.16,Normal
Nimroz,2018,12,-0.55,5.05,0.0,10.09,17.03,Severe drought
Nimroz,2019,1,-0.68,0.91,0.0,1.83,12.86,Severe drought
Nimroz,2019,2,0.01,69.83,39.66,100.0,60.16,Healthy
Nimroz,2019,3,2.05,33.1,0.0,66.2,65.55,Healthy
Nimroz,2019,4,2.89,50.0,0.0,100.0,74.9,Healthy
Nimroz,2019,5,3.1,75.47,54.48,96.46,87.69,Healthy
Nimroz,2019,6,2.7,87.62,75.24,100.0,93.64,Healthy
Nimroz,2019,7,1.0,33.35,66.7,0.0,58.78,Normal
Nimroz,2019,8,0.14,49.85,79.83,19.87,52.64,Normal
Nimroz,2019,9,-0.6,39.49,57.98,21.0,33.51,Moderate drought
Nimroz,2019,10,-0.29,46.23,59.08,33.39,42.45,Normal
Nimroz,2019,11,1.0,85.99,89.04,82.94,85.09,Healthy
Nimroz,2019,12,1.05,79.23,97.28,61.17,82.26,Healthy
Nimroz,2020,1,2.96,86.39,91.0,81.77,93.12,Healthy
Nimroz,2020,2,2.44,44.32,28.91,59.74,71.79,Healthy
Nimroz,2020,3,1.92,87.12,100.0,74.23,92.18,Healthy
Nimroz,2020,4,0.27,81.6,100.0,63.2,71.04,Healthy
Nimroz,2020,5,0.81,73.38,100.0,46.75,76.22,Healthy
Nimroz,2020,6,1.68,66.39,100.0,32.78,80.89,Healthy
Nimroz,2020,7,1.38,64.69,100.0,29.38,78.13,Healthy
Nimroz,2020,8,1.88,50.0,100.0,0.0,73.49,Healthy
Nimroz,2020,9,2.01,83.96,100.0,67.92,90.87,Healthy
Nimroz,2020,10,1.53,100.0,100.0,100.0,96.87,Healthy
Nimroz,2020,11,1.07,100.0,100.0,100.0,92.87,Healthy
Nimroz,2020,12,0.19,97.77,100.0,95.54,77.58,Healthy
Nimroz,2021,1,-1.36,43.98,68.49,19.47,26.35,Moderate drought
Nimroz,2021,2,-1.96,36.72,73.43,0.0,19.61,Severe drought
Nimroz,2021,3,-1.77,63.81,92.45,35.17,33.84,Moderate drought
Nimroz,2021,4,-1.18,39.7,65.45,13.95,25.78,Severe drought
Nimroz,2021,5,-0.55,37.2,35.8,38.6,33.13,Moderate drought
Nimroz,2021,6,0.25,21.15,42.3,0.0,40.56,Normal
Nimroz,2021,7,1.56,35.62,32.9,38.35,64.85,Healthy
Nimroz,2021,8,0.38,32.77,64.54,1.01,48.8,Normal
Nimroz,2021,9,0.31,45.17,53.36,36.97,53.76,Normal
Nimroz,2021,10,-1.11,55.18,25.29,85.06,34.25,Moderate drought
Nimroz,2021,11,-3.28,26.87,3.1,50.64,13.46,Severe drought
Nimroz,2021,12,-1.85,32.29,6.69,57.9,17.75,Severe drought
Nimroz,2022,1,0.01,60.7,73.04,48.37,55.57,Normal
Nimroz,2022,2,-0.51,35.04,14.68,55.39,32.72,Moderate drought
Nimroz,2022,3,-0.43,51.64,79.95,23.34,42.52,Normal
Nimroz,2022,4,-1.19,2.73,5.46,0.0,7.26,Severe drought
Nimroz,2022,5,-0.78,34.76,1.96,67.56,28.3,Moderate drought
Nimroz,2022,6,-1.33,48.3,0.0,96.61,28.74,Moderate drought
Nimroz,2022,7,-0.34,53.27,15.23,91.31,44.99,Normal
Nimroz,2022,8,2.03,43.18,20.52,65.84,70.52,Healthy
Nimroz,2022,9,2.84,49.07,46.1,52.05,74.42,Healthy
Nimroz,2022,10,0.05,49.15,21.07,77.24,50.63,Normal
Nimroz,2022,11,-0.09,53.19,77.09,29.28,49.81,Normal
Nimroz,2022,12,-1.5,93.7,87.41,100.0,50.19,Normal
Nimroz,2023,1,-0.47,100.0,100.0,100.0,65.92,Healthy
Nimroz,2023,2,-0.78,32.23,14.33,50.13,27.04,Moderate drought
Nimroz,2023,3,-0.52,65.92,90.57,41.28,48.08,Normal
Nimroz,2023,4,-0.75,39.42,0.48,78.36,31.02,Moderate drought
Nimroz,2023,5,-0.65,43.95,5.45,82.44,34.86,Moderate drought
Nimroz,2023,6,-1.08,47.78,0.89,94.66,30.92,Moderate drought
Nimroz,2023,7,-0.63,50.0,0.0,100.0,38.25,Moderate drought
Nimroz,2023,8,0.15,50.0,0.0,100.0,53.0,Normal
Nimroz,2023,9,-0.19,50.0,0.0,100.0,46.15,Normal
Nimroz,2023,10,1.39,25.12,14.65,35.6,58.47,Normal
Nimroz,2023,11,1.39,30.08,20.17,40.0,60.91,Healthy
Nimroz,2023,12,0.5,42.03,24.62,59.45,55.65,Normal
Nuristan,2015,1,-1.23,62.75,89.92,35.57,36.8,Moderate drought
Nuristan,2015,2,0.18,50.1,29.06,71.14,53.57,Normal
Nuristan,2015,3,1.35,55.99,14.95,97.04,73.55,Healthy
Nuristan,2015,4,1.18,27.24,0.52,53.96,57.67,Normal
Nuristan,2015,5,0.78,56.61,31.48,81.74,67.49,Healthy
Nuristan,2015,6,-0.43,57.46,51.28,63.64,45.38,Normal
Nuristan,2015,7,1.03,81.43,62.86,100.0,83.14,Healthy
Nuristan,2015,8,1.6,75.92,100.0,51.85,85.21,Healthy
Nuristan,2015,9,1.82,95.93,100.0,91.85,96.24,Healthy
Nuristan,2015,10,0.12,56.0,72.7,39.29,55.38,Normal
Nuristan,2015,11,0.99,61.94,23.88,100.0,72.93,Healthy
Nuristan,2015,12,0.77,41.2,36.5,45.9,59.56,Normal
Nuristan,2016,1,0.25,43.62,84.74,2.49,51.75,Normal
Nuristan,2016,2,-1.7,57.72,72.68,42.76,31.11,Moderate drought
Nuristan,2016,3,0.25,74.58,70.84,78.32,67.15,Healthy
Nuristan,2016,4,0.85,37.0,13.58,60.41,58.55,Normal
Nuristan,2016,5,1.93,33.63,45.31,21.95,65.48,Healthy
Nuristan,2016,6,1.31,69.21,100.0,38.42,79.84,Healthy
Nuristan,2016,7,0.78,29.29,50.23,8.36,53.78,Normal
Nuristan,2016,8,0.3,53.04,45.3,60.78,57.48,Normal
Nuristan,2016,9,0.07,30.76,61.53,0.0,41.73,Normal
Nuristan,2016,10,-0.47,56.02,100.0,12.05,43.9,Normal
Nuristan,2016,11,-0.65,55.19,100.0,10.37,40.54,Normal
Nuristan,2016,12,-0.68,26.73,43.26,10.19,25.71,Severe drought
Nuristan,2017,1,0.86,52.57,35.26,69.89,66.56,Healthy
Nuristan,2017,2,1.9,52.57,17.75,87.38,74.84,Healthy
Nuristan,2017,3,1.53,65.47,48.07,82.88,79.61,Healthy
Nuristan,2017,4,0.35,32.58,16.64,48.51,48.08,Normal
Nuristan,2017,5,-1.12,32.45,55.38,9.53,22.81,Severe drought
Nuristan,2017,6,-0.75,48.23,96.46,0.0,35.39,Moderate drought
Nuristan,2017,7,0.89,11.34,6.78,15.9,46.35,Normal
Nuristan,2017,8,0.91,21.68,9.04,34.31,51.81,Normal
Nuristan,2017,9,1.14,45.45,17.87,73.04,66.34,Healthy
Nuristan,2017,10,0.09,40.24,80.49,0.0,47.01,Normal
Nuristan,2017,11,0.18,33.38,66.76,0.0,45.21,Normal
Nuristan,2017,12,0.3,51.1,23.7,78.51,56.43,Normal
Nuristan,2018,1,-0.56,50.0,100.0,0.0,39.41,Moderate drought
Nuristan,2018,2,-0.44,57.07,52.19,61.95,45.02,Normal
Nuristan,2018,3,-0.47,48.88,74.84,22.92,40.38,Normal
Nuristan,2018,4,0.15,51.06,50.05,52.07,53.47,Normal
Nuristan,2018,5,0.84,55.09,27.48,82.69,67.52,Healthy
Nuristan,2018,6,1.47,46.86,67.8,25.91,69.91,Healthy
Nuristan,2018,7,1.91,2.97,5.94,0.0,50.08,Normal
Nuristan,2018,8,1.01,0.0,0.0,0.0,42.18,Normal
Nuristan,2018,9,0.8,34.82,0.0,69.64,56.86,Normal
Nuristan,2018,10,2.78,50.0,0.0,100.0,74.86,Healthy
Nuristan,2018,11,2.0,55.66,52.71,58.61,76.68,Healthy
Nuristan,2018,12,1.34,43.69,42.65,44.73,67.3,Healthy
Nuristan,2019,1,0.26,58.36,16.71,100.0,59.3,Normal
Nuristan,2019,2,0.86,50.0,0.0,100.0,65.32,Healthy
Nuristan,2019,3,1.3,50.0,0.0,100.0,70.17,Healthy
Nuristan,2019,4,1.41,50.0,0.0,100.0,71.06,Healthy
Nuristan,2019,5,0.84,50.0,0.0,100.0,64.96,Healthy
Nuristan,2019,6,0.8,50.0,0.0,100.0,64.44,Healthy
Nuristan,2019,7,-0.3,2.36,0.0,4.72,20.28,Severe drought
Nuristan,2019,8,0.35,64.15,73.95,54.34,63.85,Healthy
Nuristan,2019,9,-0.17,55.81,79.65,31.98,49.54,Normal
Nuristan,2019,10,1.25,51.99,37.0,66.99,70.73,Healthy
Nuristan,2019,11,1.95,66.04,32.84,99.25,81.75,Healthy
Nuristan,2019,12,1.4,46.84,33.15,60.54,69.37,Healthy
Nuristan,2020,1,1.15,47.61,0.0,95.21,67.51,Healthy
Nuristan,2020,2,-0.48,43.72,52.64,34.8,37.65,Moderate drought
Nuristan,2020,3,0.06,75.71,66.43,84.99,64.0,Healthy
Nuristan,2020,4,0.77,44.09,5.29,82.89,61.07,Healthy
Nuristan,2020,5,1.48,44.08,9.17,78.99,68.58,Healthy
Nuristan,2020,6,1.98,68.63,54.71,82.54,83.11,Healthy
Nuristan,2020,7,1.38,57.78,55.68,59.89,74.68,Healthy
Nuristan,2020,8,0.73,50.0,65.81,34.18,63.33,Healthy
Nuristan,2020,9,1.56,67.41,53.91,80.9,80.73,Healthy
Nuristan,2020,10,0.24,52.78,61.14,44.43,56.2,Normal
Nuristan,2020,11,1.05,36.91,0.0,73.82,61.14,Healthy
Nuristan,2020,12,0.13,50.0,0.0,100.0,52.65,Normal
Nuristan,2021,1,-0.61,43.87,71.64,16.09,35.41,Moderate drought
Nuristan,2021,2,-2.39,50.0,100.0,0.0,25.42,Severe drought
Nuristan,2021,3,-0.55,68.3,67.96,68.63,48.66,Normal
Nuristan,2021,4,-0.36,40.03,4.51,75.56,38.06,Moderate drought
Nuristan,2021,5,0.56,62.1,37.57,86.64,66.66,Healthy
Nuristan,2021,6,-0.56,48.74,75.19,22.29,38.74,Moderate drought
Nuristan,2021,7,-0.01,31.26,53.73,8.79,40.34,Normal
Nuristan,2021,8,-0.0,39.28,45.77,32.79,44.54,Normal
Nuristan,2021,9,0.04,46.52,71.17,21.88,49.03,Normal
Nuristan,2021,10,0.36,55.82,91.04,20.6,59.87,Normal
Nuristan,2021,11,-0.38,47.59,69.76,25.42,41.48,Normal
Nuristan,2021,12,-0.26,57.79,72.08,43.5,48.72,Normal
Nuristan,2022,1,0.53,39.0,14.21,63.8,54.53,Normal
Nuristan,2022,2,-0.16,61.11,61.16,61.05,52.34,Normal
Nuristan,2022,3,-0.29,50.0,100.0,0.0,44.21,Normal
Nuristan,2022,4,-1.38,50.0,100.0,0.0,29.2,Moderate drought
Nuristan,2022,5,-0.59,50.0,100.0,0.0,38.9,Moderate drought
Nuristan,2022,6,-0.68,64.07,97.6,30.55,44.4,Normal
Nuristan,2022,7,0.53,39.35,15.81,62.89,54.71,Normal
Nuristan,2022,8,2.08,69.52,39.05,100.0,83.81,Healthy
Nuristan,2022,9,1.77,94.56,89.13,100.0,95.36,Healthy
Nuristan,2022,10,0.61,47.52,90.15,4.89,60.18,Healthy
Nuristan,2022,11,0.08,57.9,44.68,71.12,55.46,Normal
Nuristan,2022,12,-0.25,54.89,39.37,70.4,47.57,Normal
Nuristan,2023,1,0.31,78.3,57.07,99.53,70.2,Healthy
Nuristan,2023,2,-0.01,65.08,47.4,82.75,57.38,Normal
Nuristan,2023,3,-0.76,72.18,87.04,57.32,47.23,Normal
Nuristan,2023,4,-1.63,48.38,30.97,65.78,26.76,Moderate drought
Nuristan,2023,5,-1.92,60.42,38.03,82.82,31.57,Moderate drought
Nuristan,2023,6,-1.18,73.85,97.39,50.3,42.86,Normal
Nuristan,2023,7,0.11,87.55,100.0,75.1,71.06,Healthy
Nuristan,2023,8,-0.4,46.67,59.58,33.77,40.65,Normal
Nuristan,2023,9,-0.3,52.72,13.57,91.88,45.54,Normal
Nuristan,2023,10,-0.91,44.19,31.67,56.7,31.14,Moderate drought
Nuristan,2023,11,-1.51,53.56,82.93,24.2,30.06,Moderate drought
Nuristan,2023,12,-1.66,50.0,100.0,0.0,27.44,Moderate drought
Paktika,2015,1,-0.74,47.21,85.45,8.97,35.03,Moderate drought
Paktika,2015,2,0.25,62.68,77.53,47.83,61.31,Healthy
Paktika,2015,3,0.57,68.23,66.83,69.62,69.84,Healthy
Paktika,2015,4,0.52,17.06,0.0,34.11,43.42,Normal
Paktika,2015,5,0.25,24.07,13.68,34.45,41.92,Normal
Paktika,2015,6,0.29,30.09,6.44,53.74,45.67,Normal
Paktika,2015,7,0.8,20.31,0.04,40.58,49.6,Normal
Paktika,2015,8,0.6,11.94,12.58,11.3,42.18,Normal
Paktika,2015,9,0.55,36.2,4.7,67.7,53.62,Normal
Paktika,2015,10,0.53,41.05,29.97,52.14,55.62,Normal
Paktika,2015,11,0.88,57.51,21.19,93.83,69.25,Healthy
Paktika,2015,12,-0.04,40.72,2.92,78.52,44.64,Normal
Paktika,2016,1,-0.42,50.6,85.03,16.16,42.12,Normal
Paktika,2016,2,-1.8,48.77,80.28,17.26,26.19,Moderate drought
Paktika,2016,3,-0.56,73.3,65.41,81.2,50.98,Normal
Paktika,2016,4,-0.39,67.58,59.1,76.07,51.12,Normal
Paktika,2016,5,0.97,28.09,56.19,0.0,55.79,Normal
Paktika,2016,6,0.47,33.56,37.89,29.22,50.79,Normal
Paktika,2016,7,0.75,14.19,24.37,4.01,45.83,Normal
Paktika,2016,8,0.35,29.96,39.01,20.91,46.87,Normal
Paktika,2016,9,0.47,14.53,29.05,0.0,41.27,Normal
Paktika,2016,10,0.54,42.52,38.96,46.08,56.59,Normal
Paktika,2016,11,-0.81,14.82,25.95,3.7,17.88,Severe drought
Paktika,2016,12,-1.12,18.04,36.08,0.0,15.63,Severe drought
Paktika,2017,1,0.9,52.16,67.38,36.94,66.88,Healthy
Paktika,2017,2,1.32,62.2,57.79,66.61,76.41,Healthy
Paktika,2017,3,1.06,62.76,79.45,46.07,74.18,Healthy
Paktika,2017,4,-0.2,19.02,31.35,6.68,30.54,Moderate drought
Paktika,2017,5,-1.66,16.11,31.59,0.62,10.49,Severe drought
Paktika,2017,6,-1.72,12.08,24.15,0.0,8.19,Severe drought
Paktika,2017,7,0.53,7.28,9.64,4.93,38.78,Moderate drought
Paktika,2017,8,0.4,6.56,13.12,0.0,36.0,Moderate drought
Paktika,2017,9,0.49,9.89,0.62,19.17,39.29,Moderate drought
Paktika,2017,10,-0.6,7.05,14.09,0.0,17.31,Severe drought
Paktika,2017,11,0.85,6.58,10.21,2.94,43.44,Normal
Paktika,2017,12,1.31,30.18,0.0,60.37,60.34,Healthy
Paktika,2018,1,-0.02,41.91,83.81,0.0,45.53,Normal
Paktika,2018,2,0.14,66.01,89.74,42.27,60.69,Healthy
Paktika,2018,3,-0.2,55.57,80.85,30.29,48.78,Normal
Paktika,2018,4,0.21,60.27,43.99,76.55,59.21,Normal
Paktika,2018,5,-0.08,41.99,24.58,59.39,44.38,Normal
Paktika,2018,6,-0.04,15.2,17.84,12.56,31.85,Moderate drought
Paktika,2018,7,0.22,2.03,0.0,4.07,30.38,Moderate drought
Paktika,2018,8,-0.31,7.24,0.0,14.48,22.47,Severe drought
Paktika,2018,9,-0.51,26.93,0.0,53.86,28.65,Moderate drought
Paktika,2018,10,-0.31,44.12,0.0,88.24,41.01,Normal
Paktika,2018,11,0.22,12.81,6.31,19.3,35.82,Moderate drought
Paktika,2018,12,0.35,30.49,4.95,56.03,47.05,Normal
Paktika,2019,1,0.46,56.99,78.17,35.81,62.43,Healthy
Paktika,2019,2,1.1,50.0,0.0,100.0,68.26,Healthy
Paktika,2019,3,1.78,46.07,0.0,92.13,71.15,Healthy
Paktika,2019,4,1.7,65.65,34.74,96.55,80.58,Healthy
Paktika,2019,5,1.61,73.72,76.03,71.4,84.18,Healthy
Paktika,2019,6,1.36,64.01,76.94,51.08,77.67,Healthy
Paktika,2019,7,0.79,37.24,72.7,1.79,57.87,Normal
Paktika,2019,8,0.76,44.2,74.57,13.83,60.92,Healthy
Paktika,2019,9,0.59,49.22,67.96,30.47,60.73,Healthy
Paktika,2019,10,0.66,78.99,100.0,57.97,76.78,Healthy
Paktika,2019,11,1.6,84.76,69.53,100.0,89.63,Healthy
Paktika,2019,12,0.71,78.92,71.36,86.49,77.57,Healthy
Paktika,2020,1,1.43,50.0,0.0,100.0,71.15,Healthy
Paktika,2020,2,0.29,52.64,40.48,64.8,57.09,Normal
Paktika,2020,3,1.47,97.01,94.03,100.0,95.0,Healthy
Paktika,2020,4,1.06,100.0,100.0,100.0,92.75,Healthy
Paktika,2020,5,1.95,76.84,100.0,53.67,87.13,Healthy
Paktika,2020,6,1.49,73.67,100.0,47.35,83.41,Healthy
Paktika,2020,7,0.41,50.0,100.0,0.0,57.88,Normal
Paktika,2020,8,-0.5,56.03,100.0,12.06,43.39,Normal
Paktika,2020,9,-0.57,63.14,87.68,38.6,45.87,Normal
Paktika,2020,10,-0.12,89.32,96.42,82.22,67.31,Healthy
Paktika,2020,11,1.09,96.16,100.0,92.31,91.16,Healthy
Paktika,2020,12,0.74,100.0,100.0,100.0,88.52,Healthy
Paktika,2021,1,-0.71,52.59,100.0,5.17,38.17,Moderate drought
Paktika,2021,2,-2.14,50.0,100.0,0.0,25.81,Severe drought
Paktika,2021,3,-2.14,54.36,85.53,23.2,28.0,Moderate drought
Paktika,2021,4,-1.19,34.0,30.94,37.05,22.88,Severe drought
Paktika,2021,5,-0.09,35.48,25.22,45.73,41.04,Normal
Paktika,2021,6,0.18,18.22,22.58,13.85,37.6,Moderate drought
Paktika,2021,7,1.32,18.59,15.33,21.85,54.62,Normal
Paktika,2021,8,0.95,18.31,26.81,9.8,50.54,Normal
Paktika,2021,9,0.92,24.72,17.67,31.77,53.39,Normal
Paktika,2021,10,0.06,51.25,27.61,74.88,51.85,Normal
Paktika,2021,11,-1.25,0.0,0.0,0.0,5.32,Severe drought
Paktika,2021,12,-1.12,30.58,3.68,57.47,21.89,Severe drought
Paktika,2022,1,1.24,57.25,56.21,58.29,73.24,Healthy
Paktika,2022,2,0.1,57.38,79.06,35.7,55.78,Normal
Paktika,2022,3,-0.09,43.62,87.24,0.0,44.97,Normal
Paktika,2022,4,-1.96,5.96,11.91,0.0,4.24,Severe drought
Paktika,2022,5,-1.51,5.98,0.0,11.96,6.24,Severe drought
Paktika,2022,6,-1.56,19.66,0.0,39.33,12.78,Severe drought
Paktika,2022,7,1.44,54.46,8.91,100.0,73.46,Healthy
Paktika,2022,8,2.65,87.59,75.18,100.0,93.59,Healthy
Paktika,2022,9,2.75,95.49,100.0,90.97,97.6,Healthy
Paktika,2022,10,2.12,83.95,97.46,70.44,91.13,Healthy
Paktika,2022,11,0.29,60.07,67.7,52.44,60.74,Healthy
Paktika,2022,12,-0.72,75.05,55.76,94.34,49.34,Normal
Paktika,2023,1,-1.05,68.25,71.62,64.87,41.46,Normal
Paktika,2023,2,-1.76,64.22,86.64,41.81,34.09,Moderate drought
Paktika,2023,3,-0.58,79.33,100.0,58.65,53.73,Normal
Paktika,2023,4,-0.73,82.75,75.75,89.74,53.03,Normal
Paktika,2023,5,0.49,91.72,83.45,100.0,80.34,Healthy
Paktika,2023,6,0.24,90.41,80.83,100.0,74.9,Healthy
Paktika,2023,7,1.86,85.84,82.02,89.66,91.36,Healthy
Paktika,2023,8,0.65,56.17,77.66,34.69,65.23,Healthy
Paktika,2023,9,-0.01,78.56,57.13,100.0,64.08,Healthy
Paktika,2023,10,-1.48,96.8,93.61,100.0,51.87,Normal
Paktika,2023,11,0.12,41.27,51.65,30.89,47.95,Normal
Paktika,2023,12,-0.72,67.62,78.54,56.7,45.53,Normal
Paktya,2015,1,-1.36,58.08,96.21,19.94,33.37,Moderate drought
Paktya,2015,2,0.37,53.63,50.12,57.14,59.02,Normal
Paktya,2015,3,0.88,76.61,58.9,94.31,78.87,Healthy
Paktya,2015,4,0.76,16.53,0.0,33.05,47.11,Normal
Paktya,2015,5,0.53,42.99,50.12,35.85,56.58,Normal
Paktya,2015,6,0.1,48.17,42.11,54.23,51.07,Normal
Paktya,2015,7,0.78,36.72,35.94,37.51,57.42,Normal
Paktya,2015,8,0.49,36.94,52.86,21.02,52.9,Normal
Paktya,2015,9,0.67,66.04,50.56,81.52,70.51,Healthy
Paktya,2015,10,0.97,61.91,70.76,53.06,72.65,Healthy
Paktya,2015,11,1.05,80.39,84.94,75.85,82.89,Healthy
Paktya,2015,12,0.33,67.75,89.85,45.64,65.29,Healthy
Paktya,2016,1,0.29,65.46,95.88,35.04,63.35,Healthy
Paktya,2016,2,-1.63,48.74,90.0,7.48,26.97,Moderate drought
Paktya,2016,3,-0.33,82.81,81.36,84.25,59.87,Normal
Paktya,2016,4,-0.23,66.21,57.07,75.35,53.63,Normal
Paktya,2016,5,1.27,38.06,76.12,0.0,63.97,Healthy
Paktya,2016,6,1.34,49.92,53.11,46.72,70.46,Healthy
Paktya,2016,7,1.6,30.87,41.9,19.85,62.7,Healthy
Paktya,2016,8,0.75,46.37,57.48,35.27,61.89,Healthy
Paktya,2016,9,0.78,19.49,38.98,0.0,48.84,Normal
Paktya,2016,10,0.56,28.02,26.72,29.32,49.68,Normal
Paktya,2016,11,-0.01,40.31,68.19,12.43,44.89,Normal
Paktya,2016,12,-0.61,39.69,79.37,0.0,33.36,Moderate drought
Paktya,2017,1,0.98,51.89,43.5,60.28,67.82,Healthy
Paktya,2017,2,1.82,50.21,21.43,78.98,73.38,Healthy
Paktya,2017,3,1.25,66.19,63.04,69.34,77.84,Healthy
Paktya,2017,4,0.16,18.78,16.13,21.43,37.5,Moderate drought
Paktya,2017,5,-1.34,40.19,54.98,25.4,24.62,Severe drought
Paktya,2017,6,-1.09,29.69,49.71,9.66,21.79,Severe drought
Paktya,2017,7,1.74,36.62,37.28,35.96,66.27,Healthy
Paktya,2017,8,1.91,27.95,36.92,18.99,62.57,Healthy
Paktya,2017,9,2.01,25.4,19.47,31.32,61.58,Healthy
Paktya,2017,10,-0.33,9.91,19.83,0.0,23.58,Severe drought
Paktya,2017,11,0.48,23.17,32.68,13.67,45.89,Normal
Paktya,2017,12,1.25,40.19,27.32,53.07,64.84,Healthy
Paktya,2018,1,0.35,50.0,100.0,0.0,56.75,Normal
Paktya,2018,2,0.36,56.94,74.81,39.06,60.42,Healthy
Paktya,2018,3,-0.01,57.57,84.98,30.17,53.66,Normal
Paktya,2018,4,0.25,57.98,47.64,68.32,58.96,Normal
Paktya,2018,5,0.33,49.62,36.49,62.75,56.21,Normal
Paktya,2018,6,0.85,14.62,29.24,0.0,47.47,Normal
Paktya,2018,7,1.64,4.57,0.0,9.13,49.77,Normal
Paktya,2018,8,0.85,0.0,0.0,0.0,40.06,Normal
Paktya,2018,9,0.27,24.25,0.0,48.5,42.52,Normal
Paktya,2018,10,0.8,50.0,0.0,100.0,64.37,Healthy
Paktya,2018,11,1.01,50.38,58.45,42.3,67.32,Healthy
Paktya,2018,12,1.18,42.33,44.46,40.21,65.25,Healthy
Paktya,2019,1,0.97,50.37,21.9,78.85,66.83,Healthy
Paktya,2019,2,1.38,50.0,0.0,100.0,70.82,Healthy
Paktya,2019,3,1.3,50.0,0.0,100.0,70.17,Healthy
Paktya,2019,4,1.14,55.04,10.08,100.0,71.12,Healthy
Paktya,2019,5,0.62,73.23,73.43,73.03,73.18,Healthy
Paktya,2019,6,0.45,85.2,76.45,93.96,76.31,Healthy
Paktya,2019,7,0.17,28.92,57.84,0.0,42.9,Normal
Paktya,2019,8,0.66,47.97,74.01,21.93,61.32,Healthy
Paktya,2019,9,0.35,45.16,66.33,24.0,54.38,Normal
Paktya,2019,10,0.68,83.7,91.99,75.41,79.36,Healthy
Paktya,2019,11,1.48,90.75,81.5,100.0,91.9,Healthy
Paktya,2019,12,0.67,43.51,24.42,62.61,59.19,Normal
Paktya,2020,1,1.46,50.0,0.0,100.0,71.41,Healthy
Paktya,2020,2,0.1,50.98,46.54,55.43,52.55,Normal
Paktya,2020,3,1.6,77.28,66.12,88.44,85.88,Healthy
Paktya,2020,4,1.52,84.39,70.35,98.43,89.0,Healthy
Paktya,2020,5,2.27,86.55,100.0,73.1,92.69,Healthy
Paktya,2020,6,1.87,100.0,100.0,100.0,98.47,Healthy
Paktya,2020,7,0.07,68.51,100.0,37.03,60.75,Healthy
Paktya,2020,8,-0.87,64.13,100.0,28.26,41.61,Normal
Paktya,2020,9,-0.94,73.53,99.1,47.96,45.48,Normal
Paktya,2020,10,-0.89,57.98,67.57,48.39,38.29,Moderate drought
Paktya,2020,11,1.54,47.8,0.0,95.59,70.8,Healthy
Paktya,2020,12,1.14,50.0,0.0,100.0,68.69,Healthy
Paktya,2021,1,0.15,53.96,85.51,22.41,54.88,Normal
Paktya,2021,2,-1.94,50.0,100.0,0.0,26.32,Moderate drought
Paktya,2021,3,-1.36,68.56,95.76,41.36,38.59,Moderate drought
Paktya,2021,4,-0.67,48.83,51.43,46.24,37.01,Moderate drought
Paktya,2021,5,0.15,62.89,60.63,65.15,59.39,Normal
Paktya,2021,6,-0.01,20.98,34.99,6.97,35.22,Moderate drought
Paktya,2021,7,1.43,33.25,31.62,34.88,62.78,Healthy
Paktya,2021,8,1.36,31.18,44.34,18.01,61.27,Healthy
Paktya,2021,9,1.56,26.51,30.94,22.08,60.28,Healthy
Paktya,2021,10,0.62,33.92,31.11,36.73,53.65,Normal
Paktya,2021,11,-0.17,26.17,52.34,0.0,34.63,Moderate drought
Paktya,2021,12,-0.02,52.7,49.77,55.62,50.99,Normal
Paktya,2022,1,1.03,47.94,24.04,71.83,66.38,Healthy
Paktya,2022,2,0.06,53.24,58.57,47.91,52.72,Normal
Paktya,2022,3,-0.56,45.59,91.18,0.0,37.14,Moderate drought
Paktya,2022,4,-2.03,21.09,42.18,0.0,11.6,Severe drought
Paktya,2022,5,-1.75,0.93,0.0,1.86,2.47,Severe drought
Paktya,2022,6,-1.57,23.31,0.0,46.62,14.57,Severe drought
Paktya,2022,7,0.66,64.9,29.81,100.0,69.66,Healthy
Paktya,2022,8,1.88,93.52,87.05,100.0,95.24,Healthy
Paktya,2022,9,1.67,100.0,100.0,100.0,97.61,Healthy
Paktya,2022,10,1.4,43.2,55.31,31.09,67.55,Healthy
Paktya,2022,11,0.27,73.18,95.4,50.97,66.85,Healthy
Paktya,2022,12,-0.15,78.17,91.26,65.07,61.12,Healthy
Paktya,2023,1,-0.18,64.92,35.96,93.87,53.86,Normal
Paktya,2023,2,-1.26,57.23,58.68,55.79,33.81,Moderate drought
Paktya,2023,3,-0.69,83.68,100.0,67.36,54.07,Normal
Paktya,2023,4,-1.18,86.9,100.0,73.79,49.37,Normal
Paktya,2023,5,-0.63,94.51,89.03,100.0,60.43,Healthy
Paktya,2023,6,-1.44,85.36,74.35,96.36,46.42,Normal
Paktya,2023,7,0.02,79.17,71.32,87.03,64.93,Healthy
Paktya,2023,8,-0.91,40.36,53.36,27.36,29.27,Moderate drought
Paktya,2023,9,-1.32,64.63,35.12,94.13,36.97,Moderate drought
Paktya,2023,10,-1.73,98.7,100.0,97.41,51.43,Normal
Paktya,2023,11,-0.99,65.81,100.0,31.63,40.94,Normal
Paktya,2023,12,-0.68,64.06,100.0,28.12,44.49,Normal
Panjsher,2015,1,-1.86,55.76,63.5,48.02,29.46,Moderate drought
Panjsher,2015,2,0.23,51.58,29.75,73.42,55.42,Normal
Panjsher,2015,3,1.25,50.0,0.0,100.0,69.68,Healthy
Panjsher,2015,4,1.15,42.81,0.0,85.63,65.13,Healthy
Panjsher,2015,5,0.78,51.13,2.25,100.0,64.66,Healthy
Panjsher,2015,6,0.03,52.96,29.61,76.31,52.13,Normal
Panjsher,2015,7,0.63,97.81,95.63,100.0,85.62,Healthy
Panjsher,2015,8,0.28,73.59,100.0,47.18,67.28,Healthy
Panjsher,2015,9,1.15,98.04,100.0,96.08,92.82,Healthy
Panjsher,2015,10,0.18,43.87,60.69,27.06,50.49,Normal
Panjsher,2015,11,1.1,65.31,30.63,100.0,75.87,Healthy
Panjsher,2015,12,0.77,40.62,36.02,45.22,59.32,Normal
Panjsher,2016,1,0.7,34.72,50.03,19.4,55.19,Normal
Panjsher,2016,2,-1.96,57.79,83.92,31.66,30.15,Moderate drought
Panjsher,2016,3,-0.28,73.6,81.29,65.91,56.34,Normal
Panjsher,2016,4,0.09,50.59,25.9,75.29,52.04,Normal
Panjsher,2016,5,1.35,39.59,42.79,36.39,65.4,Healthy
Panjsher,2016,6,0.94,72.54,100.0,45.07,77.64,Healthy
Panjsher,2016,7,0.9,41.67,58.55,24.8,61.65,Healthy
Panjsher,2016,8,0.73,43.83,37.0,50.66,60.21,Healthy
Panjsher,2016,9,-0.25,44.56,74.08,15.04,42.44,Normal
Panjsher,2016,10,-0.84,53.85,100.0,7.7,36.97,Moderate drought
Panjsher,2016,11,-0.36,59.3,100.0,18.6,47.65,Normal
Panjsher,2016,12,-0.52,34.55,69.09,0.0,32.31,Moderate drought
Panjsher,2017,1,0.73,37.61,0.21,75.01,57.25,Normal
Panjsher,2017,2,2.11,47.66,3.78,91.55,72.96,Healthy
Panjsher,2017,3,1.47,64.94,38.43,91.46,78.93,Healthy
Panjsher,2017,4,0.43,44.17,11.98,76.35,55.39,Normal
Panjsher,2017,5,-1.49,30.15,33.82,26.49,18.49,Severe drought
Panjsher,2017,6,-0.91,39.74,79.48,0.0,28.93,Moderate drought
Panjsher,2017,7,0.52,23.88,47.75,0.0,46.9,Normal
Panjsher,2017,8,1.22,19.26,20.52,17.99,54.1,Normal
Panjsher,2017,9,1.85,65.21,49.4,81.02,80.99,Healthy
Panjsher,2017,10,-0.69,44.62,89.24,0.0,34.56,Moderate drought
Panjsher,2017,11,-0.29,43.51,87.02,0.0,41.09,Normal
Panjsher,2017,12,-0.01,47.47,21.28,73.67,48.55,Normal
Panjsher,2018,1,-0.86,50.0,100.0,0.0,34.72,Moderate drought
Panjsher,2018,2,-0.52,53.39,46.98,59.8,41.86,Normal
Panjsher,2018,3,-0.22,43.94,63.38,24.49,42.58,Normal
Panjsher,2018,4,0.32,63.48,53.44,73.52,63.03,Healthy
Panjsher,2018,5,0.89,49.81,4.77,94.86,65.63,Healthy
Panjsher,2018,6,1.27,46.35,56.97,35.73,68.08,Healthy
Panjsher,2018,7,2.11,15.6,17.61,13.59,56.92,Normal
Panjsher,2018,8,1.99,0.0,0.0,0.0,48.85,Normal
Panjsher,2018,9,1.09,60.11,42.8,77.42,73.11,Healthy
Panjsher,2018,10,3.21,50.0,0.0,100.0,74.97,Healthy
Panjsher,2018,11,2.05,61.02,45.66,76.37,79.5,Healthy
Panjsher,2018,12,1.8,38.81,42.46,35.16,67.63,Healthy
Panjsher,2019,1,0.61,50.4,0.8,100.0,61.65,Healthy
Panjsher,2019,2,1.37,50.0,0.0,100.0,70.77,Healthy
Panjsher,2019,3,1.4,49.04,5.1,92.97,70.48,Healthy
Panjsher,2019,4,1.45,64.63,29.26,100.0,78.61,Healthy
Panjsher,2019,5,0.67,48.0,8.22,87.77,61.41,Healthy
Panjsher,2019,6,0.86,50.0,0.0,100.0,65.22,Healthy
Panjsher,2019,7,-0.23,34.29,40.14,28.44,37.51,Moderate drought
Panjsher,2019,8,0.98,44.34,60.59,28.08,64.05,Healthy
Panjsher,2019,9,0.05,42.68,72.09,13.28,47.26,Normal
Panjsher,2019,10,1.05,48.83,43.14,54.52,67.02,Healthy
Panjsher,2019,11,1.47,67.83,42.81,92.85,80.36,Healthy
Panjsher,2019,12,0.9,42.24,41.01,43.47,61.88,Healthy
Panjsher,2020,1,0.79,42.4,4.51,80.29,60.52,Healthy
Panjsher,2020,2,-0.24,39.62,52.39,26.84,39.98,Moderate drought
Panjsher,2020,3,0.38,69.8,81.77,57.84,67.23,Healthy
Panjsher,2020,4,0.9,54.66,31.82,77.5,68.08,Healthy
Panjsher,2020,5,1.38,47.53,0.0,95.06,69.58,Healthy
Panjsher,2020,6,1.81,57.81,34.11,81.5,77.13,Healthy
Panjsher,2020,7,1.14,95.66,100.0,91.32,91.43,Healthy
Panjsher,2020,8,0.64,52.72,92.29,13.16,63.36,Healthy
Panjsher,2020,9,0.65,92.12,97.49,86.76,83.14,Healthy
Panjsher,2020,10,-0.72,51.84,78.45,25.22,37.69,Moderate drought
Panjsher,2020,11,0.95,41.24,0.0,82.47,62.01,Healthy
Panjsher,2020,12,0.64,50.0,0.0,100.0,61.99,Healthy
Panjsher,2021,1,0.02,28.11,43.69,12.53,39.47,Moderate drought
Panjsher,2021,2,-2.35,50.0,100.0,0.0,25.46,Severe drought
Panjsher,2021,3,-0.78,71.6,79.17,64.02,46.67,Normal
Panjsher,2021,4,-0.52,57.94,27.95,87.92,43.98,Normal
Panjsher,2021,5,0.38,57.98,26.82,89.14,61.41,Healthy
Panjsher,2021,6,-0.59,62.88,92.18,33.58,45.34,Normal
Panjsher,2021,7,0.04,56.9,70.91,42.89,54.27,Normal
Panjsher,2021,8,0.03,35.22,46.29,24.15,43.26,Normal
Panjsher,2021,9,0.03,34.02,68.03,0.0,42.64,Normal
Panjsher,2021,10,0.31,60.24,95.17,25.31,61.21,Healthy
Panjsher,2021,11,-0.69,56.46,66.34,46.59,40.51,Normal
Panjsher,2021,12,-0.25,57.75,55.98,59.52,48.92,Normal
Panjsher,2022,1,0.24,31.18,0.0,62.36,45.43,Normal
Panjsher,2022,2,0.07,52.51,45.86,59.16,52.61,Normal
Panjsher,2022,3,-0.29,49.03,98.06,0.0,43.86,Normal
Panjsher,2022,4,-1.16,50.0,100.0,0.0,31.1,Moderate drought
Panjsher,2022,5,-0.74,50.0,100.0,0.0,36.44,Moderate drought
Panjsher,2022,6,-0.8,48.88,89.38,8.38,35.0,Moderate drought
Panjsher,2022,7,0.38,9.29,0.0,18.57,37.11,Moderate drought
Panjsher,2022,8,1.29,60.81,21.62,100.0,75.48,Healthy
Panjsher,2022,9,1.43,95.71,93.57,97.85,94.02,Healthy
Panjsher,2022,10,-0.4,44.85,79.87,9.83,39.65,Moderate drought
Panjsher,2022,11,-0.0,65.78,42.58,88.97,57.82,Normal
Panjsher,2022,12,-0.5,52.18,38.8,65.57,41.44,Normal
Panjsher,2023,1,-0.08,73.2,60.02,86.37,59.96,Normal
Panjsher,2023,2,0.16,63.71,47.08,80.33,60.07,Healthy
Panjsher,2023,3,-0.63,72.55,100.0,45.09,49.42,Normal
Panjsher,2023,4,-1.48,60.24,48.33,72.14,33.62,Moderate drought
Panjsher,2023,5,-2.27,60.13,32.13,88.13,30.65,Moderate drought
Panjsher,2023,6,-1.78,57.94,72.98,42.91,30.86,Moderate drought
Panjsher,2023,7,-0.47,56.46,17.29,95.64,44.13,Normal
Panjsher,2023,8,-0.33,26.23,8.53,43.94,31.73,Moderate drought
Panjsher,2023,9,0.15,50.0,0.0,100.0,52.97,Normal
Panjsher,2023,10,-0.52,56.17,61.43,50.92,43.24,Normal
Panjsher,2023,11,-1.33,61.56,87.8,35.31,35.39,Moderate drought
Panjsher,2023,12,-1.57,50.53,100.0,1.06,28.2,Moderate drought
Parwan,2015,1,-1.63,59.49,78.27,40.71,32.33,Moderate drought
Parwan,2015,2,0.04,58.21,47.79,68.63,54.97,Normal
Parwan,2015,3,1.03,69.31,42.75,95.88,77.05,Healthy
Parwan,2015,4,1.15,34.55,12.15,56.95,60.98,Healthy
Parwan,2015,5,1.08,72.38,57.76,87.01,79.15,Healthy
Parwan,2015,6,0.64,70.26,87.61,52.92,72.06,Healthy
Parwan,2015,7,1.02,53.62,72.39,34.84,69.1,Healthy
Parwan,2015,8,-0.41,43.44,67.03,19.85,38.69,Moderate drought
Parwan,2015,9,0.52,79.87,62.08,97.65,74.91,Healthy
Parwan,2015,10,0.68,65.51,92.21,38.82,70.37,Healthy
Parwan,2015,11,1.55,74.92,49.96,99.88,84.43,Healthy
Parwan,2015,12,1.07,48.94,46.97,50.91,67.36,Healthy
Parwan,2016,1,0.92,53.64,68.55,38.73,67.94,Healthy
Parwan,2016,2,-1.5,59.04,77.86,40.22,32.85,Moderate drought
Parwan,2016,3,-0.12,76.74,79.3,74.18,61.02,Healthy
Parwan,2016,4,0.04,51.17,21.81,80.53,51.32,Normal
Parwan,2016,5,1.16,62.52,100.0,25.05,75.13,Healthy
Parwan,2016,6,0.92,73.39,87.26,59.52,77.77,Healthy
Parwan,2016,7,1.02,40.66,53.48,27.83,62.65,Healthy
Parwan,2016,8,0.39,41.76,47.33,36.2,53.43,Normal
Parwan,2016,9,-0.57,23.05,46.11,0.0,25.75,Severe drought
Parwan,2016,10,-0.9,44.3,56.89,31.7,31.33,Moderate drought
Parwan,2016,11,0.32,50.4,100.0,0.8,56.5,Normal
Parwan,2016,12,-0.17,36.75,73.5,0.0,39.94,Moderate drought
Parwan,2017,1,0.98,57.47,38.06,76.88,70.5,Healthy
Parwan,2017,2,2.33,43.82,0.0,87.65,71.41,Healthy
Parwan,2017,3,1.63,55.39,36.69,74.09,75.11,Healthy
Parwan,2017,4,0.7,22.98,2.43,43.53,49.38,Normal
Parwan,2017,5,-1.04,19.83,39.65,0.0,17.36,Severe drought
Parwan,2017,6,-0.67,26.75,53.49,0.0,25.99,Severe drought
Parwan,2017,7,0.61,21.65,39.78,3.52,47.3,Normal
Parwan,2017,8,1.81,18.57,33.03,4.12,57.53,Normal
Parwan,2017,9,2.65,41.54,31.16,51.91,70.57,Healthy
Parwan,2017,10,-1.15,24.03,48.05,0.0,18.28,Severe drought
Parwan,2017,11,0.43,36.6,69.26,3.93,51.54,Normal
Parwan,2017,12,0.8,46.08,37.25,54.9,62.5,Healthy
Parwan,2018,1,-0.2,50.0,100.0,0.0,45.96,Normal
Parwan,2018,2,-0.01,54.98,56.74,53.22,52.31,Normal
Parwan,2018,3,0.43,45.06,79.06,11.06,55.77,Normal
Parwan,2018,4,0.87,58.27,53.32,63.21,69.58,Healthy
Parwan,2018,5,1.15,50.0,0.0,100.0,68.7,Healthy
Parwan,2018,6,1.18,43.32,54.27,32.36,65.76,Healthy
Parwan,2018,7,1.79,12.13,21.46,2.8,54.23,Normal
Parwan,2018,8,1.7,4.64,9.27,0.0,50.1,Normal
Parwan,2018,9,0.59,42.65,22.46,62.84,57.39,Normal
Parwan,2018,10,2.96,58.66,17.32,100.0,79.25,Healthy
Parwan,2018,11,1.13,57.11,67.87,46.34,72.12,Healthy
Parwan,2018,12,1.67,39.77,43.17,36.37,67.5,Healthy
Parwan,2019,1,1.6,61.58,33.46,89.7,78.07,Healthy
Parwan,2019,2,2.16,52.9,5.79,100.0,75.69,Healthy
Parwan,2019,3,1.76,50.0,0.0,100.0,73.05,Healthy
Parwan,2019,4,1.43,50.0,0.0,100.0,71.16,Healthy
Parwan,2019,5,0.51,67.94,41.5,94.39,68.66,Healthy
Parwan,2019,6,0.5,98.04,96.09,100.0,83.62,Healthy
Parwan,2019,7,-0.27,50.0,100.0,0.0,44.67,Normal
Parwan,2019,8,1.46,58.66,96.56,20.76,75.7,Healthy
Parwan,2019,9,0.71,50.59,86.12,15.06,63.29,Healthy
Parwan,2019,10,1.05,99.03,100.0,98.05,92.13,Healthy
Parwan,2019,11,1.46,82.91,66.7,99.12,87.82,Healthy
Parwan,2019,12,0.7,46.62,43.07,50.17,61.18,Healthy
Parwan,2020,1,1.19,50.0,0.0,100.0,69.19,Healthy
Parwan,2020,2,0.2,48.71,43.42,54.01,53.25,Normal
Parwan,2020,3,1.0,69.29,61.3,77.28,76.69,Healthy
Parwan,2020,4,1.36,57.25,21.33,93.17,74.27,Healthy
Parwan,2020,5,1.82,69.98,49.87,90.09,83.26,Healthy
Parwan,2020,6,2.11,90.08,100.0,80.16,94.17,Healthy
Parwan,2020,7,1.33,79.66,95.18,64.14,85.2,Healthy
Parwan,2020,8,0.47,62.34,100.0,24.68,65.14,Healthy
Parwan,2020,9,0.42,93.45,100.0,86.9,79.91,Healthy
Parwan,2020,10,-0.71,61.51,64.83,58.19,42.69,Normal
Parwan,2020,11,1.54,50.0,0.0,100.0,71.94,Healthy
Parwan,2020,12,1.34,50.0,0.0,100.0,70.52,Healthy
Parwan,2021,1,0.27,47.65,70.64,24.66,54.07,Normal
Parwan,2021,2,-1.93,50.0,100.0,0.0,26.34,Moderate drought
Parwan,2021,3,-0.68,73.11,87.18,59.05,48.98,Normal
Parwan,2021,4,-0.26,45.85,39.82,51.88,42.81,Normal
Parwan,2021,5,0.54,68.19,54.99,81.4,69.29,Healthy
Parwan,2021,6,-0.07,41.77,60.66,22.89,44.48,Normal
Parwan,2021,7,0.51,41.58,44.95,38.21,55.58,Normal
Parwan,2021,8,0.7,27.08,40.27,13.9,51.42,Normal
Parwan,2021,9,1.48,24.31,36.74,11.89,58.7,Normal
Parwan,2021,10,0.66,40.18,48.76,31.59,57.32,Normal
Parwan,2021,11,-0.7,47.01,94.01,0.0,35.62,Moderate drought
Parwan,2021,12,0.09,60.22,67.46,52.99,56.99,Normal
Parwan,2022,1,0.74,52.94,29.18,76.69,65.01,Healthy
Parwan,2022,2,0.36,49.59,42.76,56.42,56.75,Normal
Parwan,2022,3,-0.26,50.0,100.0,0.0,44.89,Normal
Parwan,2022,4,-1.13,50.0,100.0,0.0,31.5,Moderate drought
Parwan,2022,5,-0.78,15.54,13.18,17.9,18.69,Severe drought
Parwan,2022,6,-0.68,18.94,0.0,37.88,21.93,Severe drought
Parwan,2022,7,0.28,19.39,0.0,38.79,40.13,Normal
Parwan,2022,8,0.55,50.0,0.0,100.0,60.51,Healthy
Parwan,2022,9,1.04,65.11,32.9,97.33,75.07,Healthy
Parwan,2022,10,-0.33,6.11,0.0,12.22,21.65,Severe drought
Parwan,2022,11,-0.0,61.1,69.65,52.56,55.54,Normal
Parwan,2022,12,-0.28,58.0,64.47,51.52,48.46,Normal
Parwan,2023,1,0.04,77.25,76.52,77.98,64.41,Healthy
Parwan,2023,2,0.14,58.86,51.94,65.78,57.3,Normal
Parwan,2023,3,-0.39,69.59,95.52,43.65,52.15,Normal
Parwan,2023,4,-1.24,63.3,64.54,62.05,37.0,Moderate drought
Parwan,2023,5,-1.75,53.33,12.64,94.03,28.66,Moderate drought
Parwan,2023,6,-1.9,36.78,16.02,57.55,19.83,Severe drought
Parwan,2023,7,-0.59,55.11,10.23,100.0,41.45,Normal
Parwan,2023,8,-0.53,24.65,8.28,41.03,27.19,Moderate drought
Parwan,2023,9,-0.02,50.0,0.0,100.0,49.69,Normal
Parwan,2023,10,-0.06,66.87,34.96,98.79,57.3,Normal
Parwan,2023,11,-0.47,51.02,93.01,9.03,41.38,Normal
Parwan,2023,12,-0.68,56.22,100.0,12.44,40.53,Normal
Samangan,2015,1,-0.65,64.39,83.92,44.86,45.11,Normal
Samangan,2015,2,0.76,55.36,42.39,68.34,66.57,Healthy
Samangan,2015,3,0.73,63.69,27.38,100.0,70.23,Healthy
Samangan,2015,4,0.46,76.6,91.77,61.43,72.24,Healthy
Samangan,2015,5,-0.33,92.37,97.49,87.24,64.64,Healthy
Samangan,2015,6,-0.52,59.11,86.3,31.93,44.68,Normal
Samangan,2015,7,-0.03,77.6,100.0,55.21,63.3,Healthy
Samangan,2015,8,-0.81,76.81,99.31,54.31,48.84,Normal
Samangan,2015,9,0.39,79.22,80.59,77.84,72.2,Healthy
Samangan,2015,10,0.16,49.37,64.85,33.89,52.87,Normal
Samangan,2015,11,1.69,81.16,100.0,62.32,88.28,Healthy
Samangan,2015,12,0.83,59.24,53.7,64.77,69.39,Healthy
Samangan,2016,1,1.15,68.27,86.5,50.04,77.91,Healthy
Samangan,2016,2,-1.32,54.35,79.91,28.79,31.89,Moderate drought
Samangan,2016,3,-0.18,69.01,93.85,44.18,55.95,Normal
Samangan,2016,4,-0.55,64.93,70.24,59.63,46.98,Normal
Samangan,2016,5,0.32,55.83,76.2,35.45,59.23,Normal
Samangan,2016,6,-0.38,51.34,58.8,43.88,43.25,Normal
Samangan,2016,7,-0.31,58.52,59.51,57.53,48.2,Normal
Samangan,2016,8,0.78,36.67,56.0,17.33,57.45,Normal
Samangan,2016,9,-0.32,23.01,46.01,0.0,30.18,Moderate drought
Samangan,2016,10,-1.53,41.17,31.72,50.62,23.72,Severe drought
Samangan,2016,11,0.18,53.31,71.23,35.38,55.29,Normal
Samangan,2016,12,0.3,51.16,100.0,2.33,56.41,Normal
Samangan,2017,1,0.78,70.22,67.69,72.74,74.22,Healthy
Samangan,2017,2,2.28,46.08,0.0,92.16,72.48,Healthy
Samangan,2017,3,1.43,58.94,39.73,78.15,75.68,Healthy
Samangan,2017,4,0.76,53.34,51.66,55.02,65.44,Healthy
Samangan,2017,5,-1.34,30.3,60.6,0.0,19.63,Severe drought
Samangan,2017,6,-0.99,27.98,55.96,0.0,22.06,Severe drought
Samangan,2017,7,-0.21,38.63,61.54,15.72,40.07,Normal
Samangan,2017,8,0.42,29.28,58.56,0.0,47.81,Normal
Samangan,2017,9,2.23,55.39,42.27,68.52,77.04,Healthy
Samangan,2017,10,-1.5,6.98,13.97,0.0,6.85,Severe drought
Samangan,2017,11,-0.94,36.51,73.03,0.0,26.97,Moderate drought
Samangan,2017,12,-1.52,45.72,72.52,18.91,26.09,Moderate drought
Samangan,2018,1,-1.89,50.0,100.0,0.0,26.45,Moderate drought
Samangan,2018,2,-1.11,54.13,36.48,71.77,33.79,Moderate drought
Samangan,2018,3,0.69,22.82,44.09,1.56,49.14,Normal
Samangan,2018,4,0.64,53.25,42.53,63.98,63.55,Healthy
Samangan,2018,5,0.96,84.52,69.05,100.0,83.81,Healthy
Samangan,2018,6,-0.29,64.11,75.48,52.74,51.26,Normal
Samangan,2018,7,0.42,46.1,69.59,22.61,56.26,Normal
Samangan,2018,8,-0.56,67.05,62.07,72.03,47.85,Normal
Samangan,2018,9,0.17,65.36,59.73,71.0,61.05,Healthy
Samangan,2018,10,1.66,68.81,37.62,100.0,81.99,Healthy
Samangan,2018,11,0.9,76.44,71.88,81.0,79.04,Healthy
Samangan,2018,12,1.0,42.52,75.18,9.85,63.37,Healthy
Samangan,2019,1,2.26,59.36,38.4,80.32,79.09,Healthy
Samangan,2019,2,2.6,52.4,4.81,100.0,75.97,Healthy
Samangan,2019,3,2.06,39.23,0.0,78.45,68.63,Healthy
Samangan,2019,4,1.81,100.0,100.0,100.0,98.23,Healthy
Samangan,2019,5,0.69,79.4,97.08,61.72,77.44,Healthy
Samangan,2019,6,1.55,100.0,100.0,100.0,96.98,Healthy
Samangan,2019,7,-0.01,49.62,99.23,0.0,49.58,Normal
Samangan,2019,8,1.43,78.23,100.0,56.47,85.27,Healthy
Samangan,2019,9,0.04,71.85,96.83,46.88,61.74,Healthy
Samangan,2019,10,0.97,75.75,100.0,51.51,79.55,Healthy
Samangan,2019,11,1.17,85.11,99.94,70.29,86.47,Healthy
Samangan,2019,12,0.67,43.58,85.3,1.85,59.26,Normal
Samangan,2020,1,0.55,60.2,45.78,74.61,65.6,Healthy
Samangan,2020,2,-0.23,48.72,79.4,18.04,44.86,Normal
Samangan,2020,3,-0.23,54.56,15.8,93.31,47.7,Normal
Samangan,2020,4,0.37,67.08,57.43,76.72,65.78,Healthy
Samangan,2020,5,0.95,93.07,100.0,86.14,87.99,Healthy
Samangan,2020,6,1.72,70.47,93.19,47.75,83.08,Healthy
Samangan,2020,7,1.62,92.16,98.98,85.34,93.46,Healthy
Samangan,2020,8,0.92,49.84,96.16,3.52,66.04,Healthy
Samangan,2020,9,2.39,98.02,100.0,96.05,98.59,Healthy
Samangan,2020,10,-0.13,55.34,39.07,71.6,50.11,Normal
Samangan,2020,11,1.36,50.0,0.0,100.0,70.66,Healthy
Samangan,2020,12,1.71,50.0,0.0,100.0,72.82,Healthy
Samangan,2021,1,0.85,34.31,27.27,41.35,57.27,Normal
Samangan,2021,2,-1.16,50.0,100.0,0.0,31.19,Moderate drought
Samangan,2021,3,-0.42,70.22,53.36,87.09,52.01,Normal
Samangan,2021,4,-0.41,34.82,36.79,32.84,34.44,Moderate drought
Samangan,2021,5,0.47,53.22,55.15,51.29,60.71,Healthy
Samangan,2021,6,-0.64,37.91,55.07,20.76,32.02,Moderate drought
Samangan,2021,7,0.33,64.29,61.03,67.55,63.63,Healthy
Samangan,2021,8,-0.95,39.31,60.26,18.36,28.21,Moderate drought
Samangan,2021,9,-0.25,38.17,42.04,34.3,39.07,Moderate drought
Samangan,2021,10,-1.22,55.0,25.17,84.82,33.06,Moderate drought
Samangan,2021,11,-1.08,70.19,87.0,53.38,42.08,Normal
Samangan,2021,12,-1.13,63.26,87.52,38.99,38.05,Moderate drought
Samangan,2022,1,-0.16,75.88,93.73,58.03,59.81,Normal
Samangan,2022,2,-0.52,57.81,47.76,67.85,43.92,Normal
Samangan,2022,3,-0.96,50.0,100.0,0.0,33.38,Moderate drought
Samangan,2022,4,-1.63,11.61,23.22,0.0,8.39,Severe drought
Samangan,2022,5,-1.14,21.95,9.05,34.86,17.33,Severe drought
Samangan,2022,6,-0.8,26.15,22.78,29.52,23.69,Severe drought
Samangan,2022,7,-0.03,46.4,23.17,69.62,47.6,Normal
Samangan,2022,8,0.37,57.5,23.62,91.38,60.9,Healthy
Samangan,2022,9,1.5,35.97,14.37,57.56,64.63,Healthy
Samangan,2022,10,-0.1,34.09,12.33,55.85,40.1,Normal
Samangan,2022,11,-0.01,72.34,89.0,55.67,61.01,Healthy
Samangan,2022,12,0.26,56.41,78.0,34.81,58.41,Normal
Samangan,2023,1,-0.16,50.0,0.0,100.0,46.92,Normal
Samangan,2023,2,0.0,68.87,87.28,50.47,59.47,Normal
Samangan,2023,3,-1.31,43.01,73.52,12.49,26.29,Moderate drought
Samangan,2023,4,-1.81,18.71,0.0,37.42,11.12,Severe drought
Samangan,2023,5,-2.64,8.69,0.0,17.38,4.55,Severe drought
Samangan,2023,6,-2.45,5.27,0.0,10.53,2.99,Severe drought
Samangan,2023,7,-1.41,50.0,0.0,100.0,28.93,Moderate drought
Samangan,2023,8,-0.82,50.0,0.0,100.0,35.33,Moderate drought
Samangan,2023,9,-0.26,50.0,0.0,100.0,44.92,Normal
Samangan,2023,10,0.69,29.11,0.0,58.22,52.32,Normal
Samangan,2023,11,-0.13,44.87,70.29,19.44,44.8,Normal
Samangan,2023,12,-0.83,40.33,80.66,0.0,30.33,Moderate drought
Sar-e-Pul,2015,1,-0.07,53.37,54.01,52.73,50.37,Normal
Sar-e-Pul,2015,2,1.22,71.53,82.16,60.9,80.18,Healthy
Sar-e-Pul,2015,3,1.13,71.53,43.06,100.0,79.35,Healthy
Sar-e-Pul,2015,4,0.59,64.1,72.1,56.09,68.24,Healthy
Sar-e-Pul,2015,5,-0.68,74.48,72.91,76.05,49.59,Normal
Sar-e-Pul,2015,6,-0.96,41.33,62.44,20.21,29.12,Moderate drought
Sar-e-Pul,2015,7,-0.53,58.94,74.53,43.35,44.36,Normal
Sar-e-Pul,2015,8,-0.43,62.43,68.76,56.11,47.81,Normal
Sar-e-Pul,2015,9,1.3,63.77,52.18,75.36,77.04,Healthy
Sar-e-Pul,2015,10,0.51,57.79,58.72,56.85,63.62,Healthy
Sar-e-Pul,2015,11,1.43,78.0,86.38,69.61,85.19,Healthy
Sar-e-Pul,2015,12,0.78,66.4,86.27,46.52,72.26,Healthy
Sar-e-Pul,2016,1,0.99,71.85,100.0,43.7,77.91,Healthy
Sar-e-Pul,2016,2,-1.42,65.79,100.0,31.58,36.82,Moderate drought
Sar-e-Pul,2016,3,-0.1,77.23,92.24,62.22,61.57,Healthy
Sar-e-Pul,2016,4,-0.24,64.24,70.88,57.61,52.41,Normal
Sar-e-Pul,2016,5,0.65,38.12,59.42,16.82,56.13,Normal
Sar-e-Pul,2016,6,0.12,46.41,54.92,37.91,50.58,Normal
Sar-e-Pul,2016,7,-0.03,44.94,47.33,42.54,46.9,Normal
Sar-e-Pul,2016,8,0.97,42.52,41.79,43.24,62.94,Healthy
Sar-e-Pul,2016,9,0.51,16.17,32.33,0.0,42.87,Normal
Sar-e-Pul,2016,10,-1.78,50.52,41.49,59.55,27.15,Moderate drought
Sar-e-Pul,2016,11,-0.12,65.72,92.95,38.49,55.55,Normal
Sar-e-Pul,2016,12,0.04,43.07,79.38,6.76,47.27,Normal
Sar-e-Pul,2017,1,0.22,47.5,13.96,81.05,53.05,Normal
Sar-e-Pul,2017,2,2.37,50.0,0.0,100.0,74.56,Healthy
Sar-e-Pul,2017,3,1.87,53.08,9.87,96.28,75.0,Healthy
Sar-e-Pul,2017,4,1.18,60.36,52.05,68.67,74.24,Healthy
Sar-e-Pul,2017,5,-0.96,34.81,69.61,0.0,25.84,Severe drought
Sar-e-Pul,2017,6,-1.17,37.78,65.58,9.98,24.93,Severe drought
Sar-e-Pul,2017,7,-0.45,59.35,66.63,52.07,46.08,Normal
Sar-e-Pul,2017,8,-0.64,35.22,60.44,10.0,30.65,Moderate drought
Sar-e-Pul,2017,9,0.53,58.41,42.44,74.39,64.26,Healthy
Sar-e-Pul,2017,10,-0.84,12.42,24.84,0.0,16.2,Severe drought
Sar-e-Pul,2017,11,-0.66,34.75,69.5,0.0,30.17,Moderate drought
Sar-e-Pul,2017,12,-1.22,40.49,62.57,18.42,25.8,Severe drought
Sar-e-Pul,2018,1,-1.81,23.76,47.53,0.0,13.65,Severe drought
Sar-e-Pul,2018,2,-1.25,40.8,20.3,61.3,25.73,Severe drought
Sar-e-Pul,2018,3,-0.19,5.76,0.0,11.52,24.02,Severe drought
Sar-e-Pul,2018,4,-0.18,26.44,0.0,52.87,34.57,Moderate drought
Sar-e-Pul,2018,5,0.2,44.34,9.29,79.4,51.13,Normal
Sar-e-Pul,2018,6,-0.35,36.29,38.12,34.45,36.29,Moderate drought
Sar-e-Pul,2018,7,0.47,20.48,35.84,5.13,44.25,Normal
Sar-e-Pul,2018,8,-0.48,41.1,30.43,51.77,36.24,Moderate drought
Sar-e-Pul,2018,9,0.74,35.78,22.59,48.97,56.44,Normal
Sar-e-Pul,2018,10,1.86,62.79,25.58,100.0,79.81,Healthy
Sar-e-Pul,2018,11,0.62,71.27,71.74,70.8,72.23,Healthy
Sar-e-Pul,2018,12,0.62,41.89,66.25,17.52,57.5,Normal
Sar-e-Pul,2019,1,1.54,51.99,28.04,75.94,72.93,Healthy
Sar-e-Pul,2019,2,1.72,71.05,60.33,81.77,83.4,Healthy
Sar-e-Pul,2019,3,1.43,58.23,23.85,92.61,75.33,Healthy
Sar-e-Pul,2019,4,1.53,100.0,100.0,100.0,96.84,Healthy
Sar-e-Pul,2019,5,1.11,100.0,100.0,100.0,93.33,Healthy
Sar-e-Pul,2019,6,1.58,100.0,100.0,100.0,97.13,Healthy
Sar-e-Pul,2019,7,0.07,49.83,99.65,0.0,51.26,Normal
Sar-e-Pul,2019,8,1.65,86.53,100.0,73.06,90.8,Healthy
Sar-e-Pul,2019,9,0.51,67.21,91.94,42.48,68.39,Healthy
Sar-e-Pul,2019,10,1.25,81.02,100.0,62.05,85.2,Healthy
Sar-e-Pul,2019,11,0.71,85.38,97.3,73.46,80.78,Healthy
Sar-e-Pul,2019,12,0.66,43.81,64.07,23.55,59.22,Normal
Sar-e-Pul,2020,1,0.6,44.07,0.21,87.92,58.35,Normal
Sar-e-Pul,2020,2,0.03,53.36,63.84,42.87,52.3,Normal
Sar-e-Pul,2020,3,-0.44,66.45,38.42,94.49,49.76,Normal
Sar-e-Pul,2020,4,0.1,74.71,68.2,81.22,64.38,Healthy
Sar-e-Pul,2020,5,0.5,94.52,99.35,89.7,81.9,Healthy
Sar-e-Pul,2020,6,1.26,62.88,89.46,36.31,76.25,Healthy
Sar-e-Pul,2020,7,1.23,85.27,100.0,70.54,87.19,Healthy
Sar-e-Pul,2020,8,1.03,50.84,99.5,2.17,67.81,Healthy
Sar-e-Pul,2020,9,1.88,92.56,100.0,85.13,94.76,Healthy
Sar-e-Pul,2020,10,0.03,73.62,79.85,67.39,62.33,Healthy
Sar-e-Pul,2020,11,1.4,50.0,0.0,100.0,70.93,Healthy
Sar-e-Pul,2020,12,1.69,50.0,0.0,100.0,72.72,Healthy
Sar-e-Pul,2021,1,0.88,31.43,11.34,51.52,56.21,Normal
Sar-e-Pul,2021,2,-1.36,38.68,77.36,0.0,23.7,Severe drought
Sar-e-Pul,2021,3,-0.92,50.7,28.51,72.89,34.26,Moderate drought
Sar-e-Pul,2021,4,-1.08,16.41,23.27,9.55,15.22,Severe drought
Sar-e-Pul,2021,5,-0.32,22.13,25.21,19.06,29.77,Moderate drought
Sar-e-Pul,2021,6,-1.18,18.35,36.7,0.0,15.14,Severe drought
Sar-e-Pul,2021,7,-0.07,40.12,35.48,44.76,43.57,Normal
Sar-e-Pul,2021,8,-0.64,18.69,37.39,0.0,22.39,Severe drought
Sar-e-Pul,2021,9,0.51,15.79,22.46,9.12,42.68,Normal
Sar-e-Pul,2021,10,-1.75,55.75,31.21,80.3,29.87,Moderate drought
Sar-e-Pul,2021,11,-1.19,67.11,83.02,51.2,39.4,Moderate drought
Sar-e-Pul,2021,12,-1.65,51.65,71.13,32.17,28.28,Moderate drought
Sar-e-Pul,2022,1,-1.11,61.27,57.44,65.1,37.27,Moderate drought
Sar-e-Pul,2022,2,-1.3,72.73,83.36,62.09,41.2,Normal
Sar-e-Pul,2022,3,-1.23,42.64,85.28,0.0,26.77,Moderate drought
Sar-e-Pul,2022,4,-1.87,10.57,21.13,0.0,6.82,Severe drought
Sar-e-Pul,2022,5,-1.44,0.9,0.0,1.8,4.18,Severe drought
Sar-e-Pul,2022,6,-1.42,8.32,0.0,16.63,8.03,Severe drought
Sar-e-Pul,2022,7,-0.6,26.98,0.0,53.96,27.2,Moderate drought
Sar-e-Pul,2022,8,-0.09,47.49,0.0,94.98,46.94,Normal
Sar-e-Pul,2022,9,1.58,26.36,0.0,52.71,60.34,Healthy
Sar-e-Pul,2022,10,-0.66,23.94,0.0,47.87,24.71,Severe drought
Sar-e-Pul,2022,11,0.06,77.22,96.77,57.67,64.77,Healthy
Sar-e-Pul,2022,12,-0.2,60.72,73.61,47.82,51.43,Normal
Sar-e-Pul,2023,1,-0.63,50.0,0.0,100.0,38.17,Moderate drought
Sar-e-Pul,2023,2,-0.45,81.86,91.6,72.12,57.18,Normal
Sar-e-Pul,2023,3,-1.17,67.94,100.0,35.87,40.04,Normal
Sar-e-Pul,2023,4,-1.59,26.26,13.26,39.27,15.93,Severe drought
Sar-e-Pul,2023,5,-2.33,10.89,13.25,8.53,5.95,Severe drought
Sar-e-Pul,2023,6,-1.93,12.19,11.9,12.48,7.43,Severe drought
Sar-e-Pul,2023,7,-1.04,56.25,12.49,100.0,35.57,Moderate drought
Sar-e-Pul,2023,8,0.0,55.72,11.43,100.0,52.9,Normal
Sar-e-Pul,2023,9,0.51,59.37,18.74,100.0,64.47,Healthy
Sar-e-Pul,2023,10,0.4,51.73,24.13,79.34,58.69,Normal
Sar-e-Pul,2023,11,-0.22,55.76,100.0,11.52,48.61,Normal
Sar-e-Pul,2023,12,-0.8,50.0,100.0,0.0,35.62,Moderate drought
Takhar,2015,1,-0.87,31.67,23.3,40.03,25.49,Severe drought
Takhar,2015,2,0.38,47.81,28.01,67.61,56.35,Normal
Takhar,2015,3,0.37,44.71,15.45,73.96,54.51,Normal
Takhar,2015,4,0.04,53.14,45.86,60.41,52.32,Normal
Takhar,2015,5,-0.39,96.32,92.64,100.0,65.63,Healthy
Takhar,2015,6,-0.51,77.3,100.0,54.6,53.98,Normal
Takhar,2015,7,0.16,91.42,88.4,94.44,73.94,Healthy
Takhar,2015,8,-0.53,81.21,100.0,62.43,55.42,Normal
Takhar,2015,9,0.31,77.27,79.99,74.56,69.76,Healthy
Takhar,2015,10,0.22,61.15,100.0,22.3,59.86,Normal
Takhar,2015,11,1.07,86.79,100.0,73.58,86.25,Healthy
Takhar,2015,12,0.63,49.73,31.55,67.91,61.57,Healthy
Takhar,2016,1,0.56,44.13,65.61,22.64,57.73,Normal
Takhar,2016,2,-1.43,41.26,57.08,25.43,24.43,Severe drought
Takhar,2016,3,-0.66,54.84,64.43,45.26,40.09,Normal
Takhar,2016,4,-0.46,55.15,49.99,60.32,43.73,Normal
Takhar,2016,5,0.25,23.21,44.51,1.92,41.52,Normal
Takhar,2016,6,0.12,31.19,58.41,3.97,42.91,Normal
Takhar,2016,7,-0.07,35.36,33.21,37.51,41.22,Normal
Takhar,2016,8,0.54,21.11,17.78,24.44,45.88,Normal
Takhar,2016,9,0.08,14.78,29.56,0.0,34.02,Moderate drought
Takhar,2016,10,-0.95,34.18,44.21,24.16,25.67,Severe drought
Takhar,2016,11,0.4,50.69,33.65,67.72,58.16,Normal
Takhar,2016,12,0.21,54.44,100.0,8.89,56.44,Normal
Takhar,2017,1,0.74,35.17,0.0,70.35,56.17,Normal
Takhar,2017,2,0.95,50.0,0.0,100.0,66.4,Healthy
Takhar,2017,3,0.22,41.85,16.71,67.0,50.31,Normal
Takhar,2017,4,-0.21,50.0,0.0,100.0,45.85,Normal
Takhar,2017,5,-0.92,49.33,85.71,12.96,33.54,Moderate drought
Takhar,2017,6,-0.48,38.44,76.89,0.0,35.08,Moderate drought
Takhar,2017,7,-0.4,41.42,57.92,24.92,37.89,Moderate drought
Takhar,2017,8,-0.65,30.34,45.6,15.08,28.08,Moderate drought
Takhar,2017,9,-0.18,61.54,49.78,73.31,52.26,Normal
Takhar,2017,10,-1.08,31.27,62.54,0.0,22.66,Severe drought
Takhar,2017,11,-1.34,47.03,94.06,0.0,28.03,Moderate drought
Takhar,2017,12,-1.47,40.37,36.83,43.92,23.75,Severe drought
Takhar,2018,1,-2.09,21.83,43.66,0.0,11.83,Severe drought
Takhar,2018,2,-1.41,34.92,13.87,55.97,21.42,Severe drought
Takhar,2018,3,-0.57,4.83,9.67,0.0,16.71,Severe drought
Takhar,2018,4,-0.25,46.47,20.33,72.62,43.3,Normal
Takhar,2018,5,0.42,62.8,61.83,63.78,64.56,Healthy
Takhar,2018,6,0.32,49.18,66.46,31.9,55.95,Normal
Takhar,2018,7,1.02,12.31,24.62,0.0,48.44,Normal
Takhar,2018,8,-0.43,29.02,0.0,58.05,31.22,Moderate drought
Takhar,2018,9,0.79,61.16,60.92,61.41,69.87,Healthy
Takhar,2018,10,2.46,50.0,0.0,100.0,74.65,Healthy
Takhar,2018,11,1.02,88.07,76.15,100.0,86.3,Healthy
Takhar,2018,12,0.33,60.58,99.57,21.6,61.8,Healthy
Takhar,2019,1,0.82,65.64,43.34,87.93,72.46,Healthy
Takhar,2019,2,0.97,71.24,50.92,91.57,77.33,Healthy
Takhar,2019,3,0.77,41.35,29.37,53.34,59.65,Normal
Takhar,2019,4,0.83,97.32,100.0,94.65,88.54,Healthy
Takhar,2019,5,0.51,68.36,90.87,45.85,68.85,Healthy
Takhar,2019,6,1.37,94.89,89.77,100.0,93.17,Healthy
Takhar,2019,7,0.31,45.2,86.4,4.01,53.77,Normal
Takhar,2019,8,2.8,68.13,76.96,59.3,83.94,Healthy
Takhar,2019,9,-0.31,72.3,99.51,45.09,55.13,Normal
Takhar,2019,10,0.26,56.4,84.84,27.95,58.41,Normal
Takhar,2019,11,0.54,78.06,85.84,70.27,74.38,Healthy
Takhar,2019,12,-0.36,37.46,74.93,0.0,36.64,Moderate drought
Takhar,2020,1,-0.68,37.75,14.31,61.19,31.22,Moderate drought
Takhar,2020,2,-1.78,17.97,35.93,0.0,10.86,Severe drought
Takhar,2020,3,-1.2,24.58,0.0,49.16,18.03,Severe drought
Takhar,2020,4,-0.37,45.05,22.2,67.9,40.33,Normal
Takhar,2020,5,0.53,91.2,100.0,82.39,80.64,Healthy
Takhar,2020,6,1.1,70.29,95.92,44.66,78.38,Healthy
Takhar,2020,7,1.17,77.62,100.0,55.23,82.75,Healthy
Takhar,2020,8,0.62,43.03,86.06,0.0,58.2,Normal
Takhar,2020,9,3.27,91.75,100.0,83.49,95.85,Healthy
Takhar,2020,10,-1.06,50.17,57.3,43.05,32.27,Moderate drought
Takhar,2020,11,0.47,40.88,0.0,81.75,54.43,Normal
Takhar,2020,12,0.25,50.0,0.0,100.0,54.85,Normal
Takhar,2021,1,-0.44,22.11,40.33,3.89,27.61,Moderate drought
Takhar,2021,2,-2.11,33.07,63.08,3.06,17.41,Severe drought
Takhar,2021,3,0.07,67.35,34.7,100.0,59.99,Normal
Takhar,2021,4,0.28,54.76,26.87,82.65,57.85,Normal
Takhar,2021,5,0.89,61.69,81.9,41.48,71.56,Healthy
Takhar,2021,6,-0.34,30.94,54.78,7.1,33.89,Moderate drought
Takhar,2021,7,-0.23,55.86,55.95,55.77,48.4,Normal
Takhar,2021,8,-0.95,33.44,48.59,18.3,25.33,Severe drought
Takhar,2021,9,-0.46,35.53,44.25,26.82,33.98,Moderate drought
Takhar,2021,10,-0.3,60.25,62.42,58.09,49.15,Normal
Takhar,2021,11,-0.79,68.0,72.68,63.31,44.81,Normal
Takhar,2021,12,-0.73,61.39,77.23,45.54,42.32,Normal
Takhar,2022,1,-0.12,73.43,100.0,46.87,59.35,Normal
Takhar,2022,2,-0.8,80.34,93.57,67.12,50.74,Normal
Takhar,2022,3,-1.19,44.37,72.53,16.21,28.0,Moderate drought
Takhar,2022,4,-1.93,5.93,11.86,0.0,4.29,Severe drought
Takhar,2022,5,-1.14,0.0,0.0,0.0,6.4,Severe drought
Takhar,2022,6,-0.97,7.0,10.28,3.71,11.84,Severe drought
Takhar,2022,7,-0.15,28.61,0.0,57.22,36.32,Moderate drought
Takhar,2022,8,0.53,41.87,2.5,81.25,56.08,Normal
Takhar,2022,9,1.71,37.25,11.14,63.36,66.42,Healthy
Takhar,2022,10,0.03,34.7,14.7,54.71,42.87,Normal
Takhar,2022,11,0.38,85.58,95.87,75.29,75.12,Healthy
Takhar,2022,12,-0.01,76.62,97.4,55.84,63.04,Healthy
Takhar,2023,1,-0.47,62.82,25.64,100.0,47.41,Normal
Takhar,2023,2,-0.28,79.35,100.0,58.7,59.1,Normal
Takhar,2023,3,-1.36,72.45,100.0,44.9,40.6,Normal
Takhar,2023,4,-1.89,66.92,74.48,59.35,34.92,Moderate drought
Takhar,2023,5,-2.74,21.85,7.02,36.68,11.08,Severe drought
Takhar,2023,6,-2.4,3.6,0.0,7.19,2.21,Severe drought
Takhar,2023,7,-1.21,55.13,10.25,100.0,33.2,Moderate drought
Takhar,2023,8,-1.0,66.4,32.8,100.0,41.18,Normal
Takhar,2023,9,-0.01,50.0,0.0,100.0,49.88,Normal
Takhar,2023,10,-0.04,27.6,17.79,37.4,38.07,Moderate drought
Takhar,2023,11,-0.82,53.63,75.94,31.33,37.13,Moderate drought
Takhar,2023,12,-1.31,50.6,90.65,10.55,30.03,Moderate drought
Uruzgan,2015,1,-1.01,53.16,85.96,20.36,34.36,Moderate drought
Uruzgan,2015,2,-0.29,51.38,34.58,68.17,45.05,Normal
Uruzgan,2015,3,-0.1,50.78,30.86,70.7,48.47,Normal
Uruzgan,2015,4,0.06,31.13,23.21,39.05,41.84,Normal
Uruzgan,2015,5,-0.26,42.19,33.87,50.52,41.02,Normal
Uruzgan,2015,6,-0.37,60.75,31.15,90.35,48.09,Normal
Uruzgan,2015,7,0.05,36.9,33.3,40.49,44.53,Normal
Uruzgan,2015,8,-0.51,31.57,32.29,30.86,31.08,Moderate drought
Uruzgan,2015,9,-0.32,50.81,31.7,69.92,44.21,Normal
Uruzgan,2015,10,1.91,73.73,68.28,79.18,85.46,Healthy
Uruzgan,2015,11,1.15,62.8,54.03,71.57,75.14,Healthy
Uruzgan,2015,12,0.07,80.62,87.01,74.23,66.72,Healthy
Uruzgan,2016,1,-0.73,66.28,100.0,32.56,44.77,Normal
Uruzgan,2016,2,-2.17,59.07,90.93,27.21,30.28,Moderate drought
Uruzgan,2016,3,0.18,92.18,100.0,84.36,74.75,Healthy
Uruzgan,2016,4,0.44,69.58,81.6,57.56,68.23,Healthy
Uruzgan,2016,5,1.54,29.37,58.73,0.0,61.61,Healthy
Uruzgan,2016,6,0.3,61.48,53.39,69.57,61.57,Healthy
Uruzgan,2016,7,0.86,31.46,56.16,6.77,56.05,Normal
Uruzgan,2016,8,-0.54,51.15,52.37,49.93,40.3,Normal
Uruzgan,2016,9,-0.35,27.75,55.5,0.0,31.97,Moderate drought
Uruzgan,2016,10,-0.24,55.15,60.83,49.47,47.74,Normal
Uruzgan,2016,11,-0.72,46.08,73.55,18.61,34.89,Moderate drought
Uruzgan,2016,12,-1.12,45.35,90.69,0.0,29.23,Moderate drought
Uruzgan,2017,1,-0.2,59.29,77.01,41.58,50.78,Normal
Uruzgan,2017,2,0.62,53.85,28.77,78.93,63.49,Healthy
Uruzgan,2017,3,0.47,56.44,36.68,76.19,62.31,Healthy
Uruzgan,2017,4,-0.02,22.29,28.51,16.07,35.73,Moderate drought
Uruzgan,2017,5,-0.82,25.44,37.99,12.88,23.02,Severe drought
Uruzgan,2017,6,-0.86,22.86,45.72,0.0,21.23,Severe drought
Uruzgan,2017,7,0.56,28.61,41.8,15.42,49.97,Normal
Uruzgan,2017,8,-0.54,33.18,38.08,28.28,31.32,Moderate drought
Uruzgan,2017,9,-0.35,43.11,37.68,48.55,39.65,Moderate drought
Uruzgan,2017,10,-1.11,20.13,40.25,0.0,16.74,Severe drought
Uruzgan,2017,11,0.04,0.0,0.0,0.0,25.79,Severe drought
Uruzgan,2017,12,0.06,15.58,0.0,31.15,34.04,Moderate drought
Uruzgan,2018,1,-1.01,41.5,83.0,0.0,28.53,Moderate drought
Uruzgan,2018,2,-0.79,45.63,55.87,35.38,33.59,Moderate drought
Uruzgan,2018,3,-0.6,25.98,31.68,20.28,26.64,Moderate drought
Uruzgan,2018,4,0.08,33.46,0.0,66.92,43.26,Normal
Uruzgan,2018,5,0.2,47.86,6.45,89.27,52.99,Normal
Uruzgan,2018,6,0.26,25.46,0.86,50.05,42.95,Normal
Uruzgan,2018,7,0.89,13.31,0.0,26.61,47.36,Normal
Uruzgan,2018,8,-0.29,17.15,0.0,34.31,27.85,Moderate drought
Uruzgan,2018,9,-0.07,35.35,0.0,70.71,41.31,Normal
Uruzgan,2018,10,-0.64,50.0,0.0,100.0,38.08,Moderate drought
Uruzgan,2018,11,0.08,12.73,2.65,22.81,32.89,Moderate drought
Uruzgan,2018,12,0.56,17.1,7.26,26.95,44.16,Normal
Uruzgan,2019,1,0.38,47.33,53.38,41.29,55.99,Normal
Uruzgan,2019,2,1.19,50.0,0.0,100.0,69.17,Healthy
Uruzgan,2019,3,1.87,50.0,0.0,100.0,73.48,Healthy
Uruzgan,2019,4,2.13,61.58,45.92,77.23,79.97,Healthy
Uruzgan,2019,5,2.08,72.91,64.08,81.74,85.51,Healthy
Uruzgan,2019,6,2.28,76.95,62.32,91.58,87.91,Healthy
Uruzgan,2019,7,0.48,25.1,50.2,0.0,46.82,Normal
Uruzgan,2019,8,0.44,47.1,59.32,34.88,57.1,Normal
Uruzgan,2019,9,-0.22,36.68,67.78,5.58,39.06,Moderate drought
Uruzgan,2019,10,1.08,68.09,91.51,44.67,77.04,Healthy
Uruzgan,2019,11,2.27,100.0,100.0,100.0,99.43,Healthy
Uruzgan,2019,12,1.19,87.47,100.0,74.93,87.84,Healthy
Uruzgan,2020,1,1.7,50.0,0.0,100.0,72.76,Healthy
Uruzgan,2020,2,0.55,64.28,63.42,65.14,67.59,Healthy
Uruzgan,2020,3,1.05,86.62,79.77,93.47,85.93,Healthy
Uruzgan,2020,4,0.61,100.0,100.0,100.0,86.4,Healthy
Uruzgan,2020,5,1.12,79.16,100.0,58.32,83.06,Healthy
Uruzgan,2020,6,1.49,76.7,100.0,53.4,84.94,Healthy
Uruzgan,2020,7,1.51,55.97,100.0,11.93,74.74,Healthy
Uruzgan,2020,8,2.28,50.0,100.0,0.0,74.44,Healthy
Uruzgan,2020,9,1.46,76.09,100.0,52.17,84.45,Healthy
Uruzgan,2020,10,0.8,93.66,100.0,87.31,86.23,Healthy
Uruzgan,2020,11,1.35,39.57,8.17,70.97,65.39,Healthy
Uruzgan,2020,12,0.86,93.94,87.87,100.0,87.23,Healthy
Uruzgan,2021,1,-0.54,53.9,92.32,15.48,41.74,Normal
Uruzgan,2021,2,-2.33,50.0,100.0,0.0,25.49,Severe drought
Uruzgan,2021,3,-2.35,43.02,55.09,30.94,21.98,Severe drought
Uruzgan,2021,4,-1.62,16.99,15.33,18.65,11.1,Severe drought
Uruzgan,2021,5,-0.62,44.06,18.91,69.21,35.37,Moderate drought
Uruzgan,2021,6,-0.93,31.85,15.03,48.66,24.77,Severe drought
Uruzgan,2021,7,1.22,28.66,19.59,37.74,58.77,Normal
Uruzgan,2021,8,-0.54,31.32,27.49,35.15,30.39,Moderate drought
Uruzgan,2021,9,-0.35,21.79,29.12,14.45,28.99,Moderate drought
Uruzgan,2021,10,-1.12,42.1,20.23,63.97,27.66,Moderate drought
Uruzgan,2021,11,-1.44,3.79,5.71,1.87,5.63,Severe drought
Uruzgan,2021,12,-0.85,44.61,64.13,25.1,32.18,Moderate drought
Uruzgan,2022,1,0.8,50.69,34.08,67.31,64.74,Healthy
Uruzgan,2022,2,-0.08,47.02,45.58,48.46,46.91,Normal
Uruzgan,2022,3,-0.47,32.01,64.02,0.0,31.98,Moderate drought
Uruzgan,2022,4,-1.85,4.01,8.02,0.0,3.63,Severe drought
Uruzgan,2022,5,-1.31,18.83,0.0,37.66,14.17,Severe drought
Uruzgan,2022,6,-1.71,42.07,0.0,84.13,23.24,Severe drought
Uruzgan,2022,7,-0.02,45.66,11.81,79.51,47.52,Normal
Uruzgan,2022,8,3.42,64.98,29.96,100.0,82.47,Healthy
Uruzgan,2022,9,4.17,58.02,39.15,76.89,79.01,Healthy
Uruzgan,2022,10,-0.2,39.66,22.54,56.77,40.82,Normal
Uruzgan,2022,11,-0.47,21.89,18.04,25.75,26.94,Moderate drought
Uruzgan,2022,12,-0.8,44.14,9.24,79.03,32.67,Moderate drought
Uruzgan,2023,1,-0.59,63.78,43.41,84.14,45.77,Normal
Uruzgan,2023,2,-1.27,51.0,49.17,52.84,30.58,Moderate drought
Uruzgan,2023,3,-0.26,44.1,41.08,47.11,41.97,Normal
Uruzgan,2023,4,-0.39,35.69,11.21,60.18,35.24,Moderate drought
Uruzgan,2023,5,0.34,63.86,27.72,100.0,63.62,Healthy
Uruzgan,2023,6,-0.84,59.44,18.89,100.0,39.74,Moderate drought
Uruzgan,2023,7,0.64,59.42,18.84,100.0,66.72,Healthy
Uruzgan,2023,8,-0.36,42.35,23.01,61.7,39.12,Moderate drought
Uruzgan,2023,9,-0.35,63.55,27.11,100.0,49.87,Normal
Uruzgan,2023,10,-0.99,69.56,53.95,85.17,42.85,Normal
Uruzgan,2023,11,-0.13,16.42,20.39,12.46,30.69,Moderate drought
Uruzgan,2023,12,-0.69,41.76,42.67,40.85,33.19,Moderate drought
Wardak,2015,1,-1.57,54.44,65.52,43.36,30.13,Moderate drought
Wardak,2015,2,-0.08,51.29,50.6,51.99,49.04,Normal
Wardak,2015,3,0.57,63.22,53.46,72.98,67.36,Healthy
Wardak,2015,4,0.69,45.56,37.12,53.99,60.6,Healthy
Wardak,2015,5,0.64,71.34,52.01,90.67,72.66,Healthy
Wardak,2015,6,0.31,58.88,69.95,47.8,60.58,Healthy
Wardak,2015,7,0.91,48.24,57.45,39.04,65.06,Healthy
Wardak,2015,8,0.12,38.39,52.14,24.64,46.66,Normal
Wardak,2015,9,0.55,69.52,52.29,86.75,70.14,Healthy
Wardak,2015,10,1.12,74.43,68.66,80.2,80.63,Healthy
Wardak,2015,11,1.33,72.52,51.4,93.63,81.68,Healthy
Wardak,2015,12,0.67,50.11,29.07,71.15,62.42,Healthy
Wardak,2016,1,0.2,48.55,41.78,55.32,53.21,Normal
Wardak,2016,2,-1.5,51.59,72.81,30.38,29.16,Moderate drought
Wardak,2016,3,-0.22,67.43,73.25,61.61,54.46,Normal
Wardak,2016,4,-0.15,50.25,14.7,85.8,47.19,Normal
Wardak,2016,5,1.21,57.28,100.0,14.56,73.0,Healthy
Wardak,2016,6,0.92,74.22,81.03,67.41,78.22,Healthy
Wardak,2016,7,1.31,44.99,64.89,25.08,67.74,Healthy
Wardak,2016,8,0.57,49.47,56.01,42.93,60.47,Healthy
Wardak,2016,9,0.42,27.33,49.44,5.21,46.75,Normal
Wardak,2016,10,-0.63,38.67,39.8,37.53,32.51,Moderate drought
Wardak,2016,11,-0.1,56.75,100.0,13.51,51.36,Normal
Wardak,2016,12,-0.71,44.61,89.21,0.0,34.32,Moderate drought
Wardak,2017,1,0.62,54.08,40.09,68.07,63.61,Healthy
Wardak,2017,2,1.81,47.81,8.42,87.19,72.16,Healthy
Wardak,2017,3,1.43,59.15,46.27,72.03,75.76,Healthy
Wardak,2017,4,0.54,36.59,20.78,52.4,53.51,Normal
Wardak,2017,5,-1.24,22.5,24.11,20.89,16.59,Severe drought
Wardak,2017,6,-1.0,28.32,56.63,0.0,22.15,Severe drought
Wardak,2017,7,0.97,30.72,43.98,17.45,57.1,Normal
Wardak,2017,8,1.93,20.31,22.66,17.96,58.82,Normal
Wardak,2017,9,2.17,34.88,18.64,51.12,66.69,Healthy
Wardak,2017,10,-1.52,2.9,5.81,0.0,4.69,Severe drought
Wardak,2017,11,-0.03,38.02,66.77,9.27,43.33,Normal
Wardak,2017,12,0.68,48.06,59.83,36.3,61.63,Healthy
Wardak,2018,1,-0.33,50.0,100.0,0.0,43.62,Normal
Wardak,2018,2,-0.1,59.55,83.13,35.97,52.84,Normal
Wardak,2018,3,0.03,53.38,90.84,15.91,52.31,Normal
Wardak,2018,4,0.42,62.41,63.18,61.63,64.34,Healthy
Wardak,2018,5,0.73,44.96,0.0,89.92,60.86,Healthy
Wardak,2018,6,0.78,41.89,60.49,23.29,60.06,Healthy
Wardak,2018,7,1.52,18.6,30.53,6.67,56.09,Normal
Wardak,2018,8,1.48,0.0,0.0,0.0,46.54,Normal
Wardak,2018,9,0.73,24.04,0.0,48.08,50.44,Normal
Wardak,2018,10,2.22,44.26,5.46,83.05,71.48,Healthy
Wardak,2018,11,1.07,58.18,77.43,38.92,72.01,Healthy
Wardak,2018,12,1.34,45.36,54.96,35.77,68.19,Healthy
Wardak,2019,1,1.68,52.84,15.64,90.03,74.1,Healthy
Wardak,2019,2,2.04,50.0,0.0,100.0,73.96,Healthy
Wardak,2019,3,1.92,50.0,0.0,100.0,73.63,Healthy
Wardak,2019,4,1.48,51.44,6.47,96.42,72.28,Healthy
Wardak,2019,5,0.64,60.17,20.51,99.83,67.01,Healthy
Wardak,2019,6,0.37,100.0,100.0,100.0,82.27,Healthy
Wardak,2019,7,-0.06,50.0,100.0,0.0,48.79,Normal
Wardak,2019,8,1.2,55.28,87.18,23.38,71.84,Healthy
Wardak,2019,9,1.05,53.9,90.04,17.75,69.63,Healthy
Wardak,2019,10,0.85,83.49,100.0,66.98,81.9,Healthy
Wardak,2019,11,1.29,75.99,51.98,100.0,83.1,Healthy
Wardak,2019,12,0.39,40.87,13.67,68.07,53.03,Normal
Wardak,2020,1,1.14,50.13,0.25,100.0,68.75,Healthy
Wardak,2020,2,0.48,40.77,14.17,67.37,54.54,Normal
Wardak,2020,3,1.25,56.51,40.17,72.85,72.99,Healthy
Wardak,2020,4,1.32,50.0,0.0,100.0,70.32,Healthy
Wardak,2020,5,1.91,50.48,0.95,100.0,73.85,Healthy
Wardak,2020,6,2.03,81.55,94.57,68.53,89.72,Healthy
Wardak,2020,7,1.28,78.95,98.03,59.87,84.5,Healthy
Wardak,2020,8,0.73,58.06,100.0,16.12,67.33,Healthy
Wardak,2020,9,0.66,78.75,100.0,57.49,76.61,Healthy
Wardak,2020,10,-0.1,49.28,43.85,54.71,47.72,Normal
Wardak,2020,11,1.32,45.2,0.0,90.39,67.91,Healthy
Wardak,2020,12,0.71,50.0,0.0,100.0,62.98,Healthy
Wardak,2021,1,-0.54,44.31,50.18,38.44,36.95,Moderate drought
Wardak,2021,2,-2.25,50.0,100.0,0.0,25.61,Severe drought
Wardak,2021,3,-1.12,63.7,100.0,27.4,38.42,Moderate drought
Wardak,2021,4,-0.74,46.59,57.49,35.68,34.8,Moderate drought
Wardak,2021,5,0.08,52.04,42.3,61.77,52.67,Normal
Wardak,2021,6,-0.53,24.32,40.22,8.42,27.07,Moderate drought
Wardak,2021,7,0.58,43.59,39.28,47.91,57.7,Normal
Wardak,2021,8,1.27,19.03,15.92,22.15,54.45,Normal
Wardak,2021,9,1.58,3.76,7.53,0.0,49.03,Normal
Wardak,2021,10,0.67,24.05,0.0,48.11,49.52,Normal
Wardak,2021,11,-1.18,45.77,91.55,0.0,28.82,Moderate drought
Wardak,2021,12,-0.37,67.14,99.27,35.01,51.26,Normal
Wardak,2022,1,0.42,42.48,0.0,84.96,54.36,Normal
Wardak,2022,2,0.01,45.21,25.74,64.67,47.71,Normal
Wardak,2022,3,-0.46,48.64,97.28,0.0,40.39,Normal
Wardak,2022,4,-1.75,50.0,100.0,0.0,26.99,Moderate drought
Wardak,2022,5,-1.61,4.69,9.37,0.0,5.04,Severe drought
Wardak,2022,6,-1.8,16.35,0.0,32.71,9.99,Severe drought
Wardak,2022,7,-0.31,24.85,0.0,49.7,31.38,Moderate drought
Wardak,2022,8,0.78,52.33,4.66,100.0,65.32,Healthy
Wardak,2022,9,1.01,90.09,80.17,100.0,87.23,Healthy
Wardak,2022,10,-0.47,27.26,26.36,28.16,29.64,Moderate drought
Wardak,2022,11,-0.24,62.29,79.51,45.06,51.35,Normal
Wardak,2022,12,-0.73,63.77,76.2,51.33,43.51,Normal
Wardak,2023,1,-0.63,59.75,31.26,88.25,43.12,Normal
Wardak,2023,2,-1.05,54.41,39.01,69.82,34.53,Moderate drought
Wardak,2023,3,-1.04,68.18,95.18,41.18,41.57,Normal
Wardak,2023,4,-1.88,63.48,67.96,59.0,33.25,Moderate drought
Wardak,2023,5,-1.69,71.23,43.24,99.21,37.89,Moderate drought
Wardak,2023,6,-2.18,64.49,60.58,68.4,32.98,Moderate drought
Wardak,2023,7,-0.21,70.25,40.51,100.0,55.9,Normal
Wardak,2023,8,0.07,31.41,28.33,34.48,42.11,Normal
Wardak,2023,9,0.42,55.06,16.22,93.9,60.61,Healthy
Wardak,2023,10,0.42,76.0,52.01,100.0,71.18,Healthy
Wardak,2023,11,-0.84,51.93,97.78,6.07,35.98,Moderate drought
Wardak,2023,12,-1.15,62.97,100.0,25.95,37.7,Moderate drought
Zabul,2015,1,-1.02,49.33,89.12,9.54,32.32,Moderate drought
Zabul,2015,2,-0.07,60.16,71.67,48.66,53.71,Normal
Zabul,2015,3,0.0,50.57,37.52,63.62,50.32,Normal
Zabul,2015,4,0.13,17.9,0.0,35.79,36.57,Moderate drought
Zabul,2015,5,-0.27,20.95,0.0,41.9,30.22,Moderate drought
Zabul,2015,6,-0.06,39.67,0.0,79.34,43.64,Normal
Zabul,2015,7,0.95,19.62,2.4,36.83,51.23,Normal
Zabul,2015,8,0.96,17.38,5.38,29.38,50.28,Normal
Zabul,2015,9,1.05,38.3,3.35,73.26,61.79,Healthy
Zabul,2015,10,2.05,30.53,16.49,44.56,64.25,Healthy
Zabul,2015,11,0.9,50.64,22.56,78.72,66.18,Healthy
Zabul,2015,12,-0.22,46.45,10.17,82.73,43.84,Normal
Zabul,2016,1,-0.95,57.03,96.89,17.18,37.03,Moderate drought
Zabul,2016,2,-2.15,56.06,91.46,20.65,28.82,Moderate drought
Zabul,2016,3,-0.41,94.13,100.0,88.26,64.17,Healthy
Zabul,2016,4,-0.09,83.75,100.0,67.5,65.05,Healthy
Zabul,2016,5,1.29,29.42,58.84,0.0,59.77,Normal
Zabul,2016,6,0.09,46.33,42.94,49.72,49.92,Normal
Zabul,2016,7,0.76,22.4,38.21,6.59,50.02,Normal
Zabul,2016,8,-0.46,33.28,43.32,23.25,32.86,Moderate drought
Zabul,2016,9,-0.41,23.85,47.7,0.0,29.03,Moderate drought
Zabul,2016,10,-0.38,53.31,55.64,50.97,44.34,Normal
Zabul,2016,11,-1.02,28.14,50.33,5.95,21.71,Severe drought
Zabul,2016,12,-1.3,24.21,48.41,0.0,16.91,Severe drought
Zabul,2017,1,1.05,56.26,78.11,34.42,70.77,Healthy
Zabul,2017,2,1.0,58.75,42.45,75.05,71.47,Healthy
Zabul,2017,3,0.96,60.97,59.5,62.45,72.03,Healthy
Zabul,2017,4,-0.24,39.31,49.34,29.28,39.86,Moderate drought
Zabul,2017,5,-0.98,28.33,47.0,9.66,22.37,Severe drought
Zabul,2017,6,-0.75,21.48,42.97,0.0,22.02,Severe drought
Zabul,2017,7,0.32,17.91,34.32,1.5,40.31,Normal
Zabul,2017,8,-0.43,21.78,35.18,8.38,27.63,Moderate drought
Zabul,2017,9,-0.35,32.41,35.08,29.73,34.36,Moderate drought
Zabul,2017,10,-0.8,22.97,45.93,0.0,22.04,Severe drought
Zabul,2017,11,1.02,16.42,32.85,0.0,50.53,Normal
Zabul,2017,12,0.79,30.52,5.78,55.25,54.45,Normal
Zabul,2018,1,-0.31,44.87,89.73,0.0,41.4,Normal
Zabul,2018,2,-0.42,60.68,76.07,45.3,47.28,Normal
Zabul,2018,3,-0.59,38.22,46.74,29.71,33.01,Moderate drought
Zabul,2018,4,0.02,53.33,13.13,93.52,52.14,Normal
Zabul,2018,5,0.12,43.19,5.0,81.38,48.89,Normal
Zabul,2018,6,0.3,17.39,5.29,29.49,39.51,Moderate drought
Zabul,2018,7,0.47,7.58,0.0,15.16,37.86,Moderate drought
Zabul,2018,8,-0.3,12.12,0.0,24.24,25.13,Severe drought
Zabul,2018,9,-0.21,27.77,0.0,55.53,34.69,Moderate drought
Zabul,2018,10,-0.09,50.0,0.0,100.0,48.14,Normal
Zabul,2018,11,-0.06,12.16,0.0,24.32,29.84,Moderate drought
Zabul,2018,12,0.15,24.46,0.0,48.93,40.19,Normal
Zabul,2019,1,0.28,55.62,80.56,30.68,58.39,Normal
Zabul,2019,2,1.26,50.0,0.0,100.0,69.81,Healthy
Zabul,2019,3,2.32,48.81,0.0,97.62,73.9,Healthy
Zabul,2019,4,2.45,58.41,30.24,86.57,78.85,Healthy
Zabul,2019,5,2.78,72.92,63.47,82.38,86.33,Healthy
Zabul,2019,6,2.9,65.86,65.2,66.53,82.84,Healthy
Zabul,2019,7,0.59,36.39,59.16,13.62,54.3,Normal
Zabul,2019,8,0.24,42.47,62.46,22.48,50.98,Normal
Zabul,2019,9,0.06,44.32,66.13,22.52,48.41,Normal
Zabul,2019,10,1.1,66.23,85.9,46.55,76.29,Healthy
Zabul,2019,11,2.39,92.55,85.1,100.0,95.85,Healthy
Zabul,2019,12,1.3,69.43,52.3,86.57,79.91,Healthy
Zabul,2020,1,1.82,50.0,0.0,100.0,73.27,Healthy
Zabul,2020,2,0.23,51.08,34.77,67.39,55.17,Normal
Zabul,2020,3,0.78,90.34,80.69,100.0,84.24,Healthy
Zabul,2020,4,0.27,94.94,89.88,100.0,77.85,Healthy
Zabul,2020,5,1.05,82.89,100.0,65.79,84.12,Healthy
Zabul,2020,6,1.1,73.45,100.0,46.9,79.9,Healthy
Zabul,2020,7,1.33,50.0,100.0,0.0,70.42,Healthy
Zabul,2020,8,0.7,50.0,100.0,0.0,62.95,Healthy
Zabul,2020,9,0.45,76.84,100.0,53.67,72.08,Healthy
Zabul,2020,10,1.04,94.95,100.0,89.89,90.03,Healthy
Zabul,2020,11,1.15,92.21,100.0,84.43,89.9,Healthy
Zabul,2020,12,0.87,99.79,100.0,99.58,90.25,Healthy
Zabul,2021,1,-0.45,52.68,100.0,5.37,42.74,Normal
Zabul,2021,2,-1.96,50.0,100.0,0.0,26.25,Moderate drought
Zabul,2021,3,-2.34,42.09,54.38,29.8,21.53,Severe drought
Zabul,2021,4,-1.48,16.24,1.08,31.39,11.61,Severe drought
Zabul,2021,5,-0.4,20.87,6.31,35.43,27.73,Moderate drought
Zabul,2021,6,-0.69,16.33,17.0,15.67,20.47,Severe drought
Zabul,2021,7,0.87,23.06,17.11,29.01,51.9,Normal
Zabul,2021,8,0.17,18.24,21.98,14.5,37.51,Moderate drought
Zabul,2021,9,0.26,21.35,18.57,24.12,40.79,Normal
Zabul,2021,10,-0.37,46.18,19.69,72.67,40.89,Normal
Zabul,2021,11,-1.21,7.25,10.02,4.48,9.27,Severe drought
Zabul,2021,12,-0.79,32.18,19.06,45.3,26.81,Moderate drought
Zabul,2022,1,0.37,60.95,72.58,49.31,62.74,Healthy
Zabul,2022,2,-0.62,52.34,74.74,29.94,39.52,Moderate drought
Zabul,2022,3,-0.9,29.62,59.25,0.0,24.08,Severe drought
Zabul,2022,4,-1.77,2.82,5.63,0.0,3.32,Severe drought
Zabul,2022,5,-1.04,20.7,1.84,39.57,17.84,Severe drought
Zabul,2022,6,-1.46,34.42,7.02,61.82,20.79,Severe drought
Zabul,2022,7,1.36,54.11,8.23,100.0,72.69,Healthy
Zabul,2022,8,3.02,61.68,23.37,100.0,80.78,Healthy
Zabul,2022,9,3.17,62.82,44.63,81.0,81.37,Healthy
Zabul,2022,10,1.3,57.55,40.24,74.87,73.91,Healthy
Zabul,2022,11,0.07,48.17,47.22,49.12,50.56,Normal
Zabul,2022,12,-0.68,58.03,16.06,100.0,41.4,Normal
Zabul,2023,1,-0.89,69.46,70.49,68.43,44.01,Normal
Zabul,2023,2,-1.58,59.54,74.82,44.26,32.6,Moderate drought
Zabul,2023,3,-0.6,59.11,61.83,56.38,43.2,Normal
Zabul,2023,4,-0.49,58.11,34.52,81.69,44.63,Normal
Zabul,2023,5,0.52,77.65,55.3,100.0,73.75,Healthy
Zabul,2023,6,-0.68,73.71,47.42,100.0,49.23,Normal
Zabul,2023,7,0.73,63.76,38.19,89.33,70.25,Healthy
Zabul,2023,8,-0.18,42.3,34.88,49.72,42.54,Normal
Zabul,2023,9,-0.2,67.49,34.98,100.0,54.73,Normal
Zabul,2023,10,-0.64,69.76,49.68,89.83,47.92,Normal
Zabul,2023,11,0.14,33.38,43.05,23.71,44.48,Normal
Zabul,2023,12,-0.61,52.06,37.41,66.72,39.64,Moderate drought
