province,year,month,precip_total_mm,precip_3mo_mm,spi3,spi3_category,is_drought
Badakhshan,2001,1,20.766527461331943,,,,False
Badakhshan,2001,2,25.626622726049582,,,,False
Badakhshan,2001,3,42.84132366697859,89.23447385436012,-1.8266460375921079,severe_drought,True
Badakhshan,2001,4,39.46894978110292,107.93689617413109,-1.8858140855499976,severe_drought,True
Badakhshan,2001,5,26.445240767837085,108.7555142159186,-1.467050326089682,moderate_drought,True
Badakhshan,2001,6,30.313929423653057,96.22811997259306,-1.025453177180517,moderate_drought,True
Badakhshan,2001,7,26.76648308040283,83.52565327189296,-0.8510297056534069,near_normal,False
Badakhshan,2001,8,13.601524311472646,70.68193681552853,-0.04307860684202113,near_normal,False
Badakhshan,2001,9,2.9388030496914856,43.30681044156696,-0.15129493543569403,near_normal,False
Badakhshan,2001,10,20.818069034790803,37.358396395954934,0.16162190195602652,near_normal,False
Badakhshan,2001,11,22.788696424586817,46.545568509069106,-0.16606190192903722,near_normal,False
Badakhshan,2001,12,25.795485205911103,69.40225066528872,-0.09982077558776843,near_normal,False
Badakhshan,2002,1,21.256019921345263,69.84020155184318,-0.6736600801904823,near_normal,False
Badakhshan,2002,2,58.59041828752513,105.6419234147815,-0.11358358731993844,near_normal,False
Badakhshan,2002,3,70.8441764784892,150.69061468735958,-0.02072236635295167,near_normal,False
Badakhshan,2002,4,92.84636443334962,222.28095919936396,0.852142699200846,near_normal,False
Badakhshan,2002,5,38.6912020095182,202.38174292135702,0.49637447011543456,near_normal,False
Badakhshan,2002,6,41.17471717235618,172.712283615224,0.7444906157432023,near_normal,False
Badakhshan,2002,7,22.4075500552891,102.27346923716348,-0.1244165869460108,near_normal,False
Badakhshan,2002,8,12.414551947557383,75.99681917520266,0.38582276805418925,near_normal,False
Badakhshan,2002,9,3.285894639502312,38.107996642348795,-1.0189005497475643,moderate_drought,True
Badakhshan,2002,10,8.566854826714938,24.267301413774632,-1.2647443694001512,moderate_drought,True
Badakhshan,2002,11,18.13064630251643,29.98339576873368,-1.0590514476207877,moderate_drought,True
Badakhshan,2002,12,46.59978717190352,73.29728830113488,0.039307393071456365,near_normal,False
Badakhshan,2003,1,19.366813423697764,84.09724689811772,-0.1095509639166402,near_normal,False
Badakhshan,2003,2,82.38461537602129,148.35121597162257,0.9269174138058089,near_normal,False
Badakhshan,2003,3,93.24317109268227,194.9945998924013,0.9877469461048964,near_normal,False
Badakhshan,2003,4,96.79704279848484,272.42482926718844,1.7501484556919997,very_wet,False
Badakhshan,2003,5,66.20181351879002,256.24202740995713,1.3553877797076996,moderately_wet,False
Badakhshan,2003,6,30.82540133994424,193.8242576572191,1.1363825805884153,moderately_wet,False
Badakhshan,2003,7,25.464303607816152,122.49151846655042,0.5650222554134539,near_normal,False
Badakhshan,2003,8,13.00501291130068,69.29471785906107,-0.1585441033952954,near_normal,False
Badakhshan,2003,9,3.034552000847265,41.5038685199641,-0.4438370301932533,near_normal,False
Badakhshan,2003,10,17.83961314543613,33.87917805758407,-0.17928894203988685,near_normal,False
Badakhshan,2003,11,33.84431945833914,54.71848460462253,0.19532156361516426,near_normal,False
Badakhshan,2003,12,26.396247906876773,78.08018051065204,0.20354410398040587,near_normal,False
Badakhshan,2004,1,35.44189509346966,95.68246245868556,0.3031254258084565,near_normal,False
Badakhshan,2004,2,32.2875557384392,94.12569873878563,-0.4413415933119122,near_normal,False
Badakhshan,2004,3,35.16471248307145,102.89416331498029,-1.364810025613403,moderate_drought,True
Badakhshan,2004,4,68.28126725714779,135.73353547865844,-1.0850622318683023,moderate_drought,True
Badakhshan,2004,5,45.52689332054523,148.97287306076444,-0.5213829540079672,near_normal,False
Badakhshan,2004,6,20.083415150914117,133.8915757286071,-0.06788910690633031,near_normal,False
Badakhshan,2004,7,23.229056661306345,88.83936513276568,-0.6347398851119658,near_normal,False
Badakhshan,2004,8,11.899458015322086,55.211929827542534,-1.429837419518934,moderate_drought,True
Badakhshan,2004,9,2.9231698353040096,38.05168451193242,-1.02872236423058,moderate_drought,True
Badakhshan,2004,10,43.31123155236742,58.133859402993494,1.853806603776144,very_wet,False
Badakhshan,2004,11,41.95764733739194,88.19204872506336,1.3852482108366024,moderately_wet,False
Badakhshan,2004,12,48.738891196916576,134.00777008667592,1.7625324702442553,very_wet,False
Badakhshan,2005,1,30.319986675422776,121.01652520973127,1.1020867699939618,moderately_wet,False
Badakhshan,2005,2,50.36634446984736,129.4252223421867,0.49422342152616683,near_normal,False
Badakhshan,2005,3,65.12421883353184,145.81054997880196,-0.14335721196810086,near_normal,False
Badakhshan,2005,4,74.61400059882132,190.10456390220048,0.2033864969308805,near_normal,False
Badakhshan,2005,5,91.77628060251594,231.51450003486906,0.9773368606277871,near_normal,False
Badakhshan,2005,6,28.64819629299248,195.03847749432973,1.1580570644149402,moderately_wet,False
Badakhshan,2005,7,22.896978358128024,143.32145525363643,1.2006301197372917,moderately_wet,False
Badakhshan,2005,8,12.1852076294112,63.73038228053168,-0.6379186232051386,near_normal,False
Badakhshan,2005,9,2.527362417632095,37.60954840517129,-1.106182001361499,moderate_drought,True
Badakhshan,2005,10,13.023731400323594,27.736301447366863,-0.8439011026766419,near_normal,False
Badakhshan,2005,11,32.10599217397612,47.65708599193178,-0.11453108218008243,near_normal,False
Badakhshan,2005,12,19.97505765765951,65.1047812319592,-0.2595546621628231,near_normal,False
Badakhshan,2006,1,67.41681160186214,119.49786143349775,1.0574644645768514,moderately_wet,False
Badakhshan,2006,2,57.92858450510223,145.32045376462384,0.860162157247166,near_normal,False
Badakhshan,2006,3,63.27617422235716,188.62157032932151,0.8527068385176313,near_normal,False
Badakhshan,2006,4,55.4607344388988,176.66549316635815,-0.08923950422971703,near_normal,False
Badakhshan,2006,5,21.454500327201224,140.19140898845714,-0.7113584794972634,near_normal,False
Badakhshan,2006,6,20.846773995698044,97.76200876179803,-0.9818623075992609,near_normal,False
Badakhshan,2006,7,26.952413086294243,69.25368740919347,-1.4828443850758126,moderate_drought,True
Badakhshan,2006,8,12.286014459277206,60.08520154126946,-0.9674353747541412,near_normal,False
Badakhshan,2006,9,2.917479626044051,42.155907171615475,-0.3370738549317707,near_normal,False
Badakhshan,2006,10,15.818575865569525,31.022069950890753,-0.4772752171804597,near_normal,False
Badakhshan,2006,11,56.09121429514821,74.82726978676176,0.9530106777435976,near_normal,False
Badakhshan,2006,12,49.84752199050299,121.7573121512207,1.4637082466307172,moderately_wet,False
Badakhshan,2007,1,18.907992012022905,124.84672829767408,1.2130345171170445,moderately_wet,False
Badakhshan,2007,2,62.10199133159775,130.85750533412363,0.5283701081153978,near_normal,False
Badakhshan,2007,3,156.20791735423757,237.2179006978582,1.8169610729168826,very_wet,False
Badakhshan,2007,4,48.99938215435022,267.3092908401855,1.6637324019611848,very_wet,False
Badakhshan,2007,5,47.36325582189784,252.57055533048563,1.3008001832233727,moderately_wet,False
Badakhshan,2007,6,40.2330431463629,136.59568112261096,-0.006566217693399158,near_normal,False
Badakhshan,2007,7,23.765790874722413,111.36208984298315,0.19577903362116883,near_normal,False
Badakhshan,2007,8,12.20456369081342,76.20339771189873,0.4020847459880492,near_normal,False
Badakhshan,2007,9,2.621921702043979,38.59227626757981,-0.9348355921196336,near_normal,False
Badakhshan,2007,10,7.558522611047965,22.385008003905362,-1.5107038846148075,severe_drought,True
Badakhshan,2007,11,8.574548689508822,18.754993002600767,-1.8905844269256713,severe_drought,True
Badakhshan,2007,12,28.63544495603012,44.768516256586906,-1.1327574148113686,moderate_drought,True
Badakhshan,2008,1,36.41087538928759,73.62086903482654,-0.5169981192401195,near_normal,False
Badakhshan,2008,2,35.73662738590362,100.78294773122133,-0.24877902422713247,near_normal,False
Badakhshan,2008,3,27.53526765061886,99.68277042581006,-1.469375384653342,moderate_drought,True
Badakhshan,2008,4,73.00457640753889,136.27647144406137,-1.070598982410131,moderate_drought,True
Badakhshan,2008,5,21.971307269692677,122.51115132785041,-1.1200178318845768,moderate_drought,True
Badakhshan,2008,6,21.01038423034241,115.98626790757396,-0.4965682091479097,near_normal,False
Badakhshan,2008,7,23.83120029514877,66.81289179518384,-1.5996864744647787,severe_drought,True
Badakhshan,2008,8,11.905495436628073,56.747079962119244,-1.281282566065806,moderate_drought,True
Badakhshan,2008,9,4.5394220237635325,40.27611775554036,-0.6479607925549536,near_normal,False
Badakhshan,2008,10,22.8183232550356,39.26324071542719,0.33936108651014174,near_normal,False
Badakhshan,2008,11,28.90511487474934,56.26286015354846,0.2594775873896674,near_normal,False
Badakhshan,2008,12,39.49127531792691,91.21471344771183,0.6226851389482254,near_normal,False
Badakhshan,2009,1,60.27112611049696,128.66751630317322,1.3215309067710654,moderately_wet,False
Badakhshan,2009,2,84.39300871272121,184.15541014114507,1.6559960109398637,very_wet,False
Badakhshan,2009,3,56.34643288854942,201.01056771176758,1.1125971789716909,moderately_wet,False
Badakhshan,2009,4,109.95110638025692,250.69054798152754,1.3753786580656115,moderately_wet,False
Badakhshan,2009,5,72.11756576030477,238.4151050291111,1.0853787837986524,moderately_wet,False
Badakhshan,2009,6,46.30852792238127,228.37720006294296,1.7219316628115928,very_wet,False
Badakhshan,2009,7,27.681504778146497,146.10759846083252,1.2809576328984895,moderately_wet,False
Badakhshan,2009,8,11.598363557445042,85.58839625797279,1.1120493592741223,moderately_wet,False
Badakhshan,2009,9,3.5073405754110283,42.78720891100254,-0.2347548556861916,near_normal,False
Badakhshan,2009,10,13.163854855154216,28.26955898801026,-0.7824624893063261,near_normal,False
Badakhshan,2009,11,44.120595000911656,60.791790431476876,0.4411282012500048,near_normal,False
Badakhshan,2009,12,36.19168252758109,93.47613238364693,0.6907542132430001,near_normal,False
Badakhshan,2010,1,40.94782637485482,121.26010390334754,1.1092097884745753,moderately_wet,False
Badakhshan,2010,2,98.55067602309504,175.6901849255309,1.4925080359842502,moderately_wet,False
Badakhshan,2010,3,52.68467071338676,192.18317311133657,0.9285366172647475,near_normal,False
Badakhshan,2010,4,61.788927662075125,213.02427439855688,0.6722364878557471,near_normal,False
Badakhshan,2010,5,100.38295490165596,214.85655327711783,0.7075500682925455,near_normal,False
Badakhshan,2010,6,44.2803239741884,206.45220653791944,1.3576497054181202,moderately_wet,False
Badakhshan,2010,7,37.18232588941508,181.84560476525942,2.2333489782368967,extremely_wet,False
Badakhshan,2010,8,16.102601103183144,97.56525096678658,1.947353509397249,very_wet,False
Badakhshan,2010,9,3.920354151919877,57.20528114451806,1.8703519967615225,very_wet,False
Badakhshan,2010,10,10.55578463888443,30.57873989398741,-0.5251533940758809,near_normal,False
Badakhshan,2010,11,7.553876994725916,22.030015785530182,-1.6177760898374993,severe_drought,True
Badakhshan,2010,12,5.232636350456714,23.342297984067017,-2.437324574597339,extreme_drought,True
Badakhshan,2011,1,22.04540846528962,34.8319218104722,-2.520157006582949,extreme_drought,True
Badakhshan,2011,2,96.8555459364733,124.13359075221959,0.3658581411710191,near_normal,False
Badakhshan,2011,3,71.51747842112715,190.41843282289003,0.8910798732276988,near_normal,False
Badakhshan,2011,4,38.09072420477747,206.46374856237787,0.5415897222959226,near_normal,False
Badakhshan,2011,5,30.5144813739865,140.12268399989108,-0.712876742062618,near_normal,False
Badakhshan,2011,6,20.425052777736905,89.03025835650082,-1.2366694898137633,moderate_drought,True
Badakhshan,2011,7,22.76283145318313,73.70236560490648,-1.277009166979122,moderate_drought,True
Badakhshan,2011,8,12.12214550092117,55.31002973184115,-1.4202608567362733,moderate_drought,True
Badakhshan,2011,9,2.840794284931451,37.725771239035694,-1.0857610716488326,moderate_drought,True
Badakhshan,2011,10,42.13398980494463,57.096929590797195,1.7796932976571707,very_wet,False
Badakhshan,2011,11,63.49054073089285,108.46532482076887,1.9672978257660452,very_wet,False
Badakhshan,2011,12,13.679337450815945,119.30386798665337,1.401576342344131,moderately_wet,False
Badakhshan,2012,1,33.53083388255943,110.70071206426817,0.7914161618157702,near_normal,False
Badakhshan,2012,2,58.563559778159394,105.77373111153472,-0.10997497344225052,near_normal,False
Badakhshan,2012,3,75.40401746064062,167.49841112135937,0.38241407276156053,near_normal,False
Badakhshan,2012,4,35.2252099528182,169.19278719161815,-0.2584384974527966,near_normal,False
Badakhshan,2012,5,68.4068003601366,179.03602777359535,0.07677895339294924,near_normal,False
Badakhshan,2012,6,28.20469549345572,131.83670580641046,-0.11504593445499173,near_normal,False
Badakhshan,2012,7,25.41235976313242,122.02385561672469,0.5499638041769802,near_normal,False
Badakhshan,2012,8,11.948535411022792,65.56559066761088,-0.47681273333467894,near_normal,False
Badakhshan,2012,9,4.598850321600216,41.95974549575538,-0.36907578315730644,near_normal,False
Badakhshan,2012,10,25.59400596924344,42.1413917018664,0.597387511664155,near_normal,False
Badakhshan,2012,11,30.239132318484724,60.43198860932833,0.42703098953307733,near_normal,False
Badakhshan,2012,12,44.02331296845711,99.85645125618521,0.8771721950756771,near_normal,False
Badakhshan,2013,1,21.98842400367523,96.250869290617,0.32249502057187995,near_normal,False
Badakhshan,2013,2,59.48176669974392,125.49350367187621,0.39918726865895376,near_normal,False
Badakhshan,2013,3,65.2846861735998,146.7548768770189,-0.11941441079213996,near_normal,False
Badakhshan,2013,4,42.748633339870814,167.51508621321446,-0.29711188349081225,near_normal,False
Badakhshan,2013,5,21.639527330601005,129.67284684407156,-0.9499062838326358,near_normal,False
Badakhshan,2013,6,24.686487716335904,89.07464838680767,-1.235331320215968,moderate_drought,True
Badakhshan,2013,7,24.437719380790416,70.76373442772727,-1.4119788233740764,moderate_drought,True
Badakhshan,2013,8,11.471375164622822,60.59558226174909,-0.9204993576198552,near_normal,False
Badakhshan,2013,9,2.7606537037829364,38.66974824919612,-0.9214535837364277,near_normal,False
Badakhshan,2013,10,12.296818194195298,26.528847062601,-0.9860601708189871,near_normal,False
Badakhshan,2013,11,13.742191257627455,28.799663155605632,-1.1349634943117173,moderate_drought,True
Badakhshan,2013,12,36.39352598639865,62.43253543822135,-0.3625018345759511,near_normal,False
Badakhshan,2014,1,11.81760969726341,61.95332694128946,-1.020141354093095,moderate_drought,True
Badakhshan,2014,2,34.64451492824317,82.85565061190516,-0.7895886086088475,near_normal,False
Badakhshan,2014,3,79.07976214871553,125.54188677422204,-0.6845219568855048,near_normal,False
Badakhshan,2014,4,83.27366827300004,196.99794534995868,0.3481612651952027,near_normal,False
Badakhshan,2014,5,69.55076221921438,231.9041926409299,0.9834937750173622,near_normal,False
Badakhshan,2014,6,31.305118980121375,184.1295494723357,0.960074472713338,near_normal,False
Badakhshan,2014,7,24.33882258095501,125.1947037802907,0.6513284152777729,near_normal,False
Badakhshan,2014,8,13.87036786774645,69.51430942882277,-0.14016406229389133,near_normal,False
Badakhshan,2014,9,2.6822938177631444,40.89148426646453,-0.5451365428662889,near_normal,False
Badakhshan,2014,10,28.49041204363424,45.043073729143764,0.8460184361037988,near_normal,False
Badakhshan,2014,11,21.2742069556483,52.446912817045614,0.09872700078207215,near_normal,False
Badakhshan,2014,12,14.531501050218644,64.29612004950111,-0.2904013886409537,near_normal,False
Badakhshan,2015,1,33.26426380508457,69.06997181095144,-0.7062801779153579,near_normal,False
Badakhshan,2015,2,86.75191307060933,134.54767792591247,0.6152266730775483,near_normal,False
Badakhshan,2015,3,69.26806807485694,189.28424495055077,0.8668864208871123,near_normal,False
Badakhshan,2015,4,51.88636267002654,207.90634381549273,0.5705500521573342,near_normal,False
Badakhshan,2015,5,45.71561450409774,166.87004524898117,-0.1564828023114402,near_normal,False
Badakhshan,2015,6,24.978391792778,122.58036896690221,-0.3338204031228962,near_normal,False
Badakhshan,2015,7,34.25709402136947,104.95110031824514,-0.02817271311827253,near_normal,False
Badakhshan,2015,8,15.55702613619499,74.79251195034239,0.29042998528559055,near_normal,False
Badakhshan,2015,9,3.6748637554882,53.488983913052586,1.364775068491591,moderately_wet,False
Badakhshan,2015,10,18.265665743439214,37.49755563512233,0.17480801834896956,near_normal,False
Badakhshan,2015,11,38.015694708159046,59.956224207086386,0.4083049661259771,near_normal,False
Badakhshan,2015,12,22.12712633935399,78.40848679095218,0.21456884644023932,near_normal,False
Badakhshan,2016,1,27.74797466795733,87.89079571547029,0.029539374489458668,near_normal,False
Badakhshan,2016,2,11.161894456563038,61.036995463874284,-1.5699059565943643,severe_drought,True
Badakhshan,2016,3,97.64903898078494,136.55890810530525,-0.3836274592691053,near_normal,False
Badakhshan,2016,4,72.55747480808124,181.36840824542912,0.014801191623788837,near_normal,False
Badakhshan,2016,5,58.63190345608477,228.83841724495088,0.9348723958516119,near_normal,False
Badakhshan,2016,6,30.008495322396087,161.19787358656203,0.5173848024734803,near_normal,False
Badakhshan,2016,7,29.803720842408715,118.4441196208895,0.4334159800786709,near_normal,False
Badakhshan,2016,8,14.756364871331876,74.5685810361366,0.272580205894222,near_normal,False
Badakhshan,2016,9,2.845315649233207,47.40540136297373,0.4847260125676337,near_normal,False
Badakhshan,2016,10,12.714540771884318,30.316221292449328,-0.5537263821623553,near_normal,False
Badakhshan,2016,11,38.01028501123657,53.57014143235402,0.14683175571109333,near_normal,False
Badakhshan,2016,12,26.94803023743236,77.67285602055317,0.18982292476447316,near_normal,False
Badakhshan,2017,1,43.416565448377845,108.3748806970467,0.7187783047294284,near_normal,False
Badakhshan,2017,2,82.65667707194203,153.02127275775217,1.028060506263491,moderately_wet,False
Badakhshan,2017,3,60.55643602222664,186.62967854254646,0.8098875742238905,near_normal,False
Badakhshan,2017,4,55.12154531744876,198.33465841161734,0.37584412321827837,near_normal,False
Badakhshan,2017,5,37.23920850973112,152.91718984940644,-0.43852093384753055,near_normal,False
Badakhshan,2017,6,26.130378584336484,118.49113241151629,-0.43402625473910156,near_normal,False
Badakhshan,2017,7,29.283825830946643,92.65341292501418,-0.48484655327344234,near_normal,False
Badakhshan,2017,8,12.918177766102396,68.33238218138546,-0.23955538650173902,near_normal,False
Badakhshan,2017,9,3.977604706426861,46.17960830347583,0.2984770577476939,near_normal,False
Badakhshan,2017,10,11.834229247114568,28.730011719643755,-0.7300443083047733,near_normal,False
Badakhshan,2017,11,12.626821549291297,28.438655502832653,-1.1585498828898941,moderate_drought,True
Badakhshan,2017,12,18.830730885515617,43.291781681921414,-1.2061400672703932,moderate_drought,True
Badakhshan,2018,1,14.045273820672811,45.502826255479654,-1.8556699386669318,severe_drought,True
Badakhshan,2018,2,35.078097155474936,67.9541018616633,-1.3040708152476506,moderate_drought,True
Badakhshan,2018,3,80.32042093539285,129.44379191154053,-0.575982684963985,near_normal,False
Badakhshan,2018,4,49.24124682823172,164.63976491909943,-0.3640022033670748,near_normal,False
Badakhshan,2018,5,95.20786100853462,224.7695287721591,0.869680206735445,near_normal,False
Badakhshan,2018,6,20.467428160197965,164.91653599696423,0.5918647907648801,near_normal,False
Badakhshan,2018,7,26.900784255027183,142.5760734237597,1.1789678566282187,moderately_wet,False
Badakhshan,2018,8,13.26916532990448,60.637377745129555,-0.9166675932961263,near_normal,False
Badakhshan,2018,9,3.579132135836015,43.749081720767606,-0.08078169888648039,near_normal,False
Badakhshan,2018,10,45.64902553190764,62.49732299764807,2.1567291844253242,extremely_wet,False
Badakhshan,2018,11,36.49486611212898,85.72302377987256,1.3087370530479392,moderately_wet,False
Badakhshan,2018,12,16.3919006913125,98.53579233534904,0.8392382709156677,near_normal,False
Badakhshan,2019,1,66.14215862887707,119.02892543231849,1.0436113661407396,moderately_wet,False
Badakhshan,2019,2,63.15031569557976,145.68437501576926,0.8682255848972659,near_normal,False
Badakhshan,2019,3,57.606303725022535,186.89877804947932,0.8156898143024198,near_normal,False
Badakhshan,2019,4,96.33069471017636,217.0873141307786,0.7518233070029509,near_normal,False
Badakhshan,2019,5,35.420867031228845,189.35786546642768,0.26651932837224424,near_normal,False
Badakhshan,2019,6,67.51795384019233,199.26951558159746,1.2329064253273774,moderately_wet,False
Badakhshan,2019,7,24.611446678837574,127.5502675502587,0.7255404286274036,near_normal,False
Badakhshan,2019,8,12.866749306579756,104.99614982560959,2.4324659706506746,extremely_wet,False
Badakhshan,2019,9,2.535489217515436,40.013685202932706,-0.6921330752614917,near_normal,False
Badakhshan,2019,10,26.36162468409136,41.76386320818649,0.5642191597916397,near_normal,False
Badakhshan,2019,11,43.05158365169797,71.9486975533047,0.8534940463565073,near_normal,False
Badakhshan,2019,12,10.31033495498971,79.72354329077898,0.2584242016441229,near_normal,False
Badakhshan,2020,1,28.7205971073036,82.08251571399121,-0.18513688727084446,near_normal,False
Badakhshan,2020,2,20.378797213081917,59.40972927537516,-1.635486676690284,severe_drought,True
Badakhshan,2020,3,40.53606393938203,89.63545825976749,-1.8124117950319134,severe_drought,True
Badakhshan,2020,4,75.34060405884638,136.25546521131025,-1.0711578330218539,moderate_drought,True
Badakhshan,2020,5,58.32344246388145,174.2001104621098,-0.014631904593613715,near_normal,False
Badakhshan,2020,6,29.05503910264999,162.71908562537777,0.5479881636801416,near_normal,False
Badakhshan,2020,7,41.68049691449431,129.0589784810257,0.7725998662306748,near_normal,False
Badakhshan,2020,8,11.720819447750648,82.45635546489487,0.8810964887945524,near_normal,False
Badakhshan,2020,9,5.989518655810183,59.39083501805507,2.1577185888258117,extremely_wet,False
Badakhshan,2020,10,9.424401838662602,27.134739942223362,-0.9141849059156965,near_normal,False
Badakhshan,2020,11,39.43423485073983,54.84815534521254,0.2007542855763914,near_normal,False
Badakhshan,2020,12,21.507404085516757,70.36604077491911,-0.06491683138560084,near_normal,False
Badakhshan,2021,1,9.246107282119612,70.18774621837612,-0.6590213854921729,near_normal,False
Badakhshan,2021,2,20.927551327022243,51.68106269465854,-1.9655713393606131,severe_drought,True
Badakhshan,2021,3,136.48577034478518,166.65942895392698,0.3629452982391357,near_normal,False
Badakhshan,2021,4,33.12803985745823,190.5413615292656,0.21266266750564633,near_normal,False
Badakhshan,2021,5,31.75442531351584,201.36823551575918,0.47884471703203474,near_normal,False
Badakhshan,2021,6,21.92284082577,86.80530599674401,-1.304343708419812,moderate_drought,True
Badakhshan,2021,7,31.29342164157237,84.97068778085816,-0.7913060150149966,near_normal,False
Badakhshan,2021,8,14.230138710248465,67.44640117759077,-0.3148171348990654,near_normal,False
Badakhshan,2021,9,2.4971460345871086,48.02070638640789,0.5770135210101116,near_normal,False
Badakhshan,2021,10,14.075405809241012,30.802690554076527,-0.500909189768975,near_normal,False
Badakhshan,2021,11,14.76559827610523,31.338150119933296,-0.9747046854727242,near_normal,False
Badakhshan,2021,12,18.94179351635432,47.78279760170051,-0.9880477656773099,near_normal,False
Badakhshan,2022,1,44.128934791136096,77.83632658359559,-0.3486246606704763,near_normal,False
Badakhshan,2022,2,16.539224967975304,79.60995327546566,-0.8958464390020918,near_normal,False
Badakhshan,2022,3,73.22745504369745,133.89561480280878,-0.4548180518578462,near_normal,False
Badakhshan,2022,4,35.82058162371391,125.5872616353866,-1.3629593782417833,moderate_drought,True
Badakhshan,2022,5,32.96763379288614,142.01567046029743,-0.6712410658629233,near_normal,False
Badakhshan,2022,6,34.59297751679998,103.38119293339996,-0.8260757548714459,near_normal,False
Badakhshan,2022,7,30.17955623213721,97.74016754182324,-0.29128558175306657,near_normal,False
Badakhshan,2022,8,23.140880168358542,87.91341391729566,1.2799247625110226,moderately_wet,False
Badakhshan,2022,9,3.669911312220467,56.990347712716144,1.8417072528411995,very_wet,False
Badakhshan,2022,10,22.18849979337187,48.99929127395081,1.1686436106704678,moderately_wet,False
Badakhshan,2022,11,43.49337152101466,69.35178262660693,0.7614677939684175,near_normal,False
Badakhshan,2022,12,10.610652380621014,76.29252369500747,0.14296548947845283,near_normal,False
Badakhshan,2023,1,23.016152571982506,77.1201764736181,-0.37678664312927124,near_normal,False
Badakhshan,2023,2,71.11581498709393,104.74261993969736,-0.1382856263705387,near_normal,False
Badakhshan,2023,3,21.88752063769499,116.01948819677133,-0.959392359435358,near_normal,False
Badakhshan,2023,4,16.396306657653113,109.39964228244195,-1.840319104367148,severe_drought,True
Badakhshan,2023,5,29.57710070138813,67.86092799673615,-2.726492646956521,extreme_drought,True
Badakhshan,2023,6,22.77899561537768,68.75240297441884,-1.9040982744209902,severe_drought,True
Badakhshan,2023,7,31.942727708889738,84.29882402565546,-0.8189876066026782,near_normal,False
Badakhshan,2023,8,15.642929675144607,70.36465299941193,-0.06935333328322146,near_normal,False
Badakhshan,2023,9,3.267079147219907,50.852736531254166,0.9919805545546383,near_normal,False
Badakhshan,2023,10,12.744235095711849,31.65424391807628,-0.40979615217877025,near_normal,False
Badakhshan,2023,11,10.667859532825004,26.679173775756674,-1.2766259097726156,moderate_drought,True
Badakhshan,2023,12,8.901229984416533,32.3133246129533,-1.8160520774157636,severe_drought,True
Badghis,2001,1,41.40905851794163,,,,False
Badghis,2001,2,37.63931204486146,,,,False
Badghis,2001,3,60.87662512230492,139.924995685108,-1.1230885212316695,moderate_drought,True
Badghis,2001,4,56.53690474791621,155.05284191508258,-0.7484986593230297,near_normal,False
Badghis,2001,5,9.632085945497312,127.04561581571843,-0.48731247961870844,near_normal,False
Badghis,2001,6,0.0,66.16899069341352,-0.016508332979401835,near_normal,False
Badghis,2001,7,0.0,9.632085945497312,-1.230784636017801,moderate_drought,True
Badghis,2001,8,0.0,0.0,-0.164210777079331,near_normal,False
Badghis,2001,9,0.0,0.0,0.6406668899191048,near_normal,False
Badghis,2001,10,8.246011755009247,8.246011755009247,0.7165544841166233,near_normal,False
Badghis,2001,11,29.080552327036333,37.32656408204558,0.10414613391173659,near_normal,False
Badghis,2001,12,43.23786040946394,80.56442449150953,0.24209270713781228,near_normal,False
Badghis,2002,1,55.76954174301266,128.08795447951294,0.37685116956418213,near_normal,False
Badghis,2002,2,55.00873382427221,154.0161359767488,-0.06488445993996922,near_normal,False
Badghis,2002,3,94.31257122260708,205.09084678989197,0.06769482059974402,near_normal,False
Badghis,2002,4,86.69967231164208,236.02097735852138,0.4420944145577032,near_normal,False
Badghis,2002,5,25.48016309623118,206.49240663048033,0.8773134710720961,near_normal,False
Badghis,2002,6,0.0,112.17983540787327,1.1850941412518017,moderately_wet,False
Badghis,2002,7,0.0,25.480163096231195,0.5950235196698195,near_normal,False
Badghis,2002,8,0.0,0.0,-0.164210777079331,near_normal,False
Badghis,2002,9,0.0,0.0,0.6406668899191048,near_normal,False
Badghis,2002,10,2.4757945409466284,2.4757945409466426,-0.7606450208852019,near_normal,False
Badghis,2002,11,24.18040832486421,26.656202865810855,-0.6702601339660329,near_normal,False
Badghis,2002,12,84.81947029839598,111.47567316420684,1.3933808599293855,moderately_wet,False
Badghis,2003,1,44.6167194525907,153.6165980758509,1.148226946823767,moderately_wet,False
Badghis,2003,2,85.69708140398647,215.13327115497316,1.1140940091106395,moderately_wet,False
Badghis,2003,3,134.07118065620983,264.384981512787,0.9459400603722607,near_normal,False
Badghis,2003,4,65.577470308921,285.3457323691173,1.037358294312103,moderately_wet,False
Badghis,2003,5,19.1318840069044,218.78053497203524,1.0552314312573867,moderately_wet,False
Badghis,2003,6,0.1116468401613573,84.82100115598675,0.5217158657802325,near_normal,False
Badghis,2003,7,0.0,19.243530847065756,0.00843507449251239,near_normal,False
Badghis,2003,8,0.0,0.1116468401613573,0.5462624545060754,near_normal,False
Badghis,2003,9,0.0,0.0,0.6406668899191048,near_normal,False
Badghis,2003,10,1.431729016972077,1.431729016972077,-1.2781809957435168,moderate_drought,True
Badghis,2003,11,34.1932193004542,35.62494831742628,-0.008299606317582127,near_normal,False
Badghis,2003,12,39.17372496501898,74.79867328244526,-0.00376328286375796,near_normal,False
Badghis,2004,1,92.02875569054238,165.39569995601556,1.475908566704164,moderately_wet,False
Badghis,2004,2,36.5205353229558,167.72301597851714,0.22333318794213067,near_normal,False
Badghis,2004,3,48.21588614964496,176.76517716314314,-0.41273342986779765,near_normal,False
Badghis,2004,4,46.66274652929219,131.39916800189295,-1.1752547316708664,moderate_drought,True
Badghis,2004,5,12.10434609549369,106.98297877443085,-0.9206599460530729,near_normal,False
Badghis,2004,6,0.0,58.76709262478588,-0.2584297258475587,near_normal,False
Badghis,2004,7,0.0,12.10434609549369,-0.8503886362176495,near_normal,False
Badghis,2004,8,0.0,0.0,-0.164210777079331,near_normal,False
Badghis,2004,9,0.0,0.0,0.6406668899191048,near_normal,False
Badghis,2004,10,2.509339197857768,2.509339197857768,-0.7469391735242178,near_normal,False
Badghis,2004,11,31.386377846208426,33.895717044066195,-0.12632239927608996,near_normal,False
Badghis,2004,12,66.61437558006838,100.51009262413459,1.0121575386282506,moderately_wet,False
Badghis,2005,1,37.09766322783779,135.0984166541146,0.5980748946790003,near_normal,False
Badghis,2005,2,65.14230855388652,168.8543473617927,0.24641031888319212,near_normal,False
Badghis,2005,3,109.00604497346042,211.2460167551847,0.16612326372192193,near_normal,False
Badghis,2005,4,18.95762259520533,193.10597612255228,-0.1470426507974008,near_normal,False
Badghis,2005,5,37.444942633508376,165.40861020217412,0.22647824329956476,near_normal,False
Badghis,2005,6,0.2849222071795484,56.68748743589325,-0.33008589655616205,near_normal,False
Badghis,2005,7,0.0,37.729864840687924,1.5171541646483853,very_wet,False
Badghis,2005,8,0.0,0.2849222071795484,0.911128122921798,near_normal,False
Badghis,2005,9,0.0,0.0,0.6406668899191048,near_normal,False
Badghis,2005,10,0.9958003327172028,0.9958003327172028,-1.5838386638303883,severe_drought,True
Badghis,2005,11,23.788498169009333,24.784298501726536,-0.8271001001244532,near_normal,False
Badghis,2005,12,24.93587721793233,49.72017571965887,-1.2547188684083297,moderate_drought,True
Badghis,2006,1,62.297147945741976,111.02152333268364,-0.19761139979599884,near_normal,False
Badghis,2006,2,63.77791932975414,151.01094449342844,-0.13034758469836066,near_normal,False
Badghis,2006,3,62.97557195189248,189.05063922738861,-0.1984437493129325,near_normal,False
Badghis,2006,4,35.934343872036365,162.68783515368298,-0.6203685103300931,near_normal,False
Badghis,2006,5,6.793594246664976,105.70351007059382,-0.9501292525192417,near_normal,False
Badghis,2006,6,0.0,42.72793811870133,-0.8650123822994558,near_normal,False
Badghis,2006,7,0.0,6.793594246664969,-1.7660531216844277,severe_drought,True
Badghis,2006,8,0.0,0.0,-0.164210777079331,near_normal,False
Badghis,2006,9,0.0030084690470922,0.0030084690470850947,0.7670756708192902,near_normal,False
Badghis,2006,10,7.077515069105041,7.080523538152126,0.4959829929831896,near_normal,False
Badghis,2006,11,51.37259403699722,58.45311757514935,1.2810911511618968,moderately_wet,False
Badghis,2006,12,58.2275839856751,116.67769309177736,1.565759345169674,very_wet,False
Badghis,2007,1,35.50088745525517,145.10106547792748,0.9009795607652821,near_normal,False
Badghis,2007,2,89.73551866816733,183.4639901090976,0.5356170048103801,near_normal,False
Badghis,2007,3,150.89317021057033,276.1295763339928,1.1040667185600601,moderately_wet,False
Badghis,2007,4,40.15940002936332,280.788088908101,0.9853237641050767,near_normal,False
Badghis,2007,5,15.12983767675268,206.18240791668632,0.8727369514816926,near_normal,False
Badghis,2007,6,0.4315993075240834,55.72083701364006,-0.3640031735098521,near_normal,False
Badghis,2007,7,0.0,15.561436984276735,-0.4006130905676875,near_normal,False
Badghis,2007,8,0.0,0.43159930752405495,1.1304827803939563,moderately_wet,False
Badghis,2007,9,0.0,0.0,0.6406668899191048,near_normal,False
Badghis,2007,10,1.7916938095519317,1.7916938095519033,-1.0752354588469832,moderate_drought,True
Badghis,2007,11,22.12721791670804,23.918911726259942,-0.9023824618748494,near_normal,False
Badghis,2007,12,59.46323779676952,83.38214952302945,0.3579976901938251,near_normal,False
Badghis,2008,1,53.61763553333277,135.2080912468103,0.6014748624739005,near_normal,False
Badghis,2008,2,35.063087836058585,148.14396116616084,-0.1936194909607494,near_normal,False
Badghis,2008,3,30.65373815352184,119.33446152291317,-1.5780318275204135,severe_drought,True
Badghis,2008,4,45.74929780565986,111.46612379524026,-1.5785153866548782,severe_drought,True
Badghis,2008,5,13.658462202135764,90.06149816131743,-1.3321827383443112,moderate_drought,True
Badghis,2008,6,0.0,59.4077600077956,-0.23670204453279092,near_normal,False
Badghis,2008,7,0.0,13.658462202135736,-0.6384864566106024,near_normal,False
Badghis,2008,8,0.0,0.0,-0.164210777079331,near_normal,False
Badghis,2008,9,0.0162543424048229,0.016254342404794477,0.8857248096639524,near_normal,False
Badghis,2008,10,1.7261711079267124,1.7424254503315069,-1.101107558043535,moderate_drought,True
Badghis,2008,11,19.500265418407523,21.24269086873903,-1.1478854385325001,moderate_drought,True
Badghis,2008,12,41.94213783157763,63.16857435791184,-0.541345984584953,near_normal,False
Badghis,2009,1,73.4049187625539,134.84732201253902,0.590283970753529,near_normal,False
Badghis,2009,2,68.55236281647849,183.89941941061,0.5439988815994619,near_normal,False
Badghis,2009,3,103.0233287273709,244.98061030640326,0.6742976203670029,near_normal,False
Badghis,2009,4,137.47147304323985,309.0471645870892,1.2996077470070575,moderately_wet,False
Badghis,2009,5,38.56176117856816,279.0565629491789,1.8454799292711082,very_wet,False
Badghis,2009,6,3.838033800012901e-05,176.03327260214596,2.4057253507429164,extremely_wet,False
Badghis,2009,7,0.0,38.5617995589061,1.5723021872101266,very_wet,False
Badghis,2009,8,0.0,3.8380337943285594e-05,-0.14271513256853605,near_normal,False
Badghis,2009,9,0.0541834470388933,0.05418344703883646,1.042158331323043,moderately_wet,False
Badghis,2009,10,7.369209476068476,7.423392923107312,0.5631916374120468,near_normal,False
Badghis,2009,11,41.22220449426251,48.64559741736983,0.7769897731464148,near_normal,False
Badghis,2009,12,58.270897428810265,106.86231139914119,1.2361026544388856,moderately_wet,False
Badghis,2010,1,39.50304809227081,138.99615001534352,0.7178075494276958,near_normal,False
Badghis,2010,2,96.7848640875848,194.5588096086658,0.7452359716244811,near_normal,False
Badghis,2010,3,84.154392242863,220.44230442271856,0.3096879105765238,near_normal,False
Badghis,2010,4,43.799186933212425,224.73844326366014,0.29462366109433713,near_normal,False
Badghis,2010,5,29.35428450236857,157.30786367844394,0.0858241757214685,near_normal,False
Badghis,2010,6,0.0708230403421102,73.22429447592305,0.1976873395281499,near_normal,False
Badghis,2010,7,0.0,29.425107542710624,0.9183683879675134,near_normal,False
Badghis,2010,8,0.0,0.07082304034205336,0.41755217898312136,near_normal,False
Badghis,2010,9,0.0,0.0,0.6406668899191048,near_normal,False
Badghis,2010,10,3.613892956494708,3.6138929564946514,-0.35449092696602746,near_normal,False
Badghis,2010,11,11.240739078486296,14.854632034980948,-1.8379544224639157,severe_drought,True
Badghis,2010,12,19.40528620383202,34.25991823881297,-2.2657213341974978,extreme_drought,True
Badghis,2011,1,29.280896335985563,59.92692161830382,-2.3941401162785487,extreme_drought,True
Badghis,2011,2,110.07632210565974,158.76250464547726,0.03678770120580314,near_normal,False
Badghis,2011,3,76.96687661450878,216.32409505615402,0.2458998431248456,near_normal,False
Badghis,2011,4,34.31355463946693,221.35675335963538,0.2494693022621673,near_normal,False
Badghis,2011,5,21.568497716151665,132.8489289701273,-0.3707657537060691,near_normal,False
Badghis,2011,6,0.053317135896441,55.935369491514976,-0.35644137905302126,near_normal,False
Badghis,2011,7,0.0,21.62181485204805,0.2452261073833197,near_normal,False
Badghis,2011,8,0.0,0.053317135896384156,0.34951425777747197,near_normal,False
Badghis,2011,9,0.0,0.0,0.6406668899191048,near_normal,False
Badghis,2011,10,3.663150835871099,3.663150835871042,-0.3390952207083739,near_normal,False
Badghis,2011,11,71.89869490935541,75.56184574522645,2.043750604438965,extremely_wet,False
Badghis,2011,12,17.780282724176555,93.34212846940301,0.7480702095690271,near_normal,False
Badghis,2012,1,43.90148148825972,133.58045912179165,0.5508292300499033,near_normal,False
Badghis,2012,2,72.9677287652818,134.649492977718,-0.5030496399438826,near_normal,False
Badghis,2012,3,65.65524747996692,182.52445773350837,-0.31106761125663057,near_normal,False
Badghis,2012,4,50.5555682548425,189.17854450009116,-0.20518254128378785,near_normal,False
Badghis,2012,5,27.733549293109395,143.94436502791876,-0.15718951888574076,near_normal,False
Badghis,2012,6,0.0,78.28911754795183,0.34310111006731786,near_normal,False
Badghis,2012,7,0.0,27.733549293109338,0.7834097827289483,near_normal,False
Badghis,2012,8,0.0,0.0,-0.164210777079331,near_normal,False
Badghis,2012,9,0.0,0.0,0.6406668899191048,near_normal,False
Badghis,2012,10,11.359461383732407,11.35946138373235,1.2209343060740485,moderately_wet,False
Badghis,2012,11,31.834450336111004,43.193911719843356,0.4675266383888458,near_normal,False
Badghis,2012,12,56.850389327535815,100.04430104737918,0.9953776639631342,near_normal,False
Badghis,2013,1,32.83330746707714,121.5181471307239,0.1621254762934088,near_normal,False
Badghis,2013,2,58.99576715302366,148.67946394763655,-0.18173935822144946,near_normal,False
Badghis,2013,3,76.90978259805699,168.73885721815773,-0.5582232983844714,near_normal,False
Badghis,2013,4,40.066940411692464,175.97249016277306,-0.40686171046772124,near_normal,False
Badghis,2013,5,5.113851522946316,122.09057453269573,-0.5897219418671329,near_normal,False
Badghis,2013,6,0.0,45.18079193463872,-0.763068208850143,near_normal,False
Badghis,2013,7,0.0,5.113851522946259,-2.165779697640534,extreme_drought,True
Badghis,2013,8,0.0,0.0,-0.164210777079331,near_normal,False
Badghis,2013,9,0.0,0.0,0.6406668899191048,near_normal,False
Badghis,2013,10,7.633048595572104,7.633048595572047,0.6032906672087999,near_normal,False
Badghis,2013,11,20.758898787794617,28.391947383366663,-0.5314553641025249,near_normal,False
Badghis,2013,12,35.38320829686871,63.77515568023538,-0.5117268601848458,near_normal,False
Badghis,2014,1,28.912509897904503,85.05461698256778,-1.1988883648052093,moderate_drought,True
Badghis,2014,2,38.13359384493308,102.42931203970625,-1.3386353832812796,moderate_drought,True
Badghis,2014,3,103.29000680790872,170.33611055074624,-0.5289027148634214,near_normal,False
Badghis,2014,4,48.70463326823541,190.12823392107717,-0.19104989622675952,near_normal,False
Badghis,2014,5,30.64770454754286,182.64234462368697,0.5111636727945353,near_normal,False
Badghis,2014,6,0.5271689500004486,79.87950676577867,0.38747063668502457,near_normal,False
Badghis,2014,7,0.0,31.174873497543253,1.052783484213889,moderately_wet,False
Badghis,2014,8,0.0,0.5271689500003918,1.2523397483066603,moderately_wet,False
Badghis,2014,9,0.0,0.0,0.6406668899191048,near_normal,False
Badghis,2014,10,4.740742232576292,4.740742232576235,-0.03323710390783541,near_normal,False
Badghis,2014,11,45.560915748047805,50.30165798062404,0.8664671041251728,near_normal,False
Badghis,2014,12,26.71854953324434,77.02020751386839,0.09241245750807238,near_normal,False
Badghis,2015,1,49.31893267289247,121.59839795418456,0.16479435962103786,near_normal,False
Badghis,2015,2,173.91336138214726,249.95084358828402,1.6892280899053829,very_wet,False
Badghis,2015,3,105.71385606403273,328.9461501190724,1.7658516779839963,very_wet,False
Badghis,2015,4,23.449648964836957,303.07686641101685,1.2348110212757375,moderately_wet,False
Badghis,2015,5,15.131568894565524,144.29507392343515,-0.1506225876740894,near_normal,False
Badghis,2015,6,0.0,38.58121785940242,-1.047067199129138,moderate_drought,True
Badghis,2015,7,0.0,15.131568894565467,-0.4525215904422135,near_normal,False
Badghis,2015,8,0.0,0.0,-0.164210777079331,near_normal,False
Badghis,2015,9,0.0,0.0,0.6406668899191048,near_normal,False
Badghis,2015,10,13.832703287748766,13.832703287748709,1.5618632281816587,very_wet,False
Badghis,2015,11,45.91573534211846,59.74843862986717,1.3434699000242682,moderately_wet,False
Badghis,2015,12,29.97009970481553,89.7185383346827,0.6094831570398659,near_normal,False
Badghis,2016,1,42.16200461775861,118.04783966469253,0.04557303300299912,near_normal,False
Badghis,2016,2,26.290764829025647,98.42286915159974,-1.4546870215400036,moderate_drought,True
Badghis,2016,3,119.7922588902717,188.24502833705589,-0.2122034338581054,near_normal,False
Badghis,2016,4,61.93127870841103,208.0143024277083,0.06669620712513566,near_normal,False
Badghis,2016,5,16.485855549772452,198.2093931484551,0.753453616629419,near_normal,False
Badghis,2016,6,0.6948172739472922,79.11195153213072,0.36613066019112306,near_normal,False
Badghis,2016,7,0.0,17.18067282371969,-0.21343762414981557,near_normal,False
Badghis,2016,8,0.0,0.6948172739472354,1.4406491220227546,moderately_wet,False
Badghis,2016,9,0.0,0.0,0.6406668899191048,near_normal,False
Badghis,2016,10,3.0438335825019727,3.043833582501916,-0.544396851183963,near_normal,False
Badghis,2016,11,18.35735681345923,21.401190395961144,-1.132762359014975,moderate_drought,True
Badghis,2016,12,34.05936674247365,55.460557138434794,-0.9357955918414727,near_normal,False
Badghis,2017,1,57.90803365151498,110.32475720744779,-0.22228284203904095,near_normal,False
Badghis,2017,2,175.2753120200551,267.2427124140437,1.9557613622258516,very_wet,False
Badghis,2017,3,88.0244718991502,321.20781757072024,1.6734048033955051,very_wet,False
Badghis,2017,4,21.53189235557941,284.8316762747847,1.031516501044555,moderately_wet,False
Badghis,2017,5,16.437939596399872,125.99430385112942,-0.5088104585799508,near_normal,False
Badghis,2017,6,0.0,37.969831951979224,-1.0750541374366982,moderate_drought,True
Badghis,2017,7,0.0,16.437939596399815,-0.2977320672312568,near_normal,False
Badghis,2017,8,0.0,0.0,-0.164210777079331,near_normal,False
Badghis,2017,9,0.0,0.0,0.6406668899191048,near_normal,False
Badghis,2017,10,3.1072198285569264,3.1072198285568695,-0.5221031988175271,near_normal,False
Badghis,2017,11,20.115123025484813,23.22234285404168,-0.9643621920580212,near_normal,False
Badghis,2017,12,24.34411284927241,47.56645570331409,-1.3809367244710606,moderate_drought,True
Badghis,2018,1,18.575560318344127,63.034796193101286,-2.2292649894090624,extreme_drought,True
Badghis,2018,2,61.27401791833004,104.19369108594653,-1.2885247303418628,moderate_drought,True
Badghis,2018,3,88.65616989844685,168.50574813512097,-0.5625181731561356,near_normal,False
Badghis,2018,4,38.20353492768733,188.13372274446414,-0.22078616362061795,near_normal,False
Badghis,2018,5,30.87462007328684,157.73432489942095,0.09334773636470028,near_normal,False
Badghis,2018,6,0.0,69.0781550009741,0.07357954287443733,near_normal,False
Badghis,2018,7,0.0,30.874620073286785,1.0300709251732678,moderately_wet,False
Badghis,2018,8,0.0039447755952253,0.003944775595168456,0.0003890429262198249,near_normal,False
Badghis,2018,9,0.0,0.003944775595168456,0.781027118306872,near_normal,False
Badghis,2018,10,20.91146173920713,20.9154065148023,2.3669668508852224,extremely_wet,False
Badghis,2018,11,33.04757101058112,53.95903274978819,1.0574993475277372,moderately_wet,False
Badghis,2018,12,25.2324623916589,79.19149514144709,0.18464111420659682,near_normal,False
Badghis,2019,1,87.40321115042437,145.68324455266435,0.9181810646237569,near_normal,False
Badghis,2019,2,137.36716380080205,250.00283734288524,1.69004697353903,very_wet,False
Badghis,2019,3,122.23682492735492,347.0071998785813,1.9763268717484082,very_wet,False
Badghis,2019,4,121.8526498217585,381.4566385499154,2.0283532048001582,extremely_wet,False
Badghis,2019,5,13.749686099165023,257.83916084827837,1.581085026638042,very_wet,False
Badghis,2019,6,0.5223399217446324,136.1246758426681,1.6844392434722089,very_wet,False
Badghis,2019,7,0.0,14.2720260209096,-0.5594297368484561,near_normal,False
Badghis,2019,8,0.0,0.5223399217445756,1.2464779981167506,moderately_wet,False
Badghis,2019,9,0.0,0.0,0.6406668899191048,near_normal,False
Badghis,2019,10,13.745046034791097,13.74504603479104,1.550461725466329,very_wet,False
Badghis,2019,11,31.16193238239205,44.90697841718309,0.5674010955778361,near_normal,False
Badghis,2019,12,31.31579923302899,76.22277765021208,0.05810546956162881,near_normal,False
Badghis,2020,1,61.362393737980206,123.84012535340119,0.23887813497160038,near_normal,False
Badghis,2020,2,53.174008286370125,145.85220125737925,-0.2447907713720821,near_normal,False
Badghis,2020,3,113.50306696410269,228.03946898845294,0.4253194884283313,near_normal,False
Badghis,2020,4,106.89576735176912,273.57284260224185,0.9018107546771136,near_normal,False
Badghis,2020,5,31.94353559096602,252.34236990683777,1.510334497822939,very_wet,False
Badghis,2020,6,0.853972123654169,139.69327506638922,1.7539464312726447,very_wet,False
Badghis,2020,7,0.3328550528767882,33.130362767496905,1.1973687546908924,moderately_wet,False
Badghis,2020,8,0.0,1.186827176530886,1.8847541404922499,very_wet,False
Badghis,2020,9,0.3151156619519863,0.6479707148287035,1.8679242580577893,very_wet,False
Badghis,2020,10,4.005518446902117,4.320634108854032,-0.14613857920060397,near_normal,False
Badghis,2020,11,51.11227276498088,55.43290687383491,1.1321094190834127,moderately_wet,False
Badghis,2020,12,47.45743970871877,102.5752309206017,1.0859485588660347,moderately_wet,False
Badghis,2021,1,16.924996886946158,115.49470936064574,-0.0416431678783183,near_normal,False
Badghis,2021,2,34.3149353507582,98.69737194642306,-1.4466321380759706,moderate_drought,True
Badghis,2021,3,82.55131376232681,133.7912460000311,-1.2534631587754006,moderate_drought,True
Badghis,2021,4,15.988568929965236,132.85481804305016,-1.147524604779351,moderate_drought,True
Badghis,2021,5,28.6858793477366,127.22576204002857,-0.48364087010676515,near_normal,False
Badghis,2021,6,0.0,44.674448277701764,-0.7837916617482996,near_normal,False
Badghis,2021,7,0.0,28.685879347736527,0.8600267519205693,near_normal,False
Badghis,2021,8,0.0,0.0,-0.164210777079331,near_normal,False
Badghis,2021,9,0.0,0.0,0.6406668899191048,near_normal,False
Badghis,2021,10,2.054692048838592,2.054692048838521,-0.945351741710159,near_normal,False
Badghis,2021,11,17.727257005027614,19.781949053866136,-1.291131364913828,moderate_drought,True
Badghis,2021,12,28.51871048270585,48.300659536571985,-1.3374720681131236,moderate_drought,True
Badghis,2022,1,48.0228943903408,94.2688618780742,-0.8224594158919224,near_normal,False
Badghis,2022,2,39.3217145584959,115.8633194315425,-0.9710195144367268,near_normal,False
Badghis,2022,3,57.50957023665532,144.85417918549194,-1.0211436540843435,moderate_drought,True
Badghis,2022,4,20.955710088028034,117.78699488317918,-1.44553541007243,moderate_drought,True
Badghis,2022,5,15.546985031623896,94.01226535630717,-1.2315811857435364,moderate_drought,True
Badghis,2022,6,0.0289843347379854,36.531679454389845,-1.1421616286460998,moderate_drought,True
Badghis,2022,7,0.0,15.57596936636181,-0.3988754817054983,near_normal,False
Badghis,2022,8,0.0,0.028984334737914345,0.2293213470806898,near_normal,False
Badghis,2022,9,0.8058038376680474,0.8058038376679764,2.0054135777208972,extremely_wet,False
Badghis,2022,10,3.507314404960349,4.313118242628326,-0.14822556980734908,near_normal,False
Badghis,2022,11,25.265016304338616,29.578134546966943,-0.43990366000457215,near_normal,False
Badghis,2022,12,32.79824869390727,61.57057940320617,-0.6203105257496779,near_normal,False
Badghis,2023,1,23.58879787445352,81.65206287269933,-1.3449490031644964,moderate_drought,True
Badghis,2023,2,59.12099585734977,115.5080424257105,-0.9803531339735365,near_normal,False
Badghis,2023,3,35.04989504897718,117.75968878078041,-1.6150111555841504,severe_drought,True
Badghis,2023,4,12.158684313286976,106.32957521961386,-1.6905413946254504,severe_drought,True
Badghis,2023,5,12.644127055202356,59.85270641746644,-2.2287318585614786,extreme_drought,True
Badghis,2023,6,0.0179198904054064,24.820731258894675,-1.7743991168135658,severe_drought,True
Badghis,2023,7,0.0,12.662046945607699,-0.7722812517805561,near_normal,False
Badghis,2023,8,0.0,0.01791989040534245,0.15476208460957427,near_normal,False
Badghis,2023,9,0.0,0.0,0.6406668899191048,near_normal,False
Badghis,2023,10,6.0092015168993616,6.009201516899298,0.2710212666517002,near_normal,False
Badghis,2023,11,33.11637466261416,39.12557617951346,0.2193654086142216,near_normal,False
Badghis,2023,12,20.645128881544924,59.77070506105838,-0.710937101402573,near_normal,False
Baghlan,2001,1,31.928159943058372,,,,False
Baghlan,2001,2,48.49280760592236,,,,False
Baghlan,2001,3,109.32822433149916,189.74919188047988,-1.0862775760325913,moderate_drought,True
Baghlan,2001,4,49.128080116181245,206.94911205360276,-1.1907621085841484,moderate_drought,True
Baghlan,2001,5,23.553651646462185,182.00995609414258,-0.7576990542852095,near_normal,False
Baghlan,2001,6,3.28100285849418,75.96273462113763,-1.2604249591318293,moderate_drought,True
Baghlan,2001,7,2.499620205412251,29.334274710368632,-0.8112257325416028,near_normal,False
Baghlan,2001,8,0.6228679070021096,6.403490970908555,-0.4911572601385145,near_normal,False
Baghlan,2001,9,0.4828532083315057,3.6053413207458807,-0.2664906171650965,near_normal,False
Baghlan,2001,10,17.81578261820989,18.92150373354352,0.5208997111949791,near_normal,False
Baghlan,2001,11,35.26872863262147,53.567364459162874,-0.11001280532647212,near_normal,False
Baghlan,2001,12,38.825021788788575,91.90953303961996,0.016861299200803422,near_normal,False
Baghlan,2002,1,42.23044934883648,116.32419977024654,-0.297711111726664,near_normal,False
Baghlan,2002,2,132.86812706721045,213.9235982048355,0.6720286207506425,near_normal,False
Baghlan,2002,3,164.67402864648415,339.7726050625311,1.1780399810310174,moderately_wet,False
Baghlan,2002,4,146.31373789916282,443.85589361285747,1.6839163341783294,very_wet,False
Baghlan,2002,5,40.41309091596714,351.4008574616141,1.4439255188089206,moderately_wet,False
Baghlan,2002,6,4.350687130116513,191.0775159452465,1.4275146643448193,moderately_wet,False
Baghlan,2002,7,2.5356301536153745,47.29940819969905,0.325061276676772,near_normal,False
Baghlan,2002,8,0.6246095890718443,7.51092687280376,-0.02968093986097582,near_normal,False
Baghlan,2002,9,0.5382949737641906,3.6985347164514377,-0.16851684516833956,near_normal,False
Baghlan,2002,10,7.421272739260363,8.584177302096426,-0.9279988149929357,near_normal,False
Baghlan,2002,11,32.62645199734495,40.586019710369534,-0.7803472292427078,near_normal,False
Baghlan,2002,12,49.89562817935041,89.94335291595576,-0.051878134090118544,near_normal,False
Baghlan,2003,1,40.86749491887775,123.38957509557315,-0.07568081067264046,near_normal,False
Baghlan,2003,2,125.16112456715008,215.9242476653783,0.7059467654426866,near_normal,False
Baghlan,2003,3,155.04313350951446,321.07175299554234,0.9380319409629421,near_normal,False
Baghlan,2003,4,104.8994081423226,385.1036662189872,1.0912227421364544,moderately_wet,False
Baghlan,2003,5,42.21038772401264,302.15292937584974,0.8942575430196238,near_normal,False
Baghlan,2003,6,3.5258234799619346,150.63561934629723,0.6531866852942102,near_normal,False
Baghlan,2003,7,2.2837909317560863,48.02000213573072,0.36401757970700915,near_normal,False
Baghlan,2003,8,0.4722886211219761,6.281903032840054,-0.5450277181445964,near_normal,False
Baghlan,2003,9,0.3990825083979306,3.15516206127605,-0.7654711375609642,near_normal,False
Baghlan,2003,10,14.764012385570734,15.635383515090698,0.13648717000212396,near_normal,False
Baghlan,2003,11,56.35919566088348,71.5222905548522,0.6562742238366416,near_normal,False
Baghlan,2003,12,43.86005091175251,114.98325895820679,0.7589600142869573,near_normal,False
Baghlan,2004,1,57.63527227629075,157.8545188489268,0.9006803507206727,near_normal,False
Baghlan,2004,2,49.290621699263056,150.78594488730636,-0.5284687922059393,near_normal,False
Baghlan,2004,3,44.98475609974273,151.9106500752966,-1.8445557664971852,severe_drought,True
Baghlan,2004,4,87.9311045469009,182.20648234590675,-1.604834828313229,severe_drought,True
Baghlan,2004,5,29.860510248453352,162.77637089509705,-1.0864981053167733,moderate_drought,True
Baghlan,2004,6,2.7584055400176704,120.55002033537198,-0.01705519116719475,near_normal,False
Baghlan,2004,7,2.3059902650867965,34.92490605355786,-0.41647032576798115,near_normal,False
Baghlan,2004,8,0.5561522327993723,5.620548037903882,-0.8512201448755933,near_normal,False
Baghlan,2004,9,0.3287359379987716,3.190878435884983,-0.7241859278051641,near_normal,False
Baghlan,2004,10,22.872114725666748,23.757002896464932,1.0136947234838483,moderately_wet,False
Baghlan,2004,11,38.80737302585491,62.00822368952046,0.26857843940619003,near_normal,False
Baghlan,2004,12,46.963623114064845,108.64311086558655,0.5656802488342421,near_normal,False
Baghlan,2005,1,39.217080116692415,124.9880762566122,-0.026636129332053088,near_normal,False
Baghlan,2005,2,66.61220986911769,152.792913099875,-0.48555692323109895,near_normal,False
Baghlan,2005,3,130.81839594415922,236.64768592996936,-0.2787178467232282,near_normal,False
Baghlan,2005,4,65.42357396382674,262.8541797771037,-0.36682918576090473,near_normal,False
Baghlan,2005,5,47.25297676348897,243.49494667147496,0.15662935270082648,near_normal,False
Baghlan,2005,6,7.682985067623969,120.3595357949397,-0.021635981106661283,near_normal,False
Baghlan,2005,7,2.0936327467252625,57.029594577838225,0.821482959391575,near_normal,False
Baghlan,2005,8,0.4667238645067694,10.24334167885603,0.9413671284662354,near_normal,False
Baghlan,2005,9,0.2152555398602203,2.7756121510922807,-1.2252677078388956,moderate_drought,True
Baghlan,2005,10,5.422585624887804,6.104565029254823,-1.4524212152475728,moderate_drought,True
Baghlan,2005,11,33.68477874376321,39.322619908511264,-0.8530610076512055,near_normal,False
Baghlan,2005,12,20.36436545778184,59.47172982643288,-1.278459697750312,moderate_drought,True
Baghlan,2006,1,60.02931560029529,114.07845980184037,-0.3701765012081778,near_normal,False
Baghlan,2006,2,95.74027003157964,176.13395108965682,-0.012311641261218928,near_normal,False
Baghlan,2006,3,113.10170242558584,268.8712880574608,0.21527638811703134,near_normal,False
Baghlan,2006,4,68.13435944198729,276.9763318991528,-0.17787371403742236,near_normal,False
Baghlan,2006,5,13.91170555438797,195.1477674219611,-0.546538584409017,near_normal,False
Baghlan,2006,6,2.297571861001636,84.34363685737692,-0.9943029069147047,near_normal,False
Baghlan,2006,7,2.182538410237345,18.391815825626978,-1.7700431669236414,severe_drought,True
Baghlan,2006,8,0.4689217688323316,4.949032040071341,-1.188577431844166,moderate_drought,True
Baghlan,2006,9,0.3033552317546568,2.954815410824362,-1.003153485913277,moderate_drought,True
Baghlan,2006,10,12.662180842893022,13.43445784348004,-0.15229147328812728,near_normal,False
Baghlan,2006,11,70.30538385126304,83.27091992591076,1.0908725115887978,moderately_wet,False
Baghlan,2006,12,70.0594617306422,153.0270264247983,1.7932827699028875,very_wet,False
Baghlan,2007,1,24.236236228386208,164.60108181029148,1.07486442685835,moderately_wet,False
Baghlan,2007,2,115.18948439417352,209.48518235320194,0.5960294554007767,near_normal,False
Baghlan,2007,3,244.81878131997223,384.244501942532,1.7161604244697464,very_wet,False
Baghlan,2007,4,60.865055959064286,420.87332167321006,1.458505214117283,moderately_wet,False
Baghlan,2007,5,23.43051551142767,329.11435279046424,1.2018267557155558,moderately_wet,False
Baghlan,2007,6,8.402108863671788,92.69768033416378,-0.7466206115284548,near_normal,False
Baghlan,2007,7,2.181069752771696,34.01369412787118,-0.47770494688627446,near_normal,False
Baghlan,2007,8,0.4365520505787801,11.019730667022293,1.1854726522487442,moderately_wet,False
Baghlan,2007,9,0.3488925782267651,2.9665143815772694,-0.9889773003549684,near_normal,False
Baghlan,2007,10,6.284457296666847,7.06990192547242,-1.2328403783120758,moderate_drought,True
Baghlan,2007,11,15.765723233371151,22.39907310826479,-2.038034667460866,extreme_drought,True
Baghlan,2007,12,43.35619732748555,65.40637785752358,-1.0104824016709029,moderate_drought,True
Baghlan,2008,1,52.784604232431406,111.90652479328813,-0.4411801806071889,near_normal,False
Baghlan,2008,2,54.96081954949376,151.10162110941076,-0.5216936557679924,near_normal,False
Baghlan,2008,3,43.45218774867442,151.19761153059963,-1.860043806025541,severe_drought,True
Baghlan,2008,4,117.59022913605898,216.0032364342272,-1.0477879050898828,moderate_drought,True
Baghlan,2008,5,17.371132484678284,178.41354936941173,-0.8173058444182715,near_normal,False
Baghlan,2008,6,2.363206815580457,137.32456843631775,0.3687440895102939,near_normal,False
Baghlan,2008,7,1.998008203197172,21.73234750345594,-1.4423609257986727,moderate_drought,True
Baghlan,2008,8,0.5184818647062145,4.879696883483872,-1.2251755533181075,moderate_drought,True
Baghlan,2008,9,0.4234197621777747,2.9399098300811897,-1.021270923197856,moderate_drought,True
Baghlan,2008,10,10.491942707162478,11.433844334046496,-0.4440899558393577,near_normal,False
Baghlan,2008,11,24.35322276822144,35.26858523756172,-1.097891836886693,moderate_drought,True
Baghlan,2008,12,28.01080770336797,62.85597317875192,-1.123498342816256,moderate_drought,True
Baghlan,2009,1,80.36403241032917,132.72806288191862,0.2050972714411306,near_normal,False
Baghlan,2009,2,134.7335046796853,243.10834479338246,1.1476778012840407,moderately_wet,False
Baghlan,2009,3,91.87823251213486,306.9757696021494,0.7510011188183657,near_normal,False
Baghlan,2009,4,120.24948094186531,346.8612181336855,0.6730086371824451,near_normal,False
Baghlan,2009,5,51.0456557538025,263.1733692078027,0.4160210669574489,near_normal,False
Baghlan,2009,6,4.819832658936892,176.11496935460474,1.154713756762574,moderately_wet,False
Baghlan,2009,7,2.004160501150134,57.869648913889556,0.8616515187071716,near_normal,False
Baghlan,2009,8,0.5273999526454236,7.351393112732477,-0.0932018515228324,near_normal,False
Baghlan,2009,9,0.9479676183099998,3.4795280721055857,-0.4014952369692369,near_normal,False
Baghlan,2009,10,13.789407844678214,15.264775415633666,0.08986282034214572,near_normal,False
Baghlan,2009,11,51.86237321366278,66.59974867665102,0.4602440018468136,near_normal,False
Baghlan,2009,12,48.12465883682388,113.7764398951649,0.7227197386788379,near_normal,False
Baghlan,2010,1,38.976573243023154,138.96360529350983,0.38533007233642114,near_normal,False
Baghlan,2010,2,124.48615335405556,211.58738543390263,0.6321563537940167,near_normal,False
Baghlan,2010,3,86.19867381798694,249.6614004150657,-0.07410700384405196,near_normal,False
Baghlan,2010,4,75.68649412172606,286.3713212937686,-0.05572411938400114,near_normal,False
Baghlan,2010,5,66.72144816742416,228.6066161071372,-0.04905268560925831,near_normal,False
Baghlan,2010,6,10.226506590086412,152.63444887923663,0.6944516384139127,near_normal,False
Baghlan,2010,7,3.097670904272789,80.04562566178339,1.8084645926126772,very_wet,False
Baghlan,2010,8,1.5554777725623412,14.87965526692157,2.2582826603562967,extremely_wet,False
Baghlan,2010,9,0.7986900940014922,5.451838770836651,1.4295388595694392,moderately_wet,False
Baghlan,2010,10,7.98261471445577,10.336782581019632,-0.6192345093456953,near_normal,False
Baghlan,2010,11,12.974997141884304,21.756301950341594,-2.0942647420367666,extreme_drought,True
Baghlan,2010,12,13.234272568247066,34.191884424587165,-2.6955735662162024,extreme_drought,True
Baghlan,2011,1,23.97936234602773,50.18863205615913,-3.0549509178347645,extreme_drought,True
Baghlan,2011,2,104.27946415161897,141.4930990658938,-0.7323792622916806,near_normal,False
Baghlan,2011,3,71.19387115740797,199.4526976550547,-0.9088898821823235,near_normal,False
Baghlan,2011,4,65.58306768850136,241.05640299752832,-0.6724168620480945,near_normal,False
Baghlan,2011,5,25.722210331292768,162.4991491772021,-1.0914276408526713,moderate_drought,True
Baghlan,2011,6,2.737619633734593,94.04289765352874,-0.7081859823148529,near_normal,False
Baghlan,2011,7,2.114952520592887,30.57478248562026,-0.7194467858299511,near_normal,False
Baghlan,2011,8,0.5104860114420358,5.36305816576953,-0.9771121035806601,near_normal,False
Baghlan,2011,9,0.4170318584332965,3.0424703904682335,-0.8978535616225535,near_normal,False
Baghlan,2011,10,28.48577446901215,29.413292338887494,1.5138251085446508,very_wet,False
Baghlan,2011,11,54.50362126573293,83.40642759317839,1.0956447996103373,moderately_wet,False
Baghlan,2011,12,18.426500773725675,101.41589650847078,0.33606210295120276,near_normal,False
Baghlan,2012,1,45.64770399506207,118.5778260345207,-0.22593090902741791,near_normal,False
Baghlan,2012,2,80.73418216933791,144.8083869381257,-0.6586167348894013,near_normal,False
Baghlan,2012,3,87.67472496643435,214.05661113083437,-0.6526834846814701,near_normal,False
Baghlan,2012,4,84.81821382216583,253.2271209579381,-0.49959446441965477,near_normal,False
Baghlan,2012,5,51.51171259588529,224.0046513844855,-0.11443554997668645,near_normal,False
Baghlan,2012,6,3.080436479886959,139.41036289793809,0.41448307940676615,near_normal,False
Baghlan,2012,7,2.2864364521576466,56.878585527929914,0.8142213838088597,near_normal,False
Baghlan,2012,8,0.4322795204747705,5.79915245251939,-0.766204174644007,near_normal,False
Baghlan,2012,9,3.0170289046996217,5.735744877332053,1.6548883528679457,very_wet,False
Baghlan,2012,10,11.85181035667355,15.301118781847956,0.09446826633669812,near_normal,False
Baghlan,2012,11,34.48980054821114,49.35863980958433,-0.31391019106278345,near_normal,False
Baghlan,2012,12,45.51555650931815,91.85716741420285,0.015043361653443476,near_normal,False
Baghlan,2013,1,46.64003321737337,126.64539027490267,0.023772337306778423,near_normal,False
Baghlan,2013,2,124.69610262667626,216.8516923533678,0.7216002048232122,near_normal,False
Baghlan,2013,3,162.95652528034148,334.2926611243911,1.108623455079051,moderately_wet,False
Baghlan,2013,4,101.09088573775914,388.74351364477684,1.1295858474100058,moderately_wet,False
Baghlan,2013,5,11.440853706813929,275.48826472491453,0.5718725067528796,near_normal,False
Baghlan,2013,6,2.220172774721586,114.75191221929465,-0.15872343674189004,near_normal,False
Baghlan,2013,7,2.1040259771779053,15.76505245871342,-2.059148826759202,extreme_drought,True
Baghlan,2013,8,0.6160817904237357,4.940280542323227,-1.1931771660994754,moderate_drought,True
Baghlan,2013,9,0.6165736218570452,3.336681389458686,-0.5588273831082045,near_normal,False
Baghlan,2013,10,15.439056143415344,16.671711555696124,0.2630660401709649,near_normal,False
Baghlan,2013,11,48.97757388379724,65.03320364906963,0.3958627884199157,near_normal,False
Baghlan,2013,12,42.473758944546006,106.8903889717586,0.510943525476957,near_normal,False
Baghlan,2014,1,32.34978282826861,123.80111565661186,-0.0630136311300512,near_normal,False
Baghlan,2014,2,65.11915826361438,139.942700036429,-0.767278578399865,near_normal,False
Baghlan,2014,3,150.6415105028617,248.1104515947447,-0.09811117816477445,near_normal,False
Baghlan,2014,4,116.83443239464202,332.5951011611181,0.5092433091577807,near_normal,False
Baghlan,2014,5,44.52634427321704,312.00228717072076,1.0086148964294734,moderately_wet,False
Baghlan,2014,6,5.633746024393222,166.99452269225227,0.9809870508435523,near_normal,False
Baghlan,2014,7,2.313715979053025,52.47380627666329,0.5966163542695476,near_normal,False
Baghlan,2014,8,0.4253375859904548,8.372799589436703,0.29876062853005225,near_normal,False
Baghlan,2014,9,0.2387306267186759,2.9777841917621557,-0.9753572040439464,near_normal,False
Baghlan,2014,10,16.63275404049777,17.296822253206898,0.3369044892670853,near_normal,False
Baghlan,2014,11,30.302988577834338,47.174473245050784,-0.42438945712685944,near_normal,False
Baghlan,2014,12,24.93838231672432,71.87412493505643,-0.7368445912143623,near_normal,False
Baghlan,2015,1,33.510701902479525,88.75207279703818,-1.2637934505487611,moderate_drought,True
Baghlan,2015,2,133.70968584648529,192.15877006568914,0.288733334130026,near_normal,False
Baghlan,2015,3,122.72390832726008,289.9442960762249,0.5173242601898558,near_normal,False
Baghlan,2015,4,68.6616035057577,325.09519767950303,0.4212837163788441,near_normal,False
Baghlan,2015,5,42.91091843248135,234.2964302654991,0.030579158652154364,near_normal,False
Baghlan,2015,6,2.516479707544204,114.08900164578326,-0.1752244300347827,near_normal,False
Baghlan,2015,7,2.7602167131672006,48.187614853192756,0.3730233950016756,near_normal,False
Baghlan,2015,8,0.638063384734984,5.914759805446389,-0.7121261145463498,near_normal,False
Baghlan,2015,9,0.7208590475138671,4.119139145416051,0.2542219598641992,near_normal,False
Baghlan,2015,10,15.606321539632969,16.96524397188182,0.29796296242843506,near_normal,False
Baghlan,2015,11,82.00762878629233,98.33480937343916,1.5934706497288276,very_wet,False
Baghlan,2015,12,28.685143339014697,126.29909366494,1.0872531003307242,moderately_wet,False
Baghlan,2016,1,58.95611061220282,169.64888273750984,1.2021615353462358,moderately_wet,False
Baghlan,2016,2,27.5607731629575,115.20202711417502,-1.3639682422123507,moderate_drought,True
Baghlan,2016,3,157.58649109512967,244.10337487029,-0.16059777159695587,near_normal,False
Baghlan,2016,4,80.83641631083253,265.9836805689197,-0.32437796428091764,near_normal,False
Baghlan,2016,5,35.87466706804014,274.2975744740023,0.5570070081340118,near_normal,False
Baghlan,2016,6,6.689048376663833,123.4001317555365,0.05091361209972951,near_normal,False
Baghlan,2016,7,2.375869909519513,44.93958535422348,0.19466114641940166,near_normal,False
Baghlan,2016,8,0.742815000266289,9.807733286449634,0.7990895815140089,near_normal,False
Baghlan,2016,9,0.2784484484744797,3.3971333582602816,-0.4917008881021594,near_normal,False
Baghlan,2016,10,6.506845747757834,7.528109196498603,-1.1360791374557424,moderate_drought,True
Baghlan,2016,11,57.99725660971906,64.78255080595137,0.38546675568532307,near_normal,False
Baghlan,2016,12,29.864064602215823,94.36816695969272,0.10144842042396422,near_normal,False
Baghlan,2017,1,68.86761489752112,156.72893610945601,0.8711479612148587,near_normal,False
Baghlan,2017,2,192.8943010338249,291.62598053356186,1.8622586022800887,very_wet,False
Baghlan,2017,3,61.89869997489703,323.66061590624304,0.9717934242416986,near_normal,False
Baghlan,2017,4,48.52508195477358,303.3180829634955,0.158002630730428,near_normal,False
Baghlan,2017,5,33.32554457182671,143.74932650149736,-1.4392708946545492,moderate_drought,True
Baghlan,2017,6,2.241601401227848,84.09222792782818,-1.0020133360836896,moderate_drought,True
Baghlan,2017,7,6.032481135544839,41.59962710859943,0.0020608037303286183,near_normal,False
Baghlan,2017,8,0.5831922518327098,8.857274788605425,0.47360015643690795,near_normal,False
Baghlan,2017,9,0.325340488548561,6.941013875926138,2.5389442097540544,extremely_wet,False
Baghlan,2017,10,7.184033117149757,8.092565857531056,-1.0224695475030612,moderate_drought,True
Baghlan,2017,11,39.04144322677908,46.55081683247742,-0.45657075995169527,near_normal,False
Baghlan,2017,12,26.36915292181811,72.59462926574697,-0.7074194093514279,near_normal,False
Baghlan,2018,1,17.52814074050717,82.93873688910439,-1.493049731248505,moderate_drought,True
Baghlan,2018,2,90.1551640465192,134.0524577088445,-0.9023242429389842,near_normal,False
Baghlan,2018,3,156.916730756696,264.6000355437224,0.15215501580236573,near_normal,False
Baghlan,2018,4,75.34066803193323,322.4125628351485,0.3894956976506838,near_normal,False
Baghlan,2018,5,57.612352560088496,289.8697513487178,0.748172478479652,near_normal,False
Baghlan,2018,6,6.216562184966879,139.16958277698865,0.40922627060210826,near_normal,False
Baghlan,2018,7,2.5983327631004407,66.42724750815584,1.2508135585038795,moderately_wet,False
Baghlan,2018,8,1.2219999118961882,10.036894859963535,0.8744411065048997,near_normal,False
Baghlan,2018,9,0.939833409142116,4.760166084138773,0.8465452022709308,near_normal,False
Baghlan,2018,10,51.93307789265759,54.09491121369592,3.1812021627333227,extremely_wet,False
Baghlan,2018,11,41.9104547986088,94.78336610040853,1.4796957740833436,moderately_wet,False
Baghlan,2018,12,49.172673337674894,143.01620602894133,1.5389342674441042,very_wet,False
Baghlan,2019,1,108.50710526018378,199.5902333964675,1.9107883581888163,very_wet,False
Baghlan,2019,2,169.7318252358339,327.4116038336926,2.341624329864016,extremely_wet,False
Baghlan,2019,3,111.3165897103869,389.5555202064046,1.7776768542466326,very_wet,False
Baghlan,2019,4,136.86956203524616,417.917976981467,1.4289464276215953,moderately_wet,False
Baghlan,2019,5,24.6300228928056,272.81617463843867,0.5384525581107754,near_normal,False
Baghlan,2019,6,10.804413537305177,172.30399846535695,1.0828503225305597,moderately_wet,False
Baghlan,2019,7,3.3500211682589778,38.784457598369755,-0.16849278499635148,near_normal,False
Baghlan,2019,8,0.5381790346117282,14.692613740175883,2.2106977164848955,extremely_wet,False
Baghlan,2019,9,0.2519146134150824,4.140114816285789,0.27453534331233514,near_normal,False
Baghlan,2019,10,19.740479472468454,20.530573120495266,0.6931526818139704,near_normal,False
Baghlan,2019,11,59.99343456555388,79.98582865143742,0.9736046333115023,near_normal,False
Baghlan,2019,12,20.8252998518515,100.55921388987383,0.3081340998540465,near_normal,False
Baghlan,2020,1,56.70591002147453,137.52464443887993,0.34422214966169074,near_normal,False
Baghlan,2020,2,71.83577240297996,149.36698227630598,-0.5590422372737233,near_normal,False
Baghlan,2020,3,125.935659215579,254.4773416400335,-0.00020003914652384517,near_normal,False
Baghlan,2020,4,142.93336913639376,340.7048007549527,0.6028925062055613,near_normal,False
Baghlan,2020,5,66.91306168788476,335.7820900398575,1.2753432166364762,moderately_wet,False
Baghlan,2020,6,4.666532054296111,214.51296287857463,1.828435222798951,very_wet,False
Baghlan,2020,7,3.493573857263256,75.07316759944413,1.6124307845069774,very_wet,False
Baghlan,2020,8,0.6378408010518173,8.797946712611184,0.4525349964959523,near_normal,False
Baghlan,2020,9,0.9432450355888552,5.074659693903929,1.1180414243586823,moderately_wet,False
Baghlan,2020,10,6.861209189803798,8.442295026444471,-0.9548637844837802,near_normal,False
Baghlan,2020,11,76.47920665821616,84.2836608836088,1.1264183131866274,moderately_wet,False
Baghlan,2020,12,44.43503001172935,127.7754458597493,1.1286496515479392,moderately_wet,False
Baghlan,2021,1,15.71169087947236,136.62592754941787,0.3184029381203152,near_normal,False
Baghlan,2021,2,32.72141291990242,92.86813381110413,-1.984644524264181,severe_drought,True
Baghlan,2021,3,182.34677200703769,230.77987580641246,-0.3734521117088781,near_normal,False
Baghlan,2021,4,65.08051469201511,280.1486996189552,-0.13632177304399112,near_normal,False
Baghlan,2021,5,40.66140770742762,288.08869440648044,0.7266553429044416,near_normal,False
Baghlan,2021,6,2.4080369242341475,108.14995932367688,-0.32602051978527147,near_normal,False
Baghlan,2021,7,3.073039627566374,46.14248425922814,0.26168504178106017,near_normal,False
Baghlan,2021,8,0.4315334417126781,5.9126099935131995,-0.713125118305202,near_normal,False
Baghlan,2021,9,0.4601700699970796,3.964743139276132,0.10254157888741049,near_normal,False
Baghlan,2021,10,13.4828370998244,14.374540611534158,-0.025320522649750665,near_normal,False
Baghlan,2021,11,23.9759271592264,37.91893432904788,-0.9357644567487043,near_normal,False
Baghlan,2021,12,42.60522709131625,80.06399135036705,-0.4134665523307967,near_normal,False
Baghlan,2022,1,69.88713205281762,136.4682863033603,0.3138624631401324,near_normal,False
Baghlan,2022,2,45.988927692454936,158.48128683658882,-0.36596606879049554,near_normal,False
Baghlan,2022,3,85.13260865663482,201.00866840190739,-0.8809970684402563,near_normal,False
Baghlan,2022,4,48.779524070645024,179.9010604197348,-1.6453579815718988,severe_drought,True
Baghlan,2022,5,32.42380959968973,166.3359423269696,-1.0237094866731509,moderate_drought,True
Baghlan,2022,6,4.060002319581955,85.26333598991671,-0.9662310551392145,near_normal,False
Baghlan,2022,7,2.731232439704618,39.21504435897631,-0.14187861630191842,near_normal,False
Baghlan,2022,8,0.8523068446818258,7.643541603968398,0.022437610470078775,near_normal,False
Baghlan,2022,9,1.5862485139731857,5.169787798359629,1.1979886588391997,moderately_wet,False
Baghlan,2022,10,10.03053506922647,12.469090427881483,-0.2891021743376338,near_normal,False
Baghlan,2022,11,45.45365947241714,57.07044305561679,0.051629186555967196,near_normal,False
Baghlan,2022,12,35.53288976443227,91.01708430607587,-0.01421635047375032,near_normal,False
Baghlan,2023,1,38.64952708748631,119.63607632433573,-0.1925404820596926,near_normal,False
Baghlan,2023,2,97.0322176310689,171.2146344829875,-0.10837965886153891,near_normal,False
Baghlan,2023,3,52.9894236538337,188.67116837238893,-1.1063645072692263,moderate_drought,True
Baghlan,2023,4,20.267283350904947,170.28892463580755,-1.8183199567908344,severe_drought,True
Baghlan,2023,5,18.755692652702397,92.01239965744104,-2.6029396861907657,extreme_drought,True
Baghlan,2023,6,2.36022026908582,41.38319627269316,-2.6526748172963255,extreme_drought,True
Baghlan,2023,7,2.718952623569318,23.834865545357534,-1.2540764377224989,moderate_drought,True
Baghlan,2023,8,0.6774899293647287,5.756662822019867,-0.7862649468678811,near_normal,False
Baghlan,2023,9,0.5009580772268334,3.89740063016088,0.03515007144330881,near_normal,False
Baghlan,2023,10,12.850314103891186,14.028762110482749,-0.07135237904102522,near_normal,False
Baghlan,2023,11,33.5073023434716,46.85857452458962,-0.4406537636573193,near_normal,False
Baghlan,2023,12,23.559458517585917,69.91707496494871,-0.8177996489781941,near_normal,False
Balkh,2001,1,30.34601403348255,,,,False
Balkh,2001,2,36.72298971523129,,,,False
Balkh,2001,3,45.82092838738492,112.88993213609876,-1.0931449444576422,moderate_drought,True
Balkh,2001,4,14.670598231243844,97.21451633386005,-1.4434579681268627,moderate_drought,True
Balkh,2001,5,9.599625188484817,70.09115180711358,-1.175540686985189,moderate_drought,True
Balkh,2001,6,0.0,24.27022341972866,-1.3752262665852384,moderate_drought,True
Balkh,2001,7,0.0,9.599625188484817,-0.7214023234966647,near_normal,False
Balkh,2001,8,0.0,0.0,-0.6406668899191049,near_normal,False
Balkh,2001,9,0.0,0.0,0.27592106310796005,near_normal,False
Balkh,2001,10,5.392002139354248,5.392002139354248,0.8616281659988447,near_normal,False
Balkh,2001,11,20.15511313257773,25.547115271931975,0.36476503669804605,near_normal,False
Balkh,2001,12,38.95852791120659,64.50564318313856,0.6051065026429403,near_normal,False
Balkh,2002,1,34.043263661603525,93.15690470538783,0.26312099507908754,near_normal,False
Balkh,2002,2,58.14400400486714,131.14579557767726,0.1892628087592799,near_normal,False
Balkh,2002,3,52.857120084270925,145.04438775074158,-0.05423952240275992,near_normal,False
Balkh,2002,4,70.01715030202335,181.0182743911614,0.8700402165705632,near_normal,False
Balkh,2002,5,23.624313319340125,146.49858370563442,1.211651214773426,moderately_wet,False
Balkh,2002,6,0.0040436908183729,93.64550731218185,1.666667205993365,very_wet,False
Balkh,2002,7,0.0,23.6283570101585,0.9020886329279023,near_normal,False
Balkh,2002,8,0.0,0.0040436908183729,-0.4908681164203425,near_normal,False
Balkh,2002,9,0.0,0.0,0.27592106310796005,near_normal,False
Balkh,2002,10,0.2194712426523254,0.2194712426523254,-1.3382222893962619,moderate_drought,True
Balkh,2002,11,10.49049307781725,10.709964320469576,-1.3937480763625634,moderate_drought,True
Balkh,2002,12,58.18065704814139,68.89062136861097,0.8201797486460319,near_normal,False
Balkh,2003,1,31.38190052912513,100.05305065508377,0.537985440540208,near_normal,False
Balkh,2003,2,66.99025105955079,156.5528086368173,0.8751592431854023,near_normal,False
Balkh,2003,3,87.64897702693389,186.02112861560983,1.0662264739671217,moderately_wet,False
Balkh,2003,4,44.04450710405568,198.68373519054038,1.259887936501337,moderately_wet,False
Balkh,2003,5,15.500560405282371,147.19404453627197,1.2289887525631236,moderately_wet,False
Balkh,2003,6,1.9818747516350843,61.52694226097314,0.5696916814974535,near_normal,False
Balkh,2003,7,0.0,17.482435156917454,0.30442074709797995,near_normal,False
Balkh,2003,8,0.0,1.9818747516350843,1.2156006160463706,moderately_wet,False
Balkh,2003,9,0.0,0.0,0.27592106310796005,near_normal,False
Balkh,2003,10,3.7254301507099368,3.7254301507099368,0.49111516616210704,near_normal,False
Balkh,2003,11,22.343437865127868,26.068868015837804,0.4118160743776113,near_normal,False
Balkh,2003,12,40.81790240124242,66.88677041708023,0.7230449426463883,near_normal,False
Balkh,2004,1,60.509366165204725,123.67070643157501,1.3943409581581794,moderately_wet,False
Balkh,2004,2,32.41180763642427,133.73907620287142,0.2631005848832381,near_normal,False
Balkh,2004,3,30.61175525387552,123.53292905550451,-0.7293534405273598,near_normal,False
Balkh,2004,4,31.27764011845674,94.30120300875653,-1.5452792353152682,severe_drought,True
Balkh,2004,5,12.211748579229448,74.10114395156171,-1.0146510812531027,moderate_drought,True
Balkh,2004,6,0.0016479853789067,43.4910366830651,-0.22392454372635773,near_normal,False
Balkh,2004,7,0.0,12.213396564608356,-0.3326811939193868,near_normal,False
Balkh,2004,8,0.0,0.0016479853789067,-0.5388576077598185,near_normal,False
Balkh,2004,9,0.0,0.0,0.27592106310796005,near_normal,False
Balkh,2004,10,1.816587781629215,1.816587781629215,-0.11134996156955787,near_normal,False
Balkh,2004,11,23.009585777111663,24.82617355874088,0.2986930501142085,near_normal,False
Balkh,2004,12,52.97035056317952,77.7965241219204,1.2309052067004695,moderately_wet,False
Balkh,2005,1,28.05344560102103,104.03338194131221,0.6909684366049963,near_normal,False
Balkh,2005,2,48.76042162461006,129.78421778881062,0.15010564037347654,near_normal,False
Balkh,2005,3,60.62563095650477,137.43949818213585,-0.2846982378320318,near_normal,False
Balkh,2005,4,23.23042832455652,132.61648090567135,-0.34654240813952764,near_normal,False
Balkh,2005,5,25.6567605554497,109.512819836511,0.1991099295746148,near_normal,False
Balkh,2005,6,2.7122370303705616,51.59942591037678,0.1556903802009859,near_normal,False
Balkh,2005,7,0.0,28.368997585820264,1.2969396940246254,moderately_wet,False
Balkh,2005,8,0.0,2.7122370303705616,1.4671628266389487,moderately_wet,False
Balkh,2005,9,0.0082496605956223,0.0082496605956223,0.4445416891438985,near_normal,False
Balkh,2005,10,0.0432599978893573,0.0515096584849796,-1.9294369966541798,severe_drought,True
Balkh,2005,11,14.640275794557894,14.691785453042874,-0.8086632228874053,near_normal,False
Balkh,2005,12,22.44014195953693,37.12367775198418,-1.027178065163656,moderate_drought,True
Balkh,2006,1,78.6198087378169,115.70022649191172,1.1183322562536706,moderately_wet,False
Balkh,2006,2,61.6570707435961,162.71702144094994,1.030340855660668,moderately_wet,False
Balkh,2006,3,66.12643293387748,206.4033124152905,1.5634799511305002,very_wet,False
Balkh,2006,4,26.705444960176887,154.48894863765048,0.2345213234048379,near_normal,False
Balkh,2006,5,3.227570657740052,96.05944855179442,-0.22548072426483035,near_normal,False
Balkh,2006,6,0.0,29.93301561791694,-0.9846991548121926,near_normal,False
Balkh,2006,7,0.0,3.227570657740052,-2.1813340555072354,extreme_drought,True
Balkh,2006,8,0.0,0.0,-0.6406668899191049,near_normal,False
Balkh,2006,9,0.0198938308642868,0.0198938308642868,0.5335285851968462,near_normal,False
Balkh,2006,10,4.181174334627861,4.201068165492147,0.6063519682266598,near_normal,False
Balkh,2006,11,31.03691759005905,35.2379857555512,1.1535258034433826,moderately_wet,False
Balkh,2006,12,44.09220727006498,79.31029919475189,1.2976314770120079,moderately_wet,False
Balkh,2007,1,29.69816706830377,104.8272919284278,0.7210189522014712,near_normal,False
Balkh,2007,2,57.133962764443474,130.92433710281222,0.18291244109050622,near_normal,False
Balkh,2007,3,116.37970132782483,203.21183116057205,1.4877983423283356,moderately_wet,False
Balkh,2007,4,34.935979648289155,208.44964374055743,1.4657711175761388,moderately_wet,False
Balkh,2007,5,10.193637042434048,161.50931801854804,1.5746649411792761,very_wet,False
Balkh,2007,6,2.180563327941117,47.310180018664305,-0.03968228410241702,near_normal,False
Balkh,2007,7,0.0,12.374200370375151,-0.31072024717138086,near_normal,False
Balkh,2007,8,0.0,2.180563327941103,1.2885936275461374,moderately_wet,False
Balkh,2007,9,0.0,0.0,0.27592106310796005,near_normal,False
Balkh,2007,10,0.1985402889849231,0.19854028898490889,-1.3837282007388634,moderate_drought,True
Balkh,2007,11,10.160613627443317,10.359153916428225,-1.4522823586729996,moderate_drought,True
Balkh,2007,12,53.10469677688216,63.463850693310384,0.5526049068305717,near_normal,False
Balkh,2008,1,32.53897134149493,95.80428174582039,0.37018368193876655,near_normal,False
Balkh,2008,2,50.50906564591109,136.15273376428817,0.33097431350637824,near_normal,False
Balkh,2008,3,24.396714255202244,107.44475124260825,-1.2883764874217736,moderate_drought,True
Balkh,2008,4,31.812188283202683,106.717968184316,-1.1252705088171742,moderate_drought,True
Balkh,2008,5,8.920189580890815,65.12909211929573,-1.3836862553960627,moderate_drought,True
Balkh,2008,6,0.0,40.732377864093486,-0.36393046176162086,near_normal,False
Balkh,2008,7,0.0,8.920189580890801,-0.8343281677257303,near_normal,False
Balkh,2008,8,0.0,0.0,-0.6406668899191049,near_normal,False
Balkh,2008,9,0.2717466715116272,0.27174667151161297,1.2139052707874756,moderately_wet,False
Balkh,2008,10,1.165830293275287,1.4375769647869001,-0.2809999778261559,near_normal,False
Balkh,2008,11,9.286226847004931,10.723803811791832,-1.391467067388667,moderate_drought,True
Balkh,2008,12,28.76857337113739,39.22063051141759,-0.8775499190716552,near_normal,False
Balkh,2009,1,44.521657480768205,82.5764576989105,-0.18623480788295943,near_normal,False
Balkh,2009,2,64.65723256326989,137.94746341517546,0.3809277248158111,near_normal,False
Balkh,2009,3,52.29305593893648,161.47194598297457,0.4173670445840813,near_normal,False
Balkh,2009,4,72.3651999621929,189.31548846439927,1.0561033547345848,moderately_wet,False
Balkh,2009,5,28.76428259492059,153.42253849604995,1.3819465493826908,moderately_wet,False
Balkh,2009,6,0.2259819155229294,101.35546447263641,1.892510160755765,very_wet,False
Balkh,2009,7,0.0,28.99026451044349,1.3454683730298906,moderately_wet,False
Balkh,2009,8,0.0,0.22598191552290098,0.14381370860402273,near_normal,False
Balkh,2009,9,0.1500869706647968,0.15008697066476837,0.9716908925242246,near_normal,False
Balkh,2009,10,2.1347215232655348,2.2848084939303033,0.0665512335381195,near_normal,False
Balkh,2009,11,25.251783563502524,27.536592057432827,0.5409267066113043,near_normal,False
Balkh,2009,12,43.0242071040926,70.41071219086064,0.8926380047525332,near_normal,False
Balkh,2010,1,29.885881405142683,98.16187207273776,0.46388873140321396,near_normal,False
Balkh,2010,2,93.43295943106816,166.3430479403034,1.119836129291799,moderately_wet,False
Balkh,2010,3,47.4197283938085,170.7385692300193,0.6694648400812222,near_normal,False
Balkh,2010,4,34.97155766171484,175.82424548659145,0.7507032737426026,near_normal,False
Balkh,2010,5,28.28427259113723,110.67555864666053,0.23413426525096187,near_normal,False
Balkh,2010,6,0.6318131056852171,63.88764335853725,0.6615432456773432,near_normal,False
Balkh,2010,7,0.0,28.916085696822407,1.3397090630721635,moderately_wet,False
Balkh,2010,8,0.0,0.6318131056851745,0.5368405605636183,near_normal,False
Balkh,2010,9,0.0,0.0,0.27592106310796005,near_normal,False
Balkh,2010,10,3.664224769839158,3.6642247698391155,0.47559288278027717,near_normal,False
Balkh,2010,11,5.461164572545154,9.125389342384269,-1.6701463618490426,severe_drought,True
Balkh,2010,12,12.01997940294837,21.14536874533264,-2.425287141237911,extreme_drought,True
Balkh,2011,1,25.76253206194863,43.243676037442114,-2.322850284017076,extreme_drought,True
Balkh,2011,2,63.88011561759072,101.66262708248769,-0.7287330298774746,near_normal,False
Balkh,2011,3,36.91657400070469,126.55922168024401,-0.6298181187211108,near_normal,False
Balkh,2011,4,27.09749579141244,127.89418540970782,-0.48031292743818194,near_normal,False
Balkh,2011,5,12.070043675322646,76.08411346743975,-0.9372964735195283,near_normal,False
Balkh,2011,6,0.1813893199880724,39.34892878672312,-0.4365801166067502,near_normal,False
Balkh,2011,7,0.0,12.251432995310683,-0.327468793973166,near_normal,False
Balkh,2011,8,0.0,0.18138931998803687,0.07829820826133173,near_normal,False
Balkh,2011,9,0.0,0.0,0.27592106310796005,near_normal,False
Balkh,2011,10,2.3143590320182423,2.314359032018207,0.07688948074873835,near_normal,False
Balkh,2011,11,43.93406858572073,46.24842761773894,1.894455279856257,very_wet,False
Balkh,2011,12,18.82894029258264,65.07736791032158,0.6336819551813782,near_normal,False
Balkh,2012,1,33.52482237726107,96.2878312555644,0.3895263312000465,near_normal,False
Balkh,2012,2,54.34335455309237,106.69711722293604,-0.5603016947271162,near_normal,False
Balkh,2012,3,62.00237771114982,149.87055464150322,0.08784824859044742,near_normal,False
Balkh,2012,4,35.033155401425255,151.3788876656674,0.15540364756223932,near_normal,False
Balkh,2012,5,28.829562177151736,125.86509528972678,0.6708034776582238,near_normal,False
Balkh,2012,6,0.0074714447553293,63.87018902333229,0.660872355406852,near_normal,False
Balkh,2012,7,0.0,28.83703362190703,1.333561045404193,moderately_wet,False
Balkh,2012,8,0.0,0.007471444755293773,-0.4461548061759559,near_normal,False
Balkh,2012,9,0.0,0.0,0.27592106310796005,near_normal,False
Balkh,2012,10,5.100883189514568,5.100883189514533,0.802895863086935,near_normal,False
Balkh,2012,11,23.489730532828958,28.59061372234349,0.6308772914545311,near_normal,False
Balkh,2012,12,35.37850409063682,63.96911781298031,0.5781383752940475,near_normal,False
Balkh,2013,1,31.021928960132016,89.89016358359775,0.12818707216433084,near_normal,False
Balkh,2013,2,58.078933340630265,124.47936639139905,-0.005120767079609685,near_normal,False
Balkh,2013,3,53.36693251555221,142.46779481631444,-0.13139410763337378,near_normal,False
Balkh,2013,4,50.8695024090428,162.31536826522523,0.4290466464472957,near_normal,False
Balkh,2013,5,2.749036583370871,106.98547150796584,0.12211796220768072,near_normal,False
Balkh,2013,6,0.2740467992250213,53.89258579163866,0.2557189136140859,near_normal,False
Balkh,2013,7,0.0,3.023083382595857,-2.2565291852276452,extreme_drought,True
Balkh,2013,8,0.0004918968670278,0.27453869609201353,0.20664219348613397,near_normal,False
Balkh,2013,9,0.0,0.0004918968669922728,0.3201506032612818,near_normal,False
Balkh,2013,10,6.902357156474962,6.902849053341955,1.1378699082641277,moderately_wet,False
Balkh,2013,11,8.583583491793616,15.485940648268542,-0.7056903551819365,near_normal,False
Balkh,2013,12,36.409202598079,51.895143246347544,-0.07302493088852556,near_normal,False
Balkh,2014,1,23.681909520778916,68.6746956106515,-0.8398802045017458,near_normal,False
Balkh,2014,2,43.0551822896131,103.14629440847096,-0.6785190580209032,near_normal,False
Balkh,2014,3,70.73756438047239,137.47465619086438,-0.283613375800932,near_normal,False
Balkh,2014,4,29.56178643243439,143.35453310251984,-0.05386202882701605,near_normal,False
Balkh,2014,5,14.748723870351531,115.04807468325828,0.3636990378546536,near_normal,False
Balkh,2014,6,1.9347622148213663,46.245272517607255,-0.09001587078045449,near_normal,False
Balkh,2014,7,0.0,16.68348608517287,0.21700703638904992,near_normal,False
Balkh,2014,8,0.0,1.934762214821338,1.1976907426759342,moderately_wet,False
Balkh,2014,9,0.0,0.0,0.27592106310796005,near_normal,False
Balkh,2014,10,4.203572571101514,4.2035725711014855,0.6069354021893247,near_normal,False
Balkh,2014,11,20.099052625515515,24.302625196617,0.24990975583297242,near_normal,False
Balkh,2014,12,22.22858511721771,46.531210313834706,-0.39514895757658225,near_normal,False
Balkh,2015,1,32.71349880463036,75.04113654736355,-0.5303932341341995,near_normal,False
Balkh,2015,2,89.51025283107397,144.452336752922,0.5584568342061854,near_normal,False
Balkh,2015,3,54.549909339031,176.7736609747353,0.828829295214925,near_normal,False
Balkh,2015,4,23.987979449880232,168.0481416199852,0.5676269252649182,near_normal,False
Balkh,2015,5,14.378034857492311,92.91592364640351,-0.33037457103397816,near_normal,False
Balkh,2015,6,0.0395348278769183,38.40554913524943,-0.4871251556342596,near_normal,False
Balkh,2015,7,0.0,14.417569685369202,-0.04720768131131756,near_normal,False
Balkh,2015,8,0.0,0.03953482787688988,-0.25141852715904445,near_normal,False
Balkh,2015,9,0.3518071378192013,0.3518071378191729,1.345091399662968,moderately_wet,False
Balkh,2015,10,3.3423298797511127,3.6941370175702857,0.48320024413375257,near_normal,False
Balkh,2015,11,37.56668522121503,41.260822238785316,1.5745462189383805,very_wet,False
Balkh,2015,12,18.27905361504999,59.188068716016105,0.3309580430062929,near_normal,False
Balkh,2016,1,42.17167342897854,98.01741226524354,0.4581901154949164,near_normal,False
Balkh,2016,2,23.159799949013795,83.6105269930423,-1.3841844798300065,moderate_drought,True
Balkh,2016,3,72.66638898203433,137.99786236002666,-0.26749089765985207,near_normal,False
Balkh,2016,4,33.144867050707845,128.97105598175594,-0.4495184551787678,near_normal,False
Balkh,2016,5,12.270968902901275,118.08222493564342,0.4516995193049614,near_normal,False
Balkh,2016,6,0.8056562975704675,46.22149225117956,-0.09114871759319877,near_normal,False
Balkh,2016,7,0.0,13.076625200471714,-0.21701037317353591,near_normal,False
Balkh,2016,8,0.0,0.8056562975704391,0.6556108072340633,near_normal,False
Balkh,2016,9,0.0,0.0,0.27592106310796005,near_normal,False
Balkh,2016,10,0.1106261244139113,0.11062612441388288,-1.6342504774834197,severe_drought,True
Balkh,2016,11,22.447892166725385,22.55851829113927,0.08216564533269781,near_normal,False
Balkh,2016,12,41.91676735226285,64.47528564340212,0.6035845478302043,near_normal,False
Balkh,2017,1,37.63341972590316,101.99807924489136,0.6132336690782677,near_normal,False
Balkh,2017,2,124.54814331965416,204.09833039782015,1.9843439497387854,very_wet,False
Balkh,2017,3,46.9931537829484,209.17471682850572,1.6285862934949682,very_wet,False
Balkh,2017,4,21.898029825166315,193.43932692776886,1.1465999544791252,moderately_wet,False
Balkh,2017,5,12.011375376563986,80.90255898467868,-0.7549222512330719,near_normal,False
Balkh,2017,6,0.0,33.90940520173027,-0.7404845412716592,near_normal,False
Balkh,2017,7,0.0,12.011375376563958,-0.36055341162839294,near_normal,False
Balkh,2017,8,0.0,0.0,-0.6406668899191049,near_normal,False
Balkh,2017,9,0.0,0.0,0.27592106310796005,near_normal,False
Balkh,2017,10,0.3094788051653712,0.30947880516534276,-1.1756365866738379,moderate_drought,True
Balkh,2017,11,14.599532409243112,14.909011214408455,-0.7801217883232503,near_normal,False
Balkh,2017,12,15.737853001433978,30.646864215842434,-1.5298561797273302,severe_drought,True
Balkh,2018,1,13.972537956202316,44.30992336687938,-2.2498082153688967,extreme_drought,True
Balkh,2018,2,42.1395858885458,71.84997684618207,-1.8657785742274227,severe_drought,True
Balkh,2018,3,63.74736855691671,119.8594924016648,-0.852418865691217,near_normal,False
Balkh,2018,4,22.618977230276023,128.5059316757385,-0.4627978964377043,near_normal,False
Balkh,2018,5,16.936736326335136,103.30308211352784,0.007738061031294608,near_normal,False
Balkh,2018,6,0.0,39.55571355661113,-0.42561165381711197,near_normal,False
Balkh,2018,7,0.0,16.936736326335108,0.2450110881603962,near_normal,False
Balkh,2018,8,0.0129157086518153,0.012915708651786878,-0.3957316068997368,near_normal,False
Balkh,2018,9,0.0124470178334014,0.025362726485188277,0.5657150918141303,near_normal,False
Balkh,2018,10,14.4825896204221,14.507952346907288,2.1451672341700805,extremely_wet,False
Balkh,2018,11,22.841239591999983,37.33627623025546,1.30508939010129,moderately_wet,False
Balkh,2018,12,23.455861920259512,60.77969113268156,0.4146638753307817,near_normal,False
Balkh,2019,1,84.62971983501866,130.92682134727812,1.6357449620233404,very_wet,False
Balkh,2019,2,90.42111787394668,198.50669962922484,1.8632247296838524,very_wet,False
Balkh,2019,3,49.53843163546314,224.58926934442846,1.9808843889996117,very_wet,False
Balkh,2019,4,80.37471636575525,220.33426587516504,1.7080567923391121,very_wet,False
Balkh,2019,5,10.34242120056108,140.25556920177942,1.053565709783201,moderately_wet,False
Balkh,2019,6,3.2426843455215644,93.95982191183786,1.6760996081961477,very_wet,False
Balkh,2019,7,0.0,13.585105546082616,-0.15129161236543703,near_normal,False
Balkh,2019,8,0.0,3.242684345521536,1.6267185959843935,very_wet,False
Balkh,2019,9,0.0,0.0,0.27592106310796005,near_normal,False
Balkh,2019,10,4.778510665124607,4.778510665124578,0.7352813382165996,near_normal,False
Balkh,2019,11,20.52613857787372,25.3046492429983,0.34268325700752994,near_normal,False
Balkh,2019,12,27.342614471227243,52.647263714225545,-0.029674196572542475,near_normal,False
Balkh,2020,1,31.592495438672675,79.46124848777362,-0.3258389151066437,near_normal,False
Balkh,2020,2,51.67424860109352,110.6093585109934,-0.43309546482255246,near_normal,False
Balkh,2020,3,41.98741068536692,125.25415472513308,-0.6725422718765303,near_normal,False
Balkh,2020,4,59.33332433234823,152.99498361880865,0.19664949366670667,near_normal,False
Balkh,2020,5,31.43178313381624,132.75251815153135,0.8573834787812186,near_normal,False
Balkh,2020,6,1.079620046060205,91.84472751222465,1.6122359855271977,very_wet,False
Balkh,2020,7,0.3581719990843488,32.869575178960766,1.6345235334985981,very_wet,False
Balkh,2020,8,0.0,1.4377920451445254,0.9912523747125145,near_normal,False
Balkh,2020,9,0.3427898102099451,0.7009618092942655,1.7962128911924937,very_wet,False
Balkh,2020,10,2.5311284049627987,2.8739182151727154,0.2574681135232141,near_normal,False
Balkh,2020,11,24.932222964873414,27.80614118004613,0.564142306012494,near_normal,False
Balkh,2020,12,42.94429180975763,70.40764317959382,0.8924927490869118,near_normal,False
Balkh,2021,1,12.097778727661574,79.9742935022926,-0.30259742944290835,near_normal,False
Balkh,2021,2,27.857682309699086,82.89975284711826,-1.4119055949013608,moderate_drought,True
Balkh,2021,3,75.50091306277253,115.45637410013316,-1.003353717877716,moderate_drought,True
Balkh,2021,4,11.974119939088244,115.33271531155982,-0.8532270771974448,near_normal,False
Balkh,2021,5,14.404498986101627,101.87953198796237,-0.03720919198222631,near_normal,False
Balkh,2021,6,0.0,26.37861892518984,-1.2229894596233106,moderate_drought,True
Balkh,2021,7,0.0,14.404498986101599,-0.048810117937107524,near_normal,False
Balkh,2021,8,0.0,0.0,-0.6406668899191049,near_normal,False
Balkh,2021,9,0.0,0.0,0.27592106310796005,near_normal,False
Balkh,2021,10,0.185646280602158,0.18564628060212957,-1.413765073813288,moderate_drought,True
Balkh,2021,11,11.794994564172548,11.980640844774678,-1.192485061913984,moderate_drought,True
Balkh,2021,12,15.45387018799948,27.434511032774157,-1.8072115342243666,severe_drought,True
Balkh,2022,1,36.894061888267096,64.1429266404391,-1.0722980925668961,moderate_drought,True
Balkh,2022,2,35.81793737396273,88.16586945022928,-1.210272635024205,moderate_drought,True
Balkh,2022,3,41.49662426261151,114.2086235248413,-1.0468364562637318,moderate_drought,True
Balkh,2022,4,16.6391548679662,93.95371650454041,-1.55756864426838,severe_drought,True
Balkh,2022,5,14.89295679435625,73.02873592493394,-1.057079096083026,moderate_drought,True
Balkh,2022,6,0.5951404872302497,32.127252149552675,-0.8473335681464738,near_normal,False
Balkh,2022,7,0.0,15.488097281586471,0.0808466826500732,near_normal,False
Balkh,2022,8,0.0,0.5951404872302213,0.50936015251879,near_normal,False
Balkh,2022,9,0.6694979269848301,0.6694979269848017,1.7608265948504442,very_wet,False
Balkh,2022,10,2.165325960946325,2.8348238879311265,0.2456767761002935,near_normal,False
Balkh,2022,11,23.179473126895736,26.014297014826862,0.40692423712316933,near_normal,False
Balkh,2022,12,25.472385968565725,50.81718505640775,-0.1358968969060719,near_normal,False
Balkh,2023,1,18.423435963005986,67.07529505846742,-0.9206771820489085,near_normal,False
Balkh,2023,2,59.88382095880453,103.77964289037621,-0.6572330135543833,near_normal,False
Balkh,2023,3,25.814466478539504,104.12172340034998,-1.410872498159541,moderate_drought,True
Balkh,2023,4,9.318195465256546,95.01648290260054,-1.52008059722205,severe_drought,True
Balkh,2023,5,8.93528204673736,44.06794399053338,-2.417302220243637,extreme_drought,True
Balkh,2023,6,0.0,18.25347751199388,-1.869273731574841,severe_drought,True
Balkh,2023,7,0.0,8.935282046737331,-0.8317553440247847,near_normal,False
Balkh,2023,8,0.0,0.0,-0.6406668899191049,near_normal,False
Balkh,2023,9,0.0,0.0,0.27592106310796005,near_normal,False
Balkh,2023,10,3.940913013082629,3.9409130130826004,0.5444563582887235,near_normal,False
Balkh,2023,11,13.83730559009642,17.77821860317902,-0.4275236053695212,near_normal,False
Balkh,2023,12,16.811147428297037,34.58936603147606,-1.2160061954747685,moderate_drought,True
Bamyan,2001,1,15.38548504271355,,,,False
Bamyan,2001,2,25.63745411326919,,,,False
Bamyan,2001,3,50.3852589272425,91.40819808322524,-1.4467257644777585,moderate_drought,True
Bamyan,2001,4,41.41475314877051,117.43746618928219,-1.2574192344448805,moderate_drought,True
Bamyan,2001,5,17.906351207249703,109.70636328326272,-0.7763635959128588,near_normal,False
Bamyan,2001,6,0.2605763551288398,59.58168071114905,-0.8061505335914211,near_normal,False
Bamyan,2001,7,0.0775110075174918,18.244438569896033,-0.9335722873844422,near_normal,False
Bamyan,2001,8,0.0122530340157901,0.3503403966621217,-1.0137708438871842,moderate_drought,True
Bamyan,2001,9,0.0001912710800964,0.0899553126133783,-0.6987158001835824,near_normal,False
Bamyan,2001,10,11.42906748817013,11.441511793266017,1.1487435702455495,moderately_wet,False
Bamyan,2001,11,18.60829019223876,30.037548951488986,-0.13143197897368192,near_normal,False
Bamyan,2001,12,32.9752219391546,63.01257961956348,0.2597808057769761,near_normal,False
Bamyan,2002,1,28.718016111910845,80.30152824330419,-0.22845095516644248,near_normal,False
Bamyan,2002,2,47.98159600116,109.67483405222544,-0.23421928140201512,near_normal,False
Bamyan,2002,3,53.57708819145385,130.2767003045247,-0.39936782172994856,near_normal,False
Bamyan,2002,4,89.90452021499755,191.46320440761139,0.5196151902790133,near_normal,False
Bamyan,2002,5,34.18826371828494,177.66987212473632,1.0698449224004483,moderately_wet,False
Bamyan,2002,6,1.0225813664668604,125.11536529974933,1.5938798442537983,very_wet,False
Bamyan,2002,7,0.0776990608750791,35.288544145626865,0.723301600018522,near_normal,False
Bamyan,2002,8,0.0116375173965029,1.1119179447384282,-0.14592154634652596,near_normal,False
Bamyan,2002,9,0.0067710947604861,0.09610767303205389,-0.6604549965579765,near_normal,False
Bamyan,2002,10,6.166817931082463,6.1852265432394375,-0.0746977897624718,near_normal,False
Bamyan,2002,11,21.8238453166942,27.997434342537133,-0.32512295623561444,near_normal,False
Bamyan,2002,12,42.47601034058136,70.46667358835802,0.6587587147272528,near_normal,False
Bamyan,2003,1,32.557475131535384,96.85733078881094,0.4072488938733186,near_normal,False
Bamyan,2003,2,58.0718155918898,133.10530106400654,0.3531280013528426,near_normal,False
Bamyan,2003,3,75.3946382851632,166.02392900858837,0.3895074734273666,near_normal,False
Bamyan,2003,4,57.4611546778675,190.92760855492048,0.5085914050359996,near_normal,False
Bamyan,2003,5,18.625717723298624,151.48151068632933,0.42589952563409744,near_normal,False
Bamyan,2003,6,0.3383538948900025,76.42522629605611,-0.06622675845533166,near_normal,False
Bamyan,2003,7,0.0638825118448886,19.0279541300335,-0.8381278273882129,near_normal,False
Bamyan,2003,8,0.0116274679700868,0.4138638747049637,-0.9039543555657977,near_normal,False
Bamyan,2003,9,0.0001759580564011,0.0756859378713623,-0.795843617563166,near_normal,False
Bamyan,2003,10,5.493032299657142,5.504835725683616,-0.27944599466669745,near_normal,False
Bamyan,2003,11,29.138317691427563,34.63152594914109,0.2744860965620565,near_normal,False
Bamyan,2003,12,25.15910862180188,59.79045861288657,0.07759812790433981,near_normal,False
Bamyan,2004,1,41.29023159298129,95.58765790621072,0.36118364596447067,near_normal,False
Bamyan,2004,2,29.89159697324093,96.3409371880241,-0.6071074821522421,near_normal,False
Bamyan,2004,3,27.36316855008711,98.54499711630933,-1.2340915715322676,moderate_drought,True
Bamyan,2004,4,52.701466355781655,109.95623187910968,-1.4761831265073369,moderate_drought,True
Bamyan,2004,5,16.543666768082918,96.60830167395167,-1.2166787798152652,moderate_drought,True
Bamyan,2004,6,0.1613610622248287,69.40649418608938,-0.3596177918387961,near_normal,False
Bamyan,2004,7,0.0351309897746058,16.74015882008234,-1.1250903743435479,moderate_drought,True
Bamyan,2004,8,0.0117174336400036,0.2082094856394239,-1.3311308279939806,moderate_drought,True
Bamyan,2004,9,0.0001820282453675,0.04703045165996269,-1.0448393002713723,moderate_drought,True
Bamyan,2004,10,10.424803063472275,10.436702525357632,0.9489291962521916,near_normal,False
Bamyan,2004,11,20.10411877502013,30.529103866737756,-0.08609476173880425,near_normal,False
Bamyan,2004,12,55.06101946933029,85.58994130782267,1.3901461778975444,moderately_wet,False
Bamyan,2005,1,39.13478024519985,114.29991848955027,1.0032887744303978,moderately_wet,False
Bamyan,2005,2,55.48650915727284,149.68230887180295,0.7282503081279932,near_normal,False
Bamyan,2005,3,87.50715819480322,182.1284475972759,0.7080424531809625,near_normal,False
Bamyan,2005,4,40.55645694613983,183.5501242982159,0.35462047256208395,near_normal,False
Bamyan,2005,5,38.54310565286285,166.6067207938059,0.8059821732431371,near_normal,False
Bamyan,2005,6,5.173266032525273,84.27282863152794,0.2411630421545148,near_normal,False
Bamyan,2005,7,0.0328512606263654,43.74922294601447,1.3477478920283912,moderately_wet,False
Bamyan,2005,8,0.0116801273137869,5.217797420465411,1.6290125086569276,very_wet,False
Bamyan,2005,9,0.0001795629441186,0.04471095088425669,-1.0698652912149278,moderate_drought,True
Bamyan,2005,10,1.3302879791548243,1.3421476694127157,-2.274159878404505,extreme_drought,True
Bamyan,2005,11,30.82695673957738,32.157424281676306,0.060682447558968955,near_normal,False
Bamyan,2005,12,12.811533725583898,44.96877844431609,-0.858205354076958,near_normal,False
Bamyan,2006,1,43.44116436510199,87.07965483026325,0.04150309416974644,near_normal,False
Bamyan,2006,2,61.62286580728589,117.87556389797176,-0.01987114251149341,near_normal,False
Bamyan,2006,3,59.59550260523417,164.65953277762202,0.3615983708531855,near_normal,False
Bamyan,2006,4,42.24389413731357,163.4622625498336,-0.08662194935407351,near_normal,False
Bamyan,2006,5,12.057453681040656,113.89685042358838,-0.643106217815106,near_normal,False
Bamyan,2006,6,0.1141972516774174,54.41554507003163,-1.0614325216880383,moderate_drought,True
Bamyan,2006,7,0.0723235343710851,12.243974467089144,-1.7811720354163467,severe_drought,True
Bamyan,2006,8,0.0057594745045858,0.1922802605530741,-1.3766280908145367,moderate_drought,True
Bamyan,2006,9,0.0001755976724988,0.07825860654815549,-0.7773486764343062,near_normal,False
Bamyan,2006,10,6.466357636343563,6.472292708520634,0.0071195564323149165,near_normal,False
Bamyan,2006,11,47.1283373844854,53.594870618501446,1.6507161553369856,very_wet,False
Bamyan,2006,12,45.73868247755945,99.3333774983884,1.9851607331618957,very_wet,False
Bamyan,2007,1,16.24568783877035,109.11270770081518,0.8326739948126082,near_normal,False
Bamyan,2007,2,72.93072055761444,134.91509087394422,0.39553114328168665,near_normal,False
Bamyan,2007,3,132.1124009715209,221.28880936790569,1.412288823283875,moderately_wet,False
Bamyan,2007,4,30.248096747878947,235.29121827701428,1.360566495430933,moderately_wet,False
Bamyan,2007,5,17.496801489290664,179.85729920869053,1.1207343754909869,moderately_wet,False
Bamyan,2007,6,4.666511576072244,52.41140981324185,-1.1649596673150537,moderate_drought,True
Bamyan,2007,7,0.063348872839034,22.226661938201943,-0.4743431730148561,near_normal,False
Bamyan,2007,8,0.0116352283366094,4.741495677247888,1.4880459653023623,moderately_wet,False
Bamyan,2007,9,0.0001713266764378,0.0751554278520812,-0.7997176131438594,near_normal,False
Bamyan,2007,10,3.394562454720421,3.406369009733468,-1.0486650186710047,moderate_drought,True
Bamyan,2007,11,13.5514746076279,16.94620838902476,-1.5894215633793494,severe_drought,True
Bamyan,2007,12,36.59791531232938,53.5439523746777,-0.29520226086424484,near_normal,False
Bamyan,2008,1,39.04830272445448,89.19769264441176,0.12296448029276251,near_normal,False
Bamyan,2008,2,29.18685762997942,104.83307566676328,-0.3658788702261438,near_normal,False
Bamyan,2008,3,19.246893247650245,87.48205360208415,-1.5686619091246374,severe_drought,True
Bamyan,2008,4,75.06530235332353,123.4990532309532,-1.0871028448890434,moderate_drought,True
Bamyan,2008,5,14.974142977963137,109.28633857893692,-0.7899098806259024,near_normal,False
Bamyan,2008,6,0.162269148312803,90.20171447959947,0.46098597412470016,near_normal,False
Bamyan,2008,7,0.0491661610799952,15.185578287355934,-1.336068939824264,moderate_drought,True
Bamyan,2008,8,0.0115422318994791,0.22297754129227731,-1.291354176614219,moderate_drought,True
Bamyan,2008,9,0.1572147361180871,0.2179231290975614,-0.1293659436430297,near_normal,False
Bamyan,2008,10,3.2528435111762284,3.4216004791937946,-1.0420124996411475,moderate_drought,True
Bamyan,2008,11,13.45484860714309,16.864906854437404,-1.6006197019467603,severe_drought,True
Bamyan,2008,12,19.92626161558566,36.633953733904974,-1.4809706083330663,moderate_drought,True
Bamyan,2009,1,56.82792292944114,90.2090331521699,0.1614070091108203,near_normal,False
Bamyan,2009,2,68.29483283511706,145.04901738014388,0.6262806482715867,near_normal,False
Bamyan,2009,3,61.93872573015175,187.06148149470997,0.8018853104868887,near_normal,False
Bamyan,2009,4,72.12047404582962,202.35403261109843,0.739492733652215,near_normal,False
Bamyan,2009,5,30.22648669351176,164.28568646949313,0.7491760848721453,near_normal,False
Bamyan,2009,6,1.9679609525412307,104.3149216918826,0.9484271670182293,near_normal,False
Bamyan,2009,7,0.033986256978998,32.22843390303199,0.473430291652703,near_normal,False
Bamyan,2009,8,0.0115439585136218,2.0134911680338505,0.42700834150942757,near_normal,False
Bamyan,2009,9,1.2024156503059014,1.2479458657985212,1.5730612088675588,very_wet,False
Bamyan,2009,10,6.8363709697355,8.050330578555023,0.4182202364274605,near_normal,False
Bamyan,2009,11,24.23408546708152,32.27287208712292,0.07089842841990503,near_normal,False
Bamyan,2009,12,30.49839363411803,61.56885007093505,0.17893627746538984,near_normal,False
Bamyan,2010,1,27.544805931300413,82.27728503249996,-0.1482338083271961,near_normal,False
Bamyan,2010,2,73.67671973648694,131.71991930190538,0.3204099239823664,near_normal,False
Bamyan,2010,3,42.40917025166081,143.63069591944816,-0.08946568333670456,near_normal,False
Bamyan,2010,4,46.97177763055561,163.05766761870336,-0.09587175515314043,near_normal,False
Bamyan,2010,5,41.61165533340824,130.99260321562463,-0.1314341674247632,near_normal,False
Bamyan,2010,6,5.043940751076296,93.62737371504012,0.5836684322297099,near_normal,False
Bamyan,2010,7,0.1011231334549861,46.756719217939505,1.5507572248135073,very_wet,False
Bamyan,2010,8,0.3433286538013571,5.488392538332626,1.7056211230059402,very_wet,False
Bamyan,2010,9,0.0001828242195569,0.44463461147588584,0.4469863720473806,near_normal,False
Bamyan,2010,10,8.495528228185927,8.839039706206828,0.6038052877231823,near_normal,False
Bamyan,2010,11,8.67000855979292,17.16571961219839,-1.5593748030785408,severe_drought,True
Bamyan,2010,12,9.944509866590227,27.11004665456906,-2.328187134721301,extreme_drought,True
Bamyan,2011,1,15.147227964398216,33.761746390781354,-2.7244159490612523,extreme_drought,True
Bamyan,2011,2,53.16975792495753,78.26149575594596,-1.173818447839702,moderate_drought,True
Bamyan,2011,3,38.26978194596954,106.58676783532528,-1.0068915387470287,moderate_drought,True
Bamyan,2011,4,66.35701183807258,157.79655170899963,-0.21757595293043974,near_normal,False
Bamyan,2011,5,24.23422195517095,128.86101573921306,-0.19268053337627258,near_normal,False
Bamyan,2011,6,1.0190322195168309,91.61026601276035,0.5117959688818013,near_normal,False
Bamyan,2011,7,0.0348909830711154,25.28814515775888,-0.1582200411681542,near_normal,False
Bamyan,2011,8,0.0115973709912664,1.0655205735791984,-0.1831168941057566,near_normal,False
Bamyan,2011,9,0.0001774585960633,0.04666581265843089,-1.048707429018869,moderate_drought,True
Bamyan,2011,10,14.551611620696251,14.563386450283566,1.7059771082103743,very_wet,False
Bamyan,2011,11,37.81746609894435,52.36925517823665,1.57238294389879,very_wet,False
Bamyan,2011,12,10.912816578827998,63.281894298468586,0.2747250225554399,near_normal,False
Bamyan,2012,1,18.97270880391351,67.70299148168584,-0.7741717539572744,near_normal,False
Bamyan,2012,2,45.876334617396026,75.76186000013752,-1.2590699135204195,moderate_drought,True
Bamyan,2012,3,39.817666067058845,104.66670948836835,-1.0600351967506574,moderate_drought,True
Bamyan,2012,4,45.36929327770667,131.06329396216154,-0.8824160434037802,near_normal,False
Bamyan,2012,5,24.9282336173441,110.1151929621096,-0.7632121925878901,near_normal,False
Bamyan,2012,6,0.9119888570047324,71.2095157520555,-0.2824103000195873,near_normal,False
Bamyan,2012,7,0.0405460046167333,25.880768478965553,-0.10005729823263809,near_normal,False
Bamyan,2012,8,0.0116149742692837,0.9641498358907352,-0.26853885239559866,near_normal,False
Bamyan,2012,9,0.0647935861525698,0.1169545650385726,-0.5432230754908014,near_normal,False
Bamyan,2012,10,10.822622187111897,10.899030747533736,1.0423362767217144,moderately_wet,False
Bamyan,2012,11,24.18629606779236,35.07371184105681,0.31161857903826173,near_normal,False
Bamyan,2012,12,28.69404830154621,63.70296655645045,0.29800585340030994,near_normal,False
Bamyan,2013,1,23.234784931168768,76.11512930050732,-0.4029172873477453,near_normal,False
Bamyan,2013,2,71.37302255815305,123.30185579086802,0.11652097264214172,near_normal,False
Bamyan,2013,3,53.84860844161612,148.4564159309379,0.017752701912332542,near_normal,False
Bamyan,2013,4,78.16929231144165,203.39092331121083,0.7600166970402565,near_normal,False
Bamyan,2013,5,13.498607451267024,145.5165082043248,0.26910559364965403,near_normal,False
Bamyan,2013,6,0.1631879866262045,91.83108774933487,0.5197147112845037,near_normal,False
Bamyan,2013,7,0.0866124770178414,13.748407914911056,-1.5450757945698825,severe_drought,True
Bamyan,2013,8,0.0291841687459752,0.2789846323900069,-1.157158034822906,moderate_drought,True
Bamyan,2013,9,0.086812770929379,0.2026094166931814,-0.18155757290473962,near_normal,False
Bamyan,2013,10,7.614565060501268,7.730562000176608,0.3395605345215681,near_normal,False
Bamyan,2013,11,24.79817030248122,32.49954813391185,0.09088623181403192,near_normal,False
Bamyan,2013,12,27.869973610243072,60.28270897322555,0.1058468793041139,near_normal,False
Bamyan,2014,1,25.556615383464653,78.22475929618894,-0.31421285344920286,near_normal,False
Bamyan,2014,2,61.02285504715077,114.44944404085848,-0.10816476562746426,near_normal,False
Bamyan,2014,3,88.40491450026659,174.98438493088202,0.5691300899389643,near_normal,False
Bamyan,2014,4,65.37652288551132,214.80429243292866,0.9815229320055544,near_normal,False
Bamyan,2014,5,33.31567869354633,187.09711607932422,1.2863421161498159,moderately_wet,False
Bamyan,2014,6,3.292844363456186,101.98504594251382,0.8710740869705947,near_normal,False
Bamyan,2014,7,0.0586357311553097,36.66715878815781,0.8312367885423185,near_normal,False
Bamyan,2014,8,0.0130549253035646,3.364535019915046,1.0230634506296663,moderately_wet,False
Bamyan,2014,9,0.0452859027875355,0.11697655924639558,-0.543108025124989,near_normal,False
Bamyan,2014,10,3.8518965798490896,3.9102374079401754,-0.838890249417391,near_normal,False
Bamyan,2014,11,19.633576675675204,23.530759158311817,-0.7853362475607731,near_normal,False
Bamyan,2014,12,16.648810767540933,40.134284023065206,-1.2086315513833452,moderate_drought,True
Bamyan,2015,1,22.399341223479365,58.681728666695484,-1.2091517732192156,moderate_drought,True
Bamyan,2015,2,90.12345065626234,129.1716026472826,0.2596262026443295,near_normal,False
Bamyan,2015,3,60.50441808395344,173.02720996369513,0.5304240029320817,near_normal,False
Bamyan,2015,4,44.04242170514974,194.6702904453655,0.5852019933389265,near_normal,False
Bamyan,2015,5,29.39205910462071,133.9388988937239,-0.04786854552116982,near_normal,False
Bamyan,2015,6,0.2074336568063461,73.64191446657678,-0.1803117790879091,near_normal,False
Bamyan,2015,7,0.1229918071172518,29.722484568544292,0.2568805883889786,near_normal,False
Bamyan,2015,8,0.0130604220898611,0.34348588601344476,-1.026509092488307,moderate_drought,True
Bamyan,2015,9,0.0566897633775011,0.19274199258459979,-0.21670065855938755,near_normal,False
Bamyan,2015,10,9.75298258170207,9.822732767169418,0.8206579022590648,near_normal,False
Bamyan,2015,11,42.65227088549744,52.46194323057699,1.578347743030961,very_wet,False
Bamyan,2015,12,18.08023753803003,70.48549100522952,0.6597297882737112,near_normal,False
Bamyan,2016,1,42.20721533699822,102.93972376052567,0.6225594159541785,near_normal,False
Bamyan,2016,2,16.043634556061498,76.33108743108973,-1.2394864747489485,moderate_drought,True
Bamyan,2016,3,76.9285159734421,135.1793658665018,-0.28321207422739264,near_normal,False
Bamyan,2016,4,57.05087243837406,150.02302296787764,-0.4024916807587644,near_normal,False
Bamyan,2016,5,27.168772970171947,161.14816138198807,0.6715417743222647,near_normal,False
Bamyan,2016,6,2.585065595037083,86.80471100358307,0.3362512845831508,near_normal,False
Bamyan,2016,7,0.0905310164944653,29.844369581703468,0.26768739257185176,near_normal,False
Bamyan,2016,8,0.0130565085220958,2.6886531200536155,0.7494199762787604,near_normal,False
Bamyan,2016,9,0.0195834075390494,0.12317093255558206,-0.5113297640335579,near_normal,False
Bamyan,2016,10,3.58945837109949,3.6220982871606067,-0.956337623867168,near_normal,False
Bamyan,2016,11,32.42109202257506,36.03013380121357,0.39088538665394934,near_normal,False
Bamyan,2016,12,23.51064262523696,59.52119301891148,0.06208011101763674,near_normal,False
Bamyan,2017,1,43.087490270396486,99.01922491820848,0.4847742467802555,near_normal,False
Bamyan,2017,2,161.82574550421907,228.4238783998525,2.214209692914597,extremely_wet,False
Bamyan,2017,3,40.7721313182876,245.68536709290314,1.8108809561815682,very_wet,False
Bamyan,2017,4,25.57580344544313,228.17368026794978,1.2314094305139434,moderately_wet,False
Bamyan,2017,5,28.99926600102691,95.34720076475762,-1.261186517459234,moderate_drought,True
Bamyan,2017,6,0.2097139921733719,54.78478343864338,-1.0426470285501226,moderate_drought,True
Bamyan,2017,7,1.6397946745019607,30.848774667702216,0.35564652144126396,near_normal,False
Bamyan,2017,8,0.0130621139124901,1.8625707805877942,0.3454315679863997,near_normal,False
Bamyan,2017,9,0.0654156920629828,1.7182724804774052,2.0220471496727335,extremely_wet,False
Bamyan,2017,10,2.874536442571848,2.9530142485472926,-1.257175662107015,moderate_drought,True
Bamyan,2017,11,22.032128499239427,24.972080633874228,-0.6307803043376118,near_normal,False
Bamyan,2017,12,27.771570718258587,52.67823566006983,-0.34913776267687885,near_normal,False
Bamyan,2018,1,9.910328235790097,59.71402745328808,-1.157143927447649,moderate_drought,True
Bamyan,2018,2,61.500191321755366,99.18209027580403,-0.5248505317650609,near_normal,False
Bamyan,2018,3,85.0715175660675,156.48203712361294,0.19102560803580257,near_normal,False
Bamyan,2018,4,39.58061111987652,186.15232000769936,0.40938919482654246,near_normal,False
Bamyan,2018,5,46.9092755764617,171.5614042624057,0.9255302604788183,near_normal,False
Bamyan,2018,6,0.8729488316876284,87.36283552802583,0.3569642288263663,near_normal,False
Bamyan,2018,7,0.1097955210292436,47.892019929178545,1.625214929731607,very_wet,False
Bamyan,2018,8,0.1383698660629268,1.1211142187797702,-0.13867893097304243,near_normal,False
Bamyan,2018,9,0.0208570522210996,0.2690224393132416,0.027916942585432012,near_normal,False
Bamyan,2018,10,13.885941619479816,14.045168537763814,1.6191074980423048,very_wet,False
Bamyan,2018,11,26.207723091879505,40.11452176358039,0.7145896577770356,near_normal,False
Bamyan,2018,12,47.68992228425383,87.78358699561312,1.489053401960109,moderately_wet,False
Bamyan,2019,1,91.29763017529658,165.19527555142986,2.4601087218839046,extremely_wet,False
Bamyan,2019,2,107.94491785948644,246.9324703190368,2.5137252039610436,extremely_wet,False
Bamyan,2019,3,64.85480839008011,264.09735642486305,2.0951773424501403,extremely_wet,False
Bamyan,2019,4,79.2069622818885,252.00668853145498,1.6542345713870492,very_wet,False
Bamyan,2019,5,22.238371032200156,166.3001417041687,0.798508734559129,near_normal,False
Bamyan,2019,6,3.694240478861681,105.13957379295029,0.9755355884505961,near_normal,False
Bamyan,2019,7,0.2727986155064315,26.205410126568225,-0.068574309604891,near_normal,False
Bamyan,2019,8,0.0130643667653328,3.9801034611334027,1.243300142064471,moderately_wet,False
Bamyan,2019,9,0.0193685994415842,0.30523158171330583,0.127079674784976,near_normal,False
Bamyan,2019,10,10.590964160343436,10.62339712655031,0.9869630350120617,near_normal,False
Bamyan,2019,11,36.88596362237161,47.496296382156586,1.2487201057968227,moderately_wet,False
Bamyan,2019,12,22.70582972212699,70.182757504842,0.6440864597904854,near_normal,False
Bamyan,2020,1,63.32637495736272,122.91816830186129,1.2759234318445771,moderately_wet,False
Bamyan,2020,2,55.41675800914101,141.44896268863067,0.5455620071395834,near_normal,False
Bamyan,2020,3,63.04002718840063,181.78316015490432,0.7014117613617338,near_normal,False
Bamyan,2020,4,91.32506047036844,209.78184566791003,0.8850242223453643,near_normal,False
Bamyan,2020,5,47.15708164816192,201.52216930693095,1.6042957952438401,very_wet,False
Bamyan,2020,6,2.0102470698051427,140.49238918833547,2.0277372746630378,extremely_wet,False
Bamyan,2020,7,1.325332904235061,50.49266162220208,1.7916347080126966,very_wet,False
Bamyan,2020,8,0.0130565085220958,3.3486364825622568,1.017050923139731,moderately_wet,False
Bamyan,2020,9,0.6506124011990977,1.9890018139562118,2.2478027196895187,extremely_wet,False
Bamyan,2020,10,4.456620011211187,5.120288920932337,-0.40289578353196276,near_normal,False
Bamyan,2020,11,42.52102003826766,47.6282524506779,1.2577599415886156,moderately_wet,False
Bamyan,2020,12,30.841009596079097,77.8186496455579,1.0259041230203756,moderately_wet,False
Bamyan,2021,1,9.163922194697795,82.5259518290445,-0.1382297157603275,near_normal,False
Bamyan,2021,2,19.60363558438712,59.60856737516397,-1.8636308588830635,severe_drought,True
Bamyan,2021,3,70.98983744373051,99.75739522281538,-1.1990391389044652,moderate_drought,True
Bamyan,2021,4,32.08167499774367,122.67514802586126,-1.1099107489008264,moderate_drought,True
Bamyan,2021,5,28.57490080532443,131.64641324679857,-0.11278238528144917,near_normal,False
Bamyan,2021,6,0.2065286497876697,60.86310445285572,-0.7451955425800733,near_normal,False
Bamyan,2021,7,0.302872682315868,29.084302137427922,0.19981072526738164,near_normal,False
Bamyan,2021,8,0.0130617840070774,0.5224631161105724,-0.7427233043179263,near_normal,False
Bamyan,2021,9,0.0530853715413924,0.3690198378642951,0.2836327206246774,near_normal,False
Bamyan,2021,10,3.59147951087588,3.657626666424307,-0.9415080464956098,near_normal,False
Bamyan,2021,11,14.439952859506109,18.08451774192334,-1.4364626060077816,moderate_drought,True
Bamyan,2021,12,27.002955348007333,45.03438771838928,-0.8536315379241595,near_normal,False
Bamyan,2022,1,45.48156180468577,86.92447001219918,0.03548280431864448,near_normal,False
Bamyan,2022,2,30.620005663162267,103.10452281585533,-0.4138764960644053,near_normal,False
Bamyan,2022,3,44.45732230608777,120.55888977393576,-0.6386515468513271,near_normal,False
Bamyan,2022,4,24.497451201708824,99.57477917095882,-1.7975339041278797,severe_drought,True
Bamyan,2022,5,22.67482541861616,91.62959892641271,-1.3947955198204447,moderate_drought,True
Bamyan,2022,6,1.4667892453182378,48.63906586564318,-1.3675107374540307,moderate_drought,True
Bamyan,2022,7,0.1076763278296729,24.249290991764035,-0.26243392280930083,near_normal,False
Bamyan,2022,8,0.0130605898769856,1.5875261630248607,0.18455086949497537,near_normal,False
Bamyan,2022,9,1.2610835487358605,1.3818204664424834,1.7099108550051278,very_wet,False
Bamyan,2022,10,3.811183032441357,5.085327171054168,-0.4144305045893275,near_normal,False
Bamyan,2022,11,20.60567226420549,25.677938845382673,-0.557305574407019,near_normal,False
Bamyan,2022,12,22.85956902680983,47.27642432345664,-0.6999915578467747,near_normal,False
Bamyan,2023,1,25.9616264178482,69.42686770886348,-0.6956391857520503,near_normal,False
Bamyan,2023,2,58.15158234678631,106.9727777914443,-0.3071997721549685,near_normal,False
Bamyan,2023,3,34.780314720446505,118.89352348508098,-0.6809598774414624,near_normal,False
Bamyan,2023,4,14.04991689343534,106.98181396066812,-1.5660203306503688,severe_drought,True
Bamyan,2023,5,18.470736790602054,67.30096840448385,-2.3782359828457436,extreme_drought,True
Bamyan,2023,6,0.6457740650209038,33.16642774905825,-2.3377019966000074,extreme_drought,True
Bamyan,2023,7,0.1158244110889551,19.23233526671187,-0.8136784132937007,near_normal,False
Bamyan,2023,8,0.0130565079763466,0.774654984086163,-0.44712992089591547,near_normal,False
Bamyan,2023,9,0.0358831231344464,0.16476404219970547,-0.3239629128795165,near_normal,False
Bamyan,2023,10,6.097009383449823,6.145949014560573,-0.08609023825725534,near_normal,False
Bamyan,2023,11,19.852319019367744,25.98521152595197,-0.5257501725148341,near_normal,False
Bamyan,2023,12,16.66613363287666,42.615462035694186,-1.025371828815913,moderate_drought,True
Daykundi,2001,1,13.75058166941096,,,,False
Daykundi,2001,2,22.37944997690961,,,,False
Daykundi,2001,3,38.15686994992934,74.28690159624992,-1.7239423015467974,severe_drought,True
Daykundi,2001,4,59.92568214610155,120.46200207294049,-0.6984636470055511,near_normal,False
Daykundi,2001,5,18.34498088651269,116.4275329825436,-0.16836148526604336,near_normal,False
Daykundi,2001,6,0.2134793404694143,78.48414237308366,0.3457099335311903,near_normal,False
Daykundi,2001,7,0.6667703221074486,19.22523054908956,-0.4524361459242118,near_normal,False
Daykundi,2001,8,0.4380513892088317,1.3183010517857017,-0.8004226763855369,near_normal,False
Daykundi,2001,9,0.4182447498453861,1.5230664611616735,-0.635707481028346,near_normal,False
Daykundi,2001,10,7.838948899071719,8.695245038125943,0.15324938287102055,near_normal,False
Daykundi,2001,11,13.597482258213155,21.854675907130265,-0.7750486241959723,near_normal,False
Daykundi,2001,12,30.71061024481541,52.14704140210029,-0.0875136667519576,near_normal,False
Daykundi,2002,1,22.243512084640404,66.55160458766898,-0.5736854078479093,near_normal,False
Daykundi,2002,2,47.3712818371976,100.32540416665341,-0.26566480627756245,near_normal,False
Daykundi,2002,3,33.04781773535114,102.66261165718915,-0.8775594603872908,near_normal,False
Daykundi,2002,4,76.30065382789067,156.7197534004394,0.09996100636989054,near_normal,False
Daykundi,2002,5,19.704722450058725,129.05319401330053,0.1709379482726817,near_normal,False
Daykundi,2002,6,0.2134793401647643,96.21885561811416,0.9746907688596821,near_normal,False
Daykundi,2002,7,0.6685728731031467,20.586774663326636,-0.2899329893688892,near_normal,False
Daykundi,2002,8,0.4380513862940378,1.3201035995619488,-0.7979456081584831,near_normal,False
Daykundi,2002,9,0.4320174249557655,1.53864168435295,-0.6044833923584484,near_normal,False
Daykundi,2002,10,7.719053339249698,8.589122150499502,0.12028711745205156,near_normal,False
Daykundi,2002,11,25.67801209231763,33.829082856523094,0.21933135612652718,near_normal,False
Daykundi,2002,12,41.375022377524125,74.77208780909146,0.9627784431824756,near_normal,False
Daykundi,2003,1,33.68713321519429,100.74016768503604,0.5506518056530348,near_normal,False
Daykundi,2003,2,64.78319840238748,139.84535399510588,0.6249509826562696,near_normal,False
Daykundi,2003,3,68.79674791646399,167.26707953404576,0.5758402646811684,near_normal,False
Daykundi,2003,4,51.16324674264112,184.74319306149258,0.6356816535102908,near_normal,False
Daykundi,2003,5,13.993822488759848,133.95381714786495,0.29666350916012957,near_normal,False
Daykundi,2003,6,0.1778075127653125,65.33487674416628,-0.18455021342793845,near_normal,False
Daykundi,2003,7,0.6342237430294285,14.80585374455459,-1.0414512934648974,moderate_drought,True
Daykundi,2003,8,0.4359671921557297,1.2479984479504707,-0.8989292003363691,near_normal,False
Daykundi,2003,9,0.3953270371801083,1.4655179723652665,-0.7529975147125437,near_normal,False
Daykundi,2003,10,6.360208908367669,7.191503137703507,-0.34179462425242585,near_normal,False
Daykundi,2003,11,21.579332499176477,28.334868444724254,-0.20103540815214044,near_normal,False
Daykundi,2003,12,27.08815922125629,55.02770062880043,0.06121851911100959,near_normal,False
Daykundi,2004,1,65.37960439001644,114.0470961104492,0.9187587830198873,near_normal,False
Daykundi,2004,2,25.97739502501681,118.44515863628953,0.16722087495589408,near_normal,False
Daykundi,2004,3,28.65455143777008,120.01155085280334,-0.43759031774532003,near_normal,False
Daykundi,2004,4,30.171008866448663,84.80295532923556,-1.6650753424749052,severe_drought,True
Daykundi,2004,5,11.76338743324403,70.58894773746277,-1.6666847388445731,severe_drought,True
Daykundi,2004,6,0.1819922237329574,42.11638852342565,-1.3338067035859604,moderate_drought,True
Daykundi,2004,7,0.516929211756926,12.462308868733913,-1.4050096278777107,moderate_drought,True
Daykundi,2004,8,0.4361923181515764,1.1351137536414597,-1.0655551271371866,moderate_drought,True
Daykundi,2004,9,0.4396234724258505,1.3927450023343528,-0.9059061109753265,near_normal,False
Daykundi,2004,10,7.00992320776989,7.885738998347317,-0.10537936686879147,near_normal,False
Daykundi,2004,11,18.208146841569626,25.657693521765367,-0.4260391940885323,near_normal,False
Daykundi,2004,12,63.84076844226574,89.05883849160526,1.5214975358504415,very_wet,False
Daykundi,2005,1,51.85017132279099,133.89908660662635,1.4191665880392028,moderately_wet,False
Daykundi,2005,2,62.8574301538015,178.54836991885824,1.3477762476499522,moderately_wet,False
Daykundi,2005,3,80.45915111434044,195.16675259093296,1.0868726003938243,moderately_wet,False
Daykundi,2005,4,33.7053644462516,177.02194571439355,0.4937728365277841,near_normal,False
Daykundi,2005,5,35.70362977454296,149.868145335135,0.6850655254821173,near_normal,False
Daykundi,2005,6,3.7437777504032033,73.15277197119778,0.13845112523934996,near_normal,False
Daykundi,2005,7,0.5500348311364763,39.99744235608266,1.4968664223914476,moderately_wet,False
Daykundi,2005,8,0.4361637792585286,4.729976360798222,2.0797732842859924,extremely_wet,False
Daykundi,2005,9,0.3997649676981592,1.3859635780931785,-0.9204310889864354,near_normal,False
Daykundi,2005,10,2.4441504996292127,3.280079246585915,-2.103899226574607,extreme_drought,True
Daykundi,2005,11,26.064084233191934,28.90799970051932,-0.15475519870631224,near_normal,False
Daykundi,2005,12,8.994973071897585,37.50320780471874,-0.9448591894772149,near_normal,False
Daykundi,2006,1,49.85728604575614,84.91634335084566,0.06847416848420039,near_normal,False
Daykundi,2006,2,67.74624715170961,126.59850626936334,0.34760422611273106,near_normal,False
Daykundi,2006,3,47.53900743709172,165.14254063455746,0.5346985154928768,near_normal,False
Daykundi,2006,4,44.92431496698615,160.20956955578748,0.16997291433594047,near_normal,False
Daykundi,2006,5,9.066140092501252,101.52946249657914,-0.6022037946791066,near_normal,False
Daykundi,2006,6,0.1819719484874005,54.17242700797482,-0.6944504248369484,near_normal,False
Daykundi,2006,7,0.5777044356868485,9.825816476675515,-1.877278502432447,severe_drought,True
Daykundi,2006,8,0.436036611398131,1.1957129955723942,-0.9747327339564319,near_normal,False
Daykundi,2006,9,0.3945851805581935,1.4083262276431872,-0.8727155782617795,near_normal,False
Daykundi,2006,10,5.057516656552937,5.888138448509276,-0.831345817752918,near_normal,False
Daykundi,2006,11,57.71061699465852,63.162718831769666,1.9219355956739854,very_wet,False
Daykundi,2006,12,56.57082762726844,119.33896127847991,2.5392750901202232,extremely_wet,False
Daykundi,2007,1,41.576861375861206,155.8583059977882,1.9198668093962676,very_wet,False
Daykundi,2007,2,64.24175697312221,162.38944597625186,1.0597529200972917,moderately_wet,False
Daykundi,2007,3,139.9924549577899,245.81107330677332,1.9047623157819409,very_wet,False
Daykundi,2007,4,27.800897735420385,232.03510966633252,1.4297583938389105,moderately_wet,False
Daykundi,2007,5,15.572541327228675,183.36589402043896,1.4218842489580605,moderately_wet,False
Daykundi,2007,6,1.8477026520273192,45.22114171467638,-1.1581582591612596,moderate_drought,True
Daykundi,2007,7,0.6328985039026952,18.05314248315869,-0.5987231585332835,near_normal,False
Daykundi,2007,8,0.4380513886143024,2.918652544544317,0.8401042882717767,near_normal,False
Daykundi,2007,9,0.4102657739903653,1.4812156665073628,-0.720697228997381,near_normal,False
Daykundi,2007,10,6.148273965494708,6.996591128099375,-0.41092814415747175,near_normal,False
Daykundi,2007,11,14.600950073193406,21.15948981267848,-0.8432810651635388,near_normal,False
Daykundi,2007,12,30.06745738396021,50.81668142264833,-0.15806577043525613,near_normal,False
Daykundi,2008,1,64.75035263124458,109.4187600883982,0.7940796848001703,near_normal,False
Daykundi,2008,2,20.41999212521595,115.23780214042074,0.09399754224785777,near_normal,False
Daykundi,2008,3,12.24553821589746,97.41588297235799,-1.0205730658794656,moderate_drought,True
Daykundi,2008,4,58.31120969735849,90.9767400384719,-1.4797812729908622,moderate_drought,True
Daykundi,2008,5,12.21985148565513,82.77659939891107,-1.2149705317762876,moderate_drought,True
Daykundi,2008,6,0.1883845578765432,70.71944574089017,0.04050326904175408,near_normal,False
Daykundi,2008,7,0.5939544721292574,13.002190515660931,-1.3172610397227036,moderate_drought,True
Daykundi,2008,8,0.4366955941260576,1.2190346241318581,-0.9406402339138605,near_normal,False
Daykundi,2008,9,0.3941455095210764,1.4247955757763913,-0.837905261031903,near_normal,False
Daykundi,2008,10,3.171388406480661,4.002229510127795,-1.6953564001456065,severe_drought,True
Daykundi,2008,11,9.856897564792469,13.422431480794206,-1.7369196213013791,severe_drought,True
Daykundi,2008,12,20.14848303469685,33.17676900596998,-1.2416856555454658,moderate_drought,True
Daykundi,2009,1,55.29887985333736,85.30426045282667,0.08097984957724216,near_normal,False
Daykundi,2009,2,52.77808658427066,128.22544947230486,0.38266926140739227,near_normal,False
Daykundi,2009,3,60.72493579264198,168.80190223025,0.6053484958987188,near_normal,False
Daykundi,2009,4,77.64216360007667,191.1451859769893,0.750412974985161,near_normal,False
Daykundi,2009,5,20.199471252812348,158.566570645531,0.8859617314325892,near_normal,False
Daykundi,2009,6,0.5983102127018711,98.43994506559089,1.047945648137472,moderately_wet,False
Daykundi,2009,7,0.5854869462403477,21.383268411754553,-0.19822205164978782,near_normal,False
Daykundi,2009,8,0.4367752404242076,1.6205723993664123,-0.4140796264172362,near_normal,False
Daykundi,2009,9,0.8365374270780088,1.85879961374255,-0.005236927123085748,near_normal,False
Daykundi,2009,10,4.327226333388649,5.600539000890851,-0.9492027102296576,near_normal,False
Daykundi,2009,11,15.254698712287006,20.41846247275365,-0.9177428932089515,near_normal,False
Daykundi,2009,12,28.65345223914536,48.235377284821,-0.29858715125869345,near_normal,False
Daykundi,2010,1,37.25635065110298,81.16450160253532,-0.054497204697352364,near_normal,False
Daykundi,2010,2,78.53464605976302,144.44444895001135,0.7171833569161636,near_normal,False
Daykundi,2010,3,38.69676731801874,154.48776402888473,0.3229168659581824,near_normal,False
Daykundi,2010,4,37.01725674376477,154.24867012154652,0.04975559261247947,near_normal,False
Daykundi,2010,5,32.117070075999315,107.83109413778281,-0.41377413443758365,near_normal,False
Daykundi,2010,6,1.940496687451684,71.07482350721575,0.054947026416203026,near_normal,False
Daykundi,2010,7,0.6271319109902158,34.6846986744412,1.078144429346776,moderately_wet,False
Daykundi,2010,8,1.0183893082801578,3.5860179067220432,1.3424208728418128,moderately_wet,False
Daykundi,2010,9,0.3967616772142447,2.042282896484604,0.3074072966741635,near_normal,False
Daykundi,2010,10,10.811619252042949,12.226770237537337,1.125321711972078,moderately_wet,False
Daykundi,2010,11,6.416852380074829,17.62523330933201,-1.2166208165691352,moderate_drought,True
Daykundi,2010,12,8.081141438395749,25.309613070513514,-1.859663011349423,severe_drought,True
Daykundi,2011,1,16.46750520445927,30.965499022929833,-2.302766986664433,extreme_drought,True
Daykundi,2011,2,63.16171909626465,87.71036573911965,-0.5993073050723517,near_normal,False
Daykundi,2011,3,35.389086676202275,115.01831097692619,-0.5595158015347713,near_normal,False
Daykundi,2011,4,57.18915936042495,155.73996513289185,0.08011813222863667,near_normal,False
Daykundi,2011,5,18.775116163968917,111.35336220059614,-0.31168069515019015,near_normal,False
Daykundi,2011,6,0.2598462941840531,76.2241218185779,0.2590298187713174,near_normal,False
Daykundi,2011,7,0.5515871592324953,19.58654961738545,-0.4085696140703318,near_normal,False
Daykundi,2011,8,0.4361823648782867,1.247615818294821,-0.8994757958534231,near_normal,False
Daykundi,2011,9,0.3930473721133909,1.3808168962241587,-0.9314871868860486,near_normal,False
Daykundi,2011,10,12.675049507705896,13.50427924469756,1.431158078834198,moderately_wet,False
Daykundi,2011,11,30.012664583789483,43.08076146360876,0.8346733389481638,near_normal,False
Daykundi,2011,12,8.043040965731073,50.73075505722643,-0.16266511971128927,near_normal,False
Daykundi,2012,1,17.335272830691753,55.390978380212296,-1.025443167193629,moderate_drought,True
Daykundi,2012,2,59.49384485217431,84.87215864859712,-0.6788230930294227,near_normal,False
Daykundi,2012,3,31.824935784314302,108.65405346718035,-0.7202521727712707,near_normal,False
Daykundi,2012,4,43.58077700190789,134.8995576383965,-0.3633413202592768,near_normal,False
Daykundi,2012,5,21.688478614574063,97.09419140079625,-0.73964087342151,near_normal,False
Daykundi,2012,6,0.7110240988421128,65.98027971532404,-0.1569333952520837,near_normal,False
Daykundi,2012,7,0.5587471943415442,22.958249907757704,-0.023437478237694397,near_normal,False
Daykundi,2012,8,0.3313159340010525,1.6010872271846952,-0.4374122111637396,near_normal,False
Daykundi,2012,9,0.4106162169791884,1.3006793453217709,-1.1074091529211316,moderate_drought,True
Daykundi,2012,10,14.1740752304801,14.916007381460325,1.7482339828114482,very_wet,False
Daykundi,2012,11,21.93771804661604,36.52240949407531,0.4088540819258688,near_normal,False
Daykundi,2012,12,27.94411659027592,64.05590986737205,0.4961651812490948,near_normal,False
Daykundi,2013,1,14.776526151674226,64.65836078856617,-0.646450118899793,near_normal,False
Daykundi,2013,2,69.11319972493742,111.83384246688755,0.01478195010742442,near_normal,False
Daykundi,2013,3,46.3339433065258,130.22366918313742,-0.19852807201835376,near_normal,False
Daykundi,2013,4,71.34609894808186,186.7932419795451,0.672701345449996,near_normal,False
Daykundi,2013,5,14.393885253193888,132.07392750780156,0.24880212606743277,near_normal,False
Daykundi,2013,6,0.2152598911544837,85.95524409243022,0.6210185838296718,near_normal,False
Daykundi,2013,7,0.7032067858769637,15.312351930225336,-0.968248567085801,near_normal,False
Daykundi,2013,8,0.5743487947562345,1.492815471787682,-0.5707373404034517,near_normal,False
Daykundi,2013,9,1.7240660519690587,3.001621632602257,1.6965362851397523,very_wet,False
Daykundi,2013,10,8.329304440968716,10.62771928769401,0.7117578236437263,near_normal,False
Daykundi,2013,11,31.541894641865145,41.59526513480292,0.7421584197795004,near_normal,False
Daykundi,2013,12,16.00239214210591,55.87359122493977,0.10390070177021017,near_normal,False
Daykundi,2014,1,21.65919605770353,69.20348284167459,-0.47409856394877925,near_normal,False
Daykundi,2014,2,57.666956876438526,95.32854507624796,-0.3942116747131611,near_normal,False
Daykundi,2014,3,87.19349269419065,166.51964562833268,0.5614056538476839,near_normal,False
Daykundi,2014,4,72.34170841184267,217.20215798247185,1.1930611345795152,moderately_wet,False
Daykundi,2014,5,36.79269110916682,196.32789221520014,1.683434617164372,very_wet,False
Daykundi,2014,6,0.77938372828727,109.91378324929676,1.4102400494671397,moderately_wet,False
Daykundi,2014,7,0.6095150726477275,38.18158991010181,1.3580114260157568,moderately_wet,False
Daykundi,2014,8,0.5545185200070446,1.943417320942042,-0.05258016532138839,near_normal,False
Daykundi,2014,9,0.5006842043309055,1.6647177969856777,-0.3592968553526351,near_normal,False
Daykundi,2014,10,7.346322703382313,8.401525427720262,0.06134766690118937,near_normal,False
Daykundi,2014,11,19.245879288160232,27.09288619587345,-0.3035401564174635,near_normal,False
Daykundi,2014,12,12.871640115547208,39.463842107089754,-0.8181155461401352,near_normal,False
Daykundi,2015,1,24.697219945387847,56.81473934909529,-0.9645125488204642,near_normal,False
Daykundi,2015,2,78.67128099363539,116.24014105457044,0.11702516006660389,near_normal,False
Daykundi,2015,3,50.0095612767064,153.37806221572964,0.3003099157105072,near_normal,False
Daykundi,2015,4,38.24106407657247,166.92190634691428,0.30183272351761414,near_normal,False
Daykundi,2015,5,22.02553946231576,110.27616481559464,-0.34266921935588246,near_normal,False
Daykundi,2015,6,0.215247124117943,60.481850663006185,-0.3983445890407354,near_normal,False
Daykundi,2015,7,0.8375107880855254,23.07829737451924,-0.010449668489203175,near_normal,False
Daykundi,2015,8,0.5545185076597902,1.6072764198632727,-0.42998000456343205,near_normal,False
Daykundi,2015,9,0.5282626194726521,1.9202919152179818,0.10174505814816322,near_normal,False
Daykundi,2015,10,14.174256490177696,15.257037617310152,1.8219303777081184,very_wet,False
Daykundi,2015,11,42.21744944847381,56.91996855812417,1.6112271998018741,very_wet,False
Daykundi,2015,12,11.133909082930076,67.52561502158159,0.652501550280781,near_normal,False
Daykundi,2016,1,28.134919685039783,81.48627821644368,-0.04380316872991733,near_normal,False
Daykundi,2016,2,10.7568376481542,50.02566641612407,-1.8528158937495809,severe_drought,True
Daykundi,2016,3,84.2678981733275,123.15965550652149,-0.36247679879532885,near_normal,False
Daykundi,2016,4,58.579786691819486,153.6045225133012,0.03658021931999922,near_normal,False
Daykundi,2016,5,28.13779197980667,170.98547684495367,1.1606620595937804,moderately_wet,False
Daykundi,2016,6,0.6071822912981562,87.32476096292433,0.6697559518430444,near_normal,False
Daykundi,2016,7,0.7793887123649946,29.524362983469835,0.6295075878130437,near_normal,False
Daykundi,2016,8,0.5545185101437659,1.9410895138069308,-0.055035391113192306,near_normal,False
Daykundi,2016,9,0.4917167863759514,1.8256240088847262,-0.06393956774348133,near_normal,False
Daykundi,2016,10,6.95529631200683,8.001531608526562,-0.06732724879538894,near_normal,False
Daykundi,2016,11,24.723130504046345,32.17014360242914,0.09755377479247429,near_normal,False
Daykundi,2016,12,16.333820148253835,48.012246964307025,-0.31097001540296976,near_normal,False
Daykundi,2017,1,44.64014980684042,85.69710045914061,0.09360559824926704,near_normal,False
Daykundi,2017,2,119.22822919020992,180.2021991453042,1.3762912113919605,moderately_wet,False
Daykundi,2017,3,44.043337468907865,207.91171646595825,1.3045039825743974,moderately_wet,False
Daykundi,2017,4,22.07094930592024,185.34251596503807,0.6465320184783985,near_normal,False
Daykundi,2017,5,24.05663993887621,90.17092671370435,-0.9630054580177525,near_normal,False
Daykundi,2017,6,0.2152473636098753,46.34283660840635,-1.096762172116176,moderate_drought,True
Daykundi,2017,7,1.3170240171738778,25.588911319659992,0.25139862723086775,near_normal,False
Daykundi,2017,8,0.5545185096846366,2.086789890468418,0.09498203936890168,near_normal,False
Daykundi,2017,9,0.4843970746163352,2.355939601474878,0.8012988488625651,near_normal,False
Daykundi,2017,10,4.805573237313226,5.844488821614226,-0.8489738289660915,near_normal,False
Daykundi,2017,11,21.12170564398953,26.41167595591912,-0.36111987098089277,near_normal,False
Daykundi,2017,12,27.062859039391505,52.99013792069429,-0.0434256911344802,near_normal,False
Daykundi,2018,1,5.714967981422999,53.89953266480406,-1.0904446152620326,moderate_drought,True
Daykundi,2018,2,49.64676600628401,82.42459302709855,-0.7488703650299099,near_normal,False
Daykundi,2018,3,62.61994157677039,117.98167556447743,-0.4867330247241683,near_normal,False
Daykundi,2018,4,38.32698643208443,150.59369401513885,-0.025497783221039655,near_normal,False
Daykundi,2018,5,35.565604053001415,136.51253206185626,0.36109679545786666,near_normal,False
Daykundi,2018,6,0.2152537452559321,74.10784423034181,0.17630150264161631,near_normal,False
Daykundi,2018,7,0.7795185672675738,36.56037636552495,1.2304106721571992,moderately_wet,False
Daykundi,2018,8,0.8976910105431268,1.8924633230666612,-0.10678286321950294,near_normal,False
Daykundi,2018,9,0.5020464768041959,2.1792560546149247,0.5288366087180898,near_normal,False
Daykundi,2018,10,6.900340252666129,8.30007774001348,0.029107728835393344,near_normal,False
Daykundi,2018,11,21.254640207322133,28.657026936792484,-0.1749443057770347,near_normal,False
Daykundi,2018,12,34.824367315775135,62.97934777576342,0.4465267545051801,near_normal,False
Daykundi,2019,1,68.57977356245823,124.65878108555552,1.1926839851498625,moderately_wet,False
Daykundi,2019,2,104.5335593435516,207.937700221785,1.8313918433797445,very_wet,False
Daykundi,2019,3,60.37414716747748,233.48748007348735,1.71653431120825,very_wet,False
Daykundi,2019,4,74.44142080843798,239.3491273194671,1.5428833050755366,very_wet,False
Daykundi,2019,5,22.0457257082674,156.8612936841829,0.8471570327363324,near_normal,False
Daykundi,2019,6,3.4715251439885835,99.958671660694,1.0974191094362689,moderately_wet,False
Daykundi,2019,7,0.9177111433781192,26.434961995634133,0.3357697239251822,near_normal,False
Daykundi,2019,8,0.5545185066633688,4.9437547940301,2.2046864292110993,extremely_wet,False
Daykundi,2019,9,0.4833569608047799,1.9555866108462963,0.16212026080139447,near_normal,False
Daykundi,2019,10,12.463841486236154,13.501716953704332,1.430563726049463,moderately_wet,False
Daykundi,2019,11,51.477901227418464,64.42509967445943,1.9823754028111173,very_wet,False
Daykundi,2019,12,21.60609711978631,85.54783983344096,1.3898891048278343,moderately_wet,False
Daykundi,2020,1,70.97507917747826,144.05907752468306,1.6568787065698505,very_wet,False
Daykundi,2020,2,40.93862978386657,133.51980608113118,0.4947809565875033,near_normal,False
Daykundi,2020,3,69.61940677280475,181.53311573414962,0.8435792540756271,near_normal,False
Daykundi,2020,4,96.12330170825626,206.6813382649276,1.01874397163618,moderately_wet,False
Daykundi,2020,5,44.634317243178295,210.37702572423936,1.9546775130686531,very_wet,False
Daykundi,2020,6,2.0980087103137546,142.85562766174834,2.331466230691207,extremely_wet,False
Daykundi,2020,7,1.9539973980140903,48.68632335150618,2.110990125919996,extremely_wet,False
Daykundi,2020,8,0.5545185158447237,4.606524624172611,2.006028854311393,extremely_wet,False
Daykundi,2020,9,1.2972100799815025,3.805725993840359,2.652383063168592,extremely_wet,False
Daykundi,2020,10,6.148811626669566,8.000540222495836,-0.0676514670670675,near_normal,False
Daykundi,2020,11,44.04359201442737,51.489613721078484,1.3227897857178792,moderately_wet,False
Daykundi,2020,12,18.793193939626487,68.98559758072346,0.7167070865668939,near_normal,False
Daykundi,2021,1,5.682428136745121,68.51921409079903,-0.4995430033127369,near_normal,False
Daykundi,2021,2,11.825681450498765,36.30130352687041,-2.482364000871424,extreme_drought,True
Daykundi,2021,3,47.772119746452354,65.28022933369628,-2.039826628121768,extreme_drought,True
Daykundi,2021,4,20.67450950360183,80.27231070055299,-1.807167554594388,severe_drought,True
Daykundi,2021,5,30.18103268400292,98.62766193405714,-0.6916484432651122,near_normal,False
Daykundi,2021,6,0.2152467844976668,51.070788972102456,-0.8487102593251928,near_normal,False
Daykundi,2021,7,0.8441604044878408,31.240439872988468,0.7840074684471826,near_normal,False
Daykundi,2021,8,0.5545185155720773,1.6139257045576274,-0.42201707509298525,near_normal,False
Daykundi,2021,9,0.5283867974557109,1.9270657175156716,0.1133893410368896,near_normal,False
Daykundi,2021,10,4.8110624577425245,5.893967770770356,-0.8289984497076565,near_normal,False
Daykundi,2021,11,10.10906452082245,15.448513776020729,-1.4735310080827375,moderate_drought,True
Daykundi,2021,12,17.396105100980485,32.3162320795455,-1.3038930422730006,moderate_drought,True
Daykundi,2022,1,47.08716987546005,74.59233949726303,-0.2794441237023972,near_normal,False
Daykundi,2022,2,20.61429649345356,85.09757146989412,-0.6724419427275791,near_normal,False
Daykundi,2022,3,35.65879405595876,103.36026042487241,-0.8589242510821014,near_normal,False
Daykundi,2022,4,18.94106274657164,75.214153295984,-1.9726510802271449,severe_drought,True
Daykundi,2022,5,15.44569310159308,70.04554990412352,-1.6880521146271559,severe_drought,True
Daykundi,2022,6,0.920099846006138,35.3068556941709,-1.7534818583063554,severe_drought,True
Daykundi,2022,7,0.9714039608168484,17.337196908416107,-0.6913015264055798,near_normal,False
Daykundi,2022,8,0.55451850529152,2.446022312114549,0.4371515833137357,near_normal,False
Daykundi,2022,9,1.8727974564685828,3.3987199225769937,2.1865753333916147,extremely_wet,False
Daykundi,2022,10,4.84541239197689,7.272728353737035,-0.3133593341019763,near_normal,False
Daykundi,2022,11,18.83274901253586,25.550958860981375,-0.43533369637584474,near_normal,False
Daykundi,2022,12,14.012987856553682,37.69114926106647,-0.9325148425908902,near_normal,False
Daykundi,2023,1,29.305766831463394,62.15150370055298,-0.7450749589905011,near_normal,False
Daykundi,2023,2,36.04905969476685,79.36781438278396,-0.8383885941558006,near_normal,False
Daykundi,2023,3,53.21592846101658,118.57075498724686,-0.4724129448551105,near_normal,False
Daykundi,2023,4,16.20367815696124,105.4686663127447,-1.0768935015610184,moderate_drought,True
Daykundi,2023,5,21.854809321442133,91.27441593942,-0.9266355401146722,near_normal,False
Daykundi,2023,6,0.3269737326632885,38.385461211066705,-1.5572787098419174,severe_drought,True
Daykundi,2023,7,0.8375170136663966,23.019300067771862,-0.016826852079253312,near_normal,False
Daykundi,2023,8,0.5545185116503992,1.719009257980127,-0.2990440707627459,near_normal,False
Daykundi,2023,9,0.5250273311496902,1.9170628564665289,0.09618460966677099,near_normal,False
Daykundi,2023,10,6.887866139422391,7.967411982222523,-0.07850111091983872,near_normal,False
Daykundi,2023,11,21.262809307802836,28.675702778374962,-0.1734378607040445,near_normal,False
Daykundi,2023,12,12.10983565724685,40.260511104472116,-0.7678521337012916,near_normal,False
Farah,2001,1,20.925173295538773,,,,False
Farah,2001,2,15.914736809546364,,,,False
Farah,2001,3,20.237241027819977,57.077151132905115,-1.4386648670712885,moderate_drought,True
Farah,2001,4,17.007932696584586,53.159910533950935,-0.9602532908539531,near_normal,False
Farah,2001,5,3.228680044894127,40.47385376929869,-0.5841065598205087,near_normal,False
Farah,2001,6,0.0,20.236612741478712,0.025587208178894302,near_normal,False
Farah,2001,7,0.0,3.228680044894127,-0.562399675181483,near_normal,False
Farah,2001,8,0.0,0.0,-0.164210777079331,near_normal,False
Farah,2001,9,0.0,0.0,0.6406668899191048,near_normal,False
Farah,2001,10,0.1246258119252394,0.1246258119252394,-0.04243618045591067,near_normal,False
Farah,2001,11,7.369331916956717,7.493957728881956,-0.34979166932833666,near_normal,False
Farah,2001,12,23.233272110873123,30.72722983975508,0.49614553028499103,near_normal,False
Farah,2002,1,25.3283092069443,55.93091323477414,0.06809166896550928,near_normal,False
Farah,2002,2,29.488112536416832,78.04969385423425,0.002509854174981856,near_normal,False
Farah,2002,3,16.170824054748877,70.98724579811001,-0.8124674619529242,near_normal,False
Farah,2002,4,24.79964444031395,70.45858103147967,-0.25570099643537186,near_normal,False
Farah,2002,5,2.9784661252578086,43.948934620320635,-0.3990247513871467,near_normal,False
Farah,2002,6,0.0,27.778110565571758,0.7553572241325083,near_normal,False
Farah,2002,7,0.0,2.9784661252578086,-0.6742284185343702,near_normal,False
Farah,2002,8,0.0,0.0,-0.164210777079331,near_normal,False
Farah,2002,9,0.0,0.0,0.6406668899191048,near_normal,False
Farah,2002,10,0.0067598382498045,0.0067598382498045,-0.6764982622061643,near_normal,False
Farah,2002,11,6.670514171239421,6.677274009489225,-0.5895928485753469,near_normal,False
Farah,2002,12,27.81033719287129,34.48761120236052,0.7847014026171595,near_normal,False
Farah,2003,1,36.07915571913724,70.56000708324794,0.8779000245616522,near_normal,False
Farah,2003,2,32.7233089589021,96.61280187091063,0.7866304718143372,near_normal,False
Farah,2003,3,41.78238472526975,110.5848494033091,0.6037282289004786,near_normal,False
Farah,2003,4,17.463976179604874,91.96966986377672,0.472660143787665,near_normal,False
Farah,2003,5,4.967866031814491,64.2142269366891,0.5200982578459451,near_normal,False
Farah,2003,6,0.1370326140023708,22.56887482542173,0.26812678884923524,near_normal,False
Farah,2003,7,0.0,5.1048986458168555,0.12872187168808158,near_normal,False
Farah,2003,8,0.0,0.1370326140023637,1.218189564740398,moderately_wet,False
Farah,2003,9,0.0,0.0,0.6406668899191048,near_normal,False
Farah,2003,10,0.0022500871248221,0.0022500871248149947,-0.8497566389286969,near_normal,False
Farah,2003,11,7.717433852779022,7.719683939903837,-0.28667949702411244,near_normal,False
Farah,2003,12,11.920238290503232,19.63992223040707,-0.5226883565806091,near_normal,False
Farah,2004,1,38.14171636326108,57.77938850654333,0.17763053048677216,near_normal,False
Farah,2004,2,13.177268465838589,63.23922311960289,-0.7182693493035491,near_normal,False
Farah,2004,3,13.165595637005644,64.48458046610531,-1.0935496019114384,moderate_drought,True
Farah,2004,4,9.186714617373196,35.52957872021742,-1.8677506302148157,severe_drought,True
Farah,2004,5,2.1524623290364944,24.50477258341533,-1.6157006694238727,severe_drought,True
Farah,2004,6,0.0,11.339176946409683,-1.129254066122197,moderate_drought,True
Farah,2004,7,0.0,2.1524623290364873,-1.098622213982617,moderate_drought,True
Farah,2004,8,0.0,0.0,-0.164210777079331,near_normal,False
Farah,2004,9,0.0,0.0,0.6406668899191048,near_normal,False
Farah,2004,10,0.0450389900347892,0.045038990034782095,-0.3014183585158743,near_normal,False
Farah,2004,11,6.137245627315003,6.182284617349785,-0.7448910595089125,near_normal,False
Farah,2004,12,49.723247671032624,55.90553228838241,2.128785916703783,extremely_wet,False
Farah,2005,1,43.75223678502674,99.61273008337436,2.2070527788818457,extremely_wet,False
Farah,2005,2,40.36410759763743,133.83959205369678,2.101896246255692,extremely_wet,False
Farah,2005,3,82.53388227101483,166.650226653679,2.1190577424034025,extremely_wet,False
Farah,2005,4,7.580620838980018,130.47861070763227,1.5352375253166222,very_wet,False
Farah,2005,5,3.9832627013312703,94.0977658113261,1.575014231184647,very_wet,False
Farah,2005,6,0.0504361718631394,11.614319712174428,-1.0854318568909909,moderate_drought,True
Farah,2005,7,0.0,4.0336988731944095,-0.23907692904513525,near_normal,False
Farah,2005,8,1.3379381423741413e-12,0.05043617186447734,0.5373017471094842,near_normal,False
Farah,2005,9,0.0,1.3379381423741413e-12,0.6592901276169226,near_normal,False
Farah,2005,10,0.0,1.3379381423741413e-12,-1.705402347020025,severe_drought,True
Farah,2005,11,6.314875800642096,6.314875800642096,-0.702475569179837,near_normal,False
Farah,2005,12,6.59225919189265,12.907134992534747,-1.355533073149282,moderate_drought,True
Farah,2006,1,38.19186597147567,51.099000964010415,-0.2301663623338102,near_normal,False
Farah,2006,2,25.651111625032268,70.43523678840059,-0.3552926099084009,near_normal,False
Farah,2006,3,22.750917843939668,86.59389544044761,-0.20301875952676524,near_normal,False
Farah,2006,4,9.613182758111082,58.015212227083026,-0.7483484520658858,near_normal,False
Farah,2006,5,0.962699944347134,33.326800546397884,-1.002200729373763,moderate_drought,True
Farah,2006,6,0.0,10.575882702458223,-1.2548813225075288,moderate_drought,True
Farah,2006,7,0.0,0.9626999443471411,-2.0022779753550592,extreme_drought,True
Farah,2006,8,0.0,0.0,-0.164210777079331,near_normal,False
Farah,2006,9,0.0,0.0,0.6406668899191048,near_normal,False
Farah,2006,10,1.191253158564169,1.1912531585641761,0.8142060737108505,near_normal,False
Farah,2006,11,18.109113664247182,19.30036682281136,2.010186857883797,extremely_wet,False
Farah,2006,12,25.390840802125812,44.69120762493717,1.476625136685276,moderately_wet,False
Farah,2007,1,17.22721896649306,60.72717343286607,0.3475894320253823,near_normal,False
Farah,2007,2,62.5539239759459,105.17198374456477,1.1148152998549092,moderately_wet,False
Farah,2007,3,49.02593619256879,128.80707913500777,1.1419450712318715,moderately_wet,False
Farah,2007,4,11.385346814030363,122.96520698254506,1.3457205844369502,moderately_wet,False
Farah,2007,5,1.8624023184451768,62.27368532504433,0.4413144830999967,near_normal,False
Farah,2007,6,0.1722566941976711,13.420005826673211,-0.8145120326891496,near_normal,False
Farah,2007,7,0.0,2.034659012642848,-1.1682568374220843,moderate_drought,True
Farah,2007,8,0.0,0.1722566941976711,1.4333149953694924,moderately_wet,False
Farah,2007,9,0.0,0.0,0.6406668899191048,near_normal,False
Farah,2007,10,0.0022803607380853,0.0022803607380853,-0.8478079333937281,near_normal,False
Farah,2007,11,6.782573330130701,6.784853690868786,-0.5568960727722859,near_normal,False
Farah,2007,12,15.446356706397951,22.231210397266736,-0.25533561029949353,near_normal,False
Farah,2008,1,33.98108503809759,56.21001507462624,0.0847841155508353,near_normal,False
Farah,2008,2,14.529594924681886,63.95703666917743,-0.6808422746314391,near_normal,False
Farah,2008,3,9.84295373027464,58.353633693054114,-1.3770644739773652,moderate_drought,True
Farah,2008,4,16.284981968782365,40.65753062373889,-1.5760925655304074,severe_drought,True
Farah,2008,5,4.213023114310218,30.340958813367223,-1.1954414210685287,moderate_drought,True
Farah,2008,6,0.0,20.498005083092586,0.053670367427973674,near_normal,False
Farah,2008,7,0.0,4.213023114310218,-0.17323037742440267,near_normal,False
Farah,2008,8,0.0,0.0,-0.164210777079331,near_normal,False
Farah,2008,9,0.0,0.0,0.6406668899191048,near_normal,False
Farah,2008,10,0.0616476135573039,0.0616476135573039,-0.2269216183033486,near_normal,False
Farah,2008,11,7.321330073160729,7.382977686718033,-0.3812958458658723,near_normal,False
Farah,2008,12,22.60507385998783,29.98805154670586,0.4367308312020089,near_normal,False
Farah,2009,1,42.72207542517644,72.648479358325,0.9841845377105709,near_normal,False
Farah,2009,2,18.55599951286532,83.8831487980296,0.2611175698165769,near_normal,False
Farah,2009,3,42.985978465452696,104.26405340349446,0.40347107082640643,near_normal,False
Farah,2009,4,35.36529860513551,96.90727658345352,0.6234433421025911,near_normal,False
Farah,2009,5,9.498578967441636,87.84985603802983,1.3746485052855502,moderately_wet,False
Farah,2009,6,0.0106728941710993,44.87455046674824,2.0268491439409932,extremely_wet,False
Farah,2009,7,0.0,9.509251861612736,1.2532550484242073,moderately_wet,False
Farah,2009,8,0.0,0.0106728941710993,0.04846895613370531,near_normal,False
Farah,2009,9,0.0036118424536582,0.0036118424536582,1.2272086003284783,moderately_wet,False
Farah,2009,10,0.7196297609286084,0.7232416033822666,0.5750312855636338,near_normal,False
Farah,2009,11,7.264670201903395,7.987911805285662,-0.21329048415238105,near_normal,False
Farah,2009,12,31.358867210466787,39.34316717329879,1.128404499853953,moderately_wet,False
Farah,2010,1,22.182345786665703,60.80588319903589,0.35205173863176786,near_normal,False
Farah,2010,2,40.5467642326522,94.08797722978468,0.6861996418358598,near_normal,False
Farah,2010,3,21.611203758311973,84.34031377762989,-0.286159554456369,near_normal,False
Farah,2010,4,11.621725586605692,73.77969357756987,-0.13433755573428818,near_normal,False
Farah,2010,5,6.120614937297523,39.35354428221519,-0.6460830213390207,near_normal,False
Farah,2010,6,0.0090099608985838,17.751350484801797,-0.2544778243288753,near_normal,False
Farah,2010,7,0.0,6.129624898196107,0.43472577179895444,near_normal,False
Farah,2010,8,0.0,0.0090099608985838,0.021091829363600705,near_normal,False
Farah,2010,9,0.0,0.0,0.6406668899191048,near_normal,False
Farah,2010,10,1.2959150242306456,1.2959150242306456,0.8585924098148887,near_normal,False
Farah,2010,11,1.5377084906096572,2.833623514840303,-2.133559947421637,extreme_drought,True
Farah,2010,12,5.25623125614135,8.089854770981653,-2.1702329053067393,extreme_drought,True
Farah,2011,1,19.874132111183368,26.668071857934375,-2.1422072411090025,extreme_drought,True
Farah,2011,2,59.42575040813141,84.55611377545613,0.29017263805476956,near_normal,False
Farah,2011,3,19.178391293910977,98.47827381322575,0.21299469349239572,near_normal,False
Farah,2011,4,17.45116216982407,96.05530387186646,0.5977929752909635,near_normal,False
Farah,2011,5,4.725648816810887,41.35520228054593,-0.5361701488697217,near_normal,False
Farah,2011,6,0.0,22.176810986634955,0.2285628598801242,near_normal,False
Farah,2011,7,0.0,4.725648816810887,0.005063963266113483,near_normal,False
Farah,2011,8,0.0,0.0,-0.164210777079331,near_normal,False
Farah,2011,9,0.0,0.0,0.6406668899191048,near_normal,False
Farah,2011,10,3.43667459529681,3.43667459529681,1.4853902740570768,moderately_wet,False
Farah,2011,11,11.737555295658227,15.174229890955036,1.3338921291019894,moderately_wet,False
Farah,2011,12,5.820213583812349,20.994443474767387,-0.38013097349949854,near_normal,False
Farah,2012,1,27.002468137740596,44.56023701721117,-0.6657030236775042,near_normal,False
Farah,2012,2,51.88422017500681,84.70690189655976,0.29666180340046433,near_normal,False
Farah,2012,3,16.43140101679398,95.3180893295414,0.10580074690350787,near_normal,False
Farah,2012,4,18.50343438396889,86.81905557576968,0.3095656711431577,near_normal,False
Farah,2012,5,5.4622239735919065,40.397059374354775,-0.5883170969168595,near_normal,False
Farah,2012,6,0.0180486462110427,23.98370700377184,0.4072221539073923,near_normal,False
Farah,2012,7,0.0,5.480272619802949,0.24519202714822502,near_normal,False
Farah,2012,8,0.0,0.0180486462110427,0.1593054363981625,near_normal,False
Farah,2012,9,0.0,0.0,0.6406668899191048,near_normal,False
Farah,2012,10,3.4633199786610884,3.4633199786610884,1.4913601078253533,moderately_wet,False
Farah,2012,11,9.376231120427018,12.839551099088107,0.8975295440754126,near_normal,False
Farah,2012,12,34.5809208389609,47.420471938049005,1.6441132127231977,very_wet,False
Farah,2013,1,17.000388294843013,60.95754025423093,0.3606388785154774,near_normal,False
Farah,2013,2,32.383290063438686,83.96459919724259,0.2646423811372213,near_normal,False
Farah,2013,3,30.150402172992298,79.534080531274,-0.46861317861570695,near_normal,False
Farah,2013,4,14.697798252605253,77.23149048903623,-0.012030399433083474,near_normal,False
Farah,2013,5,1.5076561150155594,46.35585654061311,-0.27659776308257367,near_normal,False
Farah,2013,6,0.0,16.205454367620813,-0.4423513237069827,near_normal,False
Farah,2013,7,0.0,1.5076561150155594,-1.521709802547262,severe_drought,True
Farah,2013,8,0.0,0.0,-0.164210777079331,near_normal,False
Farah,2013,9,0.0,0.0,0.6406668899191048,near_normal,False
Farah,2013,10,0.0630948618297439,0.0630948618297439,-0.22123965191271983,near_normal,False
Farah,2013,11,11.128904289505115,11.191999151334858,0.5575156105423869,near_normal,False
Farah,2013,12,7.979023704516416,19.171022855851273,-0.5736012239286479,near_normal,False
Farah,2014,1,35.82501270161343,54.93294069563496,0.0079462596326885,near_normal,False
Farah,2014,2,18.17754981621423,61.98158622234408,-0.7845458318217482,near_normal,False
Farah,2014,3,41.61188374299441,95.61444626082206,0.1159529048825337,near_normal,False
Farah,2014,4,16.98943440251416,76.7788679617228,-0.02785648013843109,near_normal,False
Farah,2014,5,8.956213095323891,67.55753124083246,0.6522361772113003,near_normal,False
Farah,2014,6,0.0331471516719698,25.97879464951002,0.5944425737680548,near_normal,False
Farah,2014,7,0.0,8.989360246995862,1.1411768528709065,moderately_wet,False
Farah,2014,8,0.0,0.0331471516719698,0.35157022072871047,near_normal,False
Farah,2014,9,0.0,0.0,0.6406668899191048,near_normal,False
Farah,2014,10,0.5818856986047339,0.5818856986047339,0.4819179650147122,near_normal,False
Farah,2014,11,7.106079307322792,7.687965005927526,-0.2954716672302189,near_normal,False
Farah,2014,12,10.733181513207183,18.42114651913471,-0.6568277292599348,near_normal,False
Farah,2015,1,26.399867403471863,44.239128224001846,-0.6881779433928015,near_normal,False
Farah,2015,2,47.21786386228156,84.3509127789606,0.28132946495556677,near_normal,False
Farah,2015,3,47.62565493582496,121.24338620157839,0.9250071946947441,near_normal,False
Farah,2015,4,12.218582523699933,107.06210132180647,0.9183927522559316,near_normal,False
Farah,2015,5,5.716988159069375,65.56122561859428,0.5738673147438053,near_normal,False
Farah,2015,6,0.0,17.935570682769317,-0.2328410142055515,near_normal,False
Farah,2015,7,0.0,5.716988159069382,0.3159278112474404,near_normal,False
Farah,2015,8,0.0,0.0,-0.164210777079331,near_normal,False
Farah,2015,9,0.0,0.0,0.6406668899191048,near_normal,False
Farah,2015,10,2.044886062407778,2.044886062407785,1.12330695864314,moderately_wet,False
Farah,2015,11,9.807885104522729,11.852771166930514,0.6975727355770145,near_normal,False
Farah,2015,12,14.708939086990204,26.56171025392072,0.1478723070513545,near_normal,False
Farah,2016,1,19.950087172436515,44.46691136394946,-0.672223646228713,near_normal,False
Farah,2016,2,8.96542338369759,43.624449643124315,-1.8785789815628482,severe_drought,True
Farah,2016,3,66.44259199056162,95.35810254669573,0.10717268825011708,near_normal,False
Farah,2016,4,16.476670975598147,91.88468634985736,0.47001877315902046,near_normal,False
Farah,2016,5,6.085638348358638,89.0049013145184,1.412361234995939,moderately_wet,False
Farah,2016,6,0.0099729120877108,22.572282236044497,0.2684686281998296,near_normal,False
Farah,2016,7,0.0,6.095611260446349,0.4251369080706574,near_normal,False
Farah,2016,8,0.0,0.0099729120877108,0.03707643061451283,near_normal,False
Farah,2016,9,0.0,0.0,0.6406668899191048,near_normal,False
Farah,2016,10,0.1191758250783951,0.1191758250783951,-0.05496471936015866,near_normal,False
Farah,2016,11,8.207200312059674,8.32637613713807,-0.12302455184794354,near_normal,False
Farah,2016,12,12.701108321244376,21.027484458382446,-0.3767329504489778,near_normal,False
Farah,2017,1,34.95243639715042,55.860745030454474,0.0638863286666565,near_normal,False
Farah,2017,2,61.63086058114018,109.28440529953498,1.2663153897638266,moderately_wet,False
Farah,2017,3,33.57515030082134,130.15844727911195,1.17982439421551,moderately_wet,False
Farah,2017,4,5.210104782876545,100.41611566483807,0.7275512492316474,near_normal,False
Farah,2017,5,5.195201518899346,43.98045660259723,-0.397392344247871,near_normal,False
Farah,2017,6,0.0,10.40530630177589,-1.283826248482291,moderate_drought,True
Farah,2017,7,0.0,5.195201518899346,0.1572505341133131,near_normal,False
Farah,2017,8,0.0,0.0,-0.164210777079331,near_normal,False
Farah,2017,9,0.0,0.0,0.6406668899191048,near_normal,False
Farah,2017,10,0.0016626788292606,0.0016626788292606,-0.892921871640997,near_normal,False
Farah,2017,11,7.261695180084586,7.263357858913847,-0.4156157543778923,near_normal,False
Farah,2017,12,18.3911353735895,25.654493232503345,0.0672734272523997,near_normal,False
Farah,2018,1,10.108279523976472,35.76111007765056,-1.326879922847121,moderate_drought,True
Farah,2018,2,30.571254038018434,59.07066893558441,-0.94154520318572,near_normal,False
Farah,2018,3,34.1824073434354,74.86194090543032,-0.6532783724541389,near_normal,False
Farah,2018,4,16.494682636839418,81.24834401829325,0.12577461808862087,near_normal,False
Farah,2018,5,7.469129330876161,58.14621931115098,0.268181355544083,near_normal,False
Farah,2018,6,0.0,23.96381196771558,0.40530439715215444,near_normal,False
Farah,2018,7,0.0,7.469129330876161,0.787497528679842,near_normal,False
Farah,2018,8,0.0118646283215599,0.0118646283215599,0.06746150428442164,near_normal,False
Farah,2018,9,0.0022244983329979,0.0140891266545578,1.4245952907605488,moderately_wet,False
Farah,2018,10,2.380439342274194,2.3945284689287516,1.225762019764415,moderately_wet,False
Farah,2018,11,9.120524811477225,11.503188652084416,0.6241319261154842,near_normal,False
Farah,2018,12,9.989904527277416,21.490868681028836,-0.3294551759734953,near_normal,False
Farah,2019,1,26.63440734058241,45.74483667933705,-0.5837308133474796,near_normal,False
Farah,2019,2,45.25232783919517,81.87663970705499,0.17355701025819184,near_normal,False
Farah,2019,3,57.28938296576143,129.17611814553902,1.1523148950966529,moderately_wet,False
Farah,2019,4,36.29540451707823,138.83711532203483,1.738027889218328,very_wet,False
Farah,2019,5,6.864250641638618,100.44903812447828,1.7701803389488031,very_wet,False
Farah,2019,6,0.1982517408831303,43.35790689959998,1.92812298960822,very_wet,False
Farah,2019,7,0.0,7.062502382521748,0.685114861201076,near_normal,False
Farah,2019,8,0.0001505171289768,0.1984022580121071,1.579410736153172,very_wet,False
Farah,2019,9,0.0,0.0001505171289768,0.9681183541239557,near_normal,False
Farah,2019,10,1.6984235090322055,1.6985740261611824,1.0103472031266594,moderately_wet,False
Farah,2019,11,12.571769024640863,14.270192533673068,1.170435177060869,moderately_wet,False
Farah,2019,12,17.734482155852373,32.004674689525444,0.596645429463937,near_normal,False
Farah,2020,1,70.00155934763863,100.30781052813187,2.2355810760208,extremely_wet,False
Farah,2020,2,16.807927383451972,104.54396888694298,1.0913418165470108,moderately_wet,False
Farah,2020,3,48.34390799369474,135.15339472478536,1.3176598569201534,moderately_wet,False
Farah,2020,4,32.15077497524683,97.30261035239354,0.6352953548909553,near_normal,False
Farah,2020,5,11.15444505130094,91.64912802024251,1.4975322469282504,moderately_wet,False
Farah,2020,6,0.3145538427714088,43.61977386931918,1.9453223569233145,very_wet,False
Farah,2020,7,0.0133774733788701,11.482376367451218,1.6464718651473642,very_wet,False
Farah,2020,8,0.0,0.3279313161502789,2.19131902319686,extremely_wet,False
Farah,2020,9,0.0137873088081837,0.0271647821870538,1.5565905807426634,very_wet,False
Farah,2020,10,1.884646800541779,1.8984341093499626,1.0771377184987465,moderately_wet,False
Farah,2020,11,13.665583945854692,15.564018055204654,1.4024432254846262,moderately_wet,False
Farah,2020,12,13.269645893920917,28.81987664031739,0.3408293235268504,near_normal,False
Farah,2021,1,9.946371114136175,36.881600953911786,-1.2368655880231034,moderate_drought,True
Farah,2021,2,13.941980090263598,37.15799709832069,-2.340947435408919,extreme_drought,True
Farah,2021,3,21.67974275521768,45.56809395961746,-2.0431094963115437,extreme_drought,True
Farah,2021,4,6.755443011870562,42.37716585735185,-1.4841447190526784,moderate_drought,True
Farah,2021,5,13.68920247906312,42.12438824615136,-0.494901545805075,near_normal,False
Farah,2021,6,0.0,20.44464549093368,0.04795715190728057,near_normal,False
Farah,2021,7,0.0,13.68920247906312,2.038991285122341,extremely_wet,False
Farah,2021,8,0.0,0.0,-0.164210777079331,near_normal,False
Farah,2021,9,0.0,0.0,0.6406668899191048,near_normal,False
Farah,2021,10,0.0,0.0,-1.7116753065097285,severe_drought,True
Farah,2021,11,3.04265528105514,3.04265528105514,-2.0191005382242078,extreme_drought,True
Farah,2021,12,10.693570646303542,13.736225927358682,-1.238565562124382,moderate_drought,True
Farah,2022,1,45.5114578589408,59.24768378629948,0.26298926505348574,near_normal,False
Farah,2022,2,14.043110477197592,70.24813898244193,-0.36440459347292936,near_normal,False
Farah,2022,3,20.364374993844702,79.9189433299831,-0.4537329232549967,near_normal,False
Farah,2022,4,9.519342658209217,43.92682812925151,-1.4035093024855338,moderate_drought,True
Farah,2022,5,1.9679773556787672,31.851695007732683,-1.0960859276396862,moderate_drought,True
Farah,2022,6,0.0301240790944601,11.517444092982444,-1.1007772675663523,moderate_drought,True
Farah,2022,7,0.0067441711458228,2.00484560591905,-1.186340237814619,moderate_drought,True
Farah,2022,8,0.0,0.0368682502402829,0.3940583913475274,near_normal,False
Farah,2022,9,0.1485063300087358,0.1552505011545586,2.1385974247488355,extremely_wet,False
Farah,2022,10,0.3151782595559528,0.4636845895646886,0.3908185732648148,near_normal,False
Farah,2022,11,6.2377120379812725,6.701396627545961,-0.5822299779087318,near_normal,False
Farah,2022,12,8.9043334615706,15.457223759107825,-1.0107772109783344,moderate_drought,True
Farah,2023,1,31.772231262838343,46.914276762390216,-0.5042088662411589,near_normal,False
Farah,2023,2,26.08120720548362,66.75777192989256,-0.5374793401279687,near_normal,False
Farah,2023,3,19.371659931517595,77.22509839983955,-0.5589271943612338,near_normal,False
Farah,2023,4,6.553462195849407,52.00632933285062,-1.0125488747386688,moderate_drought,True
Farah,2023,5,2.956188904268425,28.881311031635423,-1.2947883068560038,moderate_drought,True
Farah,2023,6,0.0697922140514218,9.57944331416925,-1.428938225201802,moderate_drought,True
Farah,2023,7,0.0,3.0259811183198435,-0.6525000729858041,near_normal,False
Farah,2023,8,0.0,0.06979221405141825,0.7177606388124272,near_normal,False
Farah,2023,9,0.0,0.0,0.6406668899191048,near_normal,False
Farah,2023,10,0.2126978394406202,0.21269783944061665,0.1173494537903238,near_normal,False
Farah,2023,11,11.722498881187684,11.935196720628301,0.7146817336089715,near_normal,False
Farah,2023,12,8.90176678053709,20.836963501165393,-0.3963768286692587,near_normal,False
Faryab,2001,1,39.69626474853911,,,,False
Faryab,2001,2,47.24653002328979,,,,False
Faryab,2001,3,61.53565539331112,148.47845016514003,-1.0681448010198398,moderate_drought,True
Faryab,2001,4,43.41515192068697,152.19733733728788,-0.9516394654207344,near_normal,False
Faryab,2001,5,10.369883505526923,115.32069081952501,-0.8397406981885248,near_normal,False
Faryab,2001,6,0.0,53.78503542621389,-0.4415242851203069,near_normal,False
Faryab,2001,7,0.0,10.369883505526923,-1.131691651122885,moderate_drought,True
Faryab,2001,8,0.0,0.0,-0.39119625818947174,near_normal,False
Faryab,2001,9,0.0,0.0,0.6406668899191048,near_normal,False
Faryab,2001,10,8.278442303935504,8.278442303935504,1.0751354939990994,moderately_wet,False
Faryab,2001,11,32.40635699412421,40.684799298059716,0.3728626864366586,near_normal,False
Faryab,2001,12,43.3262563050536,84.0110556031133,0.5460553855496245,near_normal,False
Faryab,2002,1,45.24304085923679,120.9756541584146,0.29319204718740405,near_normal,False
Faryab,2002,2,73.41496964358691,161.9842668078773,0.07648712956214429,near_normal,False
Faryab,2002,3,84.26967861440805,202.92768911723175,-0.08574586975926633,near_normal,False
Faryab,2002,4,101.08962557818724,258.7742738361822,0.6093591755365797,near_normal,False
Faryab,2002,5,25.98164168180884,211.34094587440413,0.9363304405225437,near_normal,False
Faryab,2002,6,0.1906412767723123,127.26190853676839,1.5137246803073396,very_wet,False
Faryab,2002,7,0.0,26.17228295858115,0.5598585435325018,near_normal,False
Faryab,2002,8,0.0,0.1906412767723123,0.30932304116468456,near_normal,False
Faryab,2002,9,0.0,0.0,0.6406668899191048,near_normal,False
Faryab,2002,10,1.169808428461773,1.169808428461773,-0.6979860402477429,near_normal,False
Faryab,2002,11,20.32495914547299,21.494767573934766,-1.0563984604254135,moderate_drought,True
Faryab,2002,12,68.29448884258527,89.78925641652003,0.7882602015914785,near_normal,False
Faryab,2003,1,36.15770218606189,124.77715017412015,0.4291869753238066,near_normal,False
Faryab,2003,2,104.6669490382624,209.11914006690955,0.9304945360917242,near_normal,False
Faryab,2003,3,155.85942877234277,296.68407999666704,1.2541228557201374,moderately_wet,False
Faryab,2003,4,70.64083296892863,331.1672107795338,1.435480241662411,moderately_wet,False
Faryab,2003,5,23.72789157838497,250.22815331965637,1.500350047603231,very_wet,False
Faryab,2003,6,0.5380055198781653,94.90673006719177,0.7818387302442459,near_normal,False
Faryab,2003,7,0.0,24.265897098263135,0.40179355744986117,near_normal,False
Faryab,2003,8,0.0,0.5380055198781653,0.7105655739380937,near_normal,False
Faryab,2003,9,0.0,0.0,0.6406668899191048,near_normal,False
Faryab,2003,10,0.3845497901702289,0.3845497901702289,-1.3559120574659118,moderate_drought,True
Faryab,2003,11,40.6410120927865,41.02556188295672,0.39359001620284434,near_normal,False
Faryab,2003,12,41.96426915206184,82.98983103501857,0.5021171347191908,near_normal,False
Faryab,2004,1,70.65934851350139,153.2646297583497,1.3704423816132707,moderately_wet,False
Faryab,2004,2,44.65669577282791,157.28031343839115,-0.01740511325351427,near_normal,False
Faryab,2004,3,58.31518073891811,173.63122502524743,-0.5883610798442758,near_normal,False
Faryab,2004,4,47.3307155435772,150.30259205532323,-0.9853543476678173,near_normal,False
Faryab,2004,5,15.937226456234985,121.58312273873031,-0.698303522440909,near_normal,False
Faryab,2004,6,0.0,63.267941999812194,-0.11482465434294885,near_normal,False
Faryab,2004,7,0.0,15.937226456234999,-0.407865455708297,near_normal,False
Faryab,2004,8,0.0,0.0,-0.39119625818947174,near_normal,False
Faryab,2004,9,0.0,0.0,0.6406668899191048,near_normal,False
Faryab,2004,10,0.7134898446604996,0.7134898446605138,-1.01067234675326,moderate_drought,True
Faryab,2004,11,34.175720341227034,34.88921018588755,0.0011723335092071307,near_normal,False
Faryab,2004,12,70.23043619677009,105.11964638265763,1.3849804770074539,moderately_wet,False
Faryab,2005,1,39.74623989830428,144.15239643630142,1.0828759663473086,moderately_wet,False
Faryab,2005,2,63.580449338183385,173.55712543325777,0.29999418312318255,near_normal,False
Faryab,2005,3,124.45827796727318,227.78496720376086,0.30376294743533294,near_normal,False
Faryab,2005,4,21.292046079895684,209.33077338535224,-0.047044121497339525,near_normal,False
Faryab,2005,5,36.96052716991508,182.71085121708398,0.47615751850437854,near_normal,False
Faryab,2005,6,1.3590225391868211,59.611595788997604,-0.2365745490945919,near_normal,False
Faryab,2005,7,0.0,38.31954970910192,1.4235251024276117,moderately_wet,False
Faryab,2005,8,0.0,1.3590225391868354,1.2619002418467757,moderately_wet,False
Faryab,2005,9,0.0011058966598175,0.0011058966598317108,0.7090463517083776,near_normal,False
Faryab,2005,10,0.176102435495158,0.1772083321549897,-1.7341095307404282,severe_drought,True
Faryab,2005,11,25.025126536449783,25.202334868604773,-0.7265626071925334,near_normal,False
Faryab,2005,12,31.74881423672692,56.95004320867187,-0.7666972302593698,near_normal,False
Faryab,2006,1,56.56402264027195,113.33796341344868,0.011123891239897142,near_normal,False
Faryab,2006,2,82.29441671395172,170.6072535909506,0.24398803178055095,near_normal,False
Faryab,2006,3,71.89021445358996,210.74865380781364,0.04008158240824712,near_normal,False
Faryab,2006,4,39.87088965422443,194.05552082176612,-0.2705956347434286,near_normal,False
Faryab,2006,5,5.7701613452210365,117.53126545303543,-0.7892274599421132,near_normal,False
Faryab,2006,6,0.0,45.64105099944546,-0.7552264261989808,near_normal,False
Faryab,2006,7,0.0,5.7701613452210365,-1.9851804631395096,severe_drought,True
Faryab,2006,8,0.0,0.0,-0.39119625818947174,near_normal,False
Faryab,2006,9,0.0,0.0,0.6406668899191048,near_normal,False
Faryab,2006,10,6.024451382535242,6.024451382535242,0.7051156216531451,near_normal,False
Faryab,2006,11,48.759813807155055,54.784265189690295,1.1503594377235595,moderately_wet,False
Faryab,2006,12,43.04561259443859,97.82987778412888,1.108852430180442,moderately_wet,False
Faryab,2007,1,37.20503154540166,129.0104579469953,0.577438412677334,near_normal,False
Faryab,2007,2,90.7646191438362,171.01526328367646,0.2517726095587811,near_normal,False
Faryab,2007,3,171.78668706698045,299.75633775621833,1.292963133074433,moderately_wet,False
Faryab,2007,4,40.71628295435054,303.26758916516724,1.132523819112932,moderately_wet,False
Faryab,2007,5,16.437728424330473,228.9406984456615,1.1992636510694321,moderately_wet,False
Faryab,2007,6,1.036061302057374,58.19007268073842,-0.2852740190286392,near_normal,False
Faryab,2007,7,0.0,17.473789726387874,-0.2399425429109866,near_normal,False
Faryab,2007,8,0.0,1.0360613020574023,1.0761396357199031,moderately_wet,False
Faryab,2007,9,0.0,0.0,0.6406668899191048,near_normal,False
Faryab,2007,10,0.6169998017518841,0.6169998017519125,-1.0959575715422427,moderate_drought,True
Faryab,2007,11,20.668752208366524,21.285752010118436,-1.076136107763394,moderate_drought,True
Faryab,2007,12,57.58751176584333,78.87326377596176,0.3212846400867783,near_normal,False
Faryab,2008,1,47.489090259946046,125.74535423415593,0.46338373769466357,near_normal,False
Faryab,2008,2,42.56091529614549,147.6375173219349,-0.21592462812243363,near_normal,False
Faryab,2008,3,33.53361287546375,123.58361843155531,-1.6017530392218455,severe_drought,True
Faryab,2008,4,39.8615833657789,115.95611153738817,-1.6552291096054847,severe_drought,True
Faryab,2008,5,12.28811716527759,85.68331340652026,-1.592662745304197,severe_drought,True
Faryab,2008,6,0.0,52.14970053105652,-0.5017541735452943,near_normal,False
Faryab,2008,7,0.0,12.288117165277619,-0.8569942933917342,near_normal,False
Faryab,2008,8,0.0,0.0,-0.39119625818947174,near_normal,False
Faryab,2008,9,0.0554568770311655,0.055456877031193924,1.0541737002791705,moderately_wet,False
Faryab,2008,10,0.3731174266717856,0.42857430370297955,-1.2985168419465047,moderate_drought,True
Faryab,2008,11,16.11604380872421,16.54461811242719,-1.565823756581498,severe_drought,True
Faryab,2008,12,32.57554755132926,49.064708786725284,-1.2277992678044511,moderate_drought,True
Faryab,2009,1,48.19071541590631,96.88230677595982,-0.6429961241799125,near_normal,False
Faryab,2009,2,78.980751984004,159.7470149512396,0.03206137641133597,near_normal,False
Faryab,2009,3,97.34625927098942,224.51772667089978,0.2542364473628676,near_normal,False
Faryab,2009,4,122.63582130047024,298.9628325554637,1.0841911263304072,moderately_wet,False
Faryab,2009,5,44.41492781071791,264.3970083821776,1.6917142220027246,very_wet,False
Faryab,2009,6,0.0903569905982494,167.14110610178642,2.267606873232123,extremely_wet,False
Faryab,2009,7,0.0,44.50528480131619,1.7963256817681124,very_wet,False
Faryab,2009,8,0.0,0.09035699059827783,0.11361368839610839,near_normal,False
Faryab,2009,9,0.0277693022472695,0.02776930224729792,0.9377503595252559,near_normal,False
Faryab,2009,10,5.284131074290096,5.311900376537394,0.5697238798284155,near_normal,False
Faryab,2009,11,40.12692911867591,45.438829495213305,0.6523300981050295,near_normal,False
Faryab,2009,12,44.65299906504501,90.06405925801104,0.7995206023807104,near_normal,False
Faryab,2010,1,37.13219818903074,121.91212637275169,0.32695364207477146,near_normal,False
Faryab,2010,2,126.01399360919754,207.7991908632733,0.9084075813223544,near_normal,False
Faryab,2010,3,90.09593579055957,253.24212758878787,0.6744358487294921,near_normal,False
Faryab,2010,4,49.65011041175377,265.7600398115109,0.6952031092399239,near_normal,False
Faryab,2010,5,38.35134400739941,178.09739020971278,0.39765175134238756,near_normal,False
Faryab,2010,6,0.0019444416711049,88.00339886082432,0.6053627835164647,near_normal,False
Faryab,2010,7,0.0,38.35328844907055,1.425658154516297,moderately_wet,False
Faryab,2010,8,0.0,0.0019444416711333218,-0.30158483810425163,near_normal,False
Faryab,2010,9,0.0,0.0,0.6406668899191048,near_normal,False
Faryab,2010,10,2.3456374923868344,2.345637492386863,-0.18506635395359552,near_normal,False
Faryab,2010,11,12.400834076632751,14.746471569019615,-1.7778098083114142,severe_drought,True
Faryab,2010,12,16.7780554898237,31.524527058843315,-2.4794402861076317,extreme_drought,True
Faryab,2011,1,30.230795803277008,59.40968536973349,-2.485056815685545,extreme_drought,True
Faryab,2011,2,96.30596787489952,143.31481916800027,-0.30775194661052874,near_normal,False
Faryab,2011,3,67.817059675091,194.35382335326756,-0.22747770351033328,near_normal,False
Faryab,2011,4,36.44375878214336,200.56678633213392,-0.17390808716323988,near_normal,False
Faryab,2011,5,21.18713902234899,125.44795747958338,-0.6134855995256729,near_normal,False
Faryab,2011,6,0.2066312207587888,57.83752902525117,-0.2974764238954629,near_normal,False
Faryab,2011,7,0.0,21.393770243107806,0.14733005575848052,near_normal,False
Faryab,2011,8,0.0,0.2066312207588172,0.3344344935505154,near_normal,False
Faryab,2011,9,0.0,0.0,0.6406668899191048,near_normal,False
Faryab,2011,10,2.965480409019336,2.9654804090193645,0.011961666781788645,near_normal,False
Faryab,2011,11,73.38538127782341,76.35086168684278,2.120561110164761,extremely_wet,False
Faryab,2011,12,26.55553920486642,102.9064008917092,1.3024962140862875,moderately_wet,False
Faryab,2012,1,40.57500461351484,140.5159250962047,0.9647979583916119,near_normal,False
Faryab,2012,2,61.89074832811428,129.02129214649557,-0.6254141511956517,near_normal,False
Faryab,2012,3,75.02199185324085,177.48774479487,-0.5190751247194607,near_normal,False
Faryab,2012,4,54.47444896085441,191.38718914220956,-0.3108499908828958,near_normal,False
Faryab,2012,5,34.62710732544508,164.12354813954036,0.1513146854226501,near_normal,False
Faryab,2012,6,0.0,89.10155628629951,0.6340272317338604,near_normal,False
Faryab,2012,7,0.0,34.62710732544511,1.1824430905059078,moderately_wet,False
Faryab,2012,8,0.0,0.0,-0.39119625818947174,near_normal,False
Faryab,2012,9,0.0,0.0,0.6406668899191048,near_normal,False
Faryab,2012,10,10.037842755541488,10.037842755541517,1.3214551462603175,moderately_wet,False
Faryab,2012,11,33.9243343294051,43.96217708494662,0.5676746854851578,near_normal,False
Faryab,2012,12,38.31071649954493,82.27289358449156,0.4710571273208937,near_normal,False
Faryab,2013,1,44.285220233071406,116.52027106202146,0.1301427843268682,near_normal,False
Faryab,2013,2,61.90821747895024,144.5041542115666,-0.2823028961216711,near_normal,False
Faryab,2013,3,71.92912115575727,178.12255886777896,-0.5077681890606554,near_normal,False
Faryab,2013,4,56.78552580389154,190.6228644385991,-0.3224502687958398,near_normal,False
Faryab,2013,5,4.774750638022994,133.48939759767185,-0.44254950929312714,near_normal,False
Faryab,2013,6,0.0641236303605538,61.624400072275115,-0.1689466289627731,near_normal,False
Faryab,2013,7,0.0,4.8388742683835755,-2.2166077151313295,extreme_drought,True
Faryab,2013,8,0.0,0.06412363036058222,0.042705229489728457,near_normal,False
Faryab,2013,9,0.0,0.0,0.6406668899191048,near_normal,False
Faryab,2013,10,6.158469789935781,6.158469789935809,0.7293972290118281,near_normal,False
Faryab,2013,11,18.629863508250704,24.788333298186515,-0.7616533358428609,near_normal,False
Faryab,2013,12,43.4551999779495,68.243533276136,-0.17669951748627852,near_normal,False
Faryab,2014,1,32.824971889516604,94.91003537571683,-0.7262998576190491,near_normal,False
Faryab,2014,2,51.59352473006031,127.87369659752643,-0.6519348364605687,near_normal,False
Faryab,2014,3,108.1167374481116,192.53523406768852,-0.2580777365018756,near_normal,False
Faryab,2014,4,43.917250029788455,203.6275122079604,-0.12918701685238468,near_normal,False
Faryab,2014,5,25.41729525566452,177.4512827335646,0.3865502178340026,near_normal,False
Faryab,2014,6,1.245436777894957,70.57998206334794,0.11512175902725931,near_normal,False
Faryab,2014,7,0.0,26.662732033559493,0.5992914145268419,near_normal,False
Faryab,2014,8,0.0,1.2454367778949713,1.199639088409071,moderately_wet,False
Faryab,2014,9,0.0,0.0,0.6406668899191048,near_normal,False
Faryab,2014,10,4.597708177881562,4.597708177881576,0.42144917900435325,near_normal,False
Faryab,2014,11,45.6367498194176,50.23445799729918,0.915438649762084,near_normal,False
Faryab,2014,12,25.358536844755456,75.59299484205464,0.1726555080340216,near_normal,False
Faryab,2015,1,50.04780368862548,121.04309035279856,0.29562903447343186,near_normal,False
Faryab,2015,2,169.78360055412872,245.18994108750968,1.5019320822820326,very_wet,False
Faryab,2015,3,95.52999772043422,315.3614019631884,1.4863676226401115,moderately_wet,False
Faryab,2015,4,22.089062400404096,287.402660674967,0.9521151893278826,near_normal,False
Faryab,2015,5,15.891974520237673,133.51103464107598,-0.4420991321934787,near_normal,False
Faryab,2015,6,0.0,37.98103692064177,-1.088031544924876,moderate_drought,True
Faryab,2015,7,0.0,15.891974520237673,-0.41297529079290923,near_normal,False
Faryab,2015,8,0.0,0.0,-0.39119625818947174,near_normal,False
Faryab,2015,9,0.0,0.0,0.6406668899191048,near_normal,False
Faryab,2015,10,7.100500430110903,7.100500430110903,0.8911447114890984,near_normal,False
Faryab,2015,11,50.1734023286308,57.273902758741706,1.2736020428191837,moderately_wet,False
Faryab,2015,12,23.154342408459293,80.428245167201,0.3903098882988594,near_normal,False
Faryab,2016,1,52.43075908506332,125.75850382215341,0.46384697668375835,near_normal,False
Faryab,2016,2,24.294851404867767,99.87995289839039,-1.3565499188601682,moderate_drought,True
Faryab,2016,3,124.63278236365586,201.35839285358696,-0.11138285469778883,near_normal,False
Faryab,2016,4,50.72025337874712,199.64788714727075,-0.1874238011893396,near_normal,False
Faryab,2016,5,16.365414671290818,191.7184504136938,0.6257466841794194,near_normal,False
Faryab,2016,6,1.5825812919773736,68.66824934201532,0.056606823877686806,near_normal,False
Faryab,2016,7,0.0,17.94799596326819,-0.190158357528924,near_normal,False
Faryab,2016,8,0.0,1.5825812919773736,1.3766490752494729,moderately_wet,False
Faryab,2016,9,0.0,0.0,0.6406668899191048,near_normal,False
Faryab,2016,10,0.9937161278911484,0.9937161278911484,-0.8052914334434452,near_normal,False
Faryab,2016,11,24.22245567517785,25.216171803069,-0.7253966732924455,near_normal,False
Faryab,2016,12,38.51075626805771,63.72692807112671,-0.40409632246313903,near_normal,False
Faryab,2017,1,52.697885483803454,115.43109742703902,0.08965422628580759,near_normal,False
Faryab,2017,2,210.15916644766432,301.3678081995255,2.292686089156536,extremely_wet,False
Faryab,2017,3,90.7862477857078,353.6432997171756,1.936039726668605,very_wet,False
Faryab,2017,4,23.910605869800424,324.85602010317257,1.3684363727109772,moderately_wet,False
Faryab,2017,5,18.980862793871346,133.67771644937957,-0.43863129193579337,near_normal,False
Faryab,2017,6,0.0,42.89146866367177,-0.8698550974416469,near_normal,False
Faryab,2017,7,0.0,18.980862793871346,-0.08472876684213067,near_normal,False
Faryab,2017,8,0.0,0.0,-0.39119625818947174,near_normal,False
Faryab,2017,9,0.0,0.0,0.6406668899191048,near_normal,False
Faryab,2017,10,1.313449564069758,1.313449564069758,-0.6190945011427376,near_normal,False
Faryab,2017,11,22.256326203958363,23.56977576802812,-0.8673448810072818,near_normal,False
Faryab,2017,12,20.647497755378136,44.217273523406256,-1.5372161834055416,severe_drought,True
Faryab,2018,1,23.23053804741439,66.13436200675089,-2.104499144256354,extreme_drought,True
Faryab,2018,2,62.33397086485628,106.21200666764881,-1.186281488731257,moderate_drought,True
Faryab,2018,3,87.05451744396153,172.6190263562322,-0.6067188617706276,near_normal,False
Faryab,2018,4,30.055432839578376,179.4439211483962,-0.4958277426772457,near_normal,False
Faryab,2018,5,24.650134237525904,141.7600845210658,-0.2738738072924176,near_normal,False
Faryab,2018,6,0.0,54.70556707710428,-0.4081702240080469,near_normal,False
Faryab,2018,7,0.0,24.650134237525904,0.43429362497849733,near_normal,False
Faryab,2018,8,0.013771653312395,0.013771653312395,-0.17285771185615373,near_normal,False
Faryab,2018,9,0.0,0.013771653312395,0.8546609761468246,near_normal,False
Faryab,2018,10,17.297713270818026,17.311484924130422,2.126316664527959,extremely_wet,False
Faryab,2018,11,33.5887594307142,50.88647270153223,0.949928192464514,near_normal,False
Faryab,2018,12,30.71688206020409,81.60335476173631,0.4418886490597923,near_normal,False
Faryab,2019,1,93.69645021660853,158.0020917075268,1.5155620362362263,very_wet,False
Faryab,2019,2,143.34431472528215,267.75764700209476,1.832242618160691,very_wet,False
Faryab,2019,3,118.59463179578232,355.635396737673,1.9585656451929971,very_wet,False
Faryab,2019,4,124.0478100572209,385.9867565782854,1.9860140113864744,very_wet,False
Faryab,2019,5,12.940110440640726,255.58255229364394,1.5734640116313985,very_wet,False
Faryab,2019,6,2.4335743425434746,139.4214948404051,1.7576587087194337,very_wet,False
Faryab,2019,7,0.0,15.373684783184201,-0.4722245521195716,near_normal,False
Faryab,2019,8,0.0,2.4335743425434746,1.747900769532444,very_wet,False
Faryab,2019,9,0.0,0.0,0.6406668899191048,near_normal,False
Faryab,2019,10,9.100366784388438,9.100366784388438,1.1939057365889816,moderately_wet,False
Faryab,2019,11,35.77609474176743,44.876461526155865,0.6203058543077529,near_normal,False
Faryab,2019,12,35.16924979980772,80.0457113259636,0.37341188072231973,near_normal,False
Faryab,2020,1,53.84137614162868,124.78672068320384,0.42952586189570435,near_normal,False
Faryab,2020,2,67.44496670428227,156.45559264571867,-0.034059483739631656,near_normal,False
Faryab,2020,3,78.16700850423084,199.4533513501418,-0.14268541572229532,near_normal,False
Faryab,2020,4,88.95969120634358,234.57166641485668,0.2995572266798488,near_normal,False
Faryab,2020,5,32.24947457693273,199.37617428750713,0.7493240709461909,near_normal,False
Faryab,2020,6,1.0008065616228927,122.2099723448992,1.408025633651132,moderately_wet,False
Faryab,2020,7,0.4014973549354771,33.65177849349109,1.1160400153730083,moderately_wet,False
Faryab,2020,8,0.0,1.40230391655837,1.2848749249914007,moderately_wet,False
Faryab,2020,9,0.1302911185802897,0.5317884735157667,1.9374086121962943,very_wet,False
Faryab,2020,10,3.216732920243903,3.3470240388241925,0.11931687651207508,near_normal,False
Faryab,2020,11,43.185351501718095,46.53237554054229,0.7138667467733344,near_normal,False
Faryab,2020,12,48.29766118187838,94.69974560384038,0.986173163794625,near_normal,False
Faryab,2021,1,18.45704129507338,109.94005397866987,-0.11844795805873455,near_normal,False
Faryab,2021,2,25.56212088876581,92.31682336571757,-1.5700575023402084,severe_drought,True
Faryab,2021,3,102.1396615340998,146.15882371793901,-1.1151223206897702,moderate_drought,True
Faryab,2021,4,17.33708324692777,145.03886566979338,-1.080580001335347,moderate_drought,True
Faryab,2021,5,18.074413443374784,137.55115822440237,-0.358855547310627,near_normal,False
Faryab,2021,6,0.0,35.411496690302556,-1.2101974863762317,moderate_drought,True
Faryab,2021,7,0.0,18.074413443374784,-0.1770374165466249,near_normal,False
Faryab,2021,8,0.0,0.0,-0.39119625818947174,near_normal,False
Faryab,2021,9,0.0,0.0,0.6406668899191048,near_normal,False
Faryab,2021,10,0.6442328454493103,0.6442328454493103,-1.070891398322564,moderate_drought,True
Faryab,2021,11,18.77967823735694,19.42391108280625,-1.2582420022204908,moderate_drought,True
Faryab,2021,12,22.68483754323172,42.108748626037965,-1.679193279073464,severe_drought,True
Faryab,2022,1,43.0288742588003,84.49339003938896,-1.1869784559691117,moderate_drought,True
Faryab,2022,2,34.71800122970608,100.4317130317381,-1.341420306321185,moderate_drought,True
Faryab,2022,3,76.35762738036337,154.10450286886976,-0.9562634341125544,near_normal,False
Faryab,2022,4,18.9429472489522,130.01857585902167,-1.366173838153251,moderate_drought,True
Faryab,2022,5,17.75899078766392,113.0595654169795,-0.8921011702245021,near_normal,False
Faryab,2022,6,0.0585653478066785,36.7605033844228,-1.145308308995582,moderate_drought,True
Faryab,2022,7,0.0,17.817556135470596,-0.20376261251947345,near_normal,False
Faryab,2022,8,0.0,0.0585653478066785,0.02564136701619238,near_normal,False
Faryab,2022,9,0.5244411433621456,0.5244411433621456,1.9279454450455469,very_wet,False
Faryab,2022,10,2.9593186740070765,3.483759817369222,0.15573846336908678,near_normal,False
Faryab,2022,11,33.44154213515249,36.92530195252171,0.13614208184376012,near_normal,False
Faryab,2022,12,27.237956102374213,63.63881691153377,-0.40863889497497613,near_normal,False
Faryab,2023,1,24.63435190543788,85.31385014296458,-1.1493317915638372,moderate_drought,True
Faryab,2023,2,69.1639990495382,121.0363070573503,-0.813405336091734,near_normal,False
Faryab,2023,3,36.93906298642124,130.73741394139734,-1.4413130330552515,moderate_drought,True
Faryab,2023,4,12.516092623018674,118.61915465897812,-1.5986744850463268,severe_drought,True
Faryab,2023,5,13.778432428204397,63.23358803764431,-2.297018319284402,extreme_drought,True
Faryab,2023,6,0.0018185819705154,26.296343633193587,-1.7025996789147384,severe_drought,True
Faryab,2023,7,0.0,13.780251010174911,-0.6634629295165309,near_normal,False
Faryab,2023,8,0.0,0.0018185819705154,-0.30429316878522855,near_normal,False
Faryab,2023,9,0.0,0.0,0.6406668899191048,near_normal,False
Faryab,2023,10,4.685359914438501,4.685359914438501,0.4404330483271667,near_normal,False
Faryab,2023,11,29.32792413083129,34.01328404526979,-0.05851648949902954,near_normal,False
Faryab,2023,12,21.148056177066625,55.16134022233641,-0.8672606596187962,near_normal,False
Ghazni,2001,1,12.085865870083529,,,,False
Ghazni,2001,2,15.990688824781964,,,,False
Ghazni,2001,3,43.239064543453374,71.31561923831887,-1.567335696359894,severe_drought,True
Ghazni,2001,4,43.4664486130488,102.69620198128413,-0.6048728302271061,near_normal,False
Ghazni,2001,5,14.052429715929344,100.75794287243153,0.035148645749790486,near_normal,False
Ghazni,2001,6,0.2700575053684672,57.78893583434661,0.21551180315806004,near_normal,False
Ghazni,2001,7,3.046554379165396,17.369041600463206,-0.6780071792210828,near_normal,False
Ghazni,2001,8,0.067618596964855,3.384230481498718,-0.5068635272726135,near_normal,False
Ghazni,2001,9,0.4228550973795314,3.5370280735097825,-0.3983377171921884,near_normal,False
Ghazni,2001,10,2.258119541766088,2.748593236110475,-0.5098280105306501,near_normal,False
Ghazni,2001,11,10.673762769850883,13.354737408996503,-0.9339044388287099,near_normal,False
Ghazni,2001,12,23.76432648974527,36.696208801362246,-0.3073936279081478,near_normal,False
Ghazni,2002,1,14.320413879722793,48.75850313931895,-1.0290029312236624,moderate_drought,True
Ghazni,2002,2,52.52832102547819,90.61306139494626,-0.23856870461688778,near_normal,False
Ghazni,2002,3,29.88569624280662,96.7344311480076,-0.7423395676317049,near_normal,False
Ghazni,2002,4,50.16423343991384,132.57825070819865,0.06381073501681184,near_normal,False
Ghazni,2002,5,10.97719134498105,91.02712102770151,-0.27933283000788994,near_normal,False
Ghazni,2002,6,0.4523480981979326,61.593772883092825,0.42994512147035807,near_normal,False
Ghazni,2002,7,2.0392393408675,13.468778784046481,-1.3027592156510812,moderate_drought,True
Ghazni,2002,8,0.0918199815647503,2.583407420630183,-0.8328549631566813,near_normal,False
Ghazni,2002,9,0.5037111114339712,2.6347704338662212,-0.7662492332441683,near_normal,False
Ghazni,2002,10,1.1716472430932614,1.7671783360919828,-1.0615959338978573,moderate_drought,True
Ghazni,2002,11,25.265917515206645,26.94127586973388,0.48122340817278314,near_normal,False
Ghazni,2002,12,35.976513386351066,62.41407814465097,1.046462397410781,moderately_wet,False
Ghazni,2003,1,29.19097164118221,90.43340254273991,0.8086128816252074,near_normal,False
Ghazni,2003,2,57.10695365931055,122.27443868684384,0.5276247014688508,near_normal,False
Ghazni,2003,3,58.80262547285335,145.1005507733461,0.48694281021563474,near_normal,False
Ghazni,2003,4,37.93360628946731,153.8431854216312,0.4800726452449243,near_normal,False
Ghazni,2003,5,12.896521462914372,109.63275322523504,0.3047139246770356,near_normal,False
Ghazni,2003,6,0.1705940386845012,51.000721791066184,-0.19169874266883247,near_normal,False
Ghazni,2003,7,2.9284532103503147,15.995568711949188,-0.8857921856925566,near_normal,False
Ghazni,2003,8,0.2845731316632138,3.3836203806980296,-0.507089990188763,near_normal,False
Ghazni,2003,9,0.4177249678549026,3.630751309868431,-0.36406013592914066,near_normal,False
Ghazni,2003,10,1.1616271986946012,1.8639252982127177,-0.9986643306172064,near_normal,False
Ghazni,2003,11,22.239229719558736,23.81858188610824,0.20882547660893114,near_normal,False
Ghazni,2003,12,14.327636887296372,37.72849380554971,-0.2424516228741617,near_normal,False
Ghazni,2004,1,39.51118635631613,76.07805296317125,0.2560263957879988,near_normal,False
Ghazni,2004,2,21.609759298945036,75.44858254255755,-0.6711891288412789,near_normal,False
Ghazni,2004,3,11.928549453343368,73.04949510860453,-1.50508335206097,severe_drought,True
Ghazni,2004,4,22.25865805250144,55.79696680478985,-2.002758001529001,extreme_drought,True
Ghazni,2004,5,12.589797050617786,46.77700455646259,-2.1088810666049946,extreme_drought,True
Ghazni,2004,6,0.1763211484211927,35.024776251540416,-1.3216518630033218,moderate_drought,True
Ghazni,2004,7,0.8241009204894888,13.590219119528468,-1.281528432177966,moderate_drought,True
Ghazni,2004,8,0.1594964228573901,1.1599184917680716,-1.6686344471560899,severe_drought,True
Ghazni,2004,9,0.7037297706302694,1.6873271139771484,-1.26722955522112,moderate_drought,True
Ghazni,2004,10,5.578778314009599,6.442004507497258,0.7945732393564596,near_normal,False
Ghazni,2004,11,16.910529621276194,23.193037705916062,0.1514457180390604,near_normal,False
Ghazni,2004,12,39.1782518883642,61.667559823649995,1.0129845521190204,moderately_wet,False
Ghazni,2005,1,43.95378489551799,100.0425664051584,1.1469798100010455,moderately_wet,False
Ghazni,2005,2,49.6665089670861,132.7985457509683,0.7527075103734447,near_normal,False
Ghazni,2005,3,72.4858757303824,166.1061695929865,0.9353873497159272,near_normal,False
Ghazni,2005,4,29.66170949742397,151.81409419489248,0.4420660554729273,near_normal,False
Ghazni,2005,5,23.026175005440013,125.1737602332464,0.7438564704395721,near_normal,False
Ghazni,2005,6,1.6725712420973349,54.36045574496132,0.014094183672744494,near_normal,False
Ghazni,2005,7,0.7893419345483715,25.48808818208572,0.36537185508321923,near_normal,False
Ghazni,2005,8,0.1249187949440109,2.5868319715897172,-0.8313172013860218,near_normal,False
Ghazni,2005,9,0.8795558737934389,1.7938166032858214,-1.2019890391132593,moderate_drought,True
Ghazni,2005,10,0.2642611233509829,1.2687357920884328,-1.433011701427147,moderate_drought,True
Ghazni,2005,11,24.339743934243664,25.483560931388087,0.3568215023547639,near_normal,False
Ghazni,2005,12,10.460256969613898,35.06426202720854,-0.4126355325367623,near_normal,False
Ghazni,2006,1,35.618025169077576,70.41802607293513,0.019124415057279555,near_normal,False
Ghazni,2006,2,59.14334654847142,105.2216286871629,0.13403596869643847,near_normal,False
Ghazni,2006,3,41.81432253014475,136.57569424769375,0.29272264053740693,near_normal,False
Ghazni,2006,4,41.219087771486016,142.17675685010218,0.2568088538920686,near_normal,False
Ghazni,2006,5,9.32421786379366,92.35762816542443,-0.23504123696965806,near_normal,False
Ghazni,2006,6,0.1792414044078459,50.72254703968752,-0.20914080810221275,near_normal,False
Ghazni,2006,7,3.3749433467302943,12.878402614931801,-1.407922814961998,moderate_drought,True
Ghazni,2006,8,1.4990914630197731,5.053276214157913,0.029218692243337806,near_normal,False
Ghazni,2006,9,0.4138374439782169,5.287872253728285,0.16122024054387368,near_normal,False
Ghazni,2006,10,2.106040727239844,4.018969634237834,0.027384907268745484,near_normal,False
Ghazni,2006,11,42.33799453206875,44.85787270328681,1.7416352148402987,very_wet,False
Ghazni,2006,12,69.3207843243067,113.76481958361529,2.9168673063035686,extremely_wet,False
Ghazni,2007,1,16.970941462687524,128.62972031906298,2.043571412255975,extremely_wet,False
Ghazni,2007,2,98.92419058802147,185.2159163750157,1.728708300370309,very_wet,False
Ghazni,2007,3,100.30917756937494,216.20430962008393,1.8731038358784762,very_wet,False
Ghazni,2007,4,26.76380831904809,225.99717647644448,1.6605901217601673,very_wet,False
Ghazni,2007,5,13.568455938056696,140.64144182647973,1.1466867179692088,moderately_wet,False
Ghazni,2007,6,1.5742306669326862,41.90649492403747,-0.7990441902058311,near_normal,False
Ghazni,2007,7,1.8180592814289904,16.960745886418373,-0.7385616021600753,near_normal,False
Ghazni,2007,8,0.1350777415577962,3.527367689919473,-0.4545022604025305,near_normal,False
Ghazni,2007,9,0.4055172112865336,2.3586542342733203,-0.8965580952294051,near_normal,False
Ghazni,2007,10,0.9446698518471552,1.485264804691485,-1.260498662317623,moderate_drought,True
Ghazni,2007,11,10.239936222140422,11.59012328527411,-1.1839409943558052,moderate_drought,True
Ghazni,2007,12,28.295962203055502,39.480568277043076,-0.13492146409539224,near_normal,False
Ghazni,2008,1,60.55465000702761,99.09054843222353,1.1144272996415285,moderately_wet,False
Ghazni,2008,2,18.352837340296045,107.20344955037916,0.18185755675486942,near_normal,False
Ghazni,2008,3,13.27522193566928,92.18270928299293,-0.8780194858361037,near_normal,False
Ghazni,2008,4,40.28529307574366,71.913352351709,-1.4521387060523407,moderate_drought,True
Ghazni,2008,5,9.203759592211613,62.76427460362456,-1.3468112473075768,moderate_drought,True
Ghazni,2008,6,0.3114214720486291,49.80047414000391,-0.2674206021209465,near_normal,False
Ghazni,2008,7,1.744757626728878,11.259938690989127,-1.7147548123401006,severe_drought,True
Ghazni,2008,8,0.5026754602726393,2.5588545590501535,-0.8439231079045659,near_normal,False
Ghazni,2008,9,0.4158209298488974,2.6632540168504217,-0.7533704489795208,near_normal,False
Ghazni,2008,10,0.7238209450926886,1.6423173352142324,-1.1466099402700516,moderate_drought,True
Ghazni,2008,11,7.873277556268817,9.01291943121041,-1.6030568515282808,severe_drought,True
Ghazni,2008,12,19.00357869500917,27.600677196370683,-0.9420759765013595,near_normal,False
Ghazni,2009,1,54.8935755946298,81.77043184590781,0.4827504147041308,near_normal,False
Ghazni,2009,2,41.94522767050872,115.8423819601477,0.38371716413679197,near_normal,False
Ghazni,2009,3,56.10390847115843,152.94271173629696,0.6590619914511502,near_normal,False
Ghazni,2009,4,42.66019004806294,140.70932618973012,0.22787672822072622,near_normal,False
Ghazni,2009,5,17.388735509488974,116.15283402871034,0.49365357857317327,near_normal,False
Ghazni,2009,6,1.7514155298207317,61.80034108737266,0.44133269073577286,near_normal,False
Ghazni,2009,7,1.0843985020438467,20.224549541353568,-0.27948650555663684,near_normal,False
Ghazni,2009,8,0.1093228139629689,2.9451368458275615,-0.6778606773541498,near_normal,False
Ghazni,2009,9,0.5520467452897022,1.745768061296532,-1.231063275334264,moderate_drought,True
Ghazni,2009,10,1.0780269697551426,1.739396529007828,-1.08012594932899,moderate_drought,True
Ghazni,2009,11,10.473758301702128,12.103832016746987,-1.108536859212824,moderate_drought,True
Ghazni,2009,12,22.882282736364573,34.43406800782186,-0.4541666172763088,near_normal,False
Ghazni,2010,1,31.01238214924064,64.36842318730736,-0.24861573822973257,near_normal,False
Ghazni,2010,2,66.72588317059495,120.62054805620019,0.4911077608880735,near_normal,False
Ghazni,2010,3,31.387451845475173,129.1257171653108,0.11629205243344759,near_normal,False
Ghazni,2010,4,19.822536460545884,117.93587147661604,-0.24949783636189268,near_normal,False
Ghazni,2010,5,23.34727837005884,74.55726667607993,-0.8679578903103311,near_normal,False
Ghazni,2010,6,0.5810825234618487,43.75089735406661,-0.66911376203962,near_normal,False
Ghazni,2010,7,7.799738538764123,31.728099432284843,1.0241074587246377,moderately_wet,False
Ghazni,2010,8,1.7926622889403918,10.173483351166391,1.1533142215169851,moderately_wet,False
Ghazni,2010,9,0.4188444888187048,10.011245316523247,1.2196167129753357,moderately_wet,False
Ghazni,2010,10,2.4634767445822425,4.674983522341368,0.2600753065711134,near_normal,False
Ghazni,2010,11,5.779550842737682,8.661872076138657,-1.666581552956171,severe_drought,True
Ghazni,2010,12,9.202798148047943,17.445825735367897,-1.8557660226105255,severe_drought,True
Ghazni,2011,1,11.823095848563364,26.805444839349015,-2.501494111372284,extreme_drought,True
Ghazni,2011,2,86.44180122691962,107.46769522353095,0.18818922227862178,near_normal,False
Ghazni,2011,3,25.09203435927012,123.35693143475312,-0.025043824217908964,near_normal,False
Ghazni,2011,4,73.27748661907228,184.81132220526206,1.0231965340308375,moderately_wet,False
Ghazni,2011,5,13.450501760513438,111.82002273885585,0.36890632070234697,near_normal,False
Ghazni,2011,6,0.2411844347581963,86.96917281434393,1.6753362313739764,very_wet,False
Ghazni,2011,7,1.1098825261789973,14.80156872145066,-1.0766542479194772,moderate_drought,True
Ghazni,2011,8,0.218401210379154,1.569468171316376,-1.3733164825310384,moderate_drought,True
Ghazni,2011,9,0.4420174002964663,1.770301136854646,-1.2161459048362122,moderate_drought,True
Ghazni,2011,10,9.55286028677716,10.213278897452808,1.6777570938887334,very_wet,False
Ghazni,2011,11,23.859678608468396,33.854556295542054,1.0177983087345688,moderately_wet,False
Ghazni,2011,12,8.903245479479194,42.31578437472478,0.03247883741120224,near_normal,False
Ghazni,2012,1,22.674910219158203,55.437834307105824,-0.6768467411909729,near_normal,False
Ghazni,2012,2,53.71310851995887,85.2912642185963,-0.3843555116670131,near_normal,False
Ghazni,2012,3,26.6061273744658,102.9941461135829,-0.5626896132576032,near_normal,False
Ghazni,2012,4,54.73804171489748,135.0572776093222,0.11452587263324003,near_normal,False
Ghazni,2012,5,15.659804576637876,97.00397366600119,-0.08365171771068515,near_normal,False
Ghazni,2012,6,0.2570193418828165,70.65486563341821,0.9075791265799676,near_normal,False
Ghazni,2012,7,0.9443625845177944,16.861186503038525,-0.7534783555265345,near_normal,False
Ghazni,2012,8,0.1057080047140434,1.3070899311146897,-1.5546091277598002,severe_drought,True
Ghazni,2012,9,0.4840018979259325,1.534072487157806,-1.366673095787623,moderate_drought,True
Ghazni,2012,10,10.240398914250584,10.830108816890595,1.8013439869006145,very_wet,False
Ghazni,2012,11,15.855825559563394,26.580226371739947,0.45083349913231835,near_normal,False
Ghazni,2012,12,31.209530442341237,57.30575491615525,0.8119174790358746,near_normal,False
Ghazni,2013,1,13.623621481352425,60.68897748325709,-0.41984258723092105,near_normal,False
Ghazni,2013,2,106.1299393374864,150.9630912611801,1.1152377410261831,moderately_wet,False
Ghazni,2013,3,49.10783010135007,168.8613909201889,0.9913957274014642,near_normal,False
Ghazni,2013,4,49.49653071900994,204.73430015784643,1.3418408272382865,moderately_wet,False
Ghazni,2013,5,12.98958192539357,111.59394274575361,0.3623100512064285,near_normal,False
Ghazni,2013,6,0.4524381264548538,62.93855077085839,0.5036323018554199,near_normal,False
Ghazni,2013,7,4.727033398308642,18.169053450157094,-0.5621208205029009,near_normal,False
Ghazni,2013,8,1.854783031751504,7.034254556515028,0.526895239643374,near_normal,False
Ghazni,2013,9,0.7395520462330717,7.321368476293245,0.6713419699795105,near_normal,False
Ghazni,2013,10,1.4369095727347885,4.031244650719392,0.0319648991843299,near_normal,False
Ghazni,2013,11,30.295820835822624,32.472282454790516,0.9166525899080183,near_normal,False
Ghazni,2013,12,12.580151339222349,44.31288174777979,0.14593293554164102,near_normal,False
Ghazni,2014,1,16.389688434664215,59.265660609709215,-0.48796127950246565,near_normal,False
Ghazni,2014,2,32.689741277022215,61.65958105090881,-1.1199854505442395,moderate_drought,True
Ghazni,2014,3,77.88021516075064,126.95964487243708,0.06372721569539291,near_normal,False
Ghazni,2014,4,55.82303734949672,166.3929937872696,0.708100188300402,near_normal,False
Ghazni,2014,5,28.848037722812705,162.5512902330601,1.67076336123319,very_wet,False
Ghazni,2014,6,0.1802049617422438,84.85128003405168,1.5812499885405007,very_wet,False
Ghazni,2014,7,2.364183470587479,31.39242615514244,0.99094766464243,near_normal,False
Ghazni,2014,8,0.0536957986230653,2.5980842309528023,-0.8262747067453867,near_normal,False
Ghazni,2014,9,0.4361590563715276,2.854038325582086,-0.6695337496436707,near_normal,False
Ghazni,2014,10,3.467847501073709,3.957702356068316,0.004382889674992722,near_normal,False
Ghazni,2014,11,12.259977481029296,16.163984038474545,-0.5796912939123994,near_normal,False
Ghazni,2014,12,11.297395446722902,27.025220428825918,-0.9868269236353606,near_normal,False
Ghazni,2015,1,21.21379044138449,44.7711633691367,-1.255356087513766,moderate_drought,True
Ghazni,2015,2,61.49010046786119,94.00128635596859,-0.1487429377524863,near_normal,False
Ghazni,2015,3,43.66612074811744,126.37001165736314,0.04931486526898512,near_normal,False
Ghazni,2015,4,27.26094141144792,132.41716262742656,0.060493411922815085,near_normal,False
Ghazni,2015,5,23.96283604038964,94.889898199955,-0.15191568337841654,near_normal,False
Ghazni,2015,6,0.5114731944250577,51.73525064626262,-0.14594752257184457,near_normal,False
Ghazni,2015,7,6.215682716987205,30.689991951801908,0.9208030062091048,near_normal,False
Ghazni,2015,8,0.3658231046547068,7.092979016066977,0.5401343308030918,near_normal,False
Ghazni,2015,9,0.3938008225051499,6.975306644147069,0.5917920097050515,near_normal,False
Ghazni,2015,10,9.738495938054548,10.498119865214413,1.7353871562499386,very_wet,False
Ghazni,2015,11,22.994614987152325,33.12691174771203,0.9648943741861161,near_normal,False
Ghazni,2015,12,11.09399511095577,43.82710603616265,0.11865568821498913,near_normal,False
Ghazni,2016,1,23.59897290771783,57.68758300582593,-0.5647966415234664,near_normal,False
Ghazni,2016,2,7.469540879108785,42.162508897782395,-1.8950068554107005,severe_drought,True
Ghazni,2016,3,77.98847801795557,109.0569918047822,-0.39563166793655197,near_normal,False
Ghazni,2016,4,31.573938309137667,117.03195720620204,-0.26967802577960925,near_normal,False
Ghazni,2016,5,29.39252354889201,138.95493987598527,1.1042138001285915,moderately_wet,False
Ghazni,2016,6,0.5429253585052637,61.509387216534954,0.4252858928450531,near_normal,False
Ghazni,2016,7,5.181761069350852,35.11720997674814,1.3468356907351136,moderately_wet,False
Ghazni,2016,8,0.1683318827586285,5.8930183106147584,0.2537082904029035,near_normal,False
Ghazni,2016,9,0.3843260029020602,5.734418955011555,0.2831239596414115,near_normal,False
Ghazni,2016,10,2.759054453318704,3.3117123389794068,-0.2543075293816045,near_normal,False
Ghazni,2016,11,12.225676660714145,15.369057116934922,-0.6752855401149399,near_normal,False
Ghazni,2016,12,10.253366904686503,25.238098018719366,-1.130176216058563,moderate_drought,True
Ghazni,2017,1,56.79050683453032,79.26955039993098,0.38447223578052314,near_normal,False
Ghazni,2017,2,96.71765085193596,163.7615245911528,1.3539969856403054,moderately_wet,False
Ghazni,2017,3,26.23943729014536,179.74759497661165,1.207050784107195,moderately_wet,False
Ghazni,2017,4,16.07209373914146,139.0291818812228,0.19450334259087448,near_normal,False
Ghazni,2017,5,20.639874976917326,62.95140600620417,-1.338745934164163,moderate_drought,True
Ghazni,2017,6,0.1534771572738609,36.86544587333266,-1.1753974716320017,moderate_drought,True
Ghazni,2017,7,12.532122903127366,33.32547503731857,1.1788615679366814,moderately_wet,False
Ghazni,2017,8,0.1035931554545344,12.789193215855775,1.585943299475108,very_wet,False
Ghazni,2017,9,0.3787160271580353,13.01443208573995,1.730144807649362,very_wet,False
Ghazni,2017,10,1.0298406325734315,1.5121498151860155,-1.240398167523674,moderate_drought,True
Ghazni,2017,11,22.97525477475153,24.38381143448301,0.25981612539384813,near_normal,False
Ghazni,2017,12,30.20876011414811,54.213855521473086,0.663264311518572,near_normal,False
Ghazni,2018,1,8.097960811382809,61.28197570028246,-0.39178139112328997,near_normal,False
Ghazni,2018,2,56.79399545727316,95.1007163828041,-0.12006523902851833,near_normal,False
Ghazni,2018,3,48.45955139881929,113.35150766747529,-0.2810654424293599,near_normal,False
Ghazni,2018,4,26.841558856250053,132.09510571234253,0.05385312843463487,near_normal,False
Ghazni,2018,5,23.870516312159097,99.17162656722846,-0.014685289528322952,near_normal,False
Ghazni,2018,6,1.5723293202946125,52.28440448870378,-0.11202669143180775,near_normal,False
Ghazni,2018,7,5.406143144437265,30.84898877689099,0.9367711492273167,near_normal,False
Ghazni,2018,8,0.2860607427436275,7.26453320747552,0.5784032997777722,near_normal,False
Ghazni,2018,9,0.4294612904242523,6.12166517760516,0.38381941753276555,near_normal,False
Ghazni,2018,10,7.20140405094907,7.916926084116964,1.1713798947147476,moderately_wet,False
Ghazni,2018,11,16.885058669965286,24.515924011338623,0.27162078090359476,near_normal,False
Ghazni,2018,12,32.05125639258315,56.13771911349752,0.7563913688856544,near_normal,False
Ghazni,2019,1,40.56686180949119,89.50317687203963,0.7746321196375057,near_normal,False
Ghazni,2019,2,86.54321303181544,159.1613312338898,1.2696106077434837,moderately_wet,False
Ghazni,2019,3,73.05114072878078,200.16121557008742,1.5896753540016832,very_wet,False
Ghazni,2019,4,51.37471203360463,210.96906579420084,1.4374225484989407,moderately_wet,False
Ghazni,2019,5,17.939253639242402,142.36510640162783,1.1897550681211047,moderately_wet,False
Ghazni,2019,6,2.3987375626704512,71.71270323551748,0.9606632731857231,near_normal,False
Ghazni,2019,7,7.342279488014371,27.680270689927223,0.607760532575563,near_normal,False
Ghazni,2019,8,0.2438831972412403,9.984900247926062,1.119523392305992,moderately_wet,False
Ghazni,2019,9,0.3744701907726695,7.9606328760282805,0.8120842096839901,near_normal,False
Ghazni,2019,10,7.444540512601025,8.062893900614934,1.2061417021602407,moderately_wet,False
Ghazni,2019,11,33.36678407972369,41.185794783097386,1.5141093349449042,very_wet,False
Ghazni,2019,12,12.347476491861691,53.15880108418641,0.6112711996032123,near_normal,False
Ghazni,2020,1,61.299915888501545,107.01417646008693,1.379455962020148,moderately_wet,False
Ghazni,2020,2,44.34879262727402,117.99618500763727,0.43247965703154895,near_normal,False
Ghazni,2020,3,69.24779463888312,174.8965031546587,1.1120304516735726,moderately_wet,False
Ghazni,2020,4,61.95036080984862,175.54694807600578,0.8674008662743112,near_normal,False
Ghazni,2020,5,27.53975948801286,158.7379149367446,1.5829740506879446,very_wet,False
Ghazni,2020,6,2.179860403868469,91.66998070172994,1.8790341590369526,very_wet,False
Ghazni,2020,7,5.618368560637262,35.33798845251859,1.3671477196852622,moderately_wet,False
Ghazni,2020,8,0.0894115563453153,7.887640520851047,0.7126311719582757,near_normal,False
Ghazni,2020,9,0.6751099575033018,6.382890074485879,0.449385047198706,near_normal,False
Ghazni,2020,10,3.6435186687454992,4.4080401825941165,0.1682093696683318,near_normal,False
Ghazni,2020,11,36.971597138628766,41.29022576487757,1.520753921343923,very_wet,False
Ghazni,2020,12,18.35173862592329,58.966854433297556,0.8896258479958027,near_normal,False
Ghazni,2021,1,4.763171279033848,60.086507043585904,-0.44854273971090347,near_normal,False
Ghazni,2021,2,10.993286721240963,34.1081966261981,-2.292241775078644,extreme_drought,True
Ghazni,2021,3,43.97773367493858,59.73419167521339,-2.013117978247916,extreme_drought,True
Ghazni,2021,4,26.11909374770848,81.09011414388802,-1.1768225457728545,moderate_drought,True
Ghazni,2021,5,20.58604447568831,90.68287189833536,-0.2908635595955905,near_normal,False
Ghazni,2021,6,0.3238309541739469,47.02896917757074,-0.44709489479881254,near_normal,False
Ghazni,2021,7,10.837735161903382,31.74761059176564,1.0260278591306233,moderately_wet,False
Ghazni,2021,8,0.3028939775496799,11.464460093627007,1.374613787715213,moderately_wet,False
Ghazni,2021,9,0.3846647501820485,11.52529388963511,1.487455114853524,moderately_wet,False
Ghazni,2021,10,4.254280208239451,4.941838935971179,0.34848248117673597,near_normal,False
Ghazni,2021,11,6.048602609357896,10.687547567779397,-1.322364522063629,moderate_drought,True
Ghazni,2021,12,19.20419306855943,29.507075886156777,-0.7982892205174565,near_normal,False
Ghazni,2022,1,58.408514613440495,83.66131029135784,0.5557471515773915,near_normal,False
Ghazni,2022,2,13.318157409851114,90.93086509185105,-0.23004803619432138,near_normal,False
Ghazni,2022,3,27.357384156436048,99.08405617972767,-0.6740031691861135,near_normal,False
Ghazni,2022,4,12.695378405430176,53.37091997171734,-2.0951666922498,extreme_drought,True
Ghazni,2022,5,12.156417716421805,52.20918027828804,-1.8318244447554224,severe_drought,True
Ghazni,2022,6,1.392369467764304,26.24416558961629,-2.1047537561961382,extreme_drought,True
Ghazni,2022,7,11.983422938041272,25.53221012222739,0.3703835413289016,near_normal,False
Ghazni,2022,8,1.0514427538090314,14.427235159614614,1.829173144639357,very_wet,False
Ghazni,2022,9,1.066030280986667,14.100895972836978,1.8965173794125103,very_wet,False
Ghazni,2022,10,1.2060250469297409,3.3234980817254467,-0.2492920849133321,near_normal,False
Ghazni,2022,11,17.33989279990687,19.611948127823286,-0.19877281856648438,near_normal,False
Ghazni,2022,12,11.822521754422782,30.368439601259404,-0.7354226349016318,near_normal,False
Ghazni,2023,1,21.48831851801264,50.650733072342305,-0.926040700331552,near_normal,False
Ghazni,2023,2,20.456291099485764,53.767131371921195,-1.4092515498383065,moderate_drought,True
Ghazni,2023,3,55.21789257253871,97.16250219003712,-0.7298058284582686,near_normal,False
Ghazni,2023,4,10.207400994749175,85.88158466677365,-1.0416409245451397,moderate_drought,True
Ghazni,2023,5,21.05998369195855,86.48527725924644,-0.43390061031959226,near_normal,False
Ghazni,2023,6,0.5600488564098564,31.82743354311759,-1.5889293347174882,severe_drought,True
Ghazni,2023,7,5.556887583000516,27.17692013136893,0.5532569621243559,near_normal,False
Ghazni,2023,8,0.0224504067214443,6.139386846131823,0.3154695049527093,near_normal,False
Ghazni,2023,9,0.3631973362832889,5.942535326005256,0.3377821623476987,near_normal,False
Ghazni,2023,10,3.288523297821957,3.674171040826697,-0.10532399987953185,near_normal,False
Ghazni,2023,11,12.417072608573966,16.06879324267922,-0.5909653347130874,near_normal,False
Ghazni,2023,12,10.143614853738208,25.849210760134138,-1.0803836214632947,moderate_drought,True
Ghor,2001,1,21.816773447366717,,,,False
Ghor,2001,2,19.26619941877709,,,,False
Ghor,2001,3,36.19246221434764,77.27543508049145,-1.6541684988097223,severe_drought,True
Ghor,2001,4,50.58314286525105,106.04180449837578,-0.9167359271182298,near_normal,False
Ghor,2001,5,12.631539763786776,99.40714484338547,-0.40961456436503896,near_normal,False
Ghor,2001,6,0.0926387767301091,63.30732140576794,0.062429983702294016,near_normal,False
Ghor,2001,7,0.1237688920712245,12.847947432588109,-0.9161226305929782,near_normal,False
Ghor,2001,8,0.0578046360156217,0.2742123048169553,-0.6808553973135464,near_normal,False
Ghor,2001,9,0.0372810829186457,0.2188546110054919,-0.24985604013489934,near_normal,False
Ghor,2001,10,9.157388607554257,9.252474326488525,0.9836449524779544,near_normal,False
Ghor,2001,11,23.04850296237425,32.24317265284715,-0.2220291027481112,near_normal,False
Ghor,2001,12,37.76160457905032,69.96749614897882,0.109178381225207,near_normal,False
Ghor,2002,1,35.02972948379963,95.8398370252242,-0.18976862752267656,near_normal,False
Ghor,2002,2,40.07901150698368,112.87034556983363,-0.2908245738071636,near_normal,False
Ghor,2002,3,40.86697193293106,115.97571292371438,-0.5958686477183974,near_normal,False
Ghor,2002,4,75.45320044457449,156.39918388448925,0.19107983549127247,near_normal,False
Ghor,2002,5,23.627421669129014,139.94759404663458,0.6453915006862555,near_normal,False
Ghor,2002,6,0.0926387755963184,99.17326088929984,1.2553113389052413,moderately_wet,False
Ghor,2002,7,0.1237952944370996,23.843855739162446,0.43551049300561445,near_normal,False
Ghor,2002,8,0.0578046372494528,0.274238707282885,-0.6807778021113933,near_normal,False
Ghor,2002,9,0.0372810829686658,0.21888101465523244,-0.2496349225074921,near_normal,False
Ghor,2002,10,7.328654860954026,7.423740581172159,0.3530691403959819,near_normal,False
Ghor,2002,11,22.0751136598439,29.441049603766608,-0.4577083933176911,near_normal,False
Ghor,2002,12,73.06754148886805,102.47131000966598,1.2584662336636,moderately_wet,False
Ghor,2003,1,42.93976902314198,138.08242417185392,1.007103098632397,moderately_wet,False
Ghor,2003,2,67.43841537227595,183.445725884286,1.088856251497245,moderately_wet,False
Ghor,2003,3,70.27802654631473,180.6562109417327,0.7278885349580643,near_normal,False
Ghor,2003,4,58.74233033573319,196.4587722543239,0.9109064775891831,near_normal,False
Ghor,2003,5,15.716882102589697,144.73723898463766,0.7559097937397355,near_normal,False
Ghor,2003,6,0.3073459695198273,74.76655840784274,0.48329424905392815,near_normal,False
Ghor,2003,7,0.123543055693058,16.147771127802596,-0.447396295689736,near_normal,False
Ghor,2003,8,0.0574231429567297,0.4883121681696292,-0.17619813520063515,near_normal,False
Ghor,2003,9,0.0306170877735348,0.2115832864233367,-0.31145382406976496,near_normal,False
Ghor,2003,10,2.943444947237205,3.031485177967484,-1.7927193020399717,severe_drought,True
Ghor,2003,11,23.809517081123985,26.78357911613474,-0.6957532055925506,near_normal,False
Ghor,2003,12,33.614455854556745,60.36741788291795,-0.29715334651245023,near_normal,False
Ghor,2004,1,65.11966064124145,122.54363357692219,0.599386591969675,near_normal,False
Ghor,2004,2,21.32241098864996,120.05652748444818,-0.12767742581860705,near_normal,False
Ghor,2004,3,35.204466462561975,121.64653809245341,-0.4623748178863738,near_normal,False
Ghor,2004,4,30.838514120574946,87.36539157178689,-1.4202080196973659,moderate_drought,True
Ghor,2004,5,10.907304313108076,76.95028489624501,-1.1260759848958612,moderate_drought,True
Ghor,2004,6,0.0846712101801637,41.8304896438632,-0.8915148826517126,near_normal,False
Ghor,2004,7,0.097944639051564,11.089920162339817,-1.2009351533193158,moderate_drought,True
Ghor,2004,8,0.0574565805409741,0.240072429772716,-0.7861434895709639,near_normal,False
Ghor,2004,9,0.0306250492327573,0.18602626882530962,-0.5401904695166723,near_normal,False
Ghor,2004,10,3.476549655105848,3.5646312848795936,-1.4470044699166558,moderate_drought,True
Ghor,2004,11,23.73824330217981,27.24541800651843,-0.6532610282190534,near_normal,False
Ghor,2004,12,98.58226204445972,125.7970550017454,1.942843087713376,very_wet,False
Ghor,2005,1,49.86064353428674,172.1811488809263,1.8071967783231841,very_wet,False
Ghor,2005,2,53.66156390148933,202.10446948023582,1.3927350876926476,moderately_wet,False
Ghor,2005,3,93.38824007645592,196.910447512232,1.0090113816053587,moderately_wet,False
Ghor,2005,4,20.711852866658347,167.7616568446036,0.40654169266049756,near_normal,False
Ghor,2005,5,33.95830187498545,148.0583948180997,0.831142751675799,near_normal,False
Ghor,2005,6,1.839621290086473,56.50977603173028,-0.2118275840422684,near_normal,False
Ghor,2005,7,0.098129061937466,35.896052227009406,1.4973679699887597,moderately_wet,False
Ghor,2005,8,0.0574566503733126,1.995207002397266,1.5279437680077235,very_wet,False
Ghor,2005,9,0.0307426541927949,0.1863283665035877,-0.5373643037355911,near_normal,False
Ghor,2005,10,2.4023785128085806,2.490577817374702,-2.1911590089292234,extreme_drought,True
Ghor,2005,11,25.835415553646204,28.268536720647592,-0.5608507455178645,near_normal,False
Ghor,2005,12,12.83005566302389,41.06784972947869,-1.2715837172588367,moderate_drought,True
Ghor,2006,1,50.39429385708973,89.05976507375983,-0.4131586038333211,near_normal,False
Ghor,2006,2,68.26653101050869,131.49088053062232,0.11890098662593418,near_normal,False
Ghor,2006,3,52.454952887461694,171.11577775506012,0.555088170839819,near_normal,False
Ghor,2006,4,37.53108805622653,158.25257195419692,0.22691849449766113,near_normal,False
Ghor,2006,5,7.953420666390167,97.93946161007841,-0.4528495897052459,near_normal,False
Ghor,2006,6,0.0846124079893241,45.569121130606035,-0.7045883744382048,near_normal,False
Ghor,2006,7,0.0983327177471937,8.1363657921267,-1.7616866540490381,severe_drought,True
Ghor,2006,8,0.057456369447481,0.240401495184013,-0.785077482671424,near_normal,False
Ghor,2006,9,0.0362371832771985,0.19202627047188742,-0.48464083943229685,near_normal,False
Ghor,2006,10,5.368194128458948,5.461887681183642,-0.45135683487714895,near_normal,False
Ghor,2006,11,61.94016518047231,67.34459649220847,1.9796089436392623,very_wet,False
Ghor,2006,12,66.6453717712169,133.95373108014817,2.162877731362789,extremely_wet,False
Ghor,2007,1,33.26279815552322,161.84833510721245,1.5764726873833546,very_wet,False
Ghor,2007,2,71.40263150558711,171.31080143232722,0.8803179751185211,near_normal,False
Ghor,2007,3,123.0143826132716,227.6798122743819,1.502391989816061,very_wet,False
Ghor,2007,4,26.383644625850216,220.8006587447089,1.3021641855146922,moderately_wet,False
Ghor,2007,5,15.50275897329175,164.90078621241355,1.1966207275078724,moderately_wet,False
Ghor,2007,6,1.252622429356164,43.13902602849813,-0.8248250129457441,near_normal,False
Ghor,2007,7,0.1207508393404665,16.87613224198838,-0.3529927925854422,near_normal,False
Ghor,2007,8,0.0578046363840646,1.4311779050806952,1.046345299007307,moderately_wet,False
Ghor,2007,9,0.0372810825174421,0.2158365582419732,-0.2752512424535223,near_normal,False
Ghor,2007,10,5.010913258346923,5.105998977248429,-0.6174822211283353,near_normal,False
Ghor,2007,11,19.885903761588096,24.93409810245246,-0.8711370946494192,near_normal,False
Ghor,2007,12,43.908864931948806,68.80568195188383,0.06207517633346999,near_normal,False
Ghor,2008,1,58.68663435365972,122.48140304719661,0.59768735418508,near_normal,False
Ghor,2008,2,16.17818335769505,118.77368264330357,-0.15630997970241362,near_normal,False
Ghor,2008,3,15.152602234951386,90.01741994630615,-1.2717083150540232,moderate_drought,True
Ghor,2008,4,50.17393668176326,81.50472227440969,-1.5935657093144655,severe_drought,True
Ghor,2008,5,11.428689651705938,76.75522856842058,-1.1328932868235513,moderate_drought,True
Ghor,2008,6,0.088967127080312,61.6915934605495,-0.0008964005518149457,near_normal,False
Ghor,2008,7,0.1148611409443246,11.632517919730567,-1.109852040054733,moderate_drought,True
Ghor,2008,8,0.0577197174242717,0.2615479854489012,-0.7187236765703333,near_normal,False
Ghor,2008,9,0.0415941811947981,0.2141750395633873,-0.2893352496431914,near_normal,False
Ghor,2008,10,4.555675835073108,4.654989733692171,-0.8398028585769435,near_normal,False
Ghor,2008,11,16.317722097761546,20.914992114029445,-1.2858468234228875,moderate_drought,True
Ghor,2008,12,39.42783837964993,60.301236312484576,-0.30010055033906596,near_normal,False
Ghor,2009,1,66.43108565572749,122.17664613313896,0.589357585527491,near_normal,False
Ghor,2009,2,47.55819037539457,153.41711441077197,0.5544257227406906,near_normal,False
Ghor,2009,3,56.23543577192046,170.2247118030425,0.5386281884446428,near_normal,False
Ghor,2009,4,94.84136642778704,198.63499257510205,0.9471279080549171,near_normal,False
Ghor,2009,5,25.565702147836177,176.64250434754368,1.4372894022906388,moderately_wet,False
Ghor,2009,6,0.2705959304251315,120.67766450604834,1.8390658966533207,very_wet,False
Ghor,2009,7,0.1147934073047704,25.951091485566078,0.6430499679263549,near_normal,False
Ghor,2009,8,0.0577198368860068,0.4431091746159087,-0.26714723922867367,near_normal,False
Ghor,2009,9,0.1445700254298103,0.3170832696205875,0.4726507753950159,near_normal,False
Ghor,2009,10,7.173617913016329,7.375907775332147,0.3352665995679281,near_normal,False
Ghor,2009,11,25.0486739010556,32.36686183950174,-0.2119505843135062,near_normal,False
Ghor,2009,12,44.15057711201105,76.37286892608299,0.3599371478816588,near_normal,False
Ghor,2010,1,36.88368590224471,106.08293691531136,0.1284117123535103,near_normal,False
Ghor,2010,2,84.109868965805,165.14413198006076,0.7706391002523545,near_normal,False
Ghor,2010,3,41.80493952616529,162.798494394215,0.3991858683608631,near_normal,False
Ghor,2010,4,41.03924461590822,166.9540531078785,0.391552616956767,near_normal,False
Ghor,2010,5,24.211085424166093,107.05526956623959,-0.19102994133529963,near_normal,False
Ghor,2010,6,1.6913735696141297,66.94170360968842,0.20102899271738417,near_normal,False
Ghor,2010,7,0.1013667988530029,26.00382579263321,0.6480992181820163,near_normal,False
Ghor,2010,8,0.0893468792748971,1.8820872477420154,1.4389061041710005,moderately_wet,False
Ghor,2010,9,0.036523491929458,0.22723717005734378,-0.18054729417691714,near_normal,False
Ghor,2010,10,8.684510562604183,8.810380933808524,0.8392728505051313,near_normal,False
Ghor,2010,11,8.82347007196704,17.54450412650067,-1.6790742803041043,severe_drought,True
Ghor,2010,12,10.21323343737984,27.72121407195105,-2.1553083081057856,extreme_drought,True
Ghor,2011,1,25.94707886572207,44.983782375068934,-2.2644087475478107,extreme_drought,True
Ghor,2011,2,73.39948928281196,109.55980158591385,-0.3683488270599685,near_normal,False
Ghor,2011,3,39.61561471008911,138.96218285862312,-0.07915592998599166,near_normal,False
Ghor,2011,4,42.33826609211961,155.35337008502069,0.17073227852923867,near_normal,False
Ghor,2011,5,17.113922733680393,99.0678035358891,-0.419572279775688,near_normal,False
Ghor,2011,6,0.1351077575247345,59.58729658332472,-0.08506076424004438,near_normal,False
Ghor,2011,7,0.0982253959038195,17.347255887108933,-0.29339701164116394,near_normal,False
Ghor,2011,8,0.0574563448669918,0.2907894982955316,-0.6331746414883737,near_normal,False
Ghor,2011,9,0.030621233197973,0.18630297396877007,-0.5376017328140213,near_normal,False
Ghor,2011,10,9.926714761793852,10.014792339858802,1.2224128589170489,moderately_wet,False
Ghor,2011,11,48.18129468854397,58.13863068353578,1.4936463009360412,moderately_wet,False
Ghor,2011,12,9.256241901117246,67.36425135145505,0.0028910407451430303,near_normal,False
Ghor,2012,1,28.36773686637625,85.80527345603745,-0.5244860113211831,near_normal,False
Ghor,2012,2,62.03680391499359,99.66078268248708,-0.6100825974357319,near_normal,False
Ghor,2012,3,35.39762598911511,125.80216677048494,-0.3672065412347542,near_normal,False
Ghor,2012,4,40.14798874285203,137.58241864696072,-0.1899479369874079,near_normal,False
Ghor,2012,5,22.77943603338263,98.32505076534977,-0.4414486477770302,near_normal,False
Ghor,2012,6,0.3226234096018109,63.250048185836455,0.06020383553889173,near_normal,False
Ghor,2012,7,0.0982368458610035,23.20029628884543,0.3697277308713828,near_normal,False
Ghor,2012,8,0.007822482554264,0.4286827380170642,-0.2975412177701092,near_normal,False
Ghor,2012,9,0.0381758773863209,0.14423520580157417,-0.9664428019358636,near_normal,False
Ghor,2012,10,10.3322081437649,10.37820650370547,1.3321123773076418,moderately_wet,False
Ghor,2012,11,28.569296896675585,38.93968091782679,0.29015144263700127,near_normal,False
Ghor,2012,12,53.657408680603744,92.5589137210442,0.9370660030921363,near_normal,False
Ghor,2013,1,19.62955324744248,101.85625882472179,-0.0002753952777995145,near_normal,False
Ghor,2013,2,49.079828741778506,122.36679066982472,-0.07662750947244651,near_normal,False
Ghor,2013,3,42.37864808097018,111.08803007019117,-0.7145394101939253,near_normal,False
Ghor,2013,4,50.7248707245337,142.18334754728238,-0.09370716519205517,near_normal,False
Ghor,2013,5,9.152108024946328,102.2556268304502,-0.32692059089317743,near_normal,False
Ghor,2013,6,0.0125681139233335,59.889546863403346,-0.07285041067113712,near_normal,False
Ghor,2013,7,0.111060179168855,9.275736318038502,-1.53044963652146,severe_drought,True
Ghor,2013,8,0.0477689167635902,0.17139720985576448,-1.0374253163060012,moderate_drought,True
Ghor,2013,9,0.0541410201404186,0.21297011607284957,-0.29959550436102117,near_normal,False
Ghor,2013,10,7.916141536503261,8.018051473407256,0.5681969996079221,near_normal,False
Ghor,2013,11,24.543494051031992,32.51377660767566,-0.20001325049792573,near_normal,False
Ghor,2013,12,20.798147071756823,53.25778265929206,-0.6271782042335393,near_normal,False
Ghor,2014,1,31.635357540354352,76.97699866314315,-0.8416954750667567,near_normal,False
Ghor,2014,2,44.36255543242172,96.79606004453288,-0.6830766388999489,near_normal,False
Ghor,2014,3,70.11215286999149,146.11006584276754,0.06967474390500333,near_normal,False
Ghor,2014,4,48.80869127315756,163.28339957557074,0.32281382099176104,near_normal,False
Ghor,2014,5,31.573890020797112,150.49473416394613,0.8856328702992352,near_normal,False
Ghor,2014,6,1.0049013225111254,81.38748261646577,0.7072640821113376,near_normal,False
Ghor,2014,7,0.1022532999718349,32.68104464328006,1.2400771397977595,moderately_wet,False
Ghor,2014,8,0.0477689160299609,1.154923538512907,0.7653899190943394,near_normal,False
Ghor,2014,9,0.040597995683785,0.1906202116855666,-0.4975501616524851,near_normal,False
Ghor,2014,10,5.746449503406461,5.8348164151201924,-0.28499196263139565,near_normal,False
Ghor,2014,11,36.74205504013882,42.52910253922906,0.5407881333788924,near_normal,False
Ghor,2014,12,15.43585715295834,57.92436169650362,-0.40743005410988153,near_normal,False
Ghor,2015,1,33.51776723710576,85.69567943020292,-0.5282843591563658,near_normal,False
Ghor,2015,2,119.19401039081126,168.14763478087536,0.8243868158250616,near_normal,False
Ghor,2015,3,52.46428802782227,205.17606565573928,1.1461884202938313,moderately_wet,False
Ghor,2015,4,27.17044583120885,198.82874424984237,0.9503401760137079,near_normal,False
Ghor,2015,5,15.38084678758733,95.01558064661843,-0.5403079074612581,near_normal,False
Ghor,2015,6,0.0125542926126187,42.56384691140878,-0.8539644172351714,near_normal,False
Ghor,2015,7,0.1196702645890249,15.51307134478896,-0.5320585161979632,near_normal,False
Ghor,2015,8,0.0477689158106016,0.17999347301223098,-1.002224884982821,moderate_drought,True
Ghor,2015,9,0.039074158753396,0.2065133391530083,-0.3552619702825045,near_normal,False
Ghor,2015,10,8.893985045274977,8.98082811983896,0.8954819032407988,near_normal,False
Ghor,2015,11,45.33757102428639,54.27063022831475,1.2747288968489716,moderately_wet,False
Ghor,2015,12,17.64732743135737,71.87888350091873,0.18554927876827806,near_normal,False
Ghor,2016,1,37.88535084697608,100.87024930261983,-0.030807163726350572,near_normal,False
Ghor,2016,2,10.275816766815709,65.80849504514914,-1.589331934782361,severe_drought,True
Ghor,2016,3,90.22475012483096,138.38591773862274,-0.09137602656758144,near_normal,False
Ghor,2016,4,57.63963070286719,158.14019759451384,0.2247535017464392,near_normal,False
Ghor,2016,5,19.38426975203772,167.24865057973588,1.245610821684138,moderately_wet,False
Ghor,2016,6,0.3843806535928138,77.4082811084977,0.5741610357760933,near_normal,False
Ghor,2016,7,0.1112867105961697,19.87993711622669,0.00952174995392178,near_normal,False
Ghor,2016,8,0.0477689159559727,0.5434362801449419,-0.07291485856980665,near_normal,False
Ghor,2016,9,0.0390741606958463,0.19812978724797448,-0.42934387841809224,near_normal,False
Ghor,2016,10,5.904751647287997,5.9915947239398015,-0.2171992342245079,near_normal,False
Ghor,2016,11,27.812833568477643,33.75665937646147,-0.10044855142525558,near_normal,False
Ghor,2016,12,28.05291794145032,61.77050315721594,-0.23517782002846335,near_normal,False
Ghor,2017,1,39.7494800874232,95.61523159735115,-0.19699547129481884,near_normal,False
Ghor,2017,2,145.53896886073167,213.34136688960518,1.5670990825750422,very_wet,False
Ghor,2017,3,45.64575737086923,230.9342063190241,1.5519968834826445,very_wet,False
Ghor,2017,4,15.043151644044784,206.22787787564567,1.0715171721889167,moderately_wet,False
Ghor,2017,5,19.072830073127104,79.76173908804108,-1.029114059372371,moderate_drought,True
Ghor,2017,6,0.0125542922134994,34.12853600938536,-1.3167191198373678,moderate_drought,True
Ghor,2017,7,0.1669322422115514,19.252316607552128,-0.06300319853206479,near_normal,False
Ghor,2017,8,0.0477689164129279,0.2272554508379503,-0.8285329297369959,near_normal,False
Ghor,2017,9,0.0390741594380472,0.2537753180624981,0.028078246133469677,near_normal,False
Ghor,2017,10,5.123535040705207,5.210378116556154,-0.567962156206523,near_normal,False
Ghor,2017,11,24.57275036850858,29.735359568651806,-0.4322587750475756,near_normal,False
Ghor,2017,12,32.24484604317042,61.94113145238418,-0.22770599820651394,near_normal,False
Ghor,2018,1,9.419786337597284,66.23738274927625,-1.2631997786511375,moderate_drought,True
Ghor,2018,2,46.56804820896922,88.2326805897369,-0.9105101624014841,near_normal,False
Ghor,2018,3,58.28766337101519,114.27549791758167,-0.6367554351344015,near_normal,False
Ghor,2018,4,35.34238460234084,140.19809618232523,-0.13497358690773267,near_normal,False
Ghor,2018,5,33.53208388879088,127.1621318621469,0.3376185957088813,near_normal,False
Ghor,2018,6,0.04151535172647,68.91598384285817,0.2742270863878241,near_normal,False
Ghor,2018,7,0.1112865328921883,33.68488577340952,1.3220881564484857,moderately_wet,False
Ghor,2018,8,0.125729528056624,0.278531412675261,-0.6682338541633405,near_normal,False
Ghor,2018,9,0.0390741595943603,0.2760902205431513,0.1924269101271848,near_normal,False
Ghor,2018,10,8.857453958924863,9.022257646575826,0.9090390477989504,near_normal,False
Ghor,2018,11,30.69805455694413,39.59458267546333,0.3369881443966251,near_normal,False
Ghor,2018,12,28.79080898259412,68.34631749846308,0.043304736508116705,near_normal,False
Ghor,2019,1,81.4971128908641,140.98597643040233,1.079913727219807,moderately_wet,False
Ghor,2019,2,105.04559010410028,215.3335119775585,1.597392660779213,very_wet,False
Ghor,2019,3,56.43092788729761,242.97363088226197,1.7317033142510128,very_wet,False
Ghor,2019,4,84.44171439655429,245.91823238795217,1.6776548122074033,very_wet,False
Ghor,2019,5,22.399301114581863,163.27194339843373,1.162367334195333,moderately_wet,False
Ghor,2019,6,3.3709468645171223,110.21196237565324,1.5640727142131408,very_wet,False
Ghor,2019,7,0.1241988933139619,25.89444687241292,0.6376188147160536,near_normal,False
Ghor,2019,8,0.0477689168318469,3.5429146746629026,2.522179038547184,extremely_wet,False
Ghor,2019,9,0.0390741601742817,0.21104197032006208,-0.31609681579042836,near_normal,False
Ghor,2019,10,12.345498391367428,12.43234146837353,1.9099916512673245,very_wet,False
Ghor,2019,11,51.59707722019685,63.98164977173853,1.8073014436073658,very_wet,False
Ghor,2019,12,32.7220493539961,96.66462496556035,1.0727750383977182,moderately_wet,False
Ghor,2020,1,72.73971125701428,157.0588378312072,1.4663094292327812,moderately_wet,False
Ghor,2020,2,27.398952889468845,132.8607135004792,0.1474659341379124,near_normal,False
Ghor,2020,3,64.97875662748632,165.1174207739694,0.4431715531919136,near_normal,False
Ghor,2020,4,83.5396182250007,175.91732774195583,0.5553059456788235,near_normal,False
Ghor,2020,5,42.05643279744304,190.57480764993005,1.709838157099429,very_wet,False
Ghor,2020,6,1.102400385239383,126.69845140768308,1.990460809136551,very_wet,False
Ghor,2020,7,0.7560389771509631,43.91487215983336,2.080913922459978,extremely_wet,False
Ghor,2020,8,0.0477689161300012,1.906208278520319,1.4581634197066262,moderately_wet,False
Ghor,2020,9,0.2040167736065336,1.0078246668874695,3.4502318360889306,extremely_wet,False
Ghor,2020,10,6.080905562748318,6.332691252484824,-0.07373052860156018,near_normal,False
Ghor,2020,11,50.94030524374404,57.22522758009887,1.4428155561318377,moderately_wet,False
Ghor,2020,12,23.300553828995305,80.32176463548764,0.5076459050011713,near_normal,False
Ghor,2021,1,8.597786449950767,82.83864552269009,-0.6284902032821719,near_normal,False
Ghor,2021,2,14.361537333787425,46.25987761273347,-2.3318439592805538,extreme_drought,True
Ghor,2021,3,45.26596119218748,68.22528497592565,-1.9537154974919004,severe_drought,True
Ghor,2021,4,14.879154265657142,74.50665279163202,-1.8124513271866562,severe_drought,True
Ghor,2021,5,27.46368007181318,87.60879552965778,-0.7703678998201968,near_normal,False
Ghor,2021,6,0.0125542926126187,42.35538863008291,-0.8645923898242195,near_normal,False
Ghor,2021,7,0.1210030981532814,27.597237462579052,0.7976090254694351,near_normal,False
Ghor,2021,8,0.0477689171074789,0.18132630787335058,-0.996881670163411,near_normal,False
Ghor,2021,9,0.0390741585410708,0.20784617380180267,-0.34367478211178504,near_normal,False
Ghor,2021,10,5.098419719686823,5.185262795335344,-0.5798151717979382,near_normal,False
Ghor,2021,11,14.742616678208616,19.88011055643648,-1.4015182743283687,moderate_drought,True
Ghor,2021,12,23.60037863753328,43.44141503542869,-1.1366262652935142,moderate_drought,True
Ghor,2022,1,45.00188487194062,83.34488018768249,-0.6105654775137702,near_normal,False
Ghor,2022,2,21.74747803365133,90.34974154312519,-0.8529183455856939,near_normal,False
Ghor,2022,3,34.74555907820756,101.49492198379947,-0.9582688415158032,near_normal,False
Ghor,2022,4,18.5236300205311,75.01666713238995,-1.796020297755861,severe_drought,True
Ghor,2022,5,11.78610059101572,65.05528968975435,-1.565913119760316,severe_drought,True
Ghor,2022,6,0.248703771140531,30.558434382687317,-1.5370268685659998,severe_drought,True
Ghor,2022,7,0.1293493792908951,12.16415374144711,-1.023454262613654,moderate_drought,True
Ghor,2022,8,0.0477689160169348,0.4258220664483254,-0.30365353528506034,near_normal,False
Ghor,2022,9,0.6080437451491013,0.7851620404568957,2.692680339023602,extremely_wet,False
Ghor,2022,10,5.4459582875542445,6.101770948720246,-0.17027043340991585,near_normal,False
Ghor,2022,11,21.590908010699405,27.644910043402717,-0.6169006610383634,near_normal,False
Ghor,2022,12,15.239847311091092,42.276713609344704,-1.2021904993234789,moderate_drought,True
Ghor,2023,1,27.191393223697872,64.02214854548834,-1.3559318428438667,moderate_drought,True
Ghor,2023,2,45.285135496915096,87.71637603170402,-0.9246997360200035,near_normal,False
Ghor,2023,3,31.663781291523883,104.14031001213681,-0.889533191393946,near_normal,False
Ghor,2023,4,12.518132679379248,89.46704946781819,-1.360024998720403,moderate_drought,True
Ghor,2023,5,14.952776827311792,59.13469079821489,-1.8061272324423336,severe_drought,True
Ghor,2023,6,0.8687845671974288,28.339694073888435,-1.6833129410408505,severe_drought,True
Ghor,2023,7,0.1196801273470438,15.94124152185623,-0.47469159037155134,near_normal,False
Ghor,2023,8,0.0477689166437502,1.0362336111881874,0.6312910976910342,near_normal,False
Ghor,2023,9,0.0390741599997321,0.20652320399049057,-0.3551760215383389,near_normal,False
Ghor,2023,10,6.201762112858861,6.2886051895023085,-0.09197649065378459,near_normal,False
Ghor,2023,11,31.179475717018587,37.42031198987715,0.17943949577552268,near_normal,False
Ghor,2023,12,12.320360401359746,49.701598231237156,-0.8036312507521464,near_normal,False
Hilmand,2001,1,14.696725697688244,,,,False
Hilmand,2001,2,28.185655337565173,,,,False
Hilmand,2001,3,22.827018547852617,65.70939958310603,-0.9241437174583526,near_normal,False
Hilmand,2001,4,15.34737448441303,66.36004836983082,-0.19082082847177612,near_normal,False
Hilmand,2001,5,2.495654573294809,40.670047605560455,-0.2156878000318033,near_normal,False
Hilmand,2001,6,0.0,17.843029057707838,0.4331050856151379,near_normal,False
Hilmand,2001,7,0.2540418594125953,2.7496964327074043,-0.26340357114960605,near_normal,False
Hilmand,2001,8,0.0,0.2540418594125953,0.48175840000447756,near_normal,False
Hilmand,2001,9,0.0,0.2540418594125953,0.6517662754310966,near_normal,False
Hilmand,2001,10,0.0247105727766247,0.0247105727766247,-1.176308977506201,moderate_drought,True
Hilmand,2001,11,3.405017954867525,3.4297285276441496,-0.9457293972301251,near_normal,False
Hilmand,2001,12,16.32027973044804,19.750008258092187,-0.49661874622378904,near_normal,False
Hilmand,2002,1,16.16687671071884,35.892174396034406,-1.0527568246235528,moderate_drought,True
Hilmand,2002,2,23.36784778506413,55.85500422623101,-1.1010486133313906,moderate_drought,True
Hilmand,2002,3,18.240482651903463,57.77520714768643,-1.256016541151268,moderate_drought,True
Hilmand,2002,4,17.0098157907444,58.61814622771199,-0.482992630569386,near_normal,False
Hilmand,2002,5,1.448725786642537,36.6990242292904,-0.4215589322178996,near_normal,False
Hilmand,2002,6,0.0,18.45854157738694,0.5200054457956633,near_normal,False
Hilmand,2002,7,0.0,1.448725786642537,-1.0778746718411223,moderate_drought,True
Hilmand,2002,8,0.0086082304965753,0.0086082304965753,-0.8904681126274352,near_normal,False
Hilmand,2002,9,0.0,0.0086082304965753,-0.45871447141952193,near_normal,False
Hilmand,2002,10,0.0533000532927674,0.0619082837893427,-0.926717161596541,near_normal,False
Hilmand,2002,11,6.568099007381158,6.621399060673926,0.09440907769131553,near_normal,False
Hilmand,2002,12,24.42960801041046,31.051007071084385,0.9132097892377169,near_normal,False
Hilmand,2003,1,26.13992832096543,57.13763533875705,0.19047076424769616,near_normal,False
Hilmand,2003,2,30.6326201775966,81.2021565089725,0.11549016540010786,near_normal,False
Hilmand,2003,3,31.759878041895984,88.53242654045802,-0.10149585662954383,near_normal,False
Hilmand,2003,4,14.271428599564006,76.66392681905658,0.1643380670182702,near_normal,False
Hilmand,2003,5,1.7795833342101433,47.810889975670136,0.12265981961407069,near_normal,False
Hilmand,2003,6,0.0345495627673473,16.085561496541498,0.1735164286253902,near_normal,False
Hilmand,2003,7,0.62073048850366,2.4348633854811506,-0.43017124829126874,near_normal,False
Hilmand,2003,8,0.0,0.6552800512710073,1.1984638653561315,moderately_wet,False
Hilmand,2003,9,0.0,0.62073048850366,1.2173238477957569,moderately_wet,False
Hilmand,2003,10,0.0489784751138837,0.0489784751138837,-0.9972053892040077,near_normal,False
Hilmand,2003,11,6.592836970161142,6.641815445275025,0.09980516554048238,near_normal,False
Hilmand,2003,12,14.103775012260805,20.74559045753583,-0.35341842865936657,near_normal,False
Hilmand,2004,1,26.657213212457897,47.353825194879846,-0.33426389961336306,near_normal,False
Hilmand,2004,2,13.66160973381806,54.422597958536755,-1.1802437838131374,moderate_drought,True
Hilmand,2004,3,12.418344924237418,52.73716787051338,-1.4835435912154182,moderate_drought,True
Hilmand,2004,4,6.476404871368779,32.556359529424256,-1.7250126157124972,severe_drought,True
Hilmand,2004,5,0.8149969746691041,19.709746770275302,-1.5376648443187095,severe_drought,True
Hilmand,2004,6,0.0,7.291401846037884,-1.5466678697128933,severe_drought,True
Hilmand,2004,7,0.0,0.8149969746691041,-1.6952227473488974,severe_drought,True
Hilmand,2004,8,0.0012668675768742,0.0012668675768742,-1.2788381250921428,moderate_drought,True
Hilmand,2004,9,0.0551533766105215,0.0564202441873957,0.020732419284821113,near_normal,False
Hilmand,2004,10,0.3949676036947606,0.4513878478821563,-0.09008470802436636,near_normal,False
Hilmand,2004,11,2.639189279651012,3.089310259956294,-1.0927822197259722,moderate_drought,True
Hilmand,2004,12,41.70875705878812,44.742913942133896,2.2237543431560534,extremely_wet,False
Hilmand,2005,1,48.02634970202838,92.37429604046751,1.6955816239015566,very_wet,False
Hilmand,2005,2,38.00497358015412,127.74008034097062,1.8080300115156982,very_wet,False
Hilmand,2005,3,69.04016911367333,155.0714923958558,1.6856905836762923,very_wet,False
Hilmand,2005,4,8.154136390621588,115.19927908444903,1.2652950391976368,moderately_wet,False
Hilmand,2005,5,2.863689073481605,80.05799457777651,1.3334197991298635,moderately_wet,False
Hilmand,2005,6,0.0594720476971256,11.077297511800305,-0.6904295514016023,near_normal,False
Hilmand,2005,7,0.0,2.9231611211787167,-0.17708091294835182,near_normal,False
Hilmand,2005,8,0.0,0.05947204769711139,-0.261366641855948,near_normal,False
Hilmand,2005,9,0.0,0.0,-1.1243382315686392,moderate_drought,True
Hilmand,2005,10,0.0,0.0,-1.7116753065097285,severe_drought,True
Hilmand,2005,11,3.8387662777370615,3.8387662777370473,-0.7821291246151477,near_normal,False
Hilmand,2005,12,10.569763808922222,14.408530086659269,-1.363645810607765,moderate_drought,True
Hilmand,2006,1,38.30803652743894,52.716566614098205,-0.03851290752346009,near_normal,False
Hilmand,2006,2,28.74576718772264,77.6235675240838,-0.039016988454520014,near_normal,False
Hilmand,2006,3,19.71270194489367,86.76650566005523,-0.15962359870178222,near_normal,False
Hilmand,2006,4,9.728124897530448,58.18659403014674,-0.5000322673824087,near_normal,False
Hilmand,2006,5,0.6262275472150124,30.067054389639114,-0.8024340514516957,near_normal,False
Hilmand,2006,6,0.0,10.354352444745446,-0.8360679187573591,near_normal,False
Hilmand,2006,7,0.0074827897791649,0.6337103369941631,-1.9385385940855109,severe_drought,True
Hilmand,2006,8,0.1667867378114463,0.17426952759059697,0.256149677968801,near_normal,False
Hilmand,2006,9,0.0,0.17426952759059697,0.46335127506471296,near_normal,False
Hilmand,2006,10,0.4678898479220165,0.6346765857334485,0.11013817752604961,near_normal,False
Hilmand,2006,11,13.225260978435838,13.69315082635784,1.540331015925501,very_wet,False
Hilmand,2006,12,25.771439340303463,39.4645901666613,1.7539506717923912,very_wet,False
Hilmand,2007,1,23.330759814665203,62.327460133404486,0.444696121212874,near_normal,False
Hilmand,2007,2,51.35050624180128,100.45270539676993,0.8773067149800615,near_normal,False
Hilmand,2007,3,50.76807173248682,125.44933778895329,0.9687340330685854,near_normal,False
Hilmand,2007,4,9.866192194960435,111.98477016924852,1.183630102371176,moderately_wet,False
Hilmand,2007,5,1.3613547729068307,61.99561870035407,0.7058423097634211,near_normal,False
Hilmand,2007,6,0.5294005617204866,11.756947529587737,-0.5593585532006377,near_normal,False
Hilmand,2007,7,0.0,1.8907553346273032,-0.7579155939141584,near_normal,False
Hilmand,2007,8,0.0030387632105439,0.5324393249310162,1.0194073454902912,moderately_wet,False
Hilmand,2007,9,0.0,0.003038763210529689,-0.6365420356410377,near_normal,False
Hilmand,2007,10,0.0821858573834306,0.08522462059396028,-0.8223586423916588,near_normal,False
Hilmand,2007,11,4.361294338184691,4.443480195568108,-0.5613338534872705,near_normal,False
Hilmand,2007,12,15.56234713459338,20.005827330161488,-0.459364570693452,near_normal,False
Hilmand,2008,1,65.79702196767018,85.72066344044823,1.4443714285142477,moderately_wet,False
Hilmand,2008,2,15.73114082978842,97.09050993205196,0.7516586988456658,near_normal,False
Hilmand,2008,3,11.213235083362507,92.74139788082108,0.03398081614866065,near_normal,False
Hilmand,2008,4,11.135673761874171,38.08004967502508,-1.415074399151802,moderate_drought,True
Hilmand,2008,5,1.6764906729458997,24.025399518182564,-1.2042741542277735,moderate_drought,True
Hilmand,2008,6,0.0,12.812164434820057,-0.36575757738318776,near_normal,False
Hilmand,2008,7,0.008880414535648,1.6853710874815335,-0.8990543212319897,near_normal,False
Hilmand,2008,8,0.1479267718800694,0.15680718641570318,0.1976860275489986,near_normal,False
Hilmand,2008,9,0.0,0.15680718641570318,0.4147858251744961,near_normal,False
Hilmand,2008,10,0.0282205887684043,0.17614736064845948,-0.546369713138604,near_normal,False
Hilmand,2008,11,3.110077586415215,3.138298175183605,-1.0709317226119917,moderate_drought,True
Hilmand,2008,12,15.271753023920777,18.41005119910438,-0.6973053346621247,near_normal,False
Hilmand,2009,1,54.18753537237973,72.56936598271571,0.9081100714130717,near_normal,False
Hilmand,2009,2,17.72631773990011,87.18560613620059,0.36399777502551056,near_normal,False
Hilmand,2009,3,25.928640349942334,97.84249346222215,0.19277412157417942,near_normal,False
Hilmand,2009,4,18.86410203804843,62.51906012789086,-0.3327074847460962,near_normal,False
Hilmand,2009,5,5.419943062609649,50.2126854506004,0.22879666355948888,near_normal,False
Hilmand,2009,6,0.0066125994331968,24.29065770009126,1.262393247869673,moderately_wet,False
Hilmand,2009,7,0.0011068136316893,5.427662475674521,0.8008483792907816,near_normal,False
Hilmand,2009,8,0.0,0.007719413064871889,-0.917874828717524,near_normal,False
Hilmand,2009,9,0.0102089620844726,0.011315775716147688,-0.4032582410744819,near_normal,False
Hilmand,2009,10,0.0494252164109401,0.05963417849539849,-0.9383095613349828,near_normal,False
Hilmand,2009,11,2.6240504083785265,2.683684586873925,-1.2840034402194176,moderate_drought,True
Hilmand,2009,12,29.91659249217105,32.5900681169605,1.0771657657014455,moderately_wet,False
Hilmand,2010,1,19.34510966639948,51.885752566949044,-0.08296403423914593,near_normal,False
Hilmand,2010,2,37.70935553546638,86.97105769403689,0.35528612733741977,near_normal,False
Hilmand,2010,3,16.84921119928163,73.90367640114748,-0.6091970063738276,near_normal,False
Hilmand,2010,4,6.865164235054074,61.423730969802065,-0.3742468261850299,near_normal,False
Hilmand,2010,5,5.501867844054599,29.216243278390287,-0.8553805091290122,near_normal,False
Hilmand,2010,6,0.0062258910910287,12.373257970199688,-0.4449126745279902,near_normal,False
Hilmand,2010,7,0.0,5.508093735145614,0.8267009904167908,near_normal,False
Hilmand,2010,8,0.0400043174554043,0.046230208546418794,-0.36167182571368484,near_normal,False
Hilmand,2010,9,0.0,0.04000431745539009,-0.08666858526839208,near_normal,False
Hilmand,2010,10,4.031522966604935,4.071527284060324,1.7393656870103,very_wet,False
Hilmand,2010,11,0.3063389675390235,4.337861934143944,-0.5983189243426263,near_normal,False
Hilmand,2010,12,9.071581411731724,13.409443345875669,-1.5497091885150684,severe_drought,True
Hilmand,2011,1,16.1759687520217,25.553889131292433,-1.8540735948459601,severe_drought,True
Hilmand,2011,2,59.71666358818352,84.96421375193694,0.27310051509691374,near_normal,False
Hilmand,2011,3,22.3537383006639,98.2463706408691,0.20510861846664719,near_normal,False
Hilmand,2011,4,17.323769051746176,99.3941709405936,0.8482929410146214,near_normal,False
Hilmand,2011,5,1.589414465074288,41.266921817484345,-0.185940243097704,near_normal,False
Hilmand,2011,6,0.0,18.91318351682045,0.5829754891173635,near_normal,False
Hilmand,2011,7,0.0222968476681739,1.6117113127424478,-0.9526649231226018,near_normal,False
Hilmand,2011,8,0.0087920823860878,0.03108893005424749,-0.5069561445156383,near_normal,False
Hilmand,2011,9,0.0,0.03108893005424749,-0.15897551501164509,near_normal,False
Hilmand,2011,10,4.634868128939731,4.6436602113258045,1.9051353258738501,very_wet,False
Hilmand,2011,11,6.534956695166271,11.169824824105987,1.0968873028259376,moderately_wet,False
Hilmand,2011,12,8.440679274406483,19.61050409851247,-0.517072364028052,near_normal,False
Hilmand,2012,1,33.742582673207366,48.71821864278011,-0.25696258197594246,near_normal,False
Hilmand,2012,2,48.01109405931715,90.19435600693099,0.4846990721869908,near_normal,False
Hilmand,2012,3,14.25591672478054,96.00959345730504,0.13636698279387177,near_normal,False
Hilmand,2012,4,10.962685145733724,73.22969592983141,0.04972712436416383,near_normal,False
Hilmand,2012,5,3.186067094363884,28.40466896487814,-0.9068951809380557,near_normal,False
Hilmand,2012,6,0.0143649077667679,14.16311714786437,-0.1330987753533443,near_normal,False
Hilmand,2012,7,0.0,3.2004320021306447,-0.046087243453152134,near_normal,False
Hilmand,2012,8,8.468832715406461e-05,0.01444959609391486,-0.7499424847494192,near_normal,False
Hilmand,2012,9,0.0,8.468832714695918e-05,-0.9707416825136128,near_normal,False
Hilmand,2012,10,1.4609161093866012,1.4610007977137482,0.7065329828281849,near_normal,False
Hilmand,2012,11,5.728123432277273,7.189039541663867,0.24048155768027316,near_normal,False
Hilmand,2012,12,23.708204003811694,30.89724354547556,0.8965405839957395,near_normal,False
Hilmand,2013,1,15.762802304711546,45.1991297408005,-0.45946925110736153,near_normal,False
Hilmand,2013,2,39.8753756184469,79.34638192697014,0.03594696910552513,near_normal,False
Hilmand,2013,3,31.85451268583001,87.49269060898845,-0.13562490277619355,near_normal,False
Hilmand,2013,4,11.731066020013824,83.46095432429074,0.38147563334803564,near_normal,False
Hilmand,2013,5,1.473132622466084,45.05871132830991,-0.003435964121123786,near_normal,False
Hilmand,2013,6,0.0,13.2041986424799,-0.2965982548178938,near_normal,False
Hilmand,2013,7,0.0024016829157185,1.4755343053817953,-1.056604104609922,moderate_drought,True
Hilmand,2013,8,0.2130214939428805,0.21542317685859189,0.37963059848275593,near_normal,False
Hilmand,2013,9,0.0028450012259615,0.2182681780845534,0.5729099617912593,near_normal,False
Hilmand,2013,10,0.4983844131777393,0.7142509083465742,0.18478669299032013,near_normal,False
Hilmand,2013,11,11.012749631179314,11.513979045583008,1.1608924110875862,moderately_wet,False
Hilmand,2013,12,12.472358271748476,23.983492316105522,0.08251454252836894,near_normal,False
Hilmand,2014,1,34.841101003842034,58.32620890676982,0.2500047348794947,near_normal,False
Hilmand,2014,2,23.212492588269647,70.52595186386014,-0.3601912925517991,near_normal,False
Hilmand,2014,3,40.14042283725948,98.19401642937115,0.20351161447422159,near_normal,False
Hilmand,2014,4,12.79134440119216,76.14425982672128,0.14721820955891557,near_normal,False
Hilmand,2014,5,7.532038065060031,60.46380530351166,0.6474060745606914,near_normal,False
Hilmand,2014,6,0.0343920476005496,20.357774513852736,0.7766979689966289,near_normal,False
Hilmand,2014,7,0.0,7.566430112660574,1.4193338101862785,moderately_wet,False
Hilmand,2014,8,0.0,0.03439204760054249,-0.47136527787423566,near_normal,False
Hilmand,2014,9,0.0,0.0,-1.1243382315686392,moderate_drought,True
Hilmand,2014,10,0.767687090676307,0.7676870906762999,0.23182167238089274,near_normal,False
Hilmand,2014,11,3.363154183140735,4.130841273817035,-0.672670105821158,near_normal,False
Hilmand,2014,12,12.814354314181127,16.945195587998164,-0.9284537218074732,near_normal,False
Hilmand,2015,1,24.495334820955584,40.672843318277444,-0.7363441839537511,near_normal,False
Hilmand,2015,2,32.0499725738869,69.3596617090236,-0.4150224599887282,near_normal,False
Hilmand,2015,3,30.60466204956552,87.14996944440799,-0.14693428412892462,near_normal,False
Hilmand,2015,4,9.281448222515188,71.9360828459676,0.005624252637084176,near_normal,False
Hilmand,2015,5,5.125853609746703,45.011963881827405,-0.005621798997358803,near_normal,False
Hilmand,2015,6,0.0,14.407301832261883,-0.0926635853636182,near_normal,False
Hilmand,2015,7,0.0005982196349136,5.12645182938161,0.7017636611794521,near_normal,False
Hilmand,2015,8,0.0,0.0005982196349064946,-1.3840422057361583,moderate_drought,True
Hilmand,2015,9,0.0,0.0005982196349064946,-0.830846461562021,near_normal,False
Hilmand,2015,10,3.451002639779277,3.45100263977927,1.5432659110603568,very_wet,False
Hilmand,2015,11,6.033399338453244,9.484401978232514,0.7635769657145728,near_normal,False
Hilmand,2015,12,14.70861484837949,24.193016826612002,0.10932893793379049,near_normal,False
Hilmand,2016,1,19.099034050061658,39.84104823689439,-0.7894874412957094,near_normal,False
Hilmand,2016,2,11.868045549334902,45.675694447776046,-1.6981192342696034,severe_drought,True
Hilmand,2016,3,68.57080461376584,99.5378842131624,0.2443268631968195,near_normal,False
Hilmand,2016,4,13.46116693956494,93.90001710266569,0.6932713325915473,near_normal,False
Hilmand,2016,5,5.305306568830043,87.33727812216081,1.5604576265967463,very_wet,False
Hilmand,2016,6,0.0002105519697306,18.766684060364714,0.5627943856376074,near_normal,False
Hilmand,2016,7,0.029622774998018,5.335139895797792,0.770800722543866,near_normal,False
Hilmand,2016,8,0.0,0.0298333269677486,-0.5212296522566947,near_normal,False
Hilmand,2016,9,0.0,0.029622774998018,-0.17225401007077631,near_normal,False
Hilmand,2016,10,0.1954877775805393,0.1954877775805393,-0.5018382219186469,near_normal,False
Hilmand,2016,11,3.856938718414968,4.052426495995507,-0.7015110677730556,near_normal,False
Hilmand,2016,12,12.283792745126616,16.336219241122123,-1.0285902077775586,moderate_drought,True
Hilmand,2017,1,38.711184314383736,54.85191577792532,0.07362291475673408,near_normal,False
Hilmand,2017,2,49.884646939904265,100.87962399941462,0.8930628250583486,near_normal,False
Hilmand,2017,3,29.31913725803205,117.91496851232006,0.7691326730546564,near_normal,False
Hilmand,2017,4,5.206773851940977,84.4105580498773,0.41086682780485373,near_normal,False
Hilmand,2017,5,3.191901450017907,37.71781255999093,-0.3673497371071684,near_normal,False
Hilmand,2017,6,0.0,8.398675301958885,-1.2691170181802525,moderate_drought,True
Hilmand,2017,7,0.0,3.191901450017907,-0.04999995889498212,near_normal,False
Hilmand,2017,8,0.0,0.0,-1.7116753065097285,severe_drought,True
Hilmand,2017,9,0.0,0.0,-1.1243382315686392,moderate_drought,True
Hilmand,2017,10,0.0666459523197776,0.0666459523197776,-0.9034987797134815,near_normal,False
Hilmand,2017,11,7.390587825990026,7.457233778309804,0.3068294656533572,near_normal,False
Hilmand,2017,12,20.626086532250955,28.083320310560758,0.5813933716718013,near_normal,False
Hilmand,2018,1,10.89028710856142,38.9069614668024,-0.8500812481643262,near_normal,False
Hilmand,2018,2,27.594970406917653,59.11134404773003,-0.9260676387531445,near_normal,False
Hilmand,2018,3,25.083972774018523,63.5692302894976,-1.0108060483837502,moderate_drought,True
Hilmand,2018,4,10.98365718845028,63.66260036938645,-0.28986281111387285,near_normal,False
Hilmand,2018,5,6.274649395116004,42.34227935758481,-0.1330715732101147,near_normal,False
Hilmand,2018,6,0.0,17.258306583566284,0.3486988860366916,near_normal,False
Hilmand,2018,7,0.0,6.274649395116004,1.0617024275694522,moderately_wet,False
Hilmand,2018,8,0.1195584482404099,0.1195584482404099,0.05594372698971722,near_normal,False
Hilmand,2018,9,0.0,0.1195584482404099,0.29754735199350735,near_normal,False
Hilmand,2018,10,0.7438421035149968,0.8634005517554066,0.3108701532370222,near_normal,False
Hilmand,2018,11,7.995264601507717,8.739106705022714,0.6038652247282744,near_normal,False
Hilmand,2018,12,12.790147974621773,21.529254679644488,-0.2439327777569088,near_normal,False
Hilmand,2019,1,26.18252006756329,46.96793264369278,-0.3563996192643052,near_normal,False
Hilmand,2019,2,54.71527742475764,93.68794546694271,0.6215588058213061,near_normal,False
Hilmand,2019,3,107.42514697502271,188.32294446734363,2.3925217548121243,extremely_wet,False
Hilmand,2019,4,31.407674236395817,193.54809863617615,2.9223441470700875,extremely_wet,False
Hilmand,2019,5,7.475190231169956,146.30801144258848,3.0689562558074455,extremely_wet,False
Hilmand,2019,6,0.1226196689301044,39.00548413649589,2.729048833874864,extremely_wet,False
Hilmand,2019,7,0.0,7.597809900100074,1.4275217274752658,moderately_wet,False
Hilmand,2019,8,0.0010116187050829,0.12363128763520151,0.07282827848575231,near_normal,False
Hilmand,2019,9,0.0,0.0010116187050971108,-0.7773628869040644,near_normal,False
Hilmand,2019,10,1.3349810448784525,1.3359926635835495,0.6339800689303289,near_normal,False
Hilmand,2019,11,15.272345450402392,16.60732649528086,1.9923839263063698,very_wet,False
Hilmand,2019,12,19.49904022868328,36.10636672396414,1.4337495457606284,moderately_wet,False
Hilmand,2020,1,87.72434038232447,122.49572606141015,2.7082012748817252,extremely_wet,False
Hilmand,2020,2,29.01519773677936,136.23857834778713,2.0712914797491817,extremely_wet,False
Hilmand,2020,3,36.30278013777139,153.04231825687523,1.6395483499935624,very_wet,False
Hilmand,2020,4,20.91183851897279,86.22981639352355,0.46657028082882746,near_normal,False
Hilmand,2020,5,6.407243842508052,63.621862499252245,0.7668577109729017,near_normal,False
Hilmand,2020,6,0.3620969366781424,27.681179298158998,1.6418557339693307,very_wet,False
Hilmand,2020,7,0.6938453669554384,7.463186146141647,1.3922426257754204,moderately_wet,False
Hilmand,2020,8,0.0477013986160129,1.103643702249608,1.7184956599016719,very_wet,False
Hilmand,2020,9,0.1216768629226287,0.8632236284940944,1.4816934009793923,moderately_wet,False
Hilmand,2020,10,2.4385016675766376,2.6078799291152936,1.23949954016262,moderately_wet,False
Hilmand,2020,11,7.56457877650267,10.12475730700195,0.8944013188069516,near_normal,False
Hilmand,2020,12,15.228908535178492,25.231988979257814,0.24005702462194145,near_normal,False
Hilmand,2021,1,11.08183114404122,33.87531845572239,-1.1950103418036666,moderate_drought,True
Hilmand,2021,2,13.921897318420257,40.23263699763998,-2.056424701909116,extreme_drought,True
Hilmand,2021,3,19.453935283459643,44.45766374592113,-1.8931547572980865,severe_drought,True
Hilmand,2021,4,5.918526715685784,39.2943593175657,-1.35127428334082,moderate_drought,True
Hilmand,2021,5,6.795981356035933,32.168443355181374,-0.6759759867444328,near_normal,False
Hilmand,2021,6,0.0,12.714508071721731,-0.38320815853566725,near_normal,False
Hilmand,2021,7,0.5619078290129373,7.357889185048884,1.3643685241105583,moderately_wet,False
Hilmand,2021,8,0.0,0.5619078290129516,1.0645139114351703,moderately_wet,False
Hilmand,2021,9,0.0,0.5619078290129516,1.1442290652638047,moderately_wet,False
Hilmand,2021,10,0.0666471847736078,0.06664718477362201,-0.9034928937759479,near_normal,False
Hilmand,2021,11,1.521628320655921,1.588275505429543,-1.935839112765777,severe_drought,True
Hilmand,2021,12,13.71854418562124,15.306819691050784,-1.2038796664129863,moderate_drought,True
Hilmand,2022,1,45.936276040710176,61.17644854698735,0.3895600485500442,near_normal,False
Hilmand,2022,2,13.5008913919459,73.15571161827734,-0.2387627810776149,near_normal,False
Hilmand,2022,3,23.107709260143498,82.54487669279959,-0.30188502336670353,near_normal,False
Hilmand,2022,4,5.733182671689701,42.34178332377912,-1.1970541092261326,moderate_drought,True
Hilmand,2022,5,1.4832098551756585,30.324101787008875,-0.7866429300798927,near_normal,False
Hilmand,2022,6,0.0489295791533834,7.265322106018758,-1.5535548764313856,severe_drought,True
Hilmand,2022,7,1.6054397594576475,3.1375791937867037,-0.07508385982612925,near_normal,False
Hilmand,2022,8,0.0227279878325884,1.6770973264436335,2.225405739765422,extremely_wet,False
Hilmand,2022,9,0.3227206787469077,1.9508884260371577,2.319870035062723,extremely_wet,False
Hilmand,2022,10,0.0781508185085392,0.42359948508804945,-0.12511047548556592,near_normal,False
Hilmand,2022,11,4.864847181212129,5.26571867846759,-0.29233352568875454,near_normal,False
Hilmand,2022,12,12.959535794137052,17.902533793857735,-0.7759155593187869,near_normal,False
Hilmand,2023,1,32.69274763657174,50.51713061192093,-0.15724286583111824,near_normal,False
Hilmand,2023,2,19.15267581743173,64.80495924814053,-0.63533286449987,near_normal,False
Hilmand,2023,3,25.57392172580406,77.41934517980755,-0.48137142226806906,near_normal,False
Hilmand,2023,4,7.37352150088206,52.10011904411786,-0.7501243684585979,near_normal,False
Hilmand,2023,5,2.4697595545485025,35.417202781234636,-0.4912448456183398,near_normal,False
Hilmand,2023,6,0.0424596571131905,9.885740712543766,-0.9342642409235294,near_normal,False
Hilmand,2023,7,0.1016154138134156,2.613834625475123,-0.3336625091104184,near_normal,False
Hilmand,2023,8,0.0,0.1440750709266203,0.1521644390276756,near_normal,False
Hilmand,2023,9,0.0,0.10161541381342981,0.2320275961147618,near_normal,False
Hilmand,2023,10,1.4902348627812645,1.4902348627812787,0.7229222421253431,near_normal,False
Hilmand,2023,11,9.721284574093,11.211519436874278,1.1047081980741156,moderately_wet,False
Hilmand,2023,12,14.272963622068527,25.484483058942807,0.2712842037530418,near_normal,False
Hirat,2001,1,40.11987297622357,,,,False
Hirat,2001,2,23.38657048200939,,,,False
Hirat,2001,3,41.07844777711726,104.58489123535023,-1.1571730150799042,moderate_drought,True
Hirat,2001,4,26.59698610874512,91.06200436787176,-1.0775142833588016,moderate_drought,True
Hirat,2001,5,5.18654264118612,72.86197652704851,-0.62003176832805,near_normal,False
Hirat,2001,6,0.0184079453196333,31.801936695250873,-0.40227954956781153,near_normal,False
Hirat,2001,7,0.0075470399178239,5.212497626423578,-0.7700771706979149,near_normal,False
Hirat,2001,8,0.0006593193075694,0.026614304545026602,-0.7288115403373776,near_normal,False
Hirat,2001,9,0.0,0.008206359225393301,-0.5332489759732049,near_normal,False
Hirat,2001,10,3.831736077080972,3.8323953963885415,0.8509948746948909,near_normal,False
Hirat,2001,11,14.70770621899013,18.5394422960711,-0.31569852875703974,near_normal,False
Hirat,2001,12,40.40015214539255,58.939594441463655,0.49602685136168234,near_normal,False
Hirat,2002,1,47.55508543093355,102.66294379531624,0.5126830941830981,near_normal,False
Hirat,2002,2,39.92074555468532,127.87598313101142,0.018725586014447307,near_normal,False
Hirat,2002,3,36.3238929195028,123.79972390512168,-0.640219759731117,near_normal,False
Hirat,2002,4,58.48273141978246,134.72736989397058,-0.09043510325017615,near_normal,False
Hirat,2002,5,11.139554687363606,105.94617902664888,0.3095727885475691,near_normal,False
Hirat,2002,6,0.0183955549670578,69.64068166211312,1.2147473547901955,moderately_wet,False
Hirat,2002,7,0.0075551527541339,11.165505395084798,0.4406196995114109,near_normal,False
Hirat,2002,8,0.0,0.0259507077211917,-0.7457840755463795,near_normal,False
Hirat,2002,9,0.0,0.0075551527541339,-0.5690363929551057,near_normal,False
Hirat,2002,10,0.5493128014301324,0.5493128014301324,-0.863781198256473,near_normal,False
Hirat,2002,11,15.377605029109995,15.926917830540127,-0.6443475487954569,near_normal,False
Hirat,2002,12,65.91549803314317,81.8424158636833,1.474412756445111,moderately_wet,False
Hirat,2003,1,43.01713025518188,124.31023331743505,1.3757910571051624,moderately_wet,False
Hirat,2003,2,58.70831050457375,167.6409387928988,1.0390389731462026,moderately_wet,False
Hirat,2003,3,80.42612938771366,182.1515701474693,0.6556216684981307,near_normal,False
Hirat,2003,4,40.58275071122618,179.7171906035136,0.7207128526005597,near_normal,False
Hirat,2003,5,7.506983297030145,128.51586339597,0.8364933609356072,near_normal,False
Hirat,2003,6,0.0683441303893194,48.15807813864565,0.4002536262202719,near_normal,False
Hirat,2003,7,0.0075450100816957,7.582872437501161,-0.21101449624246754,near_normal,False
Hirat,2003,8,1.75765709469032e-06,0.07589089812810978,0.08867062066106575,near_normal,False
Hirat,2003,9,0.0,0.00754676773879039,-0.5695127440678289,near_normal,False
Hirat,2003,10,0.3772887592157056,0.3772905168728003,-1.1020219635333226,moderate_drought,True
Hirat,2003,11,19.895809914694485,20.27309867391019,-0.1146607837618333,near_normal,False
Hirat,2003,12,17.44253191639088,37.715630590301075,-0.6714226159696643,near_normal,False
Hirat,2004,1,69.82102198533534,107.1593638164207,0.7011595489577117,near_normal,False
Hirat,2004,2,27.62495783694565,114.88851173867187,-0.3599779636997283,near_normal,False
Hirat,2004,3,21.987935784729142,119.43391560701014,-0.7525816012152728,near_normal,False
Hirat,2004,4,25.29839106816463,74.91128468983942,-1.5264665814557326,severe_drought,True
Hirat,2004,5,5.375716139662759,52.66204299255653,-1.3416258968739703,moderate_drought,True
Hirat,2004,6,0.0141869191015905,30.68829412692898,-0.4663327994229445,near_normal,False
Hirat,2004,7,0.0075490363090213,5.397452095073371,-0.720721270712103,near_normal,False
Hirat,2004,8,0.0,0.021735955410611803,-0.8619849968522308,near_normal,False
Hirat,2004,9,0.0,0.0075490363090213,-0.5693838259443322,near_normal,False
Hirat,2004,10,0.4860728478924227,0.4860728478924227,-0.9436594833363721,near_normal,False
Hirat,2004,11,19.913451428095264,20.399524275987687,-0.10046144231476568,near_normal,False
Hirat,2004,12,54.51128676285358,74.91081103884127,1.1994607133272837,moderately_wet,False
Hirat,2005,1,31.127151942152143,105.551890133101,0.6343891873902422,near_normal,False
Hirat,2005,2,57.96444134333498,143.6028800483407,0.444361950579799,near_normal,False
Hirat,2005,3,74.82606420390033,163.91765748938747,0.2849914212919399,near_normal,False
Hirat,2005,4,9.549461204207326,142.33996675144266,0.05831666172460149,near_normal,False
Hirat,2005,5,12.732179450260135,97.1077048583678,0.08295380901973097,near_normal,False
Hirat,2005,6,0.2133193348207531,22.494959989288215,-0.9956381200459739,near_normal,False
Hirat,2005,7,0.0075500392953803,12.95304882437627,0.7140985384331332,near_normal,False
Hirat,2005,8,0.0,0.22086937411613342,1.2528758119386756,moderately_wet,False
Hirat,2005,9,0.0,0.0075500392953803,-0.569326838037255,near_normal,False
Hirat,2005,10,0.2693534423707376,0.2693534423707376,-1.2993574528925058,moderate_drought,True
Hirat,2005,11,16.96940825673416,17.238761699104895,-0.47506598929252425,near_normal,False
Hirat,2005,12,12.740682712244515,29.979444411349412,-1.2099107028748701,moderate_drought,True
Hirat,2006,1,56.10072593645433,85.810816905433,-0.24689897381646186,near_normal,False
Hirat,2006,2,36.323411315132375,105.16481996383123,-0.6628537462556128,near_normal,False
Hirat,2006,3,38.12550968616184,130.54964693774855,-0.4716798686120752,near_normal,False
Hirat,2006,4,25.084599877703184,99.53352087899741,-0.863945375435598,near_normal,False
Hirat,2006,5,2.133955650892326,65.34406521475735,-0.8701373905800746,near_normal,False
Hirat,2006,6,0.0141652318491628,27.23272076044467,-0.6758786255437884,near_normal,False
Hirat,2006,7,0.0075500350469701,2.1556709177884588,-1.8717510732181126,severe_drought,True
Hirat,2006,8,0.0,0.0217152668961329,-0.8625959254665567,near_normal,False
Hirat,2006,9,0.0002502823831576,0.0078003174301277,-0.5552889976499698,near_normal,False
Hirat,2006,10,1.945638385321261,1.9458886677044187,0.13378631401128893,near_normal,False
Hirat,2006,11,44.839316110984015,46.78520477868843,2.0950988486870776,extremely_wet,False
Hirat,2006,12,47.23576019271266,94.02071468901794,1.9234009518645938,very_wet,False
Hirat,2007,1,28.19942263889549,120.27449894259217,1.2228082843210264,moderately_wet,False
Hirat,2007,2,74.4525465896947,149.88772942130285,0.6058046552341158,near_normal,False
Hirat,2007,3,84.5251378174226,187.1771070460128,0.7534382369283067,near_normal,False
Hirat,2007,4,24.074097031840683,183.051781438958,0.7752152604026173,near_normal,False
Hirat,2007,5,5.3379353743585884,113.93717022362188,0.5039013810434123,near_normal,False
Hirat,2007,6,0.2652411465449421,29.677273552744214,-0.5258804412855725,near_normal,False
Hirat,2007,7,0.0075549931223829,5.610731514025914,-0.6652581513664648,near_normal,False
Hirat,2007,8,0.0,0.27279613966732497,1.5411470376641836,very_wet,False
Hirat,2007,9,0.0,0.0075549931223829,-0.5690454577184049,near_normal,False
Hirat,2007,10,0.3578646506752692,0.3578646506752692,-1.1339352749460754,moderate_drought,True
Hirat,2007,11,14.07297784414318,14.43084249481845,-0.8495408820927486,near_normal,False
Hirat,2007,12,38.47594922861333,52.90679172343178,0.19766996603056872,near_normal,False
Hirat,2008,1,47.9423104569854,100.49123752974191,0.41969420248365735,near_normal,False
Hirat,2008,2,26.91616138941559,113.33442107501432,-0.4071900901991162,near_normal,False
Hirat,2008,3,15.037793896794138,89.89626574319513,-1.5984886037018278,severe_drought,True
Hirat,2008,4,34.79795211503779,76.75190740124751,-1.4720664860798383,moderate_drought,True
Hirat,2008,5,5.195727579798699,55.03147359163062,-1.2479364840170857,moderate_drought,True
Hirat,2008,6,0.0142289921692748,40.00790868700576,0.028141197473549494,near_normal,False
Hirat,2008,7,0.007553501614054,5.2175100735820275,-0.7687234807369822,near_normal,False
Hirat,2008,8,0.0,0.0217824937833288,-0.8606123398185199,near_normal,False
Hirat,2008,9,0.0028807912200221,0.010434292834076101,-0.4255164984057032,near_normal,False
Hirat,2008,10,0.3582929424525093,0.3611737336725314,-1.128405226586059,moderate_drought,True
Hirat,2008,11,14.9333096341319,15.294483367804432,-0.7293932543029239,near_normal,False
Hirat,2008,12,39.83563076629889,55.1272333428833,0.3099847159916997,near_normal,False
Hirat,2009,1,62.85368140555591,117.62262180598671,1.120452034995241,moderately_wet,False
Hirat,2009,2,50.18379205966515,152.87310423151996,0.6809301196171748,near_normal,False
Hirat,2009,3,73.93754541432538,186.97501887954644,0.7495383268660244,near_normal,False
Hirat,2009,4,89.08661807320706,213.2079555471976,1.2410213657914757,moderately_wet,False
Hirat,2009,5,19.15462771250861,182.17879120004105,1.8839285157267307,very_wet,False
Hirat,2009,6,0.0246525568033389,108.26589834251901,2.3429974162074556,extremely_wet,False
Hirat,2009,7,0.0075545198992091,19.186834789211158,1.5108946929859428,very_wet,False
Hirat,2009,8,0.0,0.032207076702548,-0.59702126535933,near_normal,False
Hirat,2009,9,0.0265210800877702,0.0340755999869793,0.21007720268353344,near_normal,False
Hirat,2009,10,3.093361080687824,3.1198821607755938,0.6155553144668056,near_normal,False
Hirat,2009,11,23.491029741654238,26.61091190242983,0.5349156437820309,near_normal,False
Hirat,2009,12,46.91827318582855,73.50266400817061,1.1416194815062317,moderately_wet,False
Hirat,2010,1,31.558171812450755,101.96747473993354,0.4830471238088912,near_normal,False
Hirat,2010,2,66.90564218796919,145.3820871862485,0.49053132049868603,near_normal,False
Hirat,2010,3,52.086672718908616,150.55048671932855,-0.004482345947549204,near_normal,False
Hirat,2010,4,23.54618397202082,142.53849887889862,0.062123980366112615,near_normal,False
Hirat,2010,5,12.04027888100305,87.67313557193249,-0.1747166157215172,near_normal,False
Hirat,2010,6,0.0357960115993771,35.62225886462325,-0.19354345057522981,near_normal,False
Hirat,2010,7,0.0075545080804937,12.083629400682922,0.5844012542303312,near_normal,False
Hirat,2010,8,0.0,0.0433505196798708,-0.37802448817496853,near_normal,False
Hirat,2010,9,0.0,0.0075545080804937,-0.5690730019727164,near_normal,False
Hirat,2010,10,1.063089757332085,1.063089757332085,-0.3871541694247852,near_normal,False
Hirat,2010,11,6.689475751471684,7.752565508803769,-2.0123783833643376,extreme_drought,True
Hirat,2010,12,11.492107380269054,19.244672889072824,-2.1509066328014925,extreme_drought,True
Hirat,2011,1,29.084570722396883,47.26615385413762,-2.4803418530945507,extreme_drought,True
Hirat,2011,2,104.38649959196412,144.96317769463008,0.47969463127766215,near_normal,False
Hirat,2011,3,49.16438692098483,182.63545723534583,0.6651165978104624,near_normal,False
Hirat,2011,4,21.15656933958388,174.70745585253283,0.6375710233116649,near_normal,False
Hirat,2011,5,11.077169051985695,81.39812531255441,-0.3566167303689216,near_normal,False
Hirat,2011,6,0.0198847985240675,32.25362319009364,-0.37673773894309504,near_normal,False
Hirat,2011,7,0.0075484376447588,11.104602288154522,0.4308109819589596,near_normal,False
Hirat,2011,8,0.0,0.0274332361688263,-0.7082975288698776,near_normal,False
Hirat,2011,9,0.0,0.0075484376447588,-0.5694178438264097,near_normal,False
Hirat,2011,10,2.673619214974585,2.673619214974585,0.4495989208800706,near_normal,False
Hirat,2011,11,42.65616680811193,45.32978602308651,1.999029983232437,very_wet,False
Hirat,2011,12,9.413047806993344,54.74283383007986,0.2907587499735044,near_normal,False
Hirat,2012,1,38.83079665729512,90.90001127240038,-0.007760228975907086,near_normal,False
Hirat,2012,2,64.25432341701803,112.4981678813065,-0.432775773441645,near_normal,False
Hirat,2012,3,29.95926552500658,133.04438559931972,-0.4108833678605788,near_normal,False
Hirat,2012,4,34.26374378638679,128.4773327284114,-0.21683802087243176,near_normal,False
Hirat,2012,5,10.65618934634336,74.87919865773674,-0.5559586610961527,near_normal,False
Hirat,2012,6,0.0141927582023542,44.93412589093252,0.25848112966009834,near_normal,False
Hirat,2012,7,0.0075490368513715,10.677931141397101,0.3610770622067389,near_normal,False
Hirat,2012,8,0.0,0.02174179505373991,-0.8618126331017676,near_normal,False
Hirat,2012,9,0.0,0.0075490368513857105,-0.5693837951265375,near_normal,False
Hirat,2012,10,7.158091469270417,7.158091469270431,1.6853924065751171,very_wet,False
Hirat,2012,11,18.408013887454764,25.566105356725195,0.4354994312195767,near_normal,False
Hirat,2012,12,60.24983604893605,85.81594140566125,1.6253305609645992,very_wet,False
Hirat,2013,1,27.964780678020084,106.62263061441091,0.6789388868170536,near_normal,False
Hirat,2013,2,55.0390255528546,143.25364227981075,0.4352550896362644,near_normal,False
Hirat,2013,3,54.64107309842476,137.64487932929947,-0.3007584451321418,near_normal,False
Hirat,2013,4,23.843472355662016,133.52357100694138,-0.1144698161296378,near_normal,False
Hirat,2013,5,1.4624060730193047,79.9469515271061,-0.4000259193235848,near_normal,False
Hirat,2013,6,0.0208355080684872,25.326713936749822,-0.7994464339809725,near_normal,False
Hirat,2013,7,0.0081302503624002,1.4913718314502062,-2.2625433124705454,extreme_drought,True
Hirat,2013,8,0.0038306627375982,0.03279642116849981,-0.584150413727962,near_normal,False
Hirat,2013,9,0.0063457597839967,0.018306672884009313,-0.1481826209221153,near_normal,False
Hirat,2013,10,1.5252109563000866,1.5353873788216958,-0.08172937303580152,near_normal,False
Hirat,2013,11,19.579449084756355,21.111005800840452,-0.021636144211931496,near_normal,False
Hirat,2013,12,17.887076792831344,38.9917368338878,-0.5901219025623962,near_normal,False
Hirat,2014,1,33.63389286661264,71.10041874420035,-0.9968600880840135,near_normal,False
Hirat,2014,2,29.475734060300763,80.99670371974476,-1.509055558114182,severe_drought,True
Hirat,2014,3,74.72919004013744,137.83881696705086,-0.2961709115685166,near_normal,False
Hirat,2014,4,33.01360247557948,137.2185265760177,-0.04115132077118207,near_normal,False
Hirat,2014,5,16.5064146424358,124.24920715815273,0.7418328892565538,near_normal,False
Hirat,2014,6,0.170970994753197,49.690988112768494,0.46546606136083524,near_normal,False
Hirat,2014,7,0.0081302612997965,16.68551589848881,1.214581193800352,moderately_wet,False
Hirat,2014,8,0.0038192377331328,0.1829204937861405,1.0142358663497228,moderately_wet,False
Hirat,2014,9,0.0,0.011949499032943511,-0.36204403083967734,near_normal,False
Hirat,2014,10,1.5557600380937229,1.5595792758268698,-0.06798918125650846,near_normal,False
Hirat,2014,11,26.7460992189844,28.30185925707814,0.6905133404767372,near_normal,False
Hirat,2014,12,16.178533442953125,44.48039270003126,-0.2597363164522989,near_normal,False
Hirat,2015,1,43.76461531907009,86.68924798100763,-0.20495596620368714,near_normal,False
Hirat,2015,2,126.11966840574767,186.0628171677709,1.4579768442423666,moderately_wet,False
Hirat,2015,3,74.72921444242404,244.6134981672418,1.7663038750138558,very_wet,False
Hirat,2015,4,23.21598048946027,224.064863337632,1.39821506487295,moderately_wet,False
Hirat,2015,5,7.141912377461039,105.08710730934536,0.28811083664364046,near_normal,False
Hirat,2015,6,0.0166109131181359,30.37450378003946,-0.48466838643784693,near_normal,False
Hirat,2015,7,0.008130258407262,7.166653548986451,-0.29942477668548606,near_normal,False
Hirat,2015,8,0.0038192372811743,0.028560408806586408,-0.6807975442828094,near_normal,False
Hirat,2015,9,0.0,0.011949495688450511,-0.36204416395274724,near_normal,False
Hirat,2015,10,4.754317113808507,4.7581363510896955,1.118137170530582,moderately_wet,False
Hirat,2015,11,24.41457868062256,29.168895794431084,0.7679421056143739,near_normal,False
Hirat,2015,12,23.122730015271312,52.291625809702396,0.16600070412380077,near_normal,False
Hirat,2016,1,34.332600982461415,81.8699096783553,-0.43870328740565195,near_normal,False
Hirat,2016,2,18.22951262887548,75.68484362660821,-1.7178934671889492,severe_drought,True
Hirat,2016,3,86.44709480487275,139.00920841620965,-0.2685775234564489,near_normal,False
Hirat,2016,4,40.73992988006087,145.4165373138091,0.11692365435466094,near_normal,False
Hirat,2016,5,9.47118127123024,136.65820595616387,1.0116054930952463,moderately_wet,False
Hirat,2016,6,0.2327551499191821,50.443866301210306,0.49700979084128893,near_normal,False
Hirat,2016,7,0.008130258407262,9.712066679556697,0.19609495879081815,near_normal,False
Hirat,2016,8,0.0038192359252987,0.24470464425175703,1.389872799069497,moderately_wet,False
Hirat,2016,9,0.0,0.01194949433257491,-0.36204421791751584,near_normal,False
Hirat,2016,10,0.710564618482205,0.7143838544075178,-0.6838559377664576,near_normal,False
Hirat,2016,11,12.503903160607171,13.214467779089391,-1.0275262072185118,moderate_drought,True
Hirat,2016,12,21.774534868176392,34.989002647265785,-0.8516745717683832,near_normal,False
Hirat,2017,1,56.686707345597846,90.96514537438142,-0.004758375864462662,near_normal,False
Hirat,2017,2,130.35701953456922,208.81826174834345,1.9399302881322524,very_wet,False
Hirat,2017,3,63.967299693788256,251.01102657395535,1.869183573281429,very_wet,False
Hirat,2017,4,13.24652146035519,207.57084068871268,1.1573593582337645,moderately_wet,False
Hirat,2017,5,8.154781394316387,85.36860254845986,-0.24046602809821738,near_normal,False
Hirat,2017,6,0.0166109275808087,21.417913782252416,-1.0748235733264204,moderate_drought,True
Hirat,2017,7,0.0081302633788057,8.17952258527603,-0.0898706648375533,near_normal,False
Hirat,2017,8,0.0038192338462895,0.028560424805932322,-0.6807971597345617,near_normal,False
Hirat,2017,9,8.851441075494046e-05,0.012038011635878563,-0.3585310803512789,near_normal,False
Hirat,2017,10,0.7745222077155591,0.778429955972632,-0.622409375904198,near_normal,False
Hirat,2017,11,13.885210533693538,14.65982125581988,-0.817212011772119,near_normal,False
Hirat,2017,12,22.95144479797881,37.61117753938793,-0.678160147263915,near_normal,False
Hirat,2018,1,18.167177107197457,55.003832438869836,-1.9509928075249505,severe_drought,True
Hirat,2018,2,55.43673382159892,96.55535572677522,-0.9473297185995957,near_normal,False
Hirat,2018,3,61.585724694567936,135.18963562336435,-0.3592167591944449,near_normal,False
Hirat,2018,4,34.71626379823123,151.7387223143981,0.23481253928075546,near_normal,False
Hirat,2018,5,13.889246586998691,110.19123507979789,0.4139671934072161,near_normal,False
Hirat,2018,6,0.0166109014576059,48.62212128668756,0.42013755198198605,near_normal,False
Hirat,2018,7,0.0081302956486444,13.91398778410497,0.851015594107593,near_normal,False
Hirat,2018,8,0.0419703128381153,0.06671150994439402,-0.025811525440053273,near_normal,False
Hirat,2018,9,0.0371967906454892,0.08729739913227733,0.9012906123397642,near_normal,False
Hirat,2018,10,10.39318036657308,10.472347470056713,2.3024462758620166,extremely_wet,False
Hirat,2018,11,17.386075439420782,27.81645259663938,0.6464858048630955,near_normal,False
Hirat,2018,12,15.914295773126268,43.69355157912016,-0.3053354290341059,near_normal,False
Hirat,2019,1,57.66929734993447,90.96966856248154,-0.0045499677751193075,near_normal,False
Hirat,2019,2,108.05127689563471,181.6348700186955,1.3598306133251337,moderately_wet,False
Hirat,2019,3,83.56966646578569,249.2902407113549,1.841678168824724,very_wet,False
Hirat,2019,4,72.33693172427041,263.95787508569083,1.9371323366290736,very_wet,False
Hirat,2019,5,8.238924129164925,164.14552231922104,1.5571968665545273,very_wet,False
Hirat,2019,6,0.1858327702581167,80.76168862369349,1.573204143628423,very_wet,False
Hirat,2019,7,0.0081302500912251,8.432887149514295,-0.04023896812786488,near_normal,False
Hirat,2019,8,0.0038192352021651,0.19778225555153534,1.111093593521066,moderately_wet,False
Hirat,2019,9,0.0,0.011949485293418622,-0.3620445776821864,near_normal,False
Hirat,2019,10,6.894667202760852,6.8984864379630455,1.6303275955365129,very_wet,False
Hirat,2019,11,20.02341565811379,26.91808286087467,0.563653730813637,near_normal,False
Hirat,2019,12,22.840423907463844,49.75850676833851,0.03291054313416809,near_normal,False
Hirat,2020,1,77.64484771396191,120.50868727953957,1.23177633576665,moderately_wet,False
Hirat,2020,2,32.99450204082838,133.47977366225416,0.17418583465279977,near_normal,False
Hirat,2020,3,89.51966884863933,200.15901860342964,0.9983937458037407,near_normal,False
Hirat,2020,4,76.81733232057603,199.33150321004376,1.0323879454103755,moderately_wet,False
Hirat,2020,5,15.287330654016747,181.62433182323215,1.8741966043964013,very_wet,False
Hirat,2020,6,0.4561020622837642,92.56076503687657,1.920840723529667,very_wet,False
Hirat,2020,7,0.083064898409412,15.826497614709952,1.1063356575099532,moderately_wet,False
Hirat,2020,8,0.0038192587040084,0.542986219397213,2.668026901766543,extremely_wet,False
Hirat,2020,9,0.2333325795214552,0.320216736634904,2.3520842074397845,extremely_wet,False
Hirat,2020,10,2.254899331235664,2.4920511694611562,0.37681948397454135,near_normal,False
Hirat,2020,11,33.8467576472407,36.33498955799785,1.3570197218032019,moderately_wet,False
Hirat,2020,12,25.673161138703485,61.77481811717988,0.6292967778123283,near_normal,False
Hirat,2021,1,17.265648037164002,76.78556682310821,-0.6955848179258765,near_normal,False
Hirat,2021,2,30.08480193986301,73.02361111573052,-1.826382192576852,severe_drought,True
Hirat,2021,3,41.80021112747797,89.15066110450502,-1.6221886986901777,severe_drought,True
Hirat,2021,4,9.760108791502889,81.64512185884391,-1.3317716436593217,moderate_drought,True
Hirat,2021,5,23.10168246630949,74.66200238529038,-0.5628003823645852,near_normal,False
Hirat,2021,6,0.0166109129373525,32.87840217074976,-0.34180783252673463,near_normal,False
Hirat,2021,7,0.0081567115397396,23.126450090786612,1.9318567300424156,very_wet,False
Hirat,2021,8,0.0038199202808975,0.028587544758018023,-0.6801455555262654,near_normal,False
Hirat,2021,9,0.0,0.011976631820665523,-0.3609650619238502,near_normal,False
Hirat,2021,10,0.4956198347735125,0.49943975505443844,-0.926143129257652,near_normal,False
Hirat,2021,11,10.706828482857231,11.202448317630772,-1.3489498783092042,moderate_drought,True
Hirat,2021,12,23.773562906648056,34.97601122427883,-0.8525561484608853,near_normal,False
Hirat,2022,1,59.18836251203058,93.6687539015359,0.11859843188694948,near_normal,False
Hirat,2022,2,35.561463194792964,118.52338861347162,-0.25120875191419545,near_normal,False
Hirat,2022,3,31.202889381103315,125.95271508792689,-0.5857987717125537,near_normal,False
Hirat,2022,4,17.165954088323538,83.93030666421984,-1.2682650524546593,moderate_drought,True
Hirat,2022,5,4.801441213166868,53.170284682593746,-1.3212840231189884,moderate_drought,True
Hirat,2022,6,0.0476241747480453,22.01501947623848,-1.0305856258957133,moderate_drought,True
Hirat,2022,7,0.0082532897236825,4.857318677638624,-0.8684293861930181,near_normal,False
Hirat,2022,8,0.0038199201001141,0.05969738457187032,-0.1209022763256101,near_normal,False
Hirat,2022,9,0.4939998452738443,0.5060730550976693,3.082572348396535,extremely_wet,False
Hirat,2022,10,0.8144563895437492,1.312276154917736,-0.21621627657085044,near_normal,False
Hirat,2022,11,12.743295099287332,14.051751334104953,-0.903854121857194,near_normal,False
Hirat,2022,12,18.21998365608405,31.777735144915162,-1.0768450425529688,moderate_drought,True
Hirat,2023,1,32.321131812730904,63.28441056810232,-1.439183884319234,moderate_drought,True
Hirat,2023,2,44.2288326043918,94.76994807320679,-1.0084724380880228,moderate_drought,True
Hirat,2023,3,28.722772425477626,105.27273684260035,-1.13758859912106,moderate_drought,True
Hirat,2023,4,7.229390706703341,80.1809957365728,-1.3731169819885036,moderate_drought,True
Hirat,2023,5,5.36213321546216,41.314296347643165,-1.8370841875282797,severe_drought,True
Hirat,2023,6,0.0271161259655685,12.618640048131105,-1.862188033660643,severe_drought,True
Hirat,2023,7,0.0081289660770551,5.39737830750482,-0.7207407226444812,near_normal,False
Hirat,2023,8,0.0038208100064501,0.03906590204910923,-0.45674461364071156,near_normal,False
Hirat,2023,9,0.0,0.011949776083540727,-0.36203300413836165,near_normal,False
Hirat,2023,10,1.3871353994483466,1.3909562094548322,-0.16707608260581785,near_normal,False
Hirat,2023,11,22.14754493289,23.534680332338382,0.23423463946400055,near_normal,False
Hirat,2023,12,11.44091470098829,34.97559503332667,-0.852584394226212,near_normal,False
Jawzjan,2001,1,30.321321443307287,,,,False
Jawzjan,2001,2,27.67527792731312,,,,False
Jawzjan,2001,3,38.88236154151636,96.87896091213676,-1.0462968905119,moderate_drought,True
Jawzjan,2001,4,15.90995781495782,82.46759728378731,-1.262023643757193,moderate_drought,True
Jawzjan,2001,5,8.966911185728208,63.75923054220239,-1.0120842231911051,moderate_drought,True
Jawzjan,2001,6,0.0,24.87686900068603,-1.0258514144490132,moderate_drought,True
Jawzjan,2001,7,0.0,8.966911185728208,-0.37674025851851667,near_normal,False
Jawzjan,2001,8,0.0,0.0,-0.39119625818947174,near_normal,False
Jawzjan,2001,9,0.0,0.0,0.27592106310796005,near_normal,False
Jawzjan,2001,10,4.631075029206587,4.631075029206587,0.7886767710347483,near_normal,False
Jawzjan,2001,11,20.601941328749103,25.23301635795569,0.47687300637661334,near_normal,False
Jawzjan,2001,12,36.55862189888887,61.791638256844564,0.736116850510636,near_normal,False
Jawzjan,2002,1,39.90247860750074,97.06304183513872,0.4737918900472833,near_normal,False
Jawzjan,2002,2,51.22970952012503,127.69081002651464,0.34961599463549103,near_normal,False
Jawzjan,2002,3,44.65307029672288,135.78525842434865,0.08028763863454519,near_normal,False
Jawzjan,2002,4,70.35479258167814,166.23757239852605,0.9198864531765514,near_normal,False
Jawzjan,2002,5,20.50750391646545,135.51536679486648,1.257367959694844,moderately_wet,False
Jawzjan,2002,6,0.0914709968854629,90.95376749502906,1.7144677576569285,very_wet,False
Jawzjan,2002,7,0.0,20.59897491335091,0.7907187132564683,near_normal,False
Jawzjan,2002,8,0.0,0.0914709968854629,0.11521647013909521,near_normal,False
Jawzjan,2002,9,0.0,0.0,0.27592106310796005,near_normal,False
Jawzjan,2002,10,0.2022885409812654,0.2022885409812654,-1.1982851952069202,moderate_drought,True
Jawzjan,2002,11,10.588194090369113,10.790482631350379,-1.1257515399877973,moderate_drought,True
Jawzjan,2002,12,57.27071429858061,68.06119692993099,1.0249238050325002,moderately_wet,False
Jawzjan,2003,1,33.08131817480502,100.94022656375473,0.6044776831654962,near_normal,False
Jawzjan,2003,2,67.5116178999361,157.86365037332172,1.0334877843775496,moderately_wet,False
Jawzjan,2003,3,86.87676025401653,187.46969632875766,1.2815179258769018,moderately_wet,False
Jawzjan,2003,4,46.023722891676506,200.41210104562916,1.5944031902510567,very_wet,False
Jawzjan,2003,5,16.682806302838866,149.5832894485319,1.600284547802678,very_wet,False
Jawzjan,2003,6,0.5472744619794808,63.25380365649485,0.8215089438391747,near_normal,False
Jawzjan,2003,7,0.0,17.230080764818346,0.5119936022748851,near_normal,False
Jawzjan,2003,8,0.0,0.5472744619794808,0.8752400133794456,near_normal,False
Jawzjan,2003,9,0.0,0.0,0.27592106310796005,near_normal,False
Jawzjan,2003,10,1.2786014746182304,1.2786014746182304,-0.2322984760739296,near_normal,False
Jawzjan,2003,11,25.327758452976905,26.606359927595136,0.5923622193424745,near_normal,False
Jawzjan,2003,12,30.74284391262508,57.34920384022021,0.5196534628968676,near_normal,False
Jawzjan,2004,1,67.3436678894437,123.41427025504568,1.3036703315542417,moderately_wet,False
Jawzjan,2004,2,26.016706216160088,124.10321801822886,0.2614499236290616,near_normal,False
Jawzjan,2004,3,33.96678959228271,127.32716369788649,-0.1439778460877644,near_normal,False
Jawzjan,2004,4,31.533602114778603,91.5170979232214,-0.9683167215527282,near_normal,False
Jawzjan,2004,5,12.005387889113187,77.5057795961745,-0.477277074100403,near_normal,False
Jawzjan,2004,6,0.0,43.53899000389179,0.014224876088607905,near_normal,False
Jawzjan,2004,7,0.0,12.005387889113187,-0.002746915956608149,near_normal,False
Jawzjan,2004,8,0.0,0.0,-0.39119625818947174,near_normal,False
Jawzjan,2004,9,0.0,0.0,0.27592106310796005,near_normal,False
Jawzjan,2004,10,0.4723979927952383,0.4723979927952383,-0.802868693896616,near_normal,False
Jawzjan,2004,11,24.28953613666904,24.761934129464276,0.43630690390907834,near_normal,False
Jawzjan,2004,12,69.92331456019339,94.68524868965767,2.0897565357664063,extremely_wet,False
Jawzjan,2005,1,32.10730507050401,126.32015576736644,1.387838391926742,moderately_wet,False
Jawzjan,2005,2,41.29738188296631,143.3280015136637,0.715876163607132,near_normal,False
Jawzjan,2005,3,54.9167974942016,128.32148444767193,-0.11710594175644182,near_normal,False
Jawzjan,2005,4,15.98936366283544,112.20354304000335,-0.364809596010365,near_normal,False
Jawzjan,2005,5,22.87632533165413,93.78248648869118,0.07833066807220014,near_normal,False
Jawzjan,2005,6,1.5938777132354824,40.45956670772505,-0.13280993392635157,near_normal,False
Jawzjan,2005,7,0.0,24.47020304488961,1.0766779412833716,moderately_wet,False
Jawzjan,2005,8,0.0,1.5938777132354824,1.747811103729378,very_wet,False
Jawzjan,2005,9,0.0085071649475235,0.0085071649475235,0.5571185839865209,near_normal,False
Jawzjan,2005,10,0.0,0.0085071649475235,-2.286452353593909,extreme_drought,True
Jawzjan,2005,11,14.054682762698798,14.063189927646322,-0.671085593803121,near_normal,False
Jawzjan,2005,12,24.790518924735917,38.84520168743472,-0.5267152664000145,near_normal,False
Jawzjan,2006,1,71.94482006654083,110.79002175397554,0.9222717201579416,near_normal,False
Jawzjan,2006,2,59.95488441517046,156.69022340644722,1.0085743236393303,moderately_wet,False
Jawzjan,2006,3,51.2574909391335,183.1571954208448,1.1903063214014322,moderately_wet,False
Jawzjan,2006,4,25.099434271766828,136.3118096260708,0.25007315988202905,near_normal,False
Jawzjan,2006,5,0.8465848333675478,77.2035100442679,-0.4883098132558169,near_normal,False
Jawzjan,2006,6,0.0,25.94601910513439,-0.9537439040065627,near_normal,False
Jawzjan,2006,7,0.0,0.846584833367562,-2.531252048990483,extreme_drought,True
Jawzjan,2006,8,0.0,0.0,-0.39119625818947174,near_normal,False
Jawzjan,2006,9,0.0111323812104908,0.011132381210505011,0.5907310288070005,near_normal,False
Jawzjan,2006,10,3.721306163417164,3.732438544627669,0.5865087386466836,near_normal,False
Jawzjan,2006,11,28.00292017151218,31.73535871613985,0.9921380939449377,near_normal,False
Jawzjan,2006,12,38.061618921526446,69.7858452564558,1.101310512536604,moderately_wet,False
Jawzjan,2007,1,26.4118522638833,92.47639135692194,0.31465985082884435,near_normal,False
Jawzjan,2007,2,53.25415863246441,117.72762981787417,0.10049312620039184,near_normal,False
Jawzjan,2007,3,75.47721926249251,155.14323015884025,0.5606488663692024,near_normal,False
Jawzjan,2007,4,25.778987657489896,154.51036555244684,0.6676925790822008,near_normal,False
Jawzjan,2007,5,10.329859887035,111.58606680701742,0.6165589008128223,near_normal,False
Jawzjan,2007,6,1.0267228412344225,37.13557038575933,-0.3002724267290381,near_normal,False
Jawzjan,2007,7,0.0,11.356582728269435,-0.07662647123511221,near_normal,False
Jawzjan,2007,8,0.0,1.0267228412344367,1.3356031075226298,moderately_wet,False
Jawzjan,2007,9,0.0,0.0,0.27592106310796005,near_normal,False
Jawzjan,2007,10,0.1342770659558084,0.13427706595582262,-1.3680082288071163,moderate_drought,True
Jawzjan,2007,11,11.923331271287504,12.057608337243327,-0.9395636077203198,near_normal,False
Jawzjan,2007,12,46.73044976516462,58.788058102407945,0.590933665703194,near_normal,False
Jawzjan,2008,1,37.36861901141904,96.02240004787117,0.4381308990538334,near_normal,False
Jawzjan,2008,2,33.36145094553165,117.46051972211532,0.09362433147195592,near_normal,False
Jawzjan,2008,3,19.14743692500561,89.87750688195631,-1.280565921138109,moderate_drought,True
Jawzjan,2008,4,26.38209924100505,78.89098711154232,-1.384260517993674,moderate_drought,True
Jawzjan,2008,5,8.865367433697447,54.394903599708115,-1.4238364837044637,moderate_drought,True
Jawzjan,2008,6,0.0,35.24746667470251,-0.39997614819202315,near_normal,False
Jawzjan,2008,7,0.0,8.865367433697454,-0.3906609887803956,near_normal,False
Jawzjan,2008,8,0.0,0.0,-0.39119625818947174,near_normal,False
Jawzjan,2008,9,0.0268522694073945,0.026852269407401607,0.7338643123962362,near_normal,False
Jawzjan,2008,10,0.51345512329548,0.5403073927028816,-0.7336049900181957,near_normal,False
Jawzjan,2008,11,8.027854026362723,8.568161419065605,-1.493806278582509,moderate_drought,True
Jawzjan,2008,12,26.1061911912689,34.64750034092711,-0.8095957366888562,near_normal,False
Jawzjan,2009,1,48.09745919468739,82.23150441231903,-0.060754216663971676,near_normal,False
Jawzjan,2009,2,52.98949691826679,127.19314730422309,0.33748474990438476,near_normal,False
Jawzjan,2009,3,51.76146107633064,152.84841718928482,0.5058574763349794,near_normal,False
Jawzjan,2009,4,75.65448728299722,180.40544527759465,1.2095202616380238,moderately_wet,False
Jawzjan,2009,5,28.49769886256689,155.91364722189476,1.7478362901783902,very_wet,False
Jawzjan,2009,6,0.0090127244093676,104.16119886997348,2.0794233824472874,extremely_wet,False
Jawzjan,2009,7,0.0,28.506711586976255,1.3455795773490744,moderately_wet,False
Jawzjan,2009,8,0.0,0.0090127244093676,-0.2481016268286683,near_normal,False
Jawzjan,2009,9,0.0547725947515468,0.0547725947515468,0.900676970943376,near_normal,False
Jawzjan,2009,10,2.03983365814549,2.094606252897037,0.11169390531435784,near_normal,False
Jawzjan,2009,11,22.56721598705393,24.66182223995097,0.4276205738395414,near_normal,False
Jawzjan,2009,12,35.2322158979708,59.839265543170214,0.6422878117446998,near_normal,False
Jawzjan,2010,1,35.05494272955735,92.85437461458207,0.32796886500109773,near_normal,False
Jawzjan,2010,2,82.56041308735792,152.84757171488604,0.9261286582641219,near_normal,False
Jawzjan,2010,3,46.1362325139774,163.75158833089264,0.7615509237001779,near_normal,False
Jawzjan,2010,4,34.63142457674717,163.32807017808247,0.8584330322768109,near_normal,False
Jawzjan,2010,5,27.631230993457734,108.39888808418229,0.5246131370897248,near_normal,False
Jawzjan,2010,6,0.0630758128210044,62.3257313830259,0.787558951589018,near_normal,False
Jawzjan,2010,7,0.0,27.694306806278725,1.2934929168368139,moderately_wet,False
Jawzjan,2010,8,0.0,0.06307581282099019,0.02442904837798157,near_normal,False
Jawzjan,2010,9,0.0,0.0,0.27592106310796005,near_normal,False
Jawzjan,2010,10,1.3568216440174734,1.3568216440174592,-0.19344049311779385,near_normal,False
Jawzjan,2010,11,5.243446623634449,6.6002682676519075,-1.882701336891934,severe_drought,True
Jawzjan,2010,12,10.008281242267673,16.60854950991958,-2.413315033204823,extreme_drought,True
Jawzjan,2011,1,25.31939473028892,40.571122596191024,-2.0452058132416195,extreme_drought,True
Jawzjan,2011,2,61.51421937366403,96.84189534622061,-0.47169284903450803,near_normal,False
Jawzjan,2011,3,28.731990001845528,115.56560410579846,-0.4731104616604734,near_normal,False
Jawzjan,2011,4,23.375673467843196,113.62188284335274,-0.3263011070357153,near_normal,False
Jawzjan,2011,5,14.17450581033748,66.2821692800262,-0.9083860519941588,near_normal,False
Jawzjan,2011,6,0.3819370072397089,37.93211628542037,-0.2592444562111418,near_normal,False
Jawzjan,2011,7,0.0,14.556442817577175,0.26404728089000384,near_normal,False
Jawzjan,2011,8,0.0,0.3819370072396947,0.6668079834733939,near_normal,False
Jawzjan,2011,9,0.0,0.0,0.27592106310796005,near_normal,False
Jawzjan,2011,10,3.296612569244308,3.2966125692442936,0.4767589279787061,near_normal,False
Jawzjan,2011,11,49.96963650684517,53.266249076089466,2.3248192425401997,extremely_wet,False
Jawzjan,2011,12,17.77613639599332,71.04238547208278,1.1561968763629773,moderately_wet,False
Jawzjan,2012,1,33.5115967972334,101.25736970007188,0.6150200517167642,near_normal,False
Jawzjan,2012,2,39.67393421297256,90.96166740619927,-0.6476761099517154,near_normal,False
Jawzjan,2012,3,51.620079409483765,124.80561041968971,-0.21276092470017707,near_normal,False
Jawzjan,2012,4,34.384256818324275,125.67827044078058,-0.011336895602819684,near_normal,False
Jawzjan,2012,5,30.6241225645752,116.62845879238323,0.7585619206488173,near_normal,False
Jawzjan,2012,6,0.0,65.00837938289946,0.8848193029456566,near_normal,False
Jawzjan,2012,7,0.0,30.624122564575185,1.4770962150965656,moderately_wet,False
Jawzjan,2012,8,0.0,0.0,-0.39119625818947174,near_normal,False
Jawzjan,2012,9,0.0,0.0,0.27592106310796005,near_normal,False
Jawzjan,2012,10,5.220458891109252,5.220458891109238,0.9077694295949821,near_normal,False
Jawzjan,2012,11,19.975950684614663,25.1964095757239,0.47373867732353875,near_normal,False
Jawzjan,2012,12,32.05368718842568,57.250096764149575,0.5147005913977875,near_normal,False
Jawzjan,2013,1,40.50978053249955,92.53941840553988,0.3168815731193729,near_normal,False
Jawzjan,2013,2,36.79307894672392,109.35654666764913,-0.11993188682271567,near_normal,False
Jawzjan,2013,3,41.36391772384236,118.6667772030658,-0.3842152408816476,near_normal,False
Jawzjan,2013,4,43.92847196810286,122.08546863866913,-0.10299171363719672,near_normal,False
Jawzjan,2013,5,0.6035059586316252,85.89589565057683,-0.18200882711275798,near_normal,False
Jawzjan,2013,6,0.1470177877437444,44.67899571447822,0.06688195048223704,near_normal,False
Jawzjan,2013,7,0.0,0.7505237463753553,-2.6141412474756445,extreme_drought,True
Jawzjan,2013,8,3.821385032795646e-05,0.14705600159405816,0.25830685213886784,near_normal,False
Jawzjan,2013,9,0.0,3.8213850313745605e-05,0.3071078002037225,near_normal,False
Jawzjan,2013,10,5.106876931311662,5.106915145161976,0.885523076320923,near_normal,False
Jawzjan,2013,11,8.75492341218965,13.861800343501297,-0.6967915990433388,near_normal,False
Jawzjan,2013,12,30.995845772266996,44.85764611576829,-0.15572412562697813,near_normal,False
Jawzjan,2014,1,30.967386305403647,70.71815548986028,-0.5221874514544972,near_normal,False
Jawzjan,2014,2,34.561552709445046,96.52478478711566,-0.48099525038559743,near_normal,False
Jawzjan,2014,3,58.63279723962951,124.1617362544782,-0.23047388598941965,near_normal,False
Jawzjan,2014,4,25.118443057899366,118.3127930069739,-0.20120324401465328,near_normal,False
Jawzjan,2014,5,12.037537801457074,95.78877809898593,0.1422060346297323,near_normal,False
Jawzjan,2014,6,0.7026702156890425,37.858651075045465,-0.26300380545018015,near_normal,False
Jawzjan,2014,7,0.0,12.740208017146102,0.07772769213043522,near_normal,False
Jawzjan,2014,8,0.0,0.7026702156890283,1.0421384791059678,moderately_wet,False
Jawzjan,2014,9,0.0,0.0,0.27592106310796005,near_normal,False
Jawzjan,2014,10,3.4245033251250616,3.4245033251250474,0.5099139982869667,near_normal,False
Jawzjan,2014,11,23.31013634426971,26.73463966939476,0.6029480065997206,near_normal,False
Jawzjan,2014,12,15.004846035793117,41.739485705187874,-0.3436128375904897,near_normal,False
Jawzjan,2015,1,41.84015246666441,80.15513484672722,-0.14060173506909332,near_normal,False
Jawzjan,2015,2,86.74115579064298,143.5861542931005,0.7216965820032638,near_normal,False
Jawzjan,2015,3,50.49741838197225,179.07872663927964,1.1027502971283143,moderately_wet,False
Jawzjan,2015,4,16.950159125196883,154.18873329781212,0.660601659873205,near_normal,False
Jawzjan,2015,5,11.380931950120193,78.82850945728933,-0.4293380542745698,near_normal,False
Jawzjan,2015,6,0.0,28.331091075317076,-0.800077814032633,near_normal,False
Jawzjan,2015,7,0.0,11.380931950120193,-0.07380266594089309,near_normal,False
Jawzjan,2015,8,0.0,0.0,-0.39119625818947174,near_normal,False
Jawzjan,2015,9,0.1214727658085791,0.1214727658085791,1.168449933948743,moderately_wet,False
Jawzjan,2015,10,4.77394344357027,4.895416209378849,0.8432257487542935,near_normal,False
Jawzjan,2015,11,31.6597664720848,36.55518268146365,1.3312907312213014,moderately_wet,False
Jawzjan,2015,12,14.467211707468769,50.90092162312384,0.1848076645749116,near_normal,False
Jawzjan,2016,1,46.58686564300599,92.71384382255957,0.32302489496826925,near_normal,False
Jawzjan,2016,2,13.339437415622337,74.3935147660971,-1.1895996868835828,moderate_drought,True
Jawzjan,2016,3,62.23498534990773,122.16128840853605,-0.2859032249185233,near_normal,False
Jawzjan,2016,4,30.917384704222,106.49180746975206,-0.523304655130491,near_normal,False
Jawzjan,2016,5,10.878127728736676,104.0304977828664,0.39564733401274976,near_normal,False
Jawzjan,2016,6,0.6958349926590034,42.491347425617676,-0.03498819338488245,near_normal,False
Jawzjan,2016,7,0.0,11.573962721395679,-0.05156095248313195,near_normal,False
Jawzjan,2016,8,0.0,0.6958349926590034,1.0352389384658132,moderately_wet,False
Jawzjan,2016,9,0.0,0.0,0.27592106310796005,near_normal,False
Jawzjan,2016,10,0.1409054822744391,0.1409054822744391,-1.3486600057300258,moderate_drought,True
Jawzjan,2016,11,14.25423595267368,14.395141434948119,-0.6292646619590893,near_normal,False
Jawzjan,2016,12,30.79052652805699,45.18566796300511,-0.13647646598888533,near_normal,False
Jawzjan,2017,1,38.81834569301279,83.86310817374346,0.0010471170348818422,near_normal,False
Jawzjan,2017,2,127.26875464644864,196.87762686751842,1.801485746166058,very_wet,False
Jawzjan,2017,3,46.04989359772258,212.136993937184,1.77875256785682,very_wet,False
Jawzjan,2017,4,20.2449964632302,193.56364470740144,1.4655683224001272,moderately_wet,False
Jawzjan,2017,5,10.941609492898264,77.23649955385105,-0.48710428408398454,near_normal,False
Jawzjan,2017,6,0.0051764105722011,31.191782366700668,-0.6272145019016399,near_normal,False
Jawzjan,2017,7,0.0,10.946785903470465,-0.12478312572214746,near_normal,False
Jawzjan,2017,8,0.0,0.0051764105722011,-0.28634639215510366,near_normal,False
Jawzjan,2017,9,0.0,0.0,0.27592106310796005,near_normal,False
Jawzjan,2017,10,1.5526609050380198,1.5526609050380198,-0.10277460827096431,near_normal,False
Jawzjan,2017,11,12.150042236568863,13.702703141606882,-0.7172828603733571,near_normal,False
Jawzjan,2017,12,13.753096363003763,27.455799504610646,-1.3550017723054233,moderate_drought,True
Jawzjan,2018,1,12.995798033967416,38.89893663354004,-2.150558698612717,extreme_drought,True
Jawzjan,2018,2,36.76419194457306,63.51308634154424,-1.5928309615932692,severe_drought,True
Jawzjan,2018,3,46.325779762228535,96.08576974076901,-1.0722399553365334,moderate_drought,True
Jawzjan,2018,4,17.695680512835775,100.78565221963737,-0.6875118611481421,near_normal,False
Jawzjan,2018,5,12.368082756658088,76.3895430317224,-0.5181658203624171,near_normal,False
Jawzjan,2018,6,0.0,30.06376326949386,-0.694009785272278,near_normal,False
Jawzjan,2018,7,0.0,12.368082756658088,0.037378114860318584,near_normal,False
Jawzjan,2018,8,0.0102983878470049,0.0102983878470049,-0.2370454167440457,near_normal,False
Jawzjan,2018,9,0.0160602546449654,0.0263586424919703,0.7302196954010081,near_normal,False
Jawzjan,2018,10,15.069779185039094,15.096137827531065,2.2387533873635763,extremely_wet,False
Jawzjan,2018,11,20.913091272593466,35.99893071227753,1.2936722500218791,moderately_wet,False
Jawzjan,2018,12,20.64533502655424,56.6282054841868,0.48349187121280446,near_normal,False
Jawzjan,2019,1,93.17573742157406,134.73416372072177,1.624713229480821,very_wet,False
Jawzjan,2019,2,79.44745669991136,193.26852914803965,1.734797572862937,very_wet,False
Jawzjan,2019,3,59.88036973327799,232.5035638547634,2.1619342803622246,extremely_wet,False
Jawzjan,2019,4,77.7878438975347,217.11567033072402,1.8972018300679645,very_wet,False
Jawzjan,2019,5,6.805378502466899,144.47359213327957,1.4782350680781622,moderately_wet,False
Jawzjan,2019,6,1.0741641864756,85.66738658647718,1.559046052609048,very_wet,False
Jawzjan,2019,7,0.0,7.879542688942485,-0.531972516973725,near_normal,False
Jawzjan,2019,8,0.0,1.0741641864755858,1.374143821900588,moderately_wet,False
Jawzjan,2019,9,0.0,0.0,0.27592106310796005,near_normal,False
Jawzjan,2019,10,5.519861682310686,5.519861682310672,0.9649897371963048,near_normal,False
Jawzjan,2019,11,16.985609850872354,22.505471533183027,0.2345736687007099,near_normal,False
Jawzjan,2019,12,21.96955436327258,44.475025896455605,-0.1782955287420486,near_normal,False
Jawzjan,2020,1,40.36672733474997,79.32189154889488,-0.173034625201573,near_normal,False
Jawzjan,2020,2,42.55951783642757,104.8957995344501,-0.2420418143955367,near_normal,False
Jawzjan,2020,3,35.64956988787738,118.57581505905489,-0.38680020665860004,near_normal,False
Jawzjan,2020,4,55.60059471079878,133.8096824351037,0.18981917611742014,near_normal,False
Jawzjan,2020,5,24.587371474025225,115.83753607270137,0.7365581426807304,near_normal,False
Jawzjan,2020,6,0.6057731129106266,80.79373929773463,1.4102794228608544,moderately_wet,False
Jawzjan,2020,7,0.1835830645387651,25.376727651474603,1.1393844570265619,moderately_wet,False
Jawzjan,2020,8,0.0,0.7893561774493776,1.126706744276387,moderately_wet,False
Jawzjan,2020,9,0.2138613446120483,0.3974444091507992,1.8270871290076496,very_wet,False
Jawzjan,2020,10,2.632368550104696,2.84622989471673,0.35264411617298463,near_normal,False
Jawzjan,2020,11,14.643949652554092,17.49017954727082,-0.26800558409783687,near_normal,False
Jawzjan,2020,12,32.02367975427217,49.299997956930945,0.09735205897370441,near_normal,False
Jawzjan,2021,1,10.216169835505688,56.88379924233194,-1.1500196154856188,moderate_drought,True
Jawzjan,2021,2,15.733178459960529,57.973028049738375,-1.817038191936627,severe_drought,True
Jawzjan,2021,3,61.5640013525977,87.5133496480639,-1.362507554377447,moderate_drought,True
Jawzjan,2021,4,12.59046183450503,89.88764164706323,-1.0196751411172202,moderate_drought,True
Jawzjan,2021,5,9.432810540988015,83.58727372809072,-0.26123908446728156,near_normal,False
Jawzjan,2021,6,0.0,22.02327237549303,-1.2296546429328383,moderate_drought,True
Jawzjan,2021,7,0.0,9.432810540988001,-0.3142367867938269,near_normal,False
Jawzjan,2021,8,0.0,0.0,-0.39119625818947174,near_normal,False
Jawzjan,2021,9,0.0,0.0,0.27592106310796005,near_normal,False
Jawzjan,2021,10,0.2315577334279031,0.23155773342788888,-1.1395692774901942,moderate_drought,True
Jawzjan,2021,11,10.679474374443895,10.911032107871785,-1.1073947013444805,moderate_drought,True
Jawzjan,2021,12,13.33237512117709,24.243407229048877,-1.6313939498610903,severe_drought,True
Jawzjan,2022,1,35.07935322826531,59.09120272388628,-1.0432951126309031,moderate_drought,True
Jawzjan,2022,2,18.89331642193549,67.30504477137788,-1.4471829614243863,moderate_drought,True
Jawzjan,2022,3,48.24842811439759,102.2210977645984,-0.8752549901954967,near_normal,False
Jawzjan,2022,4,12.986406859616617,80.12815139594969,-1.3415510596528122,moderate_drought,True
Jawzjan,2022,5,11.176516887361275,72.41135186137548,-0.6672825076495654,near_normal,False
Jawzjan,2022,6,0.0234659639627697,24.186389710940656,-1.073585853293867,moderate_drought,True
Jawzjan,2022,7,0.0,11.199982851324037,-0.09488685889706196,near_normal,False
Jawzjan,2022,8,0.0,0.023465963962762595,-0.14803071537884754,near_normal,False
Jawzjan,2022,9,0.508796867512141,0.5087968675121339,2.0222433149948857,extremely_wet,False
Jawzjan,2022,10,2.9983762193639696,3.5071730868761035,0.5309101891955429,near_normal,False
Jawzjan,2022,11,23.480650781040712,26.987823867916816,0.6237437734618476,near_normal,False
Jawzjan,2022,12,14.135817174055934,40.61484417446061,-0.41370559193416717,near_normal,False
Jawzjan,2023,1,15.624052278483047,53.24052023357969,-1.3326091879911837,moderate_drought,True
Jawzjan,2023,2,48.008947695161545,77.76881714770052,-1.0729110376669693,moderate_drought,True
Jawzjan,2023,3,17.931972953519516,81.5649729271641,-1.5756917850838303,severe_drought,True
Jawzjan,2023,4,8.687059262527686,74.62797991120874,-1.5350996911613972,severe_drought,True
Jawzjan,2023,5,8.43346452030963,35.05249673635683,-2.4669005149557712,extreme_drought,True
Jawzjan,2023,6,0.0,17.120523782837317,-1.6289502853228388,severe_drought,True
Jawzjan,2023,7,0.0,8.43346452030963,-0.4511442946468404,near_normal,False
Jawzjan,2023,8,0.0,0.0,-0.39119625818947174,near_normal,False
Jawzjan,2023,9,0.0,0.0,0.27592106310796005,near_normal,False
Jawzjan,2023,10,3.2590583493817857,3.2590583493817857,0.466860867036362,near_normal,False
Jawzjan,2023,11,13.838734539731623,17.09779288911341,-0.31125004701807935,near_normal,False
Jawzjan,2023,12,13.007501426944676,30.105294316058085,-1.1436558523466083,moderate_drought,True
Kabul,2001,1,13.658982616288872,,,,False
Kabul,2001,2,18.582179164201374,,,,False
Kabul,2001,3,89.79423319111316,122.03539497160341,-1.6182598628093732,severe_drought,True
Kabul,2001,4,64.96508265243837,173.3414950077529,-0.8887956374022163,near_normal,False
Kabul,2001,5,20.21296316960032,174.97227901315185,-0.06454975227355277,near_normal,False
Kabul,2001,6,3.96169741348419,89.13974323552289,-0.08240249951322869,near_normal,False
Kabul,2001,7,5.08291674962828,29.257577332712792,-0.2510643912309248,near_normal,False
Kabul,2001,8,0.4888228360249271,9.533436999137397,-0.06063366492148319,near_normal,False
Kabul,2001,9,0.4174816843118892,5.989221269965096,-0.37169160320656824,near_normal,False
Kabul,2001,10,4.297672613155973,5.2039771334927885,-0.6911191738514696,near_normal,False
Kabul,2001,11,10.96273100925526,15.67788530672312,-0.962527017129031,near_normal,False
Kabul,2001,12,22.702501522006564,37.962905144417796,-0.6656717847000913,near_normal,False
Kabul,2002,1,22.37536202711916,56.04059455838098,-1.2507643439622307,moderate_drought,True
Kabul,2002,2,92.21894169031528,137.296805239441,-0.1261353722558516,near_normal,False
Kabul,2002,3,90.71974811538034,205.31405183281476,-0.05447015101979476,near_normal,False
Kabul,2002,4,117.54034644724356,300.4790362529392,0.8671054417086492,near_normal,False
Kabul,2002,5,12.781758025728882,221.04185258835278,0.6211457740673898,near_normal,False
Kabul,2002,6,3.2509998312628188,133.57310430423527,1.132822263265168,moderately_wet,False
Kabul,2002,7,2.755497237788988,18.788255094780688,-1.0990779742695445,moderate_drought,True
Kabul,2002,8,0.789792981092331,6.796290050144138,-0.6935267516244457,near_normal,False
Kabul,2002,9,0.5385202220553106,4.08381044093663,-0.933849654901792,near_normal,False
Kabul,2002,10,3.5364090555201395,4.864722258667781,-0.766793830308921,near_normal,False
Kabul,2002,11,17.917652300312213,21.992581577887663,-0.4586094308451539,near_normal,False
Kabul,2002,12,32.67525048109413,54.12931183692648,0.03893367339789056,near_normal,False
Kabul,2003,1,32.592602666930155,83.1855054483365,-0.21400078381327353,near_normal,False
Kabul,2003,2,88.38746235650447,153.65531550452874,0.16357526810617032,near_normal,False
Kabul,2003,3,113.57137525438822,234.55144027782285,0.38983375464516606,near_normal,False
Kabul,2003,4,70.84061818684303,272.79945579773573,0.5348278172774793,near_normal,False
Kabul,2003,5,19.77955198298481,204.19154542421603,0.38244018149598974,near_normal,False
Kabul,2003,6,0.8105132888076328,91.43068345863547,-0.010933512383070977,near_normal,False
Kabul,2003,7,5.046091001715661,25.636156273508103,-0.5163957923626459,near_normal,False
Kabul,2003,8,0.5612370162412422,6.417841306764537,-0.7942042523879944,near_normal,False
Kabul,2003,9,0.3486436672952626,5.955971685252166,-0.3803438453351023,near_normal,False
Kabul,2003,10,5.151937664628574,6.061818348165079,-0.5142557652693162,near_normal,False
Kabul,2003,11,33.00214212658941,38.502723458513245,0.5026440389946962,near_normal,False
Kabul,2003,12,22.7568974918438,60.91097728306179,0.2919880311424685,near_normal,False
Kabul,2004,1,49.05087349595958,104.8099131143928,0.45688160735161887,near_normal,False
Kabul,2004,2,53.07168938137776,124.87946036918115,-0.3619522911862655,near_normal,False
Kabul,2004,3,16.646026193641898,118.76858907097923,-1.6930979876784404,severe_drought,True
Kabul,2004,4,54.72775047869325,124.4454660537129,-1.8069469664954056,severe_drought,True
Kabul,2004,5,20.75202629860957,92.1258029709447,-1.7015613785430335,severe_drought,True
Kabul,2004,6,0.7667066214856091,76.24648339878843,-0.5096045964673558,near_normal,False
Kabul,2004,7,3.576948720345438,25.095681640440617,-0.5581531444589112,near_normal,False
Kabul,2004,8,0.5633614189094278,4.907016760740475,-1.243508240940888,moderate_drought,True
Kabul,2004,9,0.3583307680448654,4.498640907299731,-0.797857984476718,near_normal,False
Kabul,2004,10,7.315647095362419,8.23733928231671,-0.13324415682092747,near_normal,False
Kabul,2004,11,14.28585778430138,21.959835647708665,-0.4609433788574778,near_normal,False
Kabul,2004,12,55.17634250405428,76.77784738371808,0.8186583570478644,near_normal,False
Kabul,2005,1,71.39234314231251,140.85454343066817,1.3957941150951414,moderately_wet,False
Kabul,2005,2,81.21179556963962,207.78048121600642,0.9967859776375979,near_normal,False
Kabul,2005,3,101.60206868233632,254.20620739428847,0.6682146693847174,near_normal,False
Kabul,2005,4,44.25982901843748,227.0736932704134,-0.06679446773244586,near_normal,False
Kabul,2005,5,50.0760136129068,195.93791131368062,0.2607437673603955,near_normal,False
Kabul,2005,6,5.688675925426909,100.02451855677118,0.24696907877457946,near_normal,False
Kabul,2005,7,1.5972197930727536,57.36190933140646,1.297678401278017,moderately_wet,False
Kabul,2005,8,0.9860077565594548,8.271903475059117,-0.33437375422368665,near_normal,False
Kabul,2005,9,1.3601837867016229,3.9434113363338312,-0.9820891926238937,near_normal,False
Kabul,2005,10,0.324092255344969,2.6702837986060466,-1.3817778118271211,moderate_drought,True
Kabul,2005,11,23.84839011158125,25.53266615362784,-0.21922372070454355,near_normal,False
Kabul,2005,12,12.085731574241722,36.25821394116794,-0.751288958159129,near_normal,False
Kabul,2006,1,80.71031418109352,116.6444358669165,0.7856433663309652,near_normal,False
Kabul,2006,2,60.62291348605376,153.41895924138902,0.15953992830593583,near_normal,False
Kabul,2006,3,74.07900178664062,215.41222945378792,0.10348859030729989,near_normal,False
Kabul,2006,4,48.79890692422328,183.50082219691765,-0.7212859561111304,near_normal,False
Kabul,2006,5,7.920011237256461,130.79791994812035,-0.8478022783013522,near_normal,False
Kabul,2006,6,0.5271037762989659,57.24602193777869,-1.2402174237676153,moderate_drought,True
Kabul,2006,7,2.1795472753628684,10.626662288918281,-2.039445408380483,extreme_drought,True
Kabul,2006,8,3.517793243216277,6.224444294878097,-0.84725522935453,near_normal,False
Kabul,2006,9,0.9590605022226532,6.656401020801784,-0.20463713609790732,near_normal,False
Kabul,2006,10,7.102944655265909,11.579798400704824,0.33566469921553255,near_normal,False
Kabul,2006,11,48.241395123359126,56.30340028084767,1.2671286794140526,moderately_wet,False
Kabul,2006,12,89.36964513542627,144.71398491405128,2.5046830264944626,extremely_wet,False
Kabul,2007,1,15.516682379295744,153.12772263808114,1.679373637824102,very_wet,False
Kabul,2007,2,108.55532337966967,213.44165089439167,1.0753099881711625,moderately_wet,False
Kabul,2007,3,129.86561755940255,253.93762331836794,0.6645079403333868,near_normal,False
Kabul,2007,4,27.723966576363683,266.1449075154359,0.4516626593436809,near_normal,False
Kabul,2007,5,16.35955900570367,173.94914314146988,-0.08107634343254248,near_normal,False
Kabul,2007,6,9.484609953740176,53.5681355358075,-1.4004770141990628,moderate_drought,True
Kabul,2007,7,1.4390207549515714,27.283189714395387,-0.3927506269290369,near_normal,False
Kabul,2007,8,0.4581276464112513,11.38175835510297,0.29945622825750684,near_normal,False
Kabul,2007,9,0.2442077798386707,2.141356181201465,-1.7528058426812825,severe_drought,True
Kabul,2007,10,0.5818481173325836,1.284183543582477,-2.0178000261382127,extreme_drought,True
Kabul,2007,11,6.868132504488586,7.694188401659812,-1.8767644043351075,severe_drought,True
Kabul,2007,12,24.05714122635705,31.50712184817819,-1.0057094542903062,moderate_drought,True
Kabul,2008,1,61.56834052563844,92.49361425648405,0.08754102418928336,near_normal,False
Kabul,2008,2,25.89197236087097,111.51745411286643,-0.6342125208593287,near_normal,False
Kabul,2008,3,33.33607241529698,120.79638530180637,-1.6464769658425638,severe_drought,True
Kabul,2008,4,110.80659923518368,170.0346440113516,-0.9447666245964172,near_normal,False
Kabul,2008,5,12.91965322662564,157.06232487710628,-0.3638250482020937,near_normal,False
Kabul,2008,6,1.4648954358185695,125.19114789762786,0.9265740431800977,near_normal,False
Kabul,2008,7,1.6544748856719242,16.039023548116106,-1.375514136454701,moderate_drought,True
Kabul,2008,8,1.0023567609952466,4.121727082485712,-1.5172284202673982,severe_drought,True
Kabul,2008,9,0.2970513572050092,2.9538830038721517,-1.362707668240342,moderate_drought,True
Kabul,2008,10,5.060033124478232,6.359441242678459,-0.4570301928908145,near_normal,False
Kabul,2008,11,9.874800163153571,15.231884644836786,-1.003201777353551,moderate_drought,True
Kabul,2008,12,19.514000216810494,34.44883350444227,-0.8452745107375679,near_normal,False
Kabul,2009,1,70.26502006377991,99.65382044374395,0.3059666229730447,near_normal,False
Kabul,2009,2,88.2522135471095,178.0312338276999,0.5593909265766888,near_normal,False
Kabul,2009,3,85.75388484740164,244.27111845829103,0.5293459158394678,near_normal,False
Kabul,2009,4,88.48992118872734,262.4960195832385,0.40547630444857125,near_normal,False
Kabul,2009,5,27.799721887337117,202.04352792346606,0.3510871075241721,near_normal,False
Kabul,2009,6,4.13759296690254,120.42723604296697,0.8053175368848742,near_normal,False
Kabul,2009,7,1.2231437486023664,33.160458602842,0.011013944631863263,near_normal,False
Kabul,2009,8,0.9571648157004596,6.3179015312053375,-0.821477514349318,near_normal,False
Kabul,2009,9,3.140623307646323,5.320931871949121,-0.5523937790851924,near_normal,False
Kabul,2009,10,6.809806806421795,10.90759492976855,0.24948802807243406,near_normal,False
Kabul,2009,11,20.58880716132384,30.539237275391926,0.08343399743781497,near_normal,False
Kabul,2009,12,25.030810607953367,52.429424575698974,-0.02778909170838044,near_normal,False
Kabul,2010,1,40.95201883568734,86.57163660496451,-0.10180381013288112,near_normal,False
Kabul,2010,2,75.90083438957485,141.88366383321554,-0.04266839031536943,near_normal,False
Kabul,2010,3,62.734092346090144,179.58694557135232,-0.4819785420916526,near_normal,False
Kabul,2010,4,45.92969839283649,184.56462512850146,-0.7041153195482563,near_normal,False
Kabul,2010,5,36.88287278306058,145.5466635219872,-0.568651578100737,near_normal,False
Kabul,2010,6,4.832003406728149,87.64457458262521,-0.12971312359090367,near_normal,False
Kabul,2010,7,7.055274230127523,48.770150419916234,0.8909129255071218,near_normal,False
Kabul,2010,8,7.570899615222674,19.458177252078332,1.5327751830826681,very_wet,False
Kabul,2010,9,1.3844831393058885,16.010656984656073,1.4372236448626863,moderately_wet,False
Kabul,2010,10,1.2769341950121325,10.232316949540682,0.1592704197576425,near_normal,False
Kabul,2010,11,4.963786056997739,7.625203391315745,-1.8872686778959324,severe_drought,True
Kabul,2010,12,9.128026858763036,15.368747110772892,-2.156913283080706,extreme_drought,True
Kabul,2011,1,12.96040122849984,27.052214144260603,-2.8697872110853546,extreme_drought,True
Kabul,2011,2,111.47215876520264,133.5605868524655,-0.19552002944773478,near_normal,False
Kabul,2011,3,46.25676892428165,170.6893289179841,-0.6394365354726693,near_normal,False
Kabul,2011,4,58.48937458918504,216.21830227866928,-0.2213166741320904,near_normal,False
Kabul,2011,5,13.534102598353824,118.2802461118205,-1.102231530675136,moderate_drought,True
Kabul,2011,6,1.2041909832318671,73.22766817077071,-0.6166092513672395,near_normal,False
Kabul,2011,7,1.312081966113239,16.050375547698916,-1.374305945077531,moderate_drought,True
Kabul,2011,8,2.144803132817448,4.66107608216254,-1.3256278919921862,moderate_drought,True
Kabul,2011,9,0.8607767798167908,4.317661878747464,-0.8560485776798603,near_normal,False
Kabul,2011,10,23.186380736450936,26.19196064908516,1.7119325141242097,very_wet,False
Kabul,2011,11,28.54753897318328,52.594696489450996,1.1223477006079317,moderately_wet,False
Kabul,2011,12,9.496028208372117,61.22994791800632,0.30341775870813864,near_normal,False
Kabul,2012,1,34.48579242324162,72.529359604797,-0.5885835200587725,near_normal,False
Kabul,2012,2,76.39595420305622,120.37777483466994,-0.4513594514269587,near_normal,False
Kabul,2012,3,57.87553226091104,168.75727888720886,-0.6743603632063782,near_normal,False
Kabul,2012,4,69.79240237638888,204.0638888403561,-0.4006542468575282,near_normal,False
Kabul,2012,5,29.47735356437661,157.1452882016765,-0.36238694666483795,near_normal,False
Kabul,2012,6,0.736252542081816,100.00600848284729,0.24642976494150262,near_normal,False
Kabul,2012,7,4.487619364866293,34.701225471324705,0.10875836564492797,near_normal,False
Kabul,2012,8,1.1406448046094149,6.36451671155751,-0.8087192486105356,near_normal,False
Kabul,2012,9,5.307809014867623,10.936073184343318,0.6626943018957705,near_normal,False
Kabul,2012,10,10.334372221010875,16.782826040487898,0.9117197798404848,near_normal,False
Kabul,2012,11,20.38359143684318,36.02577267272166,0.3789797779134947,near_normal,False
Kabul,2012,12,42.35351220519227,73.07147586304632,0.702541789967947,near_normal,False
Kabul,2013,1,20.670567031474132,83.40767067350957,-0.2065463155601337,near_normal,False
Kabul,2013,2,154.04356850202245,217.06764773868883,1.1248980899414902,moderately_wet,False
Kabul,2013,3,132.45901103442606,307.17314656792263,1.3541999316882984,moderately_wet,False
Kabul,2013,4,69.10263858428999,355.60521812073847,1.4735878927164503,moderately_wet,False
Kabul,2013,5,9.568238264998302,211.12988788371433,0.48224806037169005,near_normal,False
Kabul,2013,6,0.7506527975268631,79.42152964681513,-0.4001252545200345,near_normal,False
Kabul,2013,7,4.2068026906348415,14.525693753159977,-1.5423610034011954,severe_drought,True
Kabul,2013,8,3.913465549808959,8.870921037970636,-0.20110632848482532,near_normal,False
Kabul,2013,9,0.6195832041514537,8.739851444595226,0.2532413730108984,near_normal,False
Kabul,2013,10,7.03500776976382,11.568056523724206,0.33418833017809796,near_normal,False
Kabul,2013,11,37.11909026348849,44.773681237403736,0.7939890126495914,near_normal,False
Kabul,2013,12,21.563805909810466,65.71790394306275,0.4602139912079552,near_normal,False
Kabul,2014,1,20.92755102645599,79.61044719975492,-0.33584745974481944,near_normal,False
Kabul,2014,2,54.43819115287243,96.92954808913885,-0.9583080700694351,near_normal,False
Kabul,2014,3,156.81365129380694,232.17939347313532,0.355207949123331,near_normal,False
Kabul,2014,4,81.27264116517516,292.5244836118545,0.7737491189120393,near_normal,False
Kabul,2014,5,47.17443853800776,285.2607309969898,1.434907547691047,moderately_wet,False
Kabul,2014,6,3.235144990996896,131.68222469417978,1.087046008538266,moderately_wet,False
Kabul,2014,7,3.138995566701618,53.54857909570625,1.122359586406489,moderately_wet,False
Kabul,2014,8,0.4079607777979603,6.782101335496446,-0.6972301550903387,near_normal,False
Kabul,2014,9,0.2006511077275532,3.7476074522271032,-1.0514506616179813,moderate_drought,True
Kabul,2014,10,6.929492915048293,7.5381048005737785,-0.24718380573820445,near_normal,False
Kabul,2014,11,13.82620146983215,20.956345492607966,-0.5336628621282602,near_normal,False
Kabul,2014,12,9.51541477119656,30.271109156076975,-1.076258155422243,moderate_drought,True
Kabul,2015,1,23.043420209326825,46.38503645035551,-1.7041676284426694,severe_drought,True
Kabul,2015,2,111.69449756317948,144.25333254370284,-0.0002554001978760163,near_normal,False
Kabul,2015,3,144.80822883894984,279.54614661145615,1.0069733278028703,moderately_wet,False
Kabul,2015,4,55.32000706000901,311.82273346213833,0.9974820525268817,near_normal,False
Kabul,2015,5,41.348699732982816,241.47693563194164,0.8950976494142652,near_normal,False
Kabul,2015,6,1.0182721605103582,97.68697895350216,0.17833020245920875,near_normal,False
Kabul,2015,7,6.8123847269597775,49.17935662045292,0.9112930777236814,near_normal,False
Kabul,2015,8,2.784811880675396,10.615468768145504,0.15529170796492428,near_normal,False
Kabul,2015,9,0.867822681680042,10.465019289315187,0.579777114254281,near_normal,False
Kabul,2015,10,13.355455751867948,17.00809031422336,0.9338448339361821,near_normal,False
Kabul,2015,11,48.02390656670842,62.24718500025638,1.4870183633371477,moderately_wet,False
Kabul,2015,12,18.31191920278666,79.691281521363,0.9073970527888711,near_normal,False
Kabul,2016,1,34.8604675820027,101.19629335149774,0.3516448924476808,near_normal,False
Kabul,2016,2,7.293826486423232,60.46621327121257,-1.95383986354007,severe_drought,True
Kabul,2016,3,155.76158236974285,197.91587643816877,-0.17352613613242404,near_normal,False
Kabul,2016,4,77.44202565012995,240.49743450629603,0.11759247283647303,near_normal,False
Kabul,2016,5,49.09111847568816,282.29472649556095,1.40010500617668,moderately_wet,False
Kabul,2016,6,6.501980490112755,133.03512461593084,1.1198413406021634,moderately_wet,False
Kabul,2016,7,4.946124754507362,60.53922372030825,1.43813689653433,moderately_wet,False
Kabul,2016,8,3.999370007426358,15.447475252046447,0.9732373278281634,near_normal,False
Kabul,2016,9,0.3218648550370334,9.267359616970724,0.3572890735651538,near_normal,False
Kabul,2016,10,0.9069551193943468,5.22818998185771,-0.6858541267285526,near_normal,False
Kabul,2016,11,22.2844477804996,23.513267754930954,-0.35276180203090746,near_normal,False
Kabul,2016,12,9.397515753236789,32.588918653130705,-0.945539279002111,near_normal,False
Kabul,2017,1,73.84832471337509,105.53028824711146,0.4775727360839572,near_normal,False
Kabul,2017,2,199.6461310703304,282.89197153694226,1.9451320510453016,very_wet,False
Kabul,2017,3,44.7164391860439,318.21089496974935,1.48725962856071,moderately_wet,False
Kabul,2017,4,26.706486176041267,271.06905643241555,0.5133321693845584,near_normal,False
Kabul,2017,5,26.532148295730032,97.9550736578152,-1.5585390552068197,severe_drought,True
Kabul,2017,6,0.7768826471563935,54.01551711892769,-1.380580155066185,moderate_drought,True
Kabul,2017,7,19.567852589062976,46.8768835319494,0.7951455530474235,near_normal,False
Kabul,2017,8,2.152595487897119,22.49733072411649,1.909486120710921,very_wet,False
Kabul,2017,9,0.5257118612932058,22.2461599382533,2.1985500199536654,extremely_wet,False
Kabul,2017,10,0.4440440045109373,3.122351353701262,-1.230729819198723,moderate_drought,True
Kabul,2017,11,32.08839254072072,33.058148406524865,0.2231707765213642,near_normal,False
Kabul,2017,12,41.04495504085401,73.57739158608567,0.7186145997818039,near_normal,False
Kabul,2018,1,9.109138856376877,82.24248643795161,-0.24579269495844697,near_normal,False
Kabul,2018,2,98.9299645004582,149.0840583976891,0.08478298442805444,near_normal,False
Kabul,2018,3,112.41356972494503,220.45267308178012,0.1804885530036436,near_normal,False
Kabul,2018,4,70.89498529583267,282.2385195212359,0.6505287855035843,near_normal,False
Kabul,2018,5,42.23976914104532,225.54832416182302,0.6829421600318052,near_normal,False
Kabul,2018,6,8.966768766291354,122.10152320316935,0.8482845930251283,near_normal,False
Kabul,2018,7,9.022150705973669,60.22868861331035,1.4246197923075288,moderately_wet,False
Kabul,2018,8,1.6247155868045082,19.61363505906953,1.5529120692268708,very_wet,False
Kabul,2018,9,1.4559862849460932,12.10285257772427,0.8585154414892254,near_normal,False
Kabul,2018,10,36.28965895619307,39.37036082794367,2.5737600305143737,extremely_wet,False
Kabul,2018,11,18.8015027791241,56.54714802026327,1.2764284377343906,moderately_wet,False
Kabul,2018,12,40.66526165843067,95.75642339374785,1.362497182694812,moderately_wet,False
Kabul,2019,1,66.2301525709161,125.69691700847088,1.0226408902994797,moderately_wet,False
Kabul,2019,2,144.12491953648276,251.02033376582955,1.5652457974660492,very_wet,False
Kabul,2019,3,124.01723336625405,334.37230547365294,1.6768183274268598,very_wet,False
Kabul,2019,4,87.11476349152713,355.25691639426395,1.4699545970306875,moderately_wet,False
Kabul,2019,5,15.958734337340218,227.0907311951214,0.7039065780512987,near_normal,False
Kabul,2019,6,4.660139242555459,107.7336370714228,0.46606538441370404,near_normal,False
Kabul,2019,7,8.122929909197765,28.741803489093442,-0.2874343214801452,near_normal,False
Kabul,2019,8,1.9460828660491525,14.729152017802377,0.8634367730242928,near_normal,False
Kabul,2019,9,0.1481656412353697,10.217178416482287,0.535166791194961,near_normal,False
Kabul,2019,10,17.22325243648629,19.317500943770813,1.1505672257594164,moderately_wet,False
Kabul,2019,11,40.756308351388746,58.12772642911041,1.3361228361362714,moderately_wet,False
Kabul,2019,12,10.23532469574658,68.21488548362161,0.5444081952533061,near_normal,False
Kabul,2020,1,73.45021608112204,124.44184912825736,0.9904619986105385,near_normal,False
Kabul,2020,2,64.90068626567965,148.58622704254827,0.07610525732617612,near_normal,False
Kabul,2020,3,159.57255212841258,297.92345447521427,1.2402918936051215,moderately_wet,False
Kabul,2020,4,141.3050907516935,365.77832914578573,1.5787118756547047,very_wet,False
Kabul,2020,5,39.38794297890136,340.26558585900744,2.042176519736219,extremely_wet,False
Kabul,2020,6,4.156514978696418,184.84954870929127,2.241757965228725,extremely_wet,False
Kabul,2020,7,3.841594635801664,47.38605259339941,0.8211445504702152,near_normal,False
Kabul,2020,8,2.3408876897617805,10.338997304259834,0.10157744622214782,near_normal,False
Kabul,2020,9,1.4430725478372894,7.625554873400706,0.01882104905349608,near_normal,False
Kabul,2020,10,3.041839572813312,6.825799810412354,-0.37101197137668906,near_normal,False
Kabul,2020,11,49.9165791993149,54.40149131996547,1.193668406476342,moderately_wet,False
Kabul,2020,12,19.21827086257312,72.17668963470132,0.6739357196949944,near_normal,False
Kabul,2021,1,7.440483376960193,76.57533343884819,-0.4422280098061941,near_normal,False
Kabul,2021,2,21.258037783556617,47.91679202308991,-2.3973877731691036,extreme_drought,True
Kabul,2021,3,114.90746718839776,143.60598834891454,-1.156174755863695,moderate_drought,True
Kabul,2021,4,49.81874312161698,185.98424809357132,-0.6813062004730932,near_normal,False
Kabul,2021,5,30.50889560151913,195.23510591153385,0.25022522148978066,near_normal,False
Kabul,2021,6,1.111817762856829,81.43945648599292,-0.33207827352746505,near_normal,False
Kabul,2021,7,13.933170708122812,45.553884072498754,0.7267193403876675,near_normal,False
Kabul,2021,8,0.7352089266918594,15.780197397671486,1.022978379433251,moderately_wet,False
Kabul,2021,9,0.4686724810350823,15.13705211584974,1.3164289073040711,moderately_wet,False
Kabul,2021,10,10.57580431343428,11.779685721161206,0.3606466318247116,near_normal,False
Kabul,2021,11,5.857716466128951,16.9021932605983,-0.8549325771109342,near_normal,False
Kabul,2021,12,32.76745147499178,49.200972254555,-0.15862973520189386,near_normal,False
Kabul,2022,1,72.48218870775881,111.10735664887953,0.6346951139617355,near_normal,False
Kabul,2022,2,51.63429818438556,156.88393836713612,0.21828877934170188,near_normal,False
Kabul,2022,3,61.80716524784246,185.9236521399868,-0.3730345645034833,near_normal,False
Kabul,2022,4,28.103025179198312,141.54448861142632,-1.4612204020214103,moderate_drought,True
Kabul,2022,5,23.430512963640727,113.34070339068148,-1.2077625704250208,moderate_drought,True
Kabul,2022,6,4.614653083782779,56.148191226621805,-1.2872827384978371,moderate_drought,True
Kabul,2022,7,7.684140986904915,35.72930703432841,0.1723750471022569,near_normal,False
Kabul,2022,8,6.238006990708285,18.536801061395963,1.411279616272286,moderately_wet,False
Kabul,2022,9,2.3698562131269814,16.292004190740165,1.475235973706291,moderately_wet,False
Kabul,2022,10,0.7341705005203231,9.342033704355575,0.03399580373204818,near_normal,False
Kabul,2022,11,28.398511989288988,31.502538702936278,0.13775202212599677,near_normal,False
Kabul,2022,12,12.457750276676652,41.59043276648595,-0.4919416875597637,near_normal,False
Kabul,2023,1,44.07369459272213,84.92995685868775,-0.15582400055156467,near_normal,False
Kabul,2023,2,46.79685841540046,103.32830328479923,-0.8122812760832986,near_normal,False
Kabul,2023,3,53.52314912428552,144.3937021324081,-1.1402395842620638,moderate_drought,True
Kabul,2023,4,18.69524132101721,119.01524886070317,-1.923697782041549,severe_drought,True
Kabul,2023,5,22.085250413437507,94.30364085874021,-1.647400315667117,severe_drought,True
Kabul,2023,6,2.1365363096400576,42.917028044094764,-1.913156281950395,severe_drought,True
Kabul,2023,7,5.0440422884816245,29.265829011559177,-0.2504860696431973,near_normal,False
Kabul,2023,8,0.184460265064279,7.365038863185947,-0.5492848529917066,near_normal,False
Kabul,2023,9,0.1559276638554995,5.3844302174013885,-0.5345710047700952,near_normal,False
Kabul,2023,10,6.275891826337333,6.616279755257098,-0.40913350375328456,near_normal,False
Kabul,2023,11,7.098108490669026,13.529927980861846,-1.166705658952786,moderate_drought,True
Kabul,2023,12,14.342691436485222,27.716691753491567,-1.228757141025047,moderate_drought,True
Kandahar,2001,1,13.068995047506938,,,,False
Kandahar,2001,2,39.941882234975495,,,,False
Kandahar,2001,3,31.781876216804527,84.79275349928696,-1.0137765998651802,moderate_drought,True
Kandahar,2001,4,30.232928286924945,101.95668673870496,0.10644265647480636,near_normal,False
Kandahar,2001,5,2.2560743499439377,64.27087885367341,0.09227881179295903,near_normal,False
Kandahar,2001,6,0.01095957811363,32.49996221498251,1.1589974991512744,moderately_wet,False
Kandahar,2001,7,0.7355920731433794,3.002626001200947,-0.42461504313705073,near_normal,False
Kandahar,2001,8,0.03100885052428,0.7775605017812894,-0.2551374368089773,near_normal,False
Kandahar,2001,9,0.0,0.7666009236676594,-0.22024426385557488,near_normal,False
Kandahar,2001,10,0.0,0.03100885052428,-0.9695665374247859,near_normal,False
Kandahar,2001,11,2.9521429987088075,2.9521429987088075,-1.1207984664379707,moderate_drought,True
Kandahar,2001,12,19.880200889853388,22.832343888562196,-0.739326063919885,near_normal,False
Kandahar,2002,1,14.769934924290297,37.60227881285249,-1.376005862409566,moderate_drought,True
Kandahar,2002,2,35.355079941512976,70.00521575565666,-1.0353413799832811,moderate_drought,True
Kandahar,2002,3,26.56172739821761,76.68674226402089,-1.2677793713533103,moderate_drought,True
Kandahar,2002,4,21.5279459762118,83.44475331594239,-0.35616915461865534,near_normal,False
Kandahar,2002,5,0.5569485123570019,48.64662188678641,-0.5051076652818952,near_normal,False
Kandahar,2002,6,0.0,22.084894488568803,0.22168605763245905,near_normal,False
Kandahar,2002,7,0.1611327088150529,0.7180812211720549,-2.0219033275719807,extreme_drought,True
Kandahar,2002,8,0.0500177707277134,0.2111504795427663,-1.147494277946154,moderate_drought,True
Kandahar,2002,9,0.0,0.2111504795427663,-1.0961581158527787,moderate_drought,True
Kandahar,2002,10,0.0,0.0500177707277134,-0.8320753170751859,near_normal,False
Kandahar,2002,11,10.200345117851183,10.200345117851183,0.38283511565629214,near_normal,False
Kandahar,2002,12,36.51112171227521,46.7114668301264,1.0930888180969527,moderately_wet,False
Kandahar,2003,1,30.95006500623497,77.66153183636136,0.20325996030783666,near_normal,False
Kandahar,2003,2,51.3913096383892,118.85249635689938,0.37902296238650207,near_normal,False
Kandahar,2003,3,39.56031208485107,121.90168672947524,-0.026191881246946522,near_normal,False
Kandahar,2003,4,14.91596371119339,105.86758543443366,0.19680718603463232,near_normal,False
Kandahar,2003,5,2.8915684143044533,57.36784421034891,-0.15795282538578165,near_normal,False
Kandahar,2003,6,0.0,17.807532125497843,-0.2498421029185175,near_normal,False
Kandahar,2003,7,2.737420317066312,5.628988731370765,0.5183017118139162,near_normal,False
Kandahar,2003,8,0.0364143368179454,2.7738346538842573,1.0120035635795923,moderately_wet,False
Kandahar,2003,9,0.0,2.7738346538842573,1.054650696901688,moderately_wet,False
Kandahar,2003,10,0.0199576231182778,0.056371959936223195,-0.7961009840138317,near_normal,False
Kandahar,2003,11,8.910123368176873,8.930080991295151,0.19234290114218766,near_normal,False
Kandahar,2003,12,16.354021675105223,25.284102666400372,-0.5037751848420015,near_normal,False
Kandahar,2004,1,43.07382729199553,68.33797233527763,-0.10236134633037239,near_normal,False
Kandahar,2004,2,16.40680961808795,75.8346585851887,-0.8366679554697783,near_normal,False
Kandahar,2004,3,16.84967726100654,76.33031417109002,-1.2793675641606748,moderate_drought,True
Kandahar,2004,4,7.686464695230451,40.942951574324944,-1.7850868107424418,severe_drought,True
Kandahar,2004,5,0.331888741240773,24.868030697477764,-1.7500558873693568,severe_drought,True
Kandahar,2004,6,0.0021323750683561,8.02048581153958,-1.7452977870034518,severe_drought,True
Kandahar,2004,7,0.2188099728285036,0.5528310891376327,-2.2572975284405117,extreme_drought,True
Kandahar,2004,8,0.0067233424226474,0.2276656903195071,-1.1032317532358773,moderate_drought,True
Kandahar,2004,9,0.1078574295246641,0.3333907447758151,-0.8176035921744026,near_normal,False
Kandahar,2004,10,0.4525043453975198,0.5670851173448314,0.08605868765782473,near_normal,False
Kandahar,2004,11,4.569689911608113,5.1300516865302965,-0.5192768193630178,near_normal,False
Kandahar,2004,12,59.37103867956159,64.39323293656723,2.0742670599129216,extremely_wet,False
Kandahar,2005,1,62.48938833888546,126.43011693005516,1.498151911328321,moderately_wet,False
Kandahar,2005,2,48.89694104011698,170.75736805856403,1.502651857775995,very_wet,False
Kandahar,2005,3,72.81757657691215,184.2039059559146,1.2513267933307193,moderately_wet,False
Kandahar,2005,4,10.22734066110177,131.9418582781309,0.7490244304954903,near_normal,False
Kandahar,2005,5,3.560901610924961,86.60581884893888,0.796326906118451,near_normal,False
Kandahar,2005,6,0.0978557711846062,13.886098043211351,-0.7554811647406633,near_normal,False
Kandahar,2005,7,0.2000497635927828,3.8588071457023645,-0.07105458538916799,near_normal,False
Kandahar,2005,8,0.0013149566398975,0.29922049141730067,-0.9361848183656981,near_normal,False
Kandahar,2005,9,0.0489009468634605,0.250265667096155,-0.9958971837054869,near_normal,False
Kandahar,2005,10,0.0131938296113823,0.06340973311475451,-0.7600386371537524,near_normal,False
Kandahar,2005,11,5.981793647868686,6.043888424343543,-0.3214734329619657,near_normal,False
Kandahar,2005,12,19.42315788292538,25.418145360405465,-0.4913559237865143,near_normal,False
Kandahar,2006,1,47.44349621505542,72.8484477458495,0.04875690772765907,near_normal,False
Kandahar,2006,2,37.46380669443068,104.33046079241149,0.007835397032109927,near_normal,False
Kandahar,2006,3,28.085217276545848,112.99252018603195,-0.24232240931457344,near_normal,False
Kandahar,2006,4,15.477036796032252,81.0260607670088,-0.4215882785636955,near_normal,False
Kandahar,2006,5,0.2971736915966797,43.8594277641748,-0.7140968150953446,near_normal,False
Kandahar,2006,6,0.0,15.774210487628945,-0.5012737362140108,near_normal,False
Kandahar,2006,7,0.9969916895777114,1.2941653811744054,-1.4362327595486604,moderate_drought,True
Kandahar,2006,8,1.1265027448846177,2.1234944344623434,0.6990810074448249,near_normal,False
Kandahar,2006,9,0.0,2.1234944344623434,0.7423095289984294,near_normal,False
Kandahar,2006,10,0.1252618768181402,1.251764621702772,0.5235569371262737,near_normal,False
Kandahar,2006,11,14.811664738642824,14.936926615460978,0.9798898845802708,near_normal,False
Kandahar,2006,12,36.71409637248408,51.651022987945055,1.3882051929724186,moderately_wet,False
Kandahar,2007,1,31.03994744204134,82.56570855316825,0.3542648355864505,near_normal,False
Kandahar,2007,2,74.61100164486322,142.36504545938865,0.921042702279655,near_normal,False
Kandahar,2007,3,76.91026447725619,182.56121356416077,1.221627270979687,moderately_wet,False
Kandahar,2007,4,15.218587821585562,166.739853943705,1.3842750770387602,moderately_wet,False
Kandahar,2007,5,0.6473896024217268,92.77624190126349,0.9693069368549021,near_normal,False
Kandahar,2007,6,1.4012245957183274,17.26720201972563,-0.3146661437846268,near_normal,False
Kandahar,2007,7,0.5161864252111535,2.564800623351222,-0.6331379595012906,near_normal,False
Kandahar,2007,8,0.0080567679215538,1.9254677888510492,0.5916339673959603,near_normal,False
Kandahar,2007,9,0.0,0.5242431931327216,-0.5093722829602476,near_normal,False
Kandahar,2007,10,0.0,0.00805676792156801,-1.313246939757676,moderate_drought,True
Kandahar,2007,11,4.318776096351151,4.318776096351165,-0.7168652680821821,near_normal,False
Kandahar,2007,12,22.87304699991194,27.191823096263104,-0.33106450575259644,near_normal,False
Kandahar,2008,1,104.99911694359412,132.19094003985722,1.6280604510850414,very_wet,False
Kandahar,2008,2,17.742056458134027,145.6142204016401,0.9912095517651687,near_normal,False
Kandahar,2008,3,15.19999009990833,137.94116350163648,0.33767999792204434,near_normal,False
Kandahar,2008,4,16.727783679810074,49.669830237852445,-1.4267379854025963,moderate_drought,True
Kandahar,2008,5,1.3136796424670287,33.241453422185444,-1.241752596527892,moderate_drought,True
Kandahar,2008,6,0.0121397517297663,18.053603074006883,-0.22076207410937462,near_normal,False
Kandahar,2008,7,0.2190216761687925,1.5448410703656017,-1.2425962076096453,moderate_drought,True
Kandahar,2008,8,0.6450348489183156,0.8761962768168887,-0.15676997539886026,near_normal,False
Kandahar,2008,9,0.0,0.8640565250871224,-0.122503263477938,near_normal,False
Kandahar,2008,10,0.0022643620431198,0.6472992109614497,0.15236079143106848,near_normal,False
Kandahar,2008,11,2.041321692618592,2.043586054661726,-1.4743445329136309,moderate_drought,True
Kandahar,2008,12,20.984278546542708,23.027864601204435,-0.7199225924067905,near_normal,False
Kandahar,2009,1,73.68558405312704,96.71118429228835,0.7590788814261946,near_normal,False
Kandahar,2009,2,26.871100642907965,121.54096324257773,0.44438529382062547,near_normal,False
Kandahar,2009,3,32.08662154422864,132.64330624026368,0.22076429085935215,near_normal,False
Kandahar,2009,4,27.29913330446928,86.2568554916059,-0.28170857828881585,near_normal,False
Kandahar,2009,5,5.368216201601085,64.75397105029903,0.1091020049340505,near_normal,False
Kandahar,2009,6,0.0245750712025762,32.69192457727296,1.174287009855231,moderately_wet,False
Kandahar,2009,7,0.2232012154809175,5.615992488284593,0.5144614492529975,near_normal,False
Kandahar,2009,8,0.0012575144568756,0.24903380114038354,-1.0495352584927449,moderate_drought,True
Kandahar,2009,9,0.0051368771223304,0.2295956070601377,-1.0472255043160799,moderate_drought,True
Kandahar,2009,10,0.0,0.006394391579220211,-1.366951682623484,moderate_drought,True
Kandahar,2009,11,3.0790237789226578,3.0841606560450026,-1.0764593613026374,moderate_drought,True
Kandahar,2009,12,48.10032160916541,51.17934538808809,1.3608310237166983,moderately_wet,False
Kandahar,2010,1,23.357439897179365,74.53678528526746,0.10370872917969305,near_normal,False
Kandahar,2010,2,53.05916589879078,124.51692740513558,0.5156331491914973,near_normal,False
Kandahar,2010,3,19.13518253041422,95.55178832638438,-0.701319314355796,near_normal,False
Kandahar,2010,4,9.58429553269069,81.77864396189571,-0.40109224666998766,near_normal,False
Kandahar,2010,5,6.164693073321339,34.88417113642626,-1.1530575728978552,moderate_drought,True
Kandahar,2010,6,0.0186196177011433,15.767608223713188,-0.5021251997170821,near_normal,False
Kandahar,2010,7,0.9611383430347727,7.144451034057269,0.9314377514731412,near_normal,False
Kandahar,2010,8,0.7547028984053218,1.734460859141252,0.4808969860950279,near_normal,False
Kandahar,2010,9,0.0,1.7158412414401087,0.5134583833029281,near_normal,False
Kandahar,2010,10,1.641782965064838,2.396485863470174,0.9746219332004211,near_normal,False
Kandahar,2010,11,0.976953360698455,2.618736325763307,-1.2396662986547637,moderate_drought,True
Kandahar,2010,12,10.325044570173498,12.943780895936804,-1.9247101505994175,severe_drought,True
Kandahar,2011,1,18.829400282293324,30.131398213165294,-1.7930755547292876,severe_drought,True
Kandahar,2011,2,81.4180229125841,110.57246776505094,0.17134560358318796,near_normal,False
Kandahar,2011,3,45.44718278966148,145.69460598453895,0.5035417789081391,near_normal,False
Kandahar,2011,4,25.389170598115527,152.25437630036112,1.131366645198605,moderately_wet,False
Kandahar,2011,5,1.547536457465435,72.38388984524246,0.3643765994028437,near_normal,False
Kandahar,2011,6,0.0,26.936707055580975,0.6878544007910354,near_normal,False
Kandahar,2011,7,0.6968244236338738,2.2443608810993227,-0.8022170791446968,near_normal,False
Kandahar,2011,8,0.1310823173144583,0.8279067409483463,-0.2038917840665087,near_normal,False
Kandahar,2011,9,4.510426903702218e-05,0.8279518452173833,-0.15776051354374926,near_normal,False
Kandahar,2011,10,4.173690833534855,4.304818255118365,1.4833558999839411,moderately_wet,False
Kandahar,2011,11,10.905023077039289,15.078759014843195,0.9957279501341507,near_normal,False
Kandahar,2011,12,10.21194920194365,25.29066311251781,-0.5031663064354172,near_normal,False
Kandahar,2012,1,39.589695625277066,60.706667904260016,-0.37413441789166557,near_normal,False
Kandahar,2012,2,57.03034464908644,106.83198947630717,0.07412720342182094,near_normal,False
Kandahar,2012,3,18.747026273218623,115.36706654758214,-0.18362947694605744,near_normal,False
Kandahar,2012,4,17.477011762382276,93.25438268468736,-0.10329245156146807,near_normal,False
Kandahar,2012,5,3.652294409860656,39.87633244546158,-0.9003409306257978,near_normal,False
Kandahar,2012,6,0.0,21.129306172242952,0.12204676877895457,near_normal,False
Kandahar,2012,7,0.2288090813415948,3.881103491202272,-0.06260037818372119,near_normal,False
Kandahar,2012,8,0.0053753237927163,0.23418440513433242,-1.0864495324464702,moderate_drought,True
Kandahar,2012,9,0.1003925175329282,0.33457692266726063,-0.8153187351015172,near_normal,False
Kandahar,2012,10,0.4381357499862551,0.5439035913119209,0.06563170289114487,near_normal,False
Kandahar,2012,11,5.313885620416697,5.852413887935901,-0.3610986857477399,near_normal,False
Kandahar,2012,12,35.04611028326281,40.798131653665784,0.7118585424601309,near_normal,False
Kandahar,2013,1,17.018361491615575,57.3783573952951,-0.49995507317429444,near_normal,False
Kandahar,2013,2,87.38143715216347,139.44590892704187,0.857107520587595,near_normal,False
Kandahar,2013,3,60.089409254193,164.48920789797205,0.8828004316913568,near_normal,False
Kandahar,2013,4,18.01743013521132,165.48827654156779,1.3629939745453938,moderately_wet,False
Kandahar,2013,5,1.3022586206042803,79.40909801000862,0.5841017484315316,near_normal,False
Kandahar,2013,6,0.0,19.319688755815616,-0.07522663822735427,near_normal,False
Kandahar,2013,7,2.779594657316449,4.081853277920744,0.0120767827172084,near_normal,False
Kandahar,2013,8,1.1057390816756347,3.8853337389920988,1.4531920541632053,moderately_wet,False
Kandahar,2013,9,0.0268584760925773,3.912192215084676,1.504928415923019,very_wet,False
Kandahar,2013,10,0.1388041656746205,1.2714017234428467,0.5332576580155456,near_normal,False
Kandahar,2013,11,16.48651177780429,16.6521744195715,1.1653793050139243,moderately_wet,False
Kandahar,2013,12,14.959617400071211,31.584933343550134,0.03760400547932043,near_normal,False
Kandahar,2014,1,30.53943858659811,61.98556776447362,-0.32703639591277917,near_normal,False
Kandahar,2014,2,29.743695535743328,75.24275152241266,-0.85635029873934,near_normal,False
Kandahar,2014,3,52.98969585322823,113.27282997556968,-0.2353508618297301,near_normal,False
Kandahar,2014,4,16.525464678857418,99.25885606782899,0.04274979952170332,near_normal,False
Kandahar,2014,5,8.484608839413257,77.99976937149891,0.5410808267303329,near_normal,False
Kandahar,2014,6,0.0001073138583487,25.010180832129038,0.5099636107036987,near_normal,False
Kandahar,2014,7,0.3018652620091411,8.78658141528076,1.3195234478572653,moderately_wet,False
Kandahar,2014,8,0.001435889214709,0.30340846508221303,-0.9274056058637907,near_normal,False
Kandahar,2014,9,0.0013381986895902,0.30463934991345454,-0.8749738434944061,near_normal,False
Kandahar,2014,10,0.0460366212130851,0.04881070911739851,-0.8393413493479078,near_normal,False
Kandahar,2014,11,4.418279703232319,4.465654523135008,-0.6792500200703254,near_normal,False
Kandahar,2014,12,14.87498698001561,19.339303304461026,-1.1071286910933504,moderate_drought,True
Kandahar,2015,1,25.66364087327367,44.956907556521614,-1.0193978759690625,moderate_drought,True
Kandahar,2015,2,44.3551404295505,84.8937682828398,-0.5477691850283407,near_normal,False
Kandahar,2015,3,38.60981164990665,108.62859295273084,-0.3523940991170704,near_normal,False
Kandahar,2015,4,14.223131652050686,97.18808373150785,-0.006929206702796364,near_normal,False
Kandahar,2015,5,3.822117634940805,56.65506093689816,-0.1849237799265523,near_normal,False
Kandahar,2015,6,0.0,18.045249286991506,-0.22174488880087004,near_normal,False
Kandahar,2015,7,0.4070034787366759,4.229121113677495,0.06529531785291706,near_normal,False
Kandahar,2015,8,0.0384663949527961,0.4454698736894862,-0.6727686931227915,near_normal,False
Kandahar,2015,9,0.0014834513644284,0.4469533250539146,-0.6220881274008065,near_normal,False
Kandahar,2015,10,5.961796239641165,6.001746085958404,1.8288539440514922,very_wet,False
Kandahar,2015,11,7.395933485810542,13.35921317681615,0.7968097393352617,near_normal,False
Kandahar,2015,12,15.828983949232056,29.186713674683777,-0.15903219346278483,near_normal,False
Kandahar,2016,1,21.066462675179004,44.29138011022162,-1.049906167999717,moderate_drought,True
Kandahar,2016,2,9.447082539073245,46.342529163484315,-1.9871249225188055,severe_drought,True
Kandahar,2016,3,91.17490603513404,121.6884512493863,-0.031238820317572493,near_normal,False
Kandahar,2016,4,15.786606451636596,116.40859502584391,0.4298059351319692,near_normal,False
Kandahar,2016,5,5.326719408464483,112.28823189523514,1.4717353439307537,moderately_wet,False
Kandahar,2016,6,0.0133478393849337,21.126673699486027,0.12176817053750068,near_normal,False
Kandahar,2016,7,0.2504524598423391,5.5905197076917705,0.5069175239946561,near_normal,False
Kandahar,2016,8,0.0140599299072775,0.27786022913456454,-0.9824878913796485,near_normal,False
Kandahar,2016,9,0.001338201322285,0.26585059107191583,-0.9593245106260176,near_normal,False
Kandahar,2016,10,0.1678183807287985,0.1832165119583752,-0.3987943197373897,near_normal,False
Kandahar,2016,11,3.4772791931512166,3.646435775202314,-0.9017978734271722,near_normal,False
Kandahar,2016,12,15.528818222946215,19.173915796826243,-1.1256504012387738,moderate_drought,True
Kandahar,2017,1,94.7198693019093,113.72596671800675,1.1976478847193062,moderately_wet,False
Kandahar,2017,2,48.8629604671973,159.11164799205284,1.2722789240431827,moderately_wet,False
Kandahar,2017,3,29.56692875479378,173.1497585239004,1.0480415617337528,moderately_wet,False
Kandahar,2017,4,9.755620531327375,88.18550975331847,-0.23158633017356384,near_normal,False
Kandahar,2017,5,3.2322367677736072,42.55478605389477,-0.7737602221818565,near_normal,False
Kandahar,2017,6,0.0,12.987857299100996,-0.8848685069633552,near_normal,False
Kandahar,2017,7,0.5824184532905935,3.814655221064215,-0.087894211175081,near_normal,False
Kandahar,2017,8,0.0015332718130286,0.5839517251036364,-0.4777353725893433,near_normal,False
Kandahar,2017,9,0.0013381886486148,0.5852899137522511,-0.428680634624659,near_normal,False
Kandahar,2017,10,0.0,0.0028714604616576107,-1.543627317964702,severe_drought,True
Kandahar,2017,11,16.835270601734965,16.836608790383593,1.18458745093385,moderately_wet,False
Kandahar,2017,12,21.602217857336825,38.4374884590718,0.5495751731776437,near_normal,False
Kandahar,2018,1,12.321673025421536,50.75916148449334,-0.7658553296316621,near_normal,False
Kandahar,2018,2,34.45368964535166,68.37758052811003,-1.092844404403725,moderate_drought,True
Kandahar,2018,3,38.28291325057096,85.05827592134416,-1.0057463753203406,moderate_drought,True
Kandahar,2018,4,17.8988436890877,90.63544658501033,-0.16897406346164295,near_normal,False
Kandahar,2018,5,4.833503563833747,61.015260503492414,-0.023362193626718215,near_normal,False
Kandahar,2018,6,0.0,22.73234725292146,0.28757591304773056,near_normal,False
Kandahar,2018,7,0.2086613459737227,5.042164909807484,0.33871361994980537,near_normal,False
Kandahar,2018,8,0.334617795867801,0.5432791418415379,-0.5311310091593947,near_normal,False
Kandahar,2018,9,0.0013381967916009,0.5446173386331388,-0.48171379806057024,near_normal,False
Kandahar,2018,10,0.0546883797695619,0.390644372428978,-0.08869266452748995,near_normal,False
Kandahar,2018,11,8.230698992042706,8.286725568603883,0.08887814566418567,near_normal,False
Kandahar,2018,12,16.30337803530097,24.58876540711325,-0.5689304346242448,near_normal,False
Kandahar,2019,1,40.21415793498935,64.74823496233304,-0.22749946242202068,near_normal,False
Kandahar,2019,2,76.93892505242634,133.45646102271667,0.7231350729895945,near_normal,False
Kandahar,2019,3,121.27481316494304,238.42789615235876,2.148982062404821,extremely_wet,False
Kandahar,2019,4,56.4675859595738,254.68132417694318,2.680465431469006,extremely_wet,False
Kandahar,2019,5,6.567693516705555,184.3100926412224,2.9534978906453944,extremely_wet,False
Kandahar,2019,6,0.3060200030318942,63.34129947931127,3.1209088210675016,extremely_wet,False
Kandahar,2019,7,0.2652022895974804,7.138915809334944,0.930037640679187,near_normal,False
Kandahar,2019,8,0.2882878897696707,0.8595101823990594,-0.17284073618991613,near_normal,False
Kandahar,2019,9,0.0013381901792513,0.5548283695464166,-0.46813547064131206,near_normal,False
Kandahar,2019,10,2.7410701539841438,3.03069623393308,1.165025003968283,moderately_wet,False
Kandahar,2019,11,27.51954338887228,30.261951733035687,2.331227981524192,extremely_wet,False
Kandahar,2019,12,25.101541905357568,55.362155448214004,1.5981953978833905,very_wet,False
Kandahar,2020,1,109.0305993281416,161.65168462237148,2.241816344064358,extremely_wet,False
Kandahar,2020,2,30.7769274549072,164.9090686884064,1.3882714229480682,moderately_wet,False
Kandahar,2020,3,51.42582614744971,191.23335293049854,1.3765203882838748,moderately_wet,False
Kandahar,2020,4,23.105235223973683,105.3079888263306,0.18401517843040002,near_normal,False
Kandahar,2020,5,6.460853632662432,80.99191500408584,0.631825129341777,near_normal,False
Kandahar,2020,6,0.7097004252014526,30.275789281837582,0.9774382315796728,near_normal,False
Kandahar,2020,7,1.9546038463922024,9.1251579042561,1.3936695900647114,moderately_wet,False
Kandahar,2020,8,0.3659085031303557,3.030212774724025,1.1224104230347702,moderately_wet,False
Kandahar,2020,9,0.4830987830002775,2.80361113252285,1.06777553935046,moderately_wet,False
Kandahar,2020,10,2.361688442604555,3.2106957287352023,1.2144347174812729,moderately_wet,False
Kandahar,2020,11,10.778286978306218,13.623074203911065,0.8283637297205956,near_normal,False
Kandahar,2020,12,28.18390464820176,41.32388006911255,0.7471580985369243,near_normal,False
Kandahar,2021,1,11.162955953049588,50.125147579557584,-0.7925505506014164,near_normal,False
Kandahar,2021,2,10.101365758922078,49.44822636017344,-1.8449955636232083,severe_drought,True
Kandahar,2021,3,29.71121896481646,50.97554067678814,-2.225219349208169,extreme_drought,True
Kandahar,2021,4,7.796546361599457,47.60913108533801,-1.5070321751930276,severe_drought,True
Kandahar,2021,5,5.833080409192319,43.34084573560825,-0.7376635848977726,near_normal,False
Kandahar,2021,6,0.0,13.629626770791791,-0.791817680197511,near_normal,False
Kandahar,2021,7,2.385240694221973,8.218321103414306,1.1909044927196213,moderately_wet,False
Kandahar,2021,8,0.0125447246467149,2.397785418868702,0.8376592505675595,near_normal,False
Kandahar,2021,9,0.0028386025177179,2.40062402138642,0.8819838892615658,near_normal,False
Kandahar,2021,10,0.0,0.015383327164447012,-1.1554007046634158,moderate_drought,True
Kandahar,2021,11,2.144746531298252,2.1475851338159844,-1.4285297305852132,moderate_drought,True
Kandahar,2021,12,19.984619120457506,22.129365651755773,-0.8100488147698883,near_normal,False
Kandahar,2022,1,74.67880777878895,96.80817343054473,0.7617157551479032,near_normal,False
Kandahar,2022,2,10.70637411493622,105.3698010141827,0.03550608435809289,near_normal,False
Kandahar,2022,3,34.61133434850995,119.99651624223513,-0.07149574062479541,near_normal,False
Kandahar,2022,4,8.020959510712471,53.33866797415865,-1.2894400558151233,moderate_drought,True
Kandahar,2022,5,0.8032974691833462,43.43559132840577,-0.7333434201911719,near_normal,False
Kandahar,2022,6,0.2597809807586394,9.08403796065447,-1.5343491869437447,severe_drought,True
Kandahar,2022,7,6.606392778348619,7.669471228290619,1.0611948370333635,moderately_wet,False
Kandahar,2022,8,1.7540443585151602,8.620218117622432,2.761899283753349,extremely_wet,False
Kandahar,2022,9,0.7549173585651607,9.115354495428955,2.9130541021201846,extremely_wet,False
Kandahar,2022,10,0.0,2.508961717080335,1.0105298022900109,moderately_wet,False
Kandahar,2022,11,6.33714566319282,7.092063021757995,-0.11865981558820987,near_normal,False
Kandahar,2022,12,15.945170720902588,22.282316384095424,-0.7945310187681363,near_normal,False
Kandahar,2023,1,34.623046395953224,56.90536278004865,-0.5182364073236075,near_normal,False
Kandahar,2023,2,18.808753697350248,69.37697081420608,-1.0574259359690896,moderate_drought,True
Kandahar,2023,3,54.9641805398847,108.39598063318819,-0.35834450602012125,near_normal,False
Kandahar,2023,4,10.109257781310042,83.882192018545,-0.34447571077300193,near_normal,False
Kandahar,2023,5,4.104042043108061,69.17748036430281,0.25938943437560613,near_normal,False
Kandahar,2023,6,0.0236199731682548,14.236919797586372,-0.706521377506472,near_normal,False
Kandahar,2023,7,1.2365482803198962,5.364210296596226,0.43887996760412956,near_normal,False
Kandahar,2023,8,0.0011520140962061,1.261320267584371,0.166171410616562,near_normal,False
Kandahar,2023,9,0.0013381866894001,1.2390384811055166,0.1942462137340323,near_normal,False
Kandahar,2023,10,1.8745096662235865,1.876999867009207,0.7929985369487008,near_normal,False
Kandahar,2023,11,12.22446979876742,14.10031765168042,0.8844483232827108,near_normal,False
Kandahar,2023,12,19.287937081899884,33.3869165468909,0.17886808324991946,near_normal,False
Kapisa,2001,1,12.53665911430456,,,,False
Kapisa,2001,2,26.702067702102493,,,,False
Kapisa,2001,3,93.51227570056264,132.7510025169697,-1.5976228091775748,severe_drought,True
Kapisa,2001,4,62.91983054784543,183.13417395051056,-0.9617022660267107,near_normal,False
Kapisa,2001,5,25.350210267390157,181.78231651579821,-0.1910238269961463,near_normal,False
Kapisa,2001,6,4.3418934169848,92.61193423222039,-0.3073216982445862,near_normal,False
Kapisa,2001,7,4.149450776595476,33.841554460970436,-0.35572656726723517,near_normal,False
Kapisa,2001,8,0.3648757216837182,8.856219915263994,0.044876686142508525,near_normal,False
Kapisa,2001,9,3.887472451063165,8.401798949342359,-0.14278267175637685,near_normal,False
Kapisa,2001,10,9.40060520417066,13.652953376917543,-0.4013414119558907,near_normal,False
Kapisa,2001,11,16.42396558920069,29.712043244434515,-0.7017423036914465,near_normal,False
Kapisa,2001,12,22.35046358381542,48.17503437718677,-0.65378276435589,near_normal,False
Kapisa,2002,1,25.82125645441372,64.59568562742983,-1.2213418452242983,moderate_drought,True
Kapisa,2002,2,104.0029784411956,152.17469847942473,-0.08191311728319683,near_normal,False
Kapisa,2002,3,100.65265406274622,230.47688895835554,0.10732187723412769,near_normal,False
Kapisa,2002,4,112.09194312908106,316.7475756330229,0.8258330453278756,near_normal,False
Kapisa,2002,5,19.977440630883983,232.72203782271126,0.552087513951341,near_normal,False
Kapisa,2002,6,4.233950445621244,136.30333420558628,0.7912996633810333,near_normal,False
Kapisa,2002,7,2.3596558503444247,26.57104692684965,-0.8446585652923531,near_normal,False
Kapisa,2002,8,0.5056192554878058,7.099225551453475,-0.37092164449294107,near_normal,False
Kapisa,2002,9,4.420728400567912,7.286003506400142,-0.4051521151319503,near_normal,False
Kapisa,2002,10,5.658189658002911,10.584537314058629,-0.8245343220047365,near_normal,False
Kapisa,2002,11,23.86432318516458,33.9432412437354,-0.4346735642820702,near_normal,False
Kapisa,2002,12,33.957978992631325,63.480491835798816,-0.01308675391135546,near_normal,False
Kapisa,2003,1,36.07874888807634,93.90105106587225,-0.10275594323845447,near_normal,False
Kapisa,2003,2,95.32284772336692,165.3595756040746,0.13646253417114076,near_normal,False
Kapisa,2003,3,115.57357832784602,246.97517493928927,0.34331780907541937,near_normal,False
Kapisa,2003,4,72.5094922248402,283.40591827605317,0.4361197609571564,near_normal,False
Kapisa,2003,5,31.543763502040008,219.62683405472623,0.372304569863999,near_normal,False
Kapisa,2003,6,1.6240309154106034,105.67728664229081,0.052004134530471126,near_normal,False
Kapisa,2003,7,3.114716855765465,36.28251127321607,-0.2078547293251036,near_normal,False
Kapisa,2003,8,0.5372026297132524,5.275950400889322,-0.8853803392076874,near_normal,False
Kapisa,2003,9,2.711112117962277,6.363031603440994,-0.6438548470468793,near_normal,False
Kapisa,2003,10,10.12166796652201,13.369982714197539,-0.437430628133208,near_normal,False
Kapisa,2003,11,36.05670989551188,48.88948997999616,0.3587287378699933,near_normal,False
Kapisa,2003,12,23.141483150392745,69.31986101242663,0.2036980655320848,near_normal,False
Kapisa,2004,1,60.81456699614813,120.01276004205275,0.7088706531103977,near_normal,False
Kapisa,2004,2,50.01191460803758,133.96796475457845,-0.40546038273641943,near_normal,False
Kapisa,2004,3,17.32366970162936,128.1501513058151,-1.6969717087753504,severe_drought,True
Kapisa,2004,4,59.647021755079855,126.9826060647468,-1.9941192685542408,severe_drought,True
Kapisa,2004,5,23.595443808101383,100.5661352648106,-1.7493397437086369,severe_drought,True
Kapisa,2004,6,1.217247965946869,84.45971352912811,-0.5492203114081973,near_normal,False
Kapisa,2004,7,2.596734429144918,27.40942620319317,-0.783901639052426,near_normal,False
Kapisa,2004,8,0.7240891627711623,4.538071557862949,-1.1293618097735325,moderate_drought,True
Kapisa,2004,9,2.6612051350681942,5.982028726984275,-0.7493965087143912,near_normal,False
Kapisa,2004,10,12.456622407999062,15.841916705838418,-0.13809494153034635,near_normal,False
Kapisa,2004,11,13.891457497317164,29.00928504038442,-0.7485931943804938,near_normal,False
Kapisa,2004,12,53.13816862089927,79.48624852621549,0.5538136645923165,near_normal,False
Kapisa,2005,1,76.28104434038447,143.3106704586009,1.3396802101875385,moderately_wet,False
Kapisa,2005,2,101.07684102831384,230.49605398959758,1.0731975126042215,moderately_wet,False
Kapisa,2005,3,102.45050542890776,279.8083907976061,0.7836046518063196,near_normal,False
Kapisa,2005,4,44.520677568492985,248.0480240257146,-0.011886099827188756,near_normal,False
Kapisa,2005,5,53.3743397706174,200.34552276801816,0.0941755862720722,near_normal,False
Kapisa,2005,6,7.240320684310071,105.13533802342047,0.03771086029167915,near_normal,False
Kapisa,2005,7,1.784216497670588,62.39887695259807,1.0684926091923495,moderately_wet,False
Kapisa,2005,8,0.5202496719465945,9.544786853927269,0.19260646510520993,near_normal,False
Kapisa,2005,9,3.2043740772610074,5.508840246878204,-0.8872061883032161,near_normal,False
Kapisa,2005,10,4.588987193824628,8.313610943032245,-1.1972017206140757,moderate_drought,True
Kapisa,2005,11,25.844925168219834,33.63828643930549,-0.453132759785963,near_normal,False
Kapisa,2005,12,12.09692342323376,42.530835785278235,-0.9253058280290024,near_normal,False
Kapisa,2006,1,87.87145473218209,125.8133033236357,0.8729172043908249,near_normal,False
Kapisa,2006,2,65.47148406547723,165.43986222089308,0.137756000664633,near_normal,False
Kapisa,2006,3,93.652151347222,246.99509014488132,0.343596258224941,near_normal,False
Kapisa,2006,4,42.470169934825584,201.59380534752484,-0.6710252490091592,near_normal,False
Kapisa,2006,5,11.889678001038291,148.01199928308588,-0.764947618453702,near_normal,False
Kapisa,2006,6,0.6372843455967775,54.997132281460665,-1.5880336137435265,severe_drought,True
Kapisa,2006,7,2.1270648071813825,14.654027153816465,-1.907161638082409,severe_drought,True
Kapisa,2006,8,1.1935176472070526,3.9578667999852266,-1.3418215553104,moderate_drought,True
Kapisa,2006,9,5.0689610484973215,8.38954350288577,-0.14553176429216166,near_normal,False
Kapisa,2006,10,10.467813065059952,16.730291760764338,-0.03830725440939131,near_normal,False
Kapisa,2006,11,51.39575624963707,66.93253036319436,1.1245463283018373,moderately_wet,False
Kapisa,2006,12,80.20246105673682,142.06603037143384,2.2413941633742884,extremely_wet,False
Kapisa,2007,1,12.673477931146918,144.27169523752082,1.3642175490485473,moderately_wet,False
Kapisa,2007,2,135.29040549009767,228.1663444779814,1.0429216319521222,moderately_wet,False
Kapisa,2007,3,166.80694400275777,314.7708274240024,1.2166176350978573,moderately_wet,False
Kapisa,2007,4,32.189393125355785,334.28674261821124,1.0200971015172675,moderately_wet,False
Kapisa,2007,5,17.378839596716347,216.3751767248299,0.32656961192550327,near_normal,False
Kapisa,2007,6,9.960127752647724,59.528360474719854,-1.4063801762003094,moderate_drought,True
Kapisa,2007,7,0.9813991356480825,28.32036648501215,-0.7193274785653256,near_normal,False
Kapisa,2007,8,0.2821359476008739,11.22366283589668,0.5252748051750925,near_normal,False
Kapisa,2007,9,2.255270719617039,3.5188058028659954,-1.5813425072309406,severe_drought,True
Kapisa,2007,10,2.913954981447495,5.451361648665408,-1.790404523039561,severe_drought,True
Kapisa,2007,11,7.5515205333996605,12.720746234464194,-2.1768373722052674,extreme_drought,True
Kapisa,2007,12,26.685626849650163,37.15110236449732,-1.2084759062251296,moderate_drought,True
Kapisa,2008,1,55.62062995711094,89.85777734016077,-0.24145632582151016,near_normal,False
Kapisa,2008,2,27.038447485436325,109.34470429219743,-0.8946202795675958,near_normal,False
Kapisa,2008,3,38.91544822379522,121.5745256663425,-1.8433951136254754,severe_drought,True
Kapisa,2008,4,109.95611070586516,175.9100064150967,-1.0809267935132367,moderate_drought,True
Kapisa,2008,5,16.78410812191232,165.6556670515727,-0.4551557958870031,near_normal,False
Kapisa,2008,6,1.2874210210809431,128.02763984885843,0.603361636182789,near_normal,False
Kapisa,2008,7,0.9539710400270224,19.025500183020284,-1.4634043077163554,moderate_drought,True
Kapisa,2008,8,1.0750916520676654,3.316483713175631,-1.6045402227909715,severe_drought,True
Kapisa,2008,9,2.5517005448284102,4.580763236923098,-1.1837621635207227,moderate_drought,True
Kapisa,2008,10,9.6982780977298,13.325070294625874,-0.4432066949998438,near_normal,False
Kapisa,2008,11,17.096027898743777,29.346006541301985,-0.7260482122172714,near_normal,False
Kapisa,2008,12,17.059948952617763,43.85425494909134,-0.8595058366369547,near_normal,False
Kapisa,2009,1,81.35752350983388,115.51350036119543,0.5780041702749498,near_normal,False
Kapisa,2009,2,108.17008500982108,206.58755747227275,0.7524308106855259,near_normal,False
Kapisa,2009,3,78.8569032522749,268.38451177192985,0.6344756207077623,near_normal,False
Kapisa,2009,4,102.07686180504308,289.1038500671391,0.5047840274790946,near_normal,False
Kapisa,2009,5,41.97484093035377,222.90860598767173,0.4180108117676009,near_normal,False
Kapisa,2009,6,4.838269811873699,148.88997254727056,1.0633413186265848,moderately_wet,False
Kapisa,2009,7,1.053199043165083,47.86630978539255,0.41502720326049614,near_normal,False
Kapisa,2009,8,0.5335682987425623,6.425037153781345,-0.5491547575704336,near_normal,False
Kapisa,2009,9,5.052020545014835,6.63878788692248,-0.5701692368580663,near_normal,False
Kapisa,2009,10,12.402125707391315,17.987714551148713,0.0970094974545338,near_normal,False
Kapisa,2009,11,32.14976630617211,49.60391255857826,0.3923020731716167,near_normal,False
Kapisa,2009,12,26.0950832612855,70.64697527484893,0.25125408919386916,near_normal,False
Kapisa,2010,1,43.05570934827745,101.30055891573505,0.14105428443702056,near_normal,False
Kapisa,2010,2,101.61796682480605,170.76875943436897,0.22268927420056925,near_normal,False
Kapisa,2010,3,59.37586915184352,204.049545324927,-0.2954290754324875,near_normal,False
Kapisa,2010,4,57.69608024081264,218.68991621746218,-0.4175706346225002,near_normal,False
Kapisa,2010,5,51.69212771802012,168.76407711067625,-0.40293373194540705,near_normal,False
Kapisa,2010,6,5.605359304525938,114.99356726335868,0.29041482513182426,near_normal,False
Kapisa,2010,7,6.824659466611476,64.12214648915752,1.1391350188571885,moderately_wet,False
Kapisa,2010,8,5.727285340201175,18.157304111338576,1.6313152063002818,very_wet,False
Kapisa,2010,9,5.817169000003664,18.3691138068163,1.544410669454665,very_wet,False
Kapisa,2010,10,3.5602168322178085,15.104671172422634,-0.22382326786565104,near_normal,False
Kapisa,2010,11,9.626691043285543,19.004076875507003,-1.5231654253370566,severe_drought,True
Kapisa,2010,12,8.399168106083284,21.58607598158662,-2.2393907463954768,extreme_drought,True
Kapisa,2011,1,17.818487843935344,35.84434699330416,-2.743367713918819,extreme_drought,True
Kapisa,2011,2,118.66861553793112,144.88627148794973,-0.20812044357527715,near_normal,False
Kapisa,2011,3,53.38192453114629,189.86902791301273,-0.5261764928084935,near_normal,False
Kapisa,2011,4,55.88475298363204,227.93529305270943,-0.28605875024991123,near_normal,False
Kapisa,2011,5,18.13767211853102,127.40434963330934,-1.1606818267689298,moderate_drought,True
Kapisa,2011,6,0.7560532682241102,74.77847837038716,-0.8581338181494024,near_normal,False
Kapisa,2011,7,1.0531619935961276,19.946887380351246,-1.3794531038149873,moderate_drought,True
Kapisa,2011,8,1.9837422130837084,3.792957474903932,-1.4062507767660306,moderate_drought,True
Kapisa,2011,9,4.375276395078717,7.412180601758539,-0.3741650414655068,near_normal,False
Kapisa,2011,10,36.2378811924576,42.59689980062001,1.995969678741777,very_wet,False
Kapisa,2011,11,31.092116537555384,71.70527412509169,1.3040669294891845,moderately_wet,False
Kapisa,2011,12,8.18702153516947,75.51701926518244,0.42085551374041874,near_normal,False
Kapisa,2012,1,38.55856078380357,77.83769885652842,-0.680431026605781,near_normal,False
Kapisa,2012,2,76.78194229285626,123.52752461182929,-0.6046533978133898,near_normal,False
Kapisa,2012,3,60.67110664475848,176.01160972141832,-0.7632422150548785,near_normal,False
Kapisa,2012,4,53.15633915533415,190.60938809294888,-0.8416835976383242,near_normal,False
Kapisa,2012,5,36.0199217520005,149.84736755209312,-0.7315849993488452,near_normal,False
Kapisa,2012,6,0.905533608824926,90.08179451615956,-0.38079677058741096,near_normal,False
Kapisa,2012,7,4.439315198897585,41.364770559723,0.07972533110753065,near_normal,False
Kapisa,2012,8,0.5314040277532414,5.876252835475738,-0.7040110519068208,near_normal,False
Kapisa,2012,9,11.185421772683847,16.15614099933466,1.2348082532181515,moderately_wet,False
Kapisa,2012,10,15.88710118660264,27.603926987039713,0.9679103047972322,near_normal,False
Kapisa,2012,11,20.01833058524483,47.090853544531306,0.2727403232365357,near_normal,False
Kapisa,2012,12,44.45258772871725,80.35801950056471,0.5824269322054046,near_normal,False
Kapisa,2013,1,20.442465691672165,84.91338400563423,-0.4169021630553369,near_normal,False
Kapisa,2013,2,156.15101270820452,221.0460661285939,0.9491268862550182,near_normal,False
Kapisa,2013,3,155.0361125717379,331.62959097161456,1.4142681149109926,moderately_wet,False
Kapisa,2013,4,79.30848968841788,390.49561496836026,1.6012576356734205,very_wet,False
Kapisa,2013,5,13.209489762534291,247.55409202269004,0.7478406275997013,near_normal,False
Kapisa,2013,6,1.207603975197656,93.7255834261498,-0.27541121436647426,near_normal,False
Kapisa,2013,7,2.873797650531553,17.29089138826347,-1.629681329261595,severe_drought,True
Kapisa,2013,8,3.826802702329196,7.9082043280583765,-0.17171679773738027,near_normal,False
Kapisa,2013,9,3.5061853897804074,10.206785742641127,0.2357333303396337,near_normal,False
Kapisa,2013,10,11.907265028264352,19.240253120373925,0.225641066182821,near_normal,False
Kapisa,2013,11,39.39097007510304,54.804420493147774,0.6275776219315439,near_normal,False
Kapisa,2013,12,29.37976985138752,80.67800495475488,0.5928782996616595,near_normal,False
Kapisa,2014,1,22.48396917702433,91.25470910351487,-0.19307059972267085,near_normal,False
Kapisa,2014,2,48.87991162545686,100.74365065386868,-1.0833300318490524,moderate_drought,True
Kapisa,2014,3,139.46642070420302,210.83030150668418,-0.18890262225319523,near_normal,False
Kapisa,2014,4,94.9213231585418,283.2676554882016,0.434442302050188,near_normal,False
Kapisa,2014,5,57.6421447937142,292.029888656459,1.2924010220450244,moderately_wet,False
Kapisa,2014,6,3.443327673025141,156.00679562528111,1.2105885706705528,moderately_wet,False
Kapisa,2014,7,1.9102266408669952,62.99569910760631,1.0930991227253173,moderately_wet,False
Kapisa,2014,8,0.0231086768767728,5.376662990768881,-0.8539800814604466,near_normal,False
Kapisa,2014,9,1.5723811883189671,3.505716506062707,-1.5867537920689792,severe_drought,True
Kapisa,2014,10,14.579359179815906,16.17484904501162,-0.10026553961721948,near_normal,False
Kapisa,2014,11,14.955361116639128,31.10710148477397,-0.6109560245627859,near_normal,False
Kapisa,2014,12,11.070284983163678,40.60500527961868,-1.0236435749685742,moderate_drought,True
Kapisa,2015,1,21.31948046679544,47.34512656659822,-2.0567091209369637,extreme_drought,True
Kapisa,2015,2,131.6765172585151,164.0662827084742,0.11556884600420932,near_normal,False
Kapisa,2015,3,148.26670279710808,301.26270052241864,1.0532299852620826,moderately_wet,False
Kapisa,2015,4,65.98395440420782,345.927174459831,1.1453808106498609,moderately_wet,False
Kapisa,2015,5,49.04181546093648,263.2924726622524,0.9473226713617205,near_normal,False
Kapisa,2015,6,1.6465712914159418,116.67234115656025,0.3319961787600097,near_normal,False
Kapisa,2015,7,6.769360025425947,57.457746777778375,0.8586691497226673,near_normal,False
Kapisa,2015,8,1.5162615906442414,9.932192907486131,0.27261628471481325,near_normal,False
Kapisa,2015,9,5.271730848710762,13.557352464780951,0.8342968062326409,near_normal,False
Kapisa,2015,10,17.097457835808516,23.88545027516352,0.6592199647686892,near_normal,False
Kapisa,2015,11,54.40326392624207,76.77245261076135,1.486470708675427,moderately_wet,False
Kapisa,2015,12,24.327712735100427,95.82843449715102,1.0595406281965942,moderately_wet,False
Kapisa,2016,1,35.07271230077634,113.80368896211884,0.5273925516297804,near_normal,False
Kapisa,2016,2,7.742818055856718,67.14324309173348,-1.9527346945354358,severe_drought,True
Kapisa,2016,3,154.5732946090566,197.38882496568965,-0.4024170278140229,near_normal,False
Kapisa,2016,4,90.30255604220278,252.6186687071161,0.04832583966313456,near_normal,False
Kapisa,2016,5,57.127365109141934,302.0032157604013,1.406998105026799,moderately_wet,False
Kapisa,2016,6,6.951555855239072,154.3814770065838,1.1773502659545398,moderately_wet,False
Kapisa,2016,7,2.830015890887258,66.90893685526827,1.2508319878628305,moderately_wet,False
Kapisa,2016,8,3.393253449676452,13.174825195802782,0.8730468928148633,near_normal,False
Kapisa,2016,9,2.508229187030157,8.731498527593867,-0.06982127210456411,near_normal,False
Kapisa,2016,10,5.571034666363075,11.472517303069683,-0.6941595148277191,near_normal,False
Kapisa,2016,11,25.023614244225097,33.10287809761833,-0.4858200628975769,near_normal,False
Kapisa,2016,12,13.902137471447505,44.49678638203567,-0.8280539697260957,near_normal,False
Kapisa,2017,1,76.3844942852643,115.3102460009369,0.5720136703056709,near_normal,False
Kapisa,2017,2,226.71012914819397,316.9967609049058,2.0809078714833977,extremely_wet,False
Kapisa,2017,3,43.29056902424602,346.3851924577043,1.581994705923087,very_wet,False
Kapisa,2017,4,29.62186120578048,299.62255937822044,0.6292323714002145,near_normal,False
Kapisa,2017,5,33.62523768061816,106.53766791064466,-1.609612734474534,severe_drought,True
Kapisa,2017,6,0.8454659023314156,64.09256478873006,-1.2329564775676118,moderate_drought,True
Kapisa,2017,7,16.612245807990078,51.08294939093966,0.5698243636270822,near_normal,False
Kapisa,2017,8,2.7856088217067687,20.243320532028257,1.9092435712339113,very_wet,False
Kapisa,2017,9,4.634254357303269,24.032108987000107,2.2421070302585355,extremely_wet,False
Kapisa,2017,10,3.656612767493763,11.076475946503795,-0.7514040539259083,near_normal,False
Kapisa,2017,11,34.100530262832464,42.39139738762949,0.03724121189184118,near_normal,False
Kapisa,2017,12,43.21029536684848,80.9674383971747,0.6023083496013782,near_normal,False
Kapisa,2018,1,9.540731267457051,86.85155689713798,-0.3473275455919398,near_normal,False
Kapisa,2018,2,112.45581784664684,165.20684448095236,0.1340007861210895,near_normal,False
Kapisa,2018,3,110.44426045657607,232.44080957067996,0.13599178638736145,near_normal,False
Kapisa,2018,4,85.69951560531095,308.59959390853385,0.733185578821143,near_normal,False
Kapisa,2018,5,60.07823325392944,256.2220093158165,0.8586977328121813,near_normal,False
Kapisa,2018,6,6.403975958409296,152.18172481764967,1.1320019175638159,moderately_wet,False
Kapisa,2018,7,7.007625999041308,73.48983521138004,1.50325711763384,very_wet,False
Kapisa,2018,8,1.346477290213661,14.758079247664265,1.1313714145004325,moderately_wet,False
Kapisa,2018,9,5.790722462410274,14.144825751665245,0.9289025005933987,near_normal,False
Kapisa,2018,10,47.81627527017141,54.953475022795345,2.6822032227168138,extremely_wet,False
Kapisa,2018,11,18.02648298246533,71.63348071504701,1.3014242472825597,moderately_wet,False
Kapisa,2018,12,39.4730917491178,105.31585000175454,1.327773247667797,moderately_wet,False
Kapisa,2019,1,62.69428376723632,120.19385849881945,0.7140700822367025,near_normal,False
Kapisa,2019,2,153.37091675014656,255.5382922665007,1.3868122119368662,moderately_wet,False
Kapisa,2019,3,119.81394405160304,335.8791445689859,1.4630583835381783,moderately_wet,False
Kapisa,2019,4,100.79434437698046,373.9792051787301,1.436445017082803,moderately_wet,False
Kapisa,2019,5,23.428971985616304,244.0372604141998,0.7021375085997708,near_normal,False
Kapisa,2019,6,5.275279190160845,129.49859555275762,0.6373371929423909,near_normal,False
Kapisa,2019,7,5.145553553229286,33.849804729006436,-0.3552147642800703,near_normal,False
Kapisa,2019,8,2.0526720350904104,12.47350477848054,0.7521753052678062,near_normal,False
Kapisa,2019,9,1.5040894286330575,8.702315016952754,-0.07620369120475051,near_normal,False
Kapisa,2019,10,30.36470916575605,33.921470629479515,1.4359641952635223,moderately_wet,False
Kapisa,2019,11,47.18032091886748,79.04911951325658,1.5659267165350308,very_wet,False
Kapisa,2019,12,12.067278760588868,89.6123088452124,0.874343815050107,near_normal,False
Kapisa,2020,1,68.41244697226097,127.66004665171731,0.9241036725246333,near_normal,False
Kapisa,2020,2,64.38759481607372,144.86732054892354,-0.20845411147650295,near_normal,False
Kapisa,2020,3,134.2283045748675,267.0283463632022,0.6164967165836462,near_normal,False
Kapisa,2020,4,150.13893003729152,348.7548294282327,1.1753988646818463,moderately_wet,False
Kapisa,2020,5,57.27870071053847,341.6459353226975,1.8398802465587434,very_wet,False
Kapisa,2020,6,4.840083466362211,212.2577142141922,2.2457554426900637,extremely_wet,False
Kapisa,2020,7,3.277720060553827,65.39650423745451,1.1905919415914008,moderately_wet,False
Kapisa,2020,8,1.2381972557803291,9.356000782696366,0.1528315166754324,near_normal,False
Kapisa,2020,9,3.782120947874229,8.298038264208385,-0.1661442383536428,near_normal,False
Kapisa,2020,10,4.745563680082226,9.765881883736784,-0.9517029917927818,near_normal,False
Kapisa,2020,11,61.37518217016167,69.90286679811813,1.237200588281902,moderately_wet,False
Kapisa,2020,12,21.984428468955542,88.10517431919943,0.8281913601433323,near_normal,False
Kapisa,2021,1,9.701166502499987,93.0607771416172,-0.131245714370194,near_normal,False
Kapisa,2021,2,23.62073842818282,55.30633339963835,-2.333965208731442,extreme_drought,True
Kapisa,2021,3,120.97375673510513,154.29566166578792,-1.1618471796452998,moderate_drought,True
Kapisa,2021,4,49.38381934780734,193.9783145110953,-0.7886449029350666,near_normal,False
Kapisa,2021,5,36.79970276903512,207.1572788519476,0.19438873672433646,near_normal,False
Kapisa,2021,6,1.764964041946674,87.94848615878914,-0.44384166565614624,near_normal,False
Kapisa,2021,7,8.278635754555618,46.843302565537414,0.3643619606975941,near_normal,False
Kapisa,2021,8,0.5119017005098728,10.555501497012164,0.39710742069031224,near_normal,False
Kapisa,2021,9,3.722530559181265,12.513068014246755,0.6593227596771928,near_normal,False
Kapisa,2021,10,16.115687456409994,20.350119716101133,0.33503843039399556,near_normal,False
Kapisa,2021,11,10.462744529847749,30.300962545439006,-0.6630664207135865,near_normal,False
Kapisa,2021,12,37.24211066833867,63.82054265459641,-0.0001050641640410264,near_normal,False
Kapisa,2022,1,73.66950218128332,121.37435737946973,0.7478374198299523,near_normal,False
Kapisa,2022,2,48.401857279561554,159.31347012918354,0.037826958970197604,near_normal,False
Kapisa,2022,3,72.56840975802798,194.63976921887286,-0.44728456686621015,near_normal,False
Kapisa,2022,4,33.92405929646454,154.89432633405409,-1.4481835182021126,moderate_drought,True
Kapisa,2022,5,34.9473075362692,141.4397765907617,-0.8867923156795212,near_normal,False
Kapisa,2022,6,4.701983627461488,73.57335046019523,-0.8984731274420911,near_normal,False
Kapisa,2022,7,8.690993972941907,48.34028513667259,0.4382588563251707,near_normal,False
Kapisa,2022,8,5.442006904448778,18.834984504852173,1.7237088423994051,very_wet,False
Kapisa,2022,9,4.520235504240836,18.653236381631523,1.5824104194276207,very_wet,False
Kapisa,2022,10,6.47010824150532,16.432350650194934,-0.07136625939733804,near_normal,False
Kapisa,2022,11,30.09983434745964,41.09017809320579,-0.03103052044932399,near_normal,False
Kapisa,2022,12,12.97289008613381,49.54283267509877,-0.5913130128262603,near_normal,False
Kapisa,2023,1,45.39937873103329,88.47210316462673,-0.2899547944788261,near_normal,False
Kapisa,2023,2,83.22455607811159,141.5968248952787,-0.2664841532478383,near_normal,False
Kapisa,2023,3,47.42591432241309,176.04984913155795,-0.7625708533990126,near_normal,False
Kapisa,2023,4,22.610931524108175,153.26140192463285,-1.4781339278705656,moderate_drought,True
Kapisa,2023,5,28.90764910995468,98.94449495647594,-1.7882916483297406,severe_drought,True
Kapisa,2023,6,2.040295861499617,53.55887649556246,-1.647891324315671,severe_drought,True
Kapisa,2023,7,3.868368839356594,34.816313810810875,-0.29583520074518327,near_normal,False
Kapisa,2023,8,0.1772787142993949,6.085943415155591,-0.643704572810426,near_normal,False
Kapisa,2023,9,1.8865863781762824,5.932233931832257,-0.7635323177551933,near_normal,False
Kapisa,2023,10,10.853557636593449,12.917422729069111,-0.4962554202750769,near_normal,False
Kapisa,2023,11,10.757654298520476,23.497798313290193,-1.1465946034669756,moderate_drought,True
Kapisa,2023,12,15.858143641512925,37.46935557662684,-1.1909544219712118,moderate_drought,True
Khost,2001,1,21.83661008052886,,,,False
Khost,2001,2,10.967119019029294,,,,False
Khost,2001,3,49.8618942058004,82.66562330535855,-1.6872926344471721,severe_drought,True
Khost,2001,4,83.21774883162708,144.04676205645677,-0.7616851880448454,near_normal,False
Khost,2001,5,21.485387480896268,154.56503051832374,-0.3095449049300306,near_normal,False
Khost,2001,6,33.0692942736226,137.77243058614596,0.08075123026406723,near_normal,False
Khost,2001,7,77.27560677495558,131.83028852947444,0.10650554685829601,near_normal,False
Khost,2001,8,31.63824823995875,141.98314928853694,-0.27748577090479876,near_normal,False
Khost,2001,9,25.838951845167877,134.75280686008222,-0.47875709537095246,near_normal,False
Khost,2001,10,5.499894075198929,62.97709416032556,-1.3469283062094162,moderate_drought,True
Khost,2001,11,5.249038817516727,36.587884737883535,-1.0984490251627461,moderate_drought,True
Khost,2001,12,14.050922883105375,24.79985577582103,-0.9509613440015801,near_normal,False
Khost,2002,1,18.164113955668025,37.46407565629013,-1.7089659958263708,severe_drought,True
Khost,2002,2,74.5536428030438,106.7686796418172,-0.12517258562185554,near_normal,False
Khost,2002,3,36.13855041363974,128.85630717235156,-0.5523385727936712,near_normal,False
Khost,2002,4,92.64474825941618,203.33694147609972,0.15979064174176474,near_normal,False
Khost,2002,5,13.848707885982623,142.63200655903856,-0.5336035289208054,near_normal,False
Khost,2002,6,25.72925002356672,132.22270616896554,-0.07936078004252488,near_normal,False
Khost,2002,7,27.924993492344257,67.5029514018936,-1.7222653791872404,severe_drought,True
Khost,2002,8,51.667819608898206,105.32206312480919,-1.2142777994958998,moderate_drought,True
Khost,2002,9,28.26663751469045,107.85945061593293,-1.1674176678917367,moderate_drought,True
Khost,2002,10,6.324448308506112,86.25890543209478,-0.4691855995627847,near_normal,False
Khost,2002,11,17.315952710235532,51.90703853343209,0.10633649902413453,near_normal,False
Khost,2002,12,23.38540383462072,47.02580485336236,0.40497509786460767,near_normal,False
Khost,2003,1,19.625651652456963,60.32700819731321,-0.2773406757041331,near_normal,False
Khost,2003,2,62.84151751838773,105.85257300546542,-0.14777400488350495,near_normal,False
Khost,2003,3,65.54219434892833,148.00936351977305,-0.16434833824674275,near_normal,False
Khost,2003,4,68.6659927205057,197.0497045878218,0.07146843719502825,near_normal,False
Khost,2003,5,23.100064801099705,157.30825187053375,-0.2597036194130184,near_normal,False
Khost,2003,6,16.815759191620433,108.58181671322583,-0.8172012226188246,near_normal,False
Khost,2003,7,65.36066823190514,105.27649222462527,-0.5516983165962198,near_normal,False
Khost,2003,8,50.34316243962076,132.51958986314634,-0.5018452580420003,near_normal,False
Khost,2003,9,24.414797142576745,140.11862781410264,-0.35282574376979847,near_normal,False
Khost,2003,10,3.606578061707352,78.36453764390485,-0.7462610625962942,near_normal,False
Khost,2003,11,12.676419518863415,40.69779472314751,-0.7459947465247797,near_normal,False
Khost,2003,12,11.011726327453127,27.294723908023897,-0.7649237556414965,near_normal,False
Khost,2004,1,39.72066918971198,63.40881503602852,-0.11466968063286612,near_normal,False
Khost,2004,2,31.916521776724192,82.6489172938893,-0.7706568224096194,near_normal,False
Khost,2004,3,10.27558993000871,81.91278089644489,-1.7091165637055266,severe_drought,True
Khost,2004,4,46.32450888302903,88.51662058976194,-1.9055314176833378,severe_drought,True
Khost,2004,5,19.98613260825473,76.58623142129247,-2.0911095744065586,extreme_drought,True
Khost,2004,6,15.050592101722414,81.36123359300618,-1.8180615332197068,severe_drought,True
Khost,2004,7,29.947062775909465,64.98378748588661,-1.8153152155837562,severe_drought,True
Khost,2004,8,62.05537675753614,107.05303163516801,-1.165399191928966,moderate_drought,True
Khost,2004,9,20.3448156171864,112.347255150632,-1.0449010349755068,moderate_drought,True
Khost,2004,10,9.975839936394804,92.37603231111734,-0.26609954812166164,near_normal,False
Khost,2004,11,9.40061599363496,39.72127154721616,-0.8274550269844353,near_normal,False
Khost,2004,12,29.043777946473757,48.42023387650352,0.4739526407312204,near_normal,False
Khost,2005,1,38.356537474184336,76.80093141429305,0.5366521503307885,near_normal,False
Khost,2005,2,56.23249487659646,123.63281029725455,0.2694973802484183,near_normal,False
Khost,2005,3,60.94721943829526,155.53625178907606,-0.021152025302209262,near_normal,False
Khost,2005,4,40.62751586917,157.80723018406172,-0.5276910908864094,near_normal,False
Khost,2005,5,45.1664455310472,146.74118083851246,-0.45506184862147303,near_normal,False
Khost,2005,6,25.88682507213961,111.6807864723568,-0.7146560859798985,near_normal,False
Khost,2005,7,56.077769313746906,127.13103991693372,-0.003026477554048001,near_normal,False
Khost,2005,8,45.83106958553133,127.79566397141787,-0.6179128193992124,near_normal,False
Khost,2005,9,25.22268358553312,127.13152248481137,-0.6635967231015324,near_normal,False
Khost,2005,10,1.6605166914051777,72.71426986246962,-0.9565074879803896,near_normal,False
Khost,2005,11,6.187182030809714,33.07038230774801,-1.4223758255857162,moderate_drought,True
Khost,2005,12,7.3006869209213425,15.148385643136233,-1.8287720781420347,severe_drought,True
Khost,2006,1,44.13605101018495,57.623919961916,-0.4246921703841121,near_normal,False
Khost,2006,2,41.98279835091491,93.4195362820212,-0.4684657291702215,near_normal,False
Khost,2006,3,60.30872484924962,146.4275742103495,-0.19505992656173754,near_normal,False
Khost,2006,4,54.66437699811044,156.95590019827497,-0.5417544656757526,near_normal,False
Khost,2006,5,17.557383041546668,132.53048488890673,-0.73345584924768,near_normal,False
Khost,2006,6,22.3606464024333,94.58240644209042,-1.3071271120252392,moderate_drought,True
Khost,2006,7,37.01437292922805,76.93240237320802,-1.3942351429968665,moderate_drought,True
Khost,2006,8,112.43055636994558,171.80557570160693,0.36981414156300946,near_normal,False
Khost,2006,9,20.33156180768744,169.77649110686107,0.29041818432958144,near_normal,False
Khost,2006,10,14.5551065578291,147.3172247354621,1.248131038000186,moderately_wet,False
Khost,2006,11,26.918322131895447,61.804990497411985,0.7616580486241985,near_normal,False
Khost,2006,12,50.80616242500963,92.27959111473417,2.192014991453041,extremely_wet,False
Khost,2007,1,12.78964763912166,90.51413219602674,1.1298803352948341,moderately_wet,False
Khost,2007,2,115.64232513153674,179.238135195668,1.3617597163635122,moderately_wet,False
Khost,2007,3,109.69391551117675,238.12588828183516,1.312341284098495,moderately_wet,False
Khost,2007,4,39.812783839428846,265.14902448214235,0.9448889948692765,near_normal,False
Khost,2007,5,24.857623016838566,174.36432236744417,0.037764571914064564,near_normal,False
Khost,2007,6,37.26997178591,101.94037864217742,-1.0438746059544755,moderate_drought,True
Khost,2007,7,45.87255208111831,108.00014688386688,-0.47935274906538816,near_normal,False
Khost,2007,8,37.56337677442368,120.70590064145199,-0.7977105541960792,near_normal,False
Khost,2007,9,24.26745582823372,107.70338468377571,-1.171740895019978,moderate_drought,True
Khost,2007,10,0.6971214835558804,62.527954086213285,-1.3659184242176068,moderate_drought,True
Khost,2007,11,4.811404480139427,29.77598179192903,-1.748166070734346,severe_drought,True
Khost,2007,12,19.543689941834643,25.052215905529952,-0.9315673984278485,near_normal,False
Khost,2008,1,51.96298837529684,76.3180827972709,0.5145388643238372,near_normal,False
Khost,2008,2,11.854984499049992,83.36166281618148,-0.7498529657282317,near_normal,False
Khost,2008,3,33.392130510082914,97.21010338442974,-1.290670902842363,moderate_drought,True
Khost,2008,4,81.63581550496795,126.88293051410085,-1.076143094901674,moderate_drought,True
Khost,2008,5,33.27337083756271,148.30131685261358,-0.4256327039380527,near_normal,False
Khost,2008,6,29.015663630855947,143.92484997338659,0.2533018200062641,near_normal,False
Khost,2008,7,43.79851714450347,106.08755161292211,-0.5300234403986871,near_normal,False
Khost,2008,8,45.68375015480853,118.49793093016794,-0.8551714477217235,near_normal,False
Khost,2008,9,22.62153850028015,112.10380579959212,-1.0514599547692862,moderate_drought,True
Khost,2008,10,10.20031310289511,78.50560175798377,-0.7411468568117511,near_normal,False
Khost,2008,11,4.60134052750921,37.423192130684455,-1.0247011345712143,moderate_drought,True
Khost,2008,12,10.326948157046102,25.128601787450407,-0.9257239751089809,near_normal,False
Khost,2009,1,49.07485152595565,64.00314021051095,-0.08391250215536596,near_normal,False
Khost,2009,2,62.19047805780511,121.59227774080685,0.22373305478102135,near_normal,False
Khost,2009,3,59.06755618830061,170.33288577206136,0.24737586115304144,near_normal,False
Khost,2009,4,105.82816305662182,227.0861973027275,0.47792217961759265,near_normal,False
Khost,2009,5,37.87470847633833,202.77042772126072,0.4927407795521436,near_normal,False
Khost,2009,6,26.425584659575588,170.1284561925357,0.9379796015248348,near_normal,False
Khost,2009,7,42.48631761479648,106.78661075071038,-0.5114318059351026,near_normal,False
Khost,2009,8,60.9798527038954,129.89175497826744,-0.5660586079363933,near_normal,False
Khost,2009,9,35.38739969882799,138.85357001751987,-0.382218147886178,near_normal,False
Khost,2009,10,5.115123371347802,101.48237577407119,0.020087386896959693,near_normal,False
Khost,2009,11,5.8959548046987225,46.3984778748745,-0.29513953104338275,near_normal,False
Khost,2009,12,12.61527508576109,23.6263532618076,-1.0430009598521797,moderate_drought,True
Khost,2010,1,35.70958920974559,54.22081910020539,-0.6170058282251035,near_normal,False
Khost,2010,2,68.1193866745647,116.44425097007137,0.10595811343527273,near_normal,False
Khost,2010,3,34.62168378455897,138.45065966886924,-0.35344203916745864,near_normal,False
Khost,2010,4,48.76064780057707,151.5017182597007,-0.6331098073706483,near_normal,False
Khost,2010,5,43.32239222431088,126.70472380944692,-0.8534882994188875,near_normal,False
Khost,2010,6,22.103224230059915,114.18626425494787,-0.6331527245103206,near_normal,False
Khost,2010,7,113.20913794429262,178.63475439866343,1.0780445713934514,moderately_wet,False
Khost,2010,8,132.32808801487633,267.6404501892289,2.0486610566179433,extremely_wet,False
Khost,2010,9,20.026383919091003,265.56360987825997,1.9633337268929552,very_wet,False
Khost,2010,10,7.172431764174073,159.5269036981414,1.5317203775282597,very_wet,False
Khost,2010,11,4.5614784088166935,31.76029409208177,-1.5491066716019863,severe_drought,True
Khost,2010,12,8.070378463562673,19.804288636553437,-1.3670634321687984,moderate_drought,True
Khost,2011,1,14.733364820732644,27.365221693112012,-2.5459445963894334,extreme_drought,True
Khost,2011,2,107.08766688866989,129.8914101729652,0.4068120007383522,near_normal,False
Khost,2011,3,28.59492109642265,150.41595280582519,-0.11804299346950892,near_normal,False
Khost,2011,4,95.43679814515563,231.1193861302482,0.5297302427625918,near_normal,False
Khost,2011,5,32.74276885695027,156.77448809852856,-0.2693553122669842,near_normal,False
Khost,2011,6,30.46418127178165,158.64374827388758,0.6471283450816987,near_normal,False
Khost,2011,7,55.78395322479869,118.99090335353061,-0.19935879191818331,near_normal,False
Khost,2011,8,93.66731462200973,179.91544911859006,0.5327180134693436,near_normal,False
Khost,2011,9,32.11319205789457,181.564459904703,0.5252315562404484,near_normal,False
Khost,2011,10,13.959519533487596,139.7400262133919,1.0644083258172645,moderately_wet,False
Khost,2011,11,12.326831502464564,58.39954309384673,0.5445874629897348,near_normal,False
Khost,2011,12,4.07075008311226,30.35710111906442,-0.5520051683627429,near_normal,False
Khost,2012,1,34.02649651391628,50.4240780994931,-0.8415044798486039,near_normal,False
Khost,2012,2,61.26797213319721,99.36521873022575,-0.3117220640220796,near_normal,False
Khost,2012,3,45.47024653245534,140.76471517956884,-0.3068760126406237,near_normal,False
Khost,2012,4,88.5972628767189,195.33548154237147,0.04706168230602141,near_normal,False
Khost,2012,5,37.3189022401487,171.38641164932295,-0.012720068034305558,near_normal,False
Khost,2012,6,14.663646175897409,140.57981129276502,0.1601100020558836,near_normal,False
Khost,2012,7,50.798058847059366,102.78060726310548,-0.6191194030025778,near_normal,False
Khost,2012,8,70.86737832168987,136.32908334464665,-0.41026985311710795,near_normal,False
Khost,2012,9,41.696668031561295,163.36210520031054,0.15807572323465274,near_normal,False
Khost,2012,10,9.114592197105162,121.67863855035633,0.5985835104369832,near_normal,False
Khost,2012,11,11.1722380935215,61.983498322187955,0.7728171015536837,near_normal,False
Khost,2012,12,33.611818160189415,53.898648450816076,0.7329634990269445,near_normal,False
Khost,2013,1,18.610578599038774,63.39463485274969,-0.11540588086455927,near_normal,False
Khost,2013,2,156.09840404875274,208.32080080798093,1.84630265187992,very_wet,False
Khost,2013,3,116.69280479665616,291.4017874444477,2.0174293893036706,extremely_wet,False
Khost,2013,4,92.01048805235216,364.8016968977611,1.9903798115009863,very_wet,False
Khost,2013,5,20.02711395333896,228.7304068023473,0.8730150228509057,near_normal,False
Khost,2013,6,21.4640531208294,133.50165512652052,-0.04207010044343653,near_normal,False
Khost,2013,7,44.44231124386757,85.93347831803594,-1.106349820175605,moderate_drought,True
Khost,2013,8,124.6999993593578,190.60636372405477,0.7402278676255001,near_normal,False
Khost,2013,9,33.67968071387361,202.821991317099,0.9244578840686417,near_normal,False
Khost,2013,10,11.054069552346196,169.4337496255776,1.751714448339107,very_wet,False
Khost,2013,11,33.59944599751287,78.33319626373267,1.7169524066490938,very_wet,False
Khost,2013,12,9.09191356846826,53.74542911832732,0.7259599723950144,near_normal,False
Khost,2014,1,16.03382197155462,58.725181537535754,-0.3641085648006103,near_normal,False
Khost,2014,2,46.35926888853535,71.48500442855823,-1.1139695687341455,moderate_drought,True
Khost,2014,3,101.84632795045724,164.2394188105472,0.13875324935976197,near_normal,False
Khost,2014,4,109.65996540906283,257.8655622480554,0.8591013500213632,near_normal,False
Khost,2014,5,74.83923666148806,286.34553002100813,1.6262941250096965,very_wet,False
Khost,2014,6,18.36055898665927,202.85976105721016,1.7022198885870023,very_wet,False
Khost,2014,7,43.22895952897306,136.4287551771204,0.21119570931309714,near_normal,False
Khost,2014,8,33.43616887006455,95.02568738569687,-1.517140072871965,severe_drought,True
Khost,2014,9,33.885960724018894,110.5510891230565,-1.0935247018246559,moderate_drought,True
Khost,2014,10,11.178029052994871,78.50015864707831,-0.7413440774897893,near_normal,False
Khost,2014,11,9.521393612687742,54.585383389701505,0.29130138341454087,near_normal,False
Khost,2014,12,9.583891574590062,30.283314240272674,-0.5569574068493568,near_normal,False
Khost,2015,1,24.350152317692597,43.4554375049704,-1.2857150084208833,moderate_drought,True
Khost,2015,2,99.9291452953676,133.86318918765028,0.49169680517828557,near_normal,False
Khost,2015,3,80.93807228736601,205.2173699004262,0.8243522362993827,near_normal,False
Khost,2015,4,61.71921369233325,242.58643127506687,0.6738518886413949,near_normal,False
Khost,2015,5,60.26995674421475,202.92724272391402,0.49513135805673164,near_normal,False
Khost,2015,6,20.33927637781067,142.32844681435867,0.20900822497789534,near_normal,False
Khost,2015,7,72.46205609917632,153.07128922120174,0.571605608684969,near_normal,False
Khost,2015,8,89.63634746220642,182.4376799391934,0.5823912114771732,near_normal,False
Khost,2015,9,29.973952708336235,192.07235626971897,0.7262029719235757,near_normal,False
Khost,2015,10,13.836130436674564,133.44643060721722,0.9068172511891945,near_normal,False
Khost,2015,11,20.993806872637972,64.80389001764877,0.9463970330403715,near_normal,False
Khost,2015,12,13.66615342284248,48.49609073215501,0.4776672263031051,near_normal,False
Khost,2016,1,37.900093709824496,72.56005400530495,0.33918574901625664,near_normal,False
Khost,2016,2,6.909237455348437,58.47548458801542,-1.5649056761227975,severe_drought,True
Khost,2016,3,96.0142841393389,140.82361530451183,-0.30569752833655245,near_normal,False
Khost,2016,4,83.10634594451442,186.02986753920175,-0.08799357812432826,near_normal,False
Khost,2016,5,89.22986146221194,268.35049154606526,1.4024781484276452,moderately_wet,False
Khost,2016,6,20.062810169806536,192.3990175765329,1.4672987718705341,moderately_wet,False
Khost,2016,7,100.49015973385136,209.78283136586987,1.6350132448864183,very_wet,False
Khost,2016,8,79.96505727625562,200.51802717991353,0.9258889965350438,near_normal,False
Khost,2016,9,29.80913232970123,210.26434933980823,1.057722079189692,moderately_wet,False
Khost,2016,10,7.127098705424595,116.90128831138146,0.46785350983842244,near_normal,False
Khost,2016,11,14.60497034734103,51.54120138246687,0.0805824085005514,near_normal,False
Khost,2016,12,9.842025595954423,31.574094648720063,-0.47149006301019214,near_normal,False
Khost,2017,1,73.58254699510461,98.02954293840008,1.4303513809947868,moderately_wet,False
Khost,2017,2,120.09242232298352,203.51699491404256,1.7693859354644947,very_wet,False
Khost,2017,3,27.72760945549341,221.40257877358155,1.0702499762028106,moderately_wet,False
Khost,2017,4,28.708886533680676,176.52891831215763,-0.23064652050048753,near_normal,False
Khost,2017,5,53.5761037382163,110.0125997273904,-1.2199206063893449,moderate_drought,True
Khost,2017,6,19.988664338824503,102.2736546107215,-1.0322633839503257,moderate_drought,True
Khost,2017,7,134.6382745431986,208.20304262023942,1.6080994141157767,very_wet,False
Khost,2017,8,81.50715765109432,236.13409653311743,1.5475059869781613,very_wet,False
Khost,2017,9,26.130563881485116,242.27599607577807,1.5983880171066311,very_wet,False
Khost,2017,10,4.638646609872225,112.27636814245169,0.33788866372003584,near_normal,False
Khost,2017,11,25.681767577649687,56.45097806900706,0.41660452492457817,near_normal,False
Khost,2017,12,41.959501836998456,72.27991602452039,1.4938937344977106,moderately_wet,False
Khost,2018,1,12.293210466158024,79.9344798808062,0.677980074532965,near_normal,False
Khost,2018,2,86.90231548627116,141.15502778942766,0.6433150343676541,near_normal,False
Khost,2018,3,75.63978206270367,174.83530801513288,0.3259882939623584,near_normal,False
Khost,2018,4,74.5788869259457,237.12098447492053,0.605732244884468,near_normal,False
Khost,2018,5,75.19208530584892,225.4107542944983,0.8260208598397539,near_normal,False
Khost,2018,6,45.835271876072014,195.60624410786664,1.5401850550800849,very_wet,False
Khost,2018,7,86.6588630279503,207.68622020987124,1.5992662134310793,very_wet,False
Khost,2018,8,42.55498119529474,175.04911609931705,0.4355650876938157,near_normal,False
Khost,2018,9,35.66421822279014,164.8780624460352,0.18966070563293863,near_normal,False
Khost,2018,10,20.294465151465367,98.51366456955026,-0.07124675871361172,near_normal,False
Khost,2018,11,14.84232879975123,70.80101217400676,1.2997168595796709,moderately_wet,False
Khost,2018,12,22.51955151129771,57.656345462514324,0.9008091405745267,near_normal,False
Khost,2019,1,43.655827207256365,81.01770751830531,0.7259862616938604,near_normal,False
Khost,2019,2,111.86586840191336,178.04124712046746,1.3407721950686045,moderately_wet,False
Khost,2019,3,83.44311953057917,238.9648151397489,1.3241918647368902,moderately_wet,False
Khost,2019,4,91.67573478839356,286.9847227208861,1.193235484516462,moderately_wet,False
Khost,2019,5,46.012700773471714,221.13155509244444,0.7647703587042671,near_normal,False
Khost,2019,6,26.88593403214088,164.57436959400616,0.798988182610488,near_normal,False
Khost,2019,7,78.34956723267616,151.24820203828878,0.5334291462278616,near_normal,False
Khost,2019,8,97.52593753580015,202.7614388006172,0.9670736706873606,near_normal,False
Khost,2019,9,15.944233823704923,191.81973859218127,0.7214574524937224,near_normal,False
Khost,2019,10,20.555071160020827,134.02524251952593,0.9215104865914311,near_normal,False
Khost,2019,11,32.51033161950091,69.00963660322668,1.1962906475098145,moderately_wet,False
Khost,2019,12,9.444884880115447,62.510287659637214,1.107423039216957,moderately_wet,False
Khost,2020,1,63.60166845022171,105.55688494983809,1.716720413020411,very_wet,False
Khost,2020,2,45.46112785824946,118.50768118858664,0.15357310218970888,near_normal,False
Khost,2020,3,156.26324204734215,265.32603835581335,1.6836830287698785,very_wet,False
Khost,2020,4,124.40697378993772,326.1313436955294,1.6095152929899579,very_wet,False
Khost,2020,5,44.88300586785965,325.55322170513955,2.0845121081398967,extremely_wet,False
Khost,2020,6,21.89325245795967,191.18323211575708,1.4394634611940207,moderately_wet,False
Khost,2020,7,40.239121384918704,107.01537971073805,-0.5053655927278682,near_normal,False
Khost,2020,8,41.96339830565885,104.09577214853725,-1.2492418929904765,moderate_drought,True
Khost,2020,9,25.39038814248624,107.59290783306383,-1.1748038571954993,moderate_drought,True
Khost,2020,10,4.097660803682161,71.45144725182728,-1.005019548367326,moderate_drought,True
Khost,2020,11,42.707385146043045,72.19543409221149,1.3790541780068042,moderately_wet,False
Khost,2020,12,20.112785518081893,66.91783146780713,1.2862461372379579,moderately_wet,False
Khost,2021,1,11.833189239724144,74.65335990384911,0.4375826363420007,near_normal,False
Khost,2021,2,15.260822764315254,47.20679752212132,-2.017090559797213,extreme_drought,True
Khost,2021,3,65.90045953943866,92.99447154347808,-1.4010895825017067,moderate_drought,True
Khost,2021,4,77.35707863968409,158.51836094343804,-0.5159832271727658,near_normal,False
Khost,2021,5,48.02984371230898,191.28738189143178,0.31425847331490586,near_normal,False
Khost,2021,6,21.29423700960121,146.68115936159433,0.3290160626569782,near_normal,False
Khost,2021,7,125.41428614688272,194.73836686879292,1.373195946792036,moderately_wet,False
Khost,2021,8,42.79341575434192,189.50193891082588,0.7191514096009789,near_normal,False
Khost,2021,9,30.62966471270528,198.83736661392993,0.8517914010465576,near_normal,False
Khost,2021,10,19.848047963206454,93.27112843025368,-0.23715117713910597,near_normal,False
Khost,2021,11,2.647434039345655,53.12514671525742,0.19122665097350175,near_normal,False
Khost,2021,12,18.897555420148095,41.39303742270023,0.11165281183395265,near_normal,False
Khost,2022,1,68.92857831874507,90.47356777823884,1.128215377168251,moderately_wet,False
Khost,2022,2,19.79651307481681,107.62264681371,-0.10422130898365138,near_normal,False
Khost,2022,3,33.482512197319586,122.20760359088149,-0.6961542066801216,near_normal,False
Khost,2022,4,22.9106009514254,76.18962622356182,-2.2261572936890452,extreme_drought,True
Khost,2022,5,28.998536427864245,85.39164957660925,-1.838999911890351,severe_drought,True
Khost,2022,6,37.88994169953025,89.79907907881991,-1.4859105246958715,moderate_drought,True
Khost,2022,7,81.3911384673383,148.2796165947328,0.47061067103092025,near_normal,False
Khost,2022,8,109.62959696125672,228.9106771281253,1.4266183455960113,moderately_wet,False
Khost,2022,9,25.847610534123117,216.86834596271814,1.1734228173079078,moderately_wet,False
Khost,2022,10,3.6814317029408983,139.15863919832074,1.0500467647709164,moderately_wet,False
Khost,2022,11,22.82268964253741,52.35173187960144,0.13747949074581606,near_normal,False
Khost,2022,12,11.000674096536123,37.50479544201444,-0.10675348867172602,near_normal,False
Khost,2023,1,27.46929151592238,61.29265525499592,-0.22578077630144294,near_normal,False
Khost,2023,2,29.067055402886133,67.53702101534465,-1.2442690915971202,moderate_drought,True
Khost,2023,3,91.79499523581308,148.3313421546216,-0.15812395346391903,near_normal,False
Khost,2023,4,30.23910461757037,151.1011552562696,-0.639906946831094,near_normal,False
Khost,2023,5,55.25342921173706,177.2875290651205,0.08676444853385994,near_normal,False
Khost,2023,6,29.86555877613684,115.35809260544428,-0.5954486386371394,near_normal,False
Khost,2023,7,52.84786817025445,137.96685615812834,0.24568788207319253,near_normal,False
Khost,2023,8,25.24280981347724,107.95623675986853,-1.1401107613170307,moderate_drought,True
Khost,2023,9,14.575719702343132,92.66639768607483,-1.6103836941580092,severe_drought,True
Khost,2023,10,9.897795708419904,49.71632522424029,-1.953178680997914,severe_drought,True
Khost,2023,11,11.8179924162286,36.29150782699165,-1.1248931557716304,moderate_drought,True
Khost,2023,12,10.243644518290996,31.959432642939515,-0.4464396581863959,near_normal,False
Kunar,2001,1,11.481793311924516,,,,False
Kunar,2001,2,11.47766281713021,,,,False
Kunar,2001,3,70.24854868820982,93.20800481726455,-2.383721064355502,extreme_drought,True
Kunar,2001,4,69.34446608452795,151.07067758986798,-1.3728451289613475,moderate_drought,True
Kunar,2001,5,14.429292651691409,154.0223074244292,-0.8581697860323664,near_normal,False
Kunar,2001,6,37.02917585546899,120.80293459168836,-0.33317410048039103,near_normal,False
Kunar,2001,7,29.952346019113385,81.41081452627378,-0.19484053096113435,near_normal,False
Kunar,2001,8,29.502667642951625,96.484189517534,0.14394174925549716,near_normal,False
Kunar,2001,9,29.94192436154305,89.39693802360806,-0.6551313160444538,near_normal,False
Kunar,2001,10,13.039763516926838,72.48435552142152,-1.2497152818247739,moderate_drought,True
Kunar,2001,11,13.3732196949707,56.35490757344059,-1.2186179703817148,moderate_drought,True
Kunar,2001,12,12.410388844819256,38.82337205671679,-1.3660646281518254,moderate_drought,True
Kunar,2002,1,19.92777645915705,45.711384998947004,-2.0829248777024425,extreme_drought,True
Kunar,2002,2,63.62460747670138,95.96277278067768,-1.1195246486319173,moderate_drought,True
Kunar,2002,3,57.12512496313303,140.67750889899145,-1.325704117445468,moderate_drought,True
Kunar,2002,4,82.48266345554825,203.23239589538264,-0.5573247430964537,near_normal,False
Kunar,2002,5,15.057399523382022,154.66518794206328,-0.8471489056535383,near_normal,False
Kunar,2002,6,25.882204525215823,123.42226750414609,-0.26462434433492976,near_normal,False
Kunar,2002,7,14.35957553277182,55.299179581369664,-1.161440846980551,moderate_drought,True
Kunar,2002,8,32.45201395224051,72.69379401022815,-0.7542052844757439,near_normal,False
Kunar,2002,9,28.88478283721885,75.69637232223118,-1.1985766559194415,moderate_drought,True
Kunar,2002,10,11.21296056701568,72.54975735647504,-1.2465884303698755,moderate_drought,True
Kunar,2002,11,29.750709375648704,69.84845277988323,-0.6747776359154682,near_normal,False
Kunar,2002,12,43.22541980978467,84.18908975244905,0.10517422469515218,near_normal,False
Kunar,2003,1,36.36133446008862,109.33746364552198,-0.06981762688090436,near_normal,False
Kunar,2003,2,75.57683844010104,155.16359270997435,0.008803024173288487,near_normal,False
Kunar,2003,3,90.22138260442888,202.15955550461854,-0.27713336249399717,near_normal,False
Kunar,2003,4,90.82826575501316,256.6264867995431,0.14061805575289893,near_normal,False
Kunar,2003,5,37.92809998990287,218.97774834934492,0.126684219420817,near_normal,False
Kunar,2003,6,13.150632902527848,141.90699864744386,0.1933764707780375,near_normal,False
Kunar,2003,7,14.03298466941649,65.1117175618472,-0.7675058691062185,near_normal,False
Kunar,2003,8,42.779067012034666,69.96268458397901,-0.8695077226971423,near_normal,False
Kunar,2003,9,33.30354862252408,90.11560030397524,-0.628242411436907,near_normal,False
Kunar,2003,10,21.02289585312101,97.10551148767976,-0.18732776229897163,near_normal,False
Kunar,2003,11,34.92321553367826,89.24966000932335,-0.006736528227443025,near_normal,False
Kunar,2003,12,16.139521426527125,72.0856328133264,-0.21918283328563942,near_normal,False
Kunar,2004,1,81.31331474306029,132.37605170326566,0.45088277703793556,near_normal,False
Kunar,2004,2,53.03831295806353,150.49114912765094,-0.06829048416575036,near_normal,False
Kunar,2004,3,13.66807316838837,148.01970086951218,-1.185669035782544,moderate_drought,True
Kunar,2004,4,78.44944649251593,145.15583261896785,-1.4770686212114292,moderate_drought,True
Kunar,2004,5,20.832417677158684,112.949937338063,-1.640364008916826,severe_drought,True
Kunar,2004,6,9.47261549055326,108.75447966022787,-0.6621344895216044,near_normal,False
Kunar,2004,7,24.998178276634462,55.3032114443464,-1.161269397939812,moderate_drought,True
Kunar,2004,8,31.573600227295465,66.04439399448319,-1.0404410350629614,moderate_drought,True
Kunar,2004,9,28.233109696385934,84.80488820031587,-0.8305098316619348,near_normal,False
Kunar,2004,10,54.21369687332881,114.02040679701021,0.4407195508347412,near_normal,False
Kunar,2004,11,14.032045848463303,96.47885241817804,0.21702025670553185,near_normal,False
Kunar,2004,12,68.62250552018692,136.86824824197902,1.238091334693469,moderately_wet,False
Kunar,2005,1,80.94211628829714,163.59666765694737,1.0684839897921092,moderately_wet,False
Kunar,2005,2,91.68130186222714,241.2459236707112,1.2151460034268204,moderately_wet,False
Kunar,2005,3,101.31221851494658,273.9356366654709,0.7019730103082238,near_normal,False
Kunar,2005,4,67.4750254978696,260.46854587504333,0.18692516761715694,near_normal,False
Kunar,2005,5,61.277610127495066,230.06485414031124,0.2742417042427227,near_normal,False
Kunar,2005,6,15.582936067873137,144.3355716932378,0.25052750540514457,near_normal,False
Kunar,2005,7,24.568699869314276,101.42924606468247,0.41101627193811274,near_normal,False
Kunar,2005,8,36.863010710203554,77.01464664739098,-0.5776735712520185,near_normal,False
Kunar,2005,9,22.359990203929883,83.79170078344771,-0.870071963126682,near_normal,False
Kunar,2005,10,18.70550385964646,77.92850477377989,-0.9957876456532778,near_normal,False
Kunar,2005,11,26.20211014375551,67.26760420733186,-0.7728153493039146,near_normal,False
Kunar,2005,12,13.196767561457818,58.10438156485979,-0.6437235935181593,near_normal,False
Kunar,2006,1,86.54663441197035,125.94551211718368,0.3120424761761574,near_normal,False
Kunar,2006,2,43.00652949156864,142.7499314649968,-0.1996363125403212,near_normal,False
Kunar,2006,3,67.78519901581704,197.33836291935603,-0.35076816429267577,near_normal,False
Kunar,2006,4,43.82905442336785,154.62078293075353,-1.3116488142087737,moderate_drought,True
Kunar,2006,5,11.715722095764836,123.32997553494972,-1.4260581517662563,moderate_drought,True
Kunar,2006,6,8.095430640378007,63.640207159510695,-2.182031227469003,extreme_drought,True
Kunar,2006,7,24.98731989949417,44.79847263563701,-1.6413039195845147,severe_drought,True
Kunar,2006,8,44.9574758552392,78.04022639511138,-0.5367663013449377,near_normal,False
Kunar,2006,9,29.29070618758424,99.23550194231761,-0.2989781204523478,near_normal,False
Kunar,2006,10,22.754243328065705,97.00242537088914,-0.1913714330557052,near_normal,False
Kunar,2006,11,55.94433888973494,107.98928840538488,0.55135475706494,near_normal,False
Kunar,2006,12,87.04030744895121,165.73888966675185,1.7405252914046723,very_wet,False
Kunar,2007,1,11.13431373786975,154.1189600765559,0.8898156782704697,near_normal,False
Kunar,2007,2,174.99356016795468,273.16818135477564,1.589750581414169,very_wet,False
Kunar,2007,3,151.66536205067115,337.79323595649555,1.4389336220808255,moderately_wet,False
Kunar,2007,4,44.642067057931946,371.30098927655774,1.364219204296521,moderately_wet,False
Kunar,2007,5,37.19392044555717,233.50134955416027,0.319016014202306,near_normal,False
Kunar,2007,6,37.39804394245498,119.2340314459441,-0.3747144201713403,near_normal,False
Kunar,2007,7,22.680288575754037,97.27225296376618,0.2922408935807395,near_normal,False
Kunar,2007,8,24.15150827518595,84.22984079339497,-0.2973019170535663,near_normal,False
Kunar,2007,9,31.4201949370187,78.25199178795869,-1.0923729451688515,moderate_drought,True
Kunar,2007,10,8.608692715367214,64.18039592757187,-1.66363310667604,severe_drought,True
Kunar,2007,11,7.493492801663753,47.52238045404967,-1.6258061095195804,severe_drought,True
Kunar,2007,12,16.962375279023924,33.06456079605489,-1.63084913692332,severe_drought,True
Kunar,2008,1,97.23687828703564,121.69274636772332,0.2176212166507929,near_normal,False
Kunar,2008,2,23.03284981017241,137.23210337623198,-0.2962180694995968,near_normal,False
Kunar,2008,3,32.37495384300479,152.64468194021282,-1.0999093194459042,moderate_drought,True
Kunar,2008,4,109.04148176461403,164.44928541779123,-1.1471641126358882,moderate_drought,True
Kunar,2008,5,27.08037460903264,168.49681021665145,-0.6172777558636712,near_normal,False
Kunar,2008,6,13.906925446716606,150.02878182036326,0.38204619026249353,near_normal,False
Kunar,2008,7,31.561425291769496,72.54872534751874,-0.49537964718422445,near_normal,False
Kunar,2008,8,45.45914490304908,90.92749564153519,-0.05118563327406164,near_normal,False
Kunar,2008,9,34.70494164697254,111.72551184179113,0.1204397999638793,near_normal,False
Kunar,2008,10,17.421513671012367,97.585600221034,-0.16853356267801398,near_normal,False
Kunar,2008,11,28.213792503177803,80.3402478211627,-0.29987875124739516,near_normal,False
Kunar,2008,12,56.39161709144415,102.02692326563431,0.5306638236440939,near_normal,False
Kunar,2009,1,94.3719483764971,178.97735797111903,1.3446748310328067,moderately_wet,False
Kunar,2009,2,97.63991222448506,248.4034776924263,1.3017878829814995,moderately_wet,False
Kunar,2009,3,84.62016455065772,276.6320251516399,0.7352403793300862,near_normal,False
Kunar,2009,4,137.6323061238024,319.89238289894513,0.8517426955722562,near_normal,False
Kunar,2009,5,41.916446832667326,264.16891750712745,0.7005325777235788,near_normal,False
Kunar,2009,6,18.99335123143473,198.54210418790444,1.3883494027643941,moderately_wet,False
Kunar,2009,7,16.519658524696467,77.4294565887985,-0.3269715336213325,near_normal,False
Kunar,2009,8,37.59040854635808,73.10341830248925,-0.737168069671431,near_normal,False
Kunar,2009,9,42.92779039440892,97.03785746546345,-0.37638912066448305,near_normal,False
Kunar,2009,10,15.559047038037548,96.07724597880451,-0.22779236962814028,near_normal,False
Kunar,2009,11,30.75332350559816,89.2401609380446,-0.007038367138351727,near_normal,False
Kunar,2009,12,20.65827190174596,66.97064244538164,-0.36737711937134726,near_normal,False
Kunar,2010,1,51.67438800564584,103.08598341298993,-0.223614870283994,near_normal,False
Kunar,2010,2,131.00899636453252,203.3416562719243,0.726099657805858,near_normal,False
Kunar,2010,3,42.83759710542939,225.5209814756077,0.06387262152711194,near_normal,False
Kunar,2010,4,71.3214228595586,245.16801632952047,-0.00029327946191590437,near_normal,False
Kunar,2010,5,59.44557936542077,173.6045993304087,-0.5356515267010284,near_normal,False
Kunar,2010,6,27.71368328603685,158.48068551101616,0.5713348455120951,near_normal,False
Kunar,2010,7,55.42372269214963,142.5829853436072,1.4440299637419172,moderately_wet,False
Kunar,2010,8,80.77705308751106,163.91445906569749,2.0752080861971036,extremely_wet,False
Kunar,2010,9,36.87331239676004,173.07408817642067,1.8237687671605058,very_wet,False
Kunar,2010,10,8.233782544569927,125.88414802884097,0.8451455360404556,near_normal,False
Kunar,2010,11,14.7682972208214,59.875392162151314,-1.0687422923227583,moderate_drought,True
Kunar,2010,12,7.457993032925892,30.460072798317164,-1.7616336527793268,severe_drought,True
Kunar,2011,1,23.336667916323915,45.562958170071155,-2.089501496194359,extreme_drought,True
Kunar,2011,2,113.68598487955272,144.48064582880247,-0.16986263801245682,near_normal,False
Kunar,2011,3,67.28187495224678,204.30452774812338,-0.24475306190889753,near_normal,False
Kunar,2011,4,63.65597392383292,244.62383375563235,-0.0070938497291049,near_normal,False
Kunar,2011,5,15.013391604265712,145.95124048034538,-0.9993022862256907,near_normal,False
Kunar,2011,6,8.51121679232417,87.18058232042276,-1.3195801789166692,moderate_drought,True
Kunar,2011,7,21.302571559215732,44.82717995580557,-1.6398891154954776,severe_drought,True
Kunar,2011,8,59.27117057539216,89.08495892693202,-0.1176445403234355,near_normal,False
Kunar,2011,9,35.11959786695231,115.69334000156016,0.24708501434646732,near_normal,False
Kunar,2011,10,46.08878688836942,140.47955533071385,1.3097337801639348,moderately_wet,False
Kunar,2011,11,23.098654524858688,104.30703928018038,0.44707897938657937,near_normal,False
Kunar,2011,12,7.523120027783097,76.71056144101117,-0.09120285390563353,near_normal,False
Kunar,2012,1,41.42538610454163,72.04716065718337,-1.0994668079080496,moderate_drought,True
Kunar,2012,2,56.20454122636808,105.15304735869276,-0.9176805047031955,near_normal,False
Kunar,2012,3,60.13564251039681,157.76556984130647,-1.0070196235411966,moderate_drought,True
Kunar,2012,4,76.81683068905326,193.1570144258181,-0.7025790692664113,near_normal,False
Kunar,2012,5,35.95247062323647,172.9049438226865,-0.5467351018940549,near_normal,False
Kunar,2012,6,9.2650674258928,122.0343687381825,-0.3008231839814683,near_normal,False
Kunar,2012,7,16.622383259519495,61.83992130864873,-0.8939986200464639,near_normal,False
Kunar,2012,8,25.193449595252837,51.08090028066509,-1.7664703490556508,severe_drought,True
Kunar,2012,9,43.07389028768896,84.88972314246125,-0.8272119229195406,near_normal,False
Kunar,2012,10,31.60869053745933,99.8760304204011,-0.07971216925451735,near_normal,False
Kunar,2012,11,20.02962798301512,94.71220880816337,0.1634001979948338,near_normal,False
Kunar,2012,12,42.13126329329116,93.76958181376557,0.3403999590499088,near_normal,False
Kunar,2013,1,14.93993714627462,77.10082842258086,-0.9411769276210141,near_normal,False
Kunar,2013,2,127.5418213440854,184.61302178365116,0.46220869097997996,near_normal,False
Kunar,2013,3,165.03555911525152,307.5173176056115,1.1019980993018303,moderately_wet,False
Kunar,2013,4,87.87867056929123,380.45605102862805,1.450565238105855,moderately_wet,False
Kunar,2013,5,15.852960610994211,268.7671902955369,0.7551797851881529,near_normal,False
Kunar,2013,6,17.39622606653568,121.12785724682107,-0.324616573430681,near_normal,False
Kunar,2013,7,32.82584310082682,66.07502977835665,-0.7310971146230681,near_normal,False
Kunar,2013,8,52.15278440341244,102.37485357077489,0.34278711110926147,near_normal,False
Kunar,2013,9,28.899374984609672,113.87800248884886,0.18950763877713395,near_normal,False
Kunar,2013,10,22.12618376444818,103.17834315247023,0.0459818993939504,near_normal,False
Kunar,2013,11,57.50123456036597,108.52679330942377,0.566379091829836,near_normal,False
Kunar,2013,12,27.039817209352183,106.66723553416628,0.6331641361561297,near_normal,False
Kunar,2014,1,17.322171278925136,101.86322304864323,-0.25442654310057844,near_normal,False
Kunar,2014,2,45.5663233859424,89.92831187421966,-1.2594995954747072,moderate_drought,True
Kunar,2014,3,175.5647256852895,238.45322035015698,0.24256627932836813,near_normal,False
Kunar,2014,4,58.328790805205415,279.4598398764373,0.4093922294066645,near_normal,False
Kunar,2014,5,56.79111611246883,290.6846326029637,1.0075777749643775,moderately_wet,False
Kunar,2014,6,12.046310132544564,127.16621705021878,-0.1683219742898589,near_normal,False
Kunar,2014,7,20.293021154929725,89.13044739994308,0.04945788161180606,near_normal,False
Kunar,2014,8,23.85922159572034,56.198552883194594,-1.5032590169452076,severe_drought,True
Kunar,2014,9,17.432030160058563,61.5842729107086,-1.834682398075705,severe_drought,True
Kunar,2014,10,30.754328195653454,72.04557995143233,-1.2707433828867325,moderate_drought,True
Kunar,2014,11,17.54651398602521,65.73287234173719,-0.8323420197580115,near_normal,False
Kunar,2014,12,8.429015102803989,56.72985728448263,-0.6891131474739729,near_normal,False
Kunar,2015,1,39.17699573556705,65.15252482439622,-1.328392016711529,moderate_drought,True
Kunar,2015,2,107.91703890744472,155.52304974581574,0.014669128316163392,near_normal,False
Kunar,2015,3,178.64882334395554,325.7428579869673,1.3072678925738983,moderately_wet,False
Kunar,2015,4,66.35961222704714,352.92547447844737,1.186665127536374,moderately_wet,False
Kunar,2015,5,32.24310542678758,277.25154099779024,0.8544244976066767,near_normal,False
Kunar,2015,6,13.235516121846798,111.83823377568152,-0.5756763232404811,near_normal,False
Kunar,2015,7,79.16071480918184,124.63933635781622,1.0213277624201977,moderately_wet,False
Kunar,2015,8,45.11366016266937,137.509891093698,1.3950042028990846,moderately_wet,False
Kunar,2015,9,37.4119617058737,161.6863366777249,1.5415290111649933,very_wet,False
Kunar,2015,10,34.37049128538438,116.89611315392744,0.5412080666007287,near_normal,False
Kunar,2015,11,54.91822512711685,126.70067811837494,1.048030030258118,moderately_wet,False
Kunar,2015,12,28.624104942296256,117.91282135479749,0.8700189878677811,near_normal,False
Kunar,2016,1,37.97359715159072,121.51592722100384,0.21364828189355994,near_normal,False
Kunar,2016,2,16.9938524982923,83.59155459217928,-1.4137644571487402,moderate_drought,True
Kunar,2016,3,191.9320551987965,246.8995048486795,0.35582126873875136,near_normal,False
Kunar,2016,4,115.4427725953404,324.3686802924292,0.8984095571409674,near_normal,False
Kunar,2016,5,58.83149752934594,366.2063253234828,1.792975037993796,very_wet,False
Kunar,2016,6,27.586119299320448,201.8603894240068,1.45101729789127,moderately_wet,False
Kunar,2016,7,28.1578005397794,114.57541736844578,0.766719733174369,near_normal,False
Kunar,2016,8,44.918786191801495,100.66270603090135,0.28579304043061865,near_normal,False
Kunar,2016,9,33.81895006817737,106.89553679975828,-0.0378365535605077,near_normal,False
Kunar,2016,10,12.34772566998065,91.08546192995952,-0.42848090682897483,near_normal,False
Kunar,2016,11,20.197553995686302,66.36422973384433,-0.8077397187648203,near_normal,False
Kunar,2016,12,21.266993009489276,53.81227267515623,-0.7880401988438386,near_normal,False
Kunar,2017,1,128.4227481019895,169.88729510716507,1.1833909756094243,moderately_wet,False
Kunar,2017,2,157.60402133821788,307.29376244969666,1.960463159783953,very_wet,False
Kunar,2017,3,50.35484362246751,336.3816130626749,1.4236683834756811,moderately_wet,False
Kunar,2017,4,33.855097405350975,241.81396236603638,-0.04237043108344967,near_normal,False
Kunar,2017,5,67.42148440613236,151.63142543395085,-0.8994360045660373,near_normal,False
Kunar,2017,6,14.787046128271088,116.06362793975443,-0.45979845377446604,near_normal,False
Kunar,2017,7,57.731462737817616,139.93999327222107,1.3840121456128363,moderately_wet,False
Kunar,2017,8,52.91507891409721,125.43358778018592,1.0555960051150366,moderately_wet,False
Kunar,2017,9,39.56169097044053,150.20823262235535,1.2437344422221588,moderately_wet,False
Kunar,2017,10,16.828196517892213,109.30496640242994,0.2722472176136005,near_normal,False
Kunar,2017,11,45.80200727525525,102.19189476358798,0.38607837353395136,near_normal,False
Kunar,2017,12,39.78500402307128,102.41520781621874,0.5393566150187525,near_normal,False
Kunar,2018,1,14.029893345340469,99.616904643667,-0.3116874741270577,near_normal,False
Kunar,2018,2,80.12811907646669,133.94301644487842,-0.35504408885411903,near_normal,False
Kunar,2018,3,98.42176216584032,192.57977458764748,-0.42464750551658,near_normal,False
Kunar,2018,4,101.98301852847524,280.53289977078225,0.42165914838679824,near_normal,False
Kunar,2018,5,94.0483320121756,294.45311270649114,1.0497119245088813,moderately_wet,False
Kunar,2018,6,27.76489551183048,223.79624605248134,1.8494655018743802,very_wet,False
Kunar,2018,7,55.55386720122138,177.36709472522747,2.1750809546324237,extremely_wet,False
Kunar,2018,8,31.74527975321956,115.06404246627142,0.7467290233325972,near_normal,False
Kunar,2018,9,47.51577345866158,134.81492041310253,0.8201340221764357,near_normal,False
Kunar,2018,10,97.12094209955713,176.3819953114383,2.332741091207602,extremely_wet,False
Kunar,2018,11,38.34773176883353,182.98444732705224,2.3030508055718864,extremely_wet,False
Kunar,2018,12,23.94501469155933,159.41368855995,1.6355179886418045,very_wet,False
Kunar,2019,1,76.39027592338972,138.6830223837826,0.5827937218493587,near_normal,False
Kunar,2019,2,111.5770284117326,211.91231902668164,0.8415582166045407,near_normal,False
Kunar,2019,3,140.75765690257867,328.724961237701,1.340140467313562,moderately_wet,False
Kunar,2019,4,104.84275769380731,357.1774430081186,1.2282726414454412,moderately_wet,False
Kunar,2019,5,30.723387782562884,276.32380237894887,0.8436699665815969,near_normal,False
Kunar,2019,6,20.03323420633263,155.59937968270282,0.5075711188865772,near_normal,False
Kunar,2019,7,19.682552383640893,70.4391743725364,-0.5705558852982927,near_normal,False
Kunar,2019,8,57.16778837825724,96.88357496823076,0.15767455685364112,near_normal,False
Kunar,2019,9,24.30253129122784,101.15287205312598,-0.23237673045766374,near_normal,False
Kunar,2019,10,53.87208200949797,135.34240167898307,1.1499721756543333,moderately_wet,False
Kunar,2019,11,91.55764590444028,169.7322592051661,2.03259875640265,extremely_wet,False
Kunar,2019,12,14.429265806195929,159.85899372013418,1.6429960015348657,very_wet,False
Kunar,2020,1,78.63747958261197,184.62439129324818,1.4422274866156886,moderately_wet,False
Kunar,2020,2,57.22813625080717,150.29488163961508,-0.07156374622658065,near_normal,False
Kunar,2020,3,153.90608869222046,289.7717045256396,0.8943838599557578,near_normal,False
Kunar,2020,4,170.07289973089138,381.207124673919,1.4575892591591986,moderately_wet,False
Kunar,2020,5,58.02843080180167,382.0074192249135,1.943792014264826,very_wet,False
Kunar,2020,6,18.3534052441457,246.4547357768388,2.2355781641527743,extremely_wet,False
Kunar,2020,7,53.018777880303375,129.40061392625077,1.1371336776883578,moderately_wet,False
Kunar,2020,8,23.53276908430403,94.90495220875312,0.08926586018651698,near_normal,False
Kunar,2020,9,72.95038568531318,149.5019326499206,1.2249344248284144,moderately_wet,False
Kunar,2020,10,13.79534544083562,110.27850021045286,0.30741863406322734,near_normal,False
Kunar,2020,11,51.31622287204469,138.06195399819353,1.3266089690168807,moderately_wet,False
Kunar,2020,12,18.436401871071613,83.54797018395196,0.08880887540744292,near_normal,False
Kunar,2021,1,19.621190896759725,89.37381563987607,-0.5845160251861808,near_normal,False
Kunar,2021,2,17.114351477830716,55.1719442456621,-2.231691542268658,extreme_drought,True
Kunar,2021,3,144.93729651322462,181.6728388878151,-0.5987733259146635,near_normal,False
Kunar,2021,4,73.34159082131909,235.39323881237448,-0.12402292274324415,near_normal,False
Kunar,2021,5,38.53740849894309,256.81629583348683,0.611839503259503,near_normal,False
Kunar,2021,6,16.09394767629351,127.97294699655572,-0.1478213692892701,near_normal,False
Kunar,2021,7,40.63227378472275,95.26362995995937,0.2336411432314872,near_normal,False
Kunar,2021,8,35.82862715207557,92.55484861309185,0.006766009533000505,near_normal,False
Kunar,2021,9,39.99837443408309,116.45927537088144,0.27119824505343565,near_normal,False
Kunar,2021,10,26.055733526239237,101.88273511239794,-0.0030070822518505668,near_normal,False
Kunar,2021,11,10.600438640268356,76.65454660059072,-0.4275701982611934,near_normal,False
Kunar,2021,12,27.215152190071585,63.87132435657921,-0.460959487263021,near_normal,False
Kunar,2022,1,113.0785928747084,150.89418370504836,0.8273961984078252,near_normal,False
Kunar,2022,2,24.473520030164902,164.76726509494492,0.1625128113995556,near_normal,False
Kunar,2022,3,71.56109171933662,209.11320462420997,-0.17298410776077727,near_normal,False
Kunar,2022,4,41.28441310762109,137.31902485712266,-1.6198335023967931,severe_drought,True
Kunar,2022,5,34.04115310476442,146.88665793172214,-0.9826742915672506,near_normal,False
Kunar,2022,6,17.237878290445256,92.56344450283079,-1.1459007470238833,moderate_drought,True
Kunar,2022,7,39.59062297914957,90.86965437435927,0.10252401313772992,near_normal,False
Kunar,2022,8,118.95813372547546,175.7866349950703,2.358234312353791,extremely_wet,False
Kunar,2022,9,19.950593505033137,178.4993502096582,1.9540395443640701,very_wet,False
Kunar,2022,10,13.846646604041585,152.7553738345502,1.676714797816318,very_wet,False
Kunar,2022,11,54.42041299198862,88.21765310106338,-0.03965577347478966,near_normal,False
Kunar,2022,12,8.803746299937503,77.07080589596774,-0.08145523564161646,near_normal,False
Kunar,2023,1,71.51804251758139,134.74220180950755,0.5008467865234589,near_normal,False
Kunar,2023,2,63.887613412526974,144.2094022300459,-0.17451293071200352,near_normal,False
Kunar,2023,3,51.368857983587645,186.77451391369604,-0.5164689160063092,near_normal,False
Kunar,2023,4,44.19374798578138,159.45021938189603,-1.229947614446023,moderate_drought,True
Kunar,2023,5,53.38859448601921,148.95120045538826,-0.9462315383992073,near_normal,False
Kunar,2023,6,13.697252799577312,111.27959527137793,-0.5912174934116806,near_normal,False
Kunar,2023,7,39.152014158613625,106.23786144421017,0.5444624360050647,near_normal,False
Kunar,2023,8,27.59409253659799,80.44335949478895,-0.4423196279165977,near_normal,False
Kunar,2023,9,24.766772056563617,91.51287875177526,-0.5763764173330264,near_normal,False
Kunar,2023,10,20.629645236341485,72.99050982950313,-1.2255664702281224,moderate_drought,True
Kunar,2023,11,8.987546033741507,54.38396332664664,-1.3053860053298854,moderate_drought,True
Kunar,2023,12,11.19978502363687,40.81697629371989,-1.2809734307870495,moderate_drought,True
Kunduz,2001,1,39.56491016301168,,,,False
Kunduz,2001,2,40.43968844852283,,,,False
Kunduz,2001,3,73.2809122251639,153.28551083669842,-0.5381311020071852,near_normal,False
Kunduz,2001,4,21.44069902116562,135.16129969485235,-1.0532164985925567,moderate_drought,True
Kunduz,2001,5,17.939037812099233,112.66064905842877,-0.884779253415503,near_normal,False
Kunduz,2001,6,0.0,39.37973683326486,-1.656141278014862,severe_drought,True
Kunduz,2001,7,0.0,17.939037812099233,-0.6837704163637569,near_normal,False
Kunduz,2001,8,0.0,0.0,-0.2759210631079599,near_normal,False
Kunduz,2001,9,0.0,0.0,0.27592106310796005,near_normal,False
Kunduz,2001,10,7.371189653151823,7.371189653151823,0.62352744060161,near_normal,False
Kunduz,2001,11,23.495950757033427,30.86714041018525,-0.15964588503835045,near_normal,False
Kunduz,2001,12,39.720151595209664,70.58729200539491,0.07156206349819128,near_normal,False
Kunduz,2002,1,39.68908459681983,102.90518694906292,-0.09175550947672666,near_normal,False
Kunduz,2002,2,92.6852286086635,172.094464800693,0.780050682605728,near_normal,False
Kunduz,2002,3,97.00910220020518,229.38341540568848,0.971281819335869,near_normal,False
Kunduz,2002,4,101.80367033641038,291.49800114527903,1.3985184505604467,moderately_wet,False
Kunduz,2002,5,40.35912479482458,239.17189733144016,1.238252602903815,moderately_wet,False
Kunduz,2002,6,0.0,142.162795131235,1.4746640830581565,moderately_wet,False
Kunduz,2002,7,0.0,40.35912479482458,0.7439587603162715,near_normal,False
Kunduz,2002,8,0.0,0.0,-0.2759210631079599,near_normal,False
Kunduz,2002,9,0.0,0.0,0.27592106310796005,near_normal,False
Kunduz,2002,10,0.0016693375301602,0.0016693375301602,-1.7015809201903795,severe_drought,True
Kunduz,2002,11,17.73927986879681,17.74094920632697,-1.1239204597828947,moderate_drought,True
Kunduz,2002,12,70.93753608488937,88.67848529121635,0.7098194411170134,near_normal,False
Kunduz,2003,1,36.542429961161766,125.21924591484796,0.6159074692701016,near_normal,False
Kunduz,2003,2,91.47864116649542,198.95860721254655,1.3042911669766069,moderately_wet,False
Kunduz,2003,3,126.78817495595374,254.80924608361093,1.4001774586812405,moderately_wet,False
Kunduz,2003,4,71.07248721549989,289.33930333794905,1.3716053882336572,moderately_wet,False
Kunduz,2003,5,36.87113049082272,234.73179266227635,1.1785470308218637,moderately_wet,False
Kunduz,2003,6,2.7506717664756413,110.69428947279826,0.7554123727225399,near_normal,False
Kunduz,2003,7,0.0,39.62180225729836,0.707013193527405,near_normal,False
Kunduz,2003,8,0.0,2.7506717664756413,0.7894550119129273,near_normal,False
Kunduz,2003,9,0.0,0.0,0.27592106310796005,near_normal,False
Kunduz,2003,10,7.719779289015018,7.719779289015018,0.667444861969642,near_normal,False
Kunduz,2003,11,29.76392181496237,37.48370110397739,0.2205849635107675,near_normal,False
Kunduz,2003,12,57.68828645378345,95.17198755776084,0.917815801833009,near_normal,False
Kunduz,2004,1,60.63691809059414,148.08912635933996,1.259434870753835,moderately_wet,False
Kunduz,2004,2,37.01434643907712,155.3395509834547,0.425349446136247,near_normal,False
Kunduz,2004,3,41.56268346851884,139.21394799819012,-0.8700097648521672,near_normal,False
Kunduz,2004,4,56.54062820510657,135.11765811270254,-1.054122946592424,moderate_drought,True
Kunduz,2004,5,24.60068650842805,122.70399818205347,-0.669437772578949,near_normal,False
Kunduz,2004,6,0.0,81.14131471353463,-0.05516483872762795,near_normal,False
Kunduz,2004,7,0.0,24.60068650842805,-0.17191918396466832,near_normal,False
Kunduz,2004,8,0.0,0.0,-0.2759210631079599,near_normal,False
Kunduz,2004,9,0.0,0.0,0.27592106310796005,near_normal,False
Kunduz,2004,10,8.613229232298094,8.613229232298094,0.774560390028468,near_normal,False
Kunduz,2004,11,36.273318170866375,44.88654740316447,0.5962140695827275,near_normal,False
Kunduz,2004,12,55.95769354619582,100.84424094936028,1.0920648779579105,moderately_wet,False
Kunduz,2005,1,35.19263787142806,127.42364958849026,0.6811343677738145,near_normal,False
Kunduz,2005,2,48.88776868205521,140.0381000996791,0.07856992612257127,near_normal,False
Kunduz,2005,3,83.78570469224373,167.86611124572698,-0.21533474068687367,near_normal,False
Kunduz,2005,4,46.09598445658602,178.76945783088496,-0.23250453235881538,near_normal,False
Kunduz,2005,5,41.34817783712912,171.22986698595884,0.22972279456384298,near_normal,False
Kunduz,2005,6,2.9742712435641105,90.41843353727924,0.21779725640915776,near_normal,False
Kunduz,2005,7,0.0,44.32244908069323,0.9353953301514667,near_normal,False
Kunduz,2005,8,0.0,2.9742712435641105,0.8412450490145332,near_normal,False
Kunduz,2005,9,0.0,0.0,0.27592106310796005,near_normal,False
Kunduz,2005,10,0.0,0.0,-1.7116753065097285,severe_drought,True
Kunduz,2005,11,21.16173772265065,21.16173772265065,-0.8344317032821224,near_normal,False
Kunduz,2005,12,23.37966902421712,44.541406746867764,-1.079769940256485,moderate_drought,True
Kunduz,2006,1,69.61427268909652,114.15567943596429,0.2765472162989231,near_normal,False
Kunduz,2006,2,85.46386975785296,178.4578114711666,0.9088049661939492,near_normal,False
Kunduz,2006,3,80.38467043993019,235.46281288687965,1.0765448055350615,moderately_wet,False
Kunduz,2006,4,61.08257920935137,226.93111940713453,0.5293564924204363,near_normal,False
Kunduz,2006,5,7.961228826734896,149.42847847601647,-0.14961509748749036,near_normal,False
Kunduz,2006,6,0.0,69.04380803608626,-0.44467338906683246,near_normal,False
Kunduz,2006,7,0.0,7.961228826734896,-1.8017737507387883,severe_drought,True
Kunduz,2006,8,0.0,0.0,-0.2759210631079599,near_normal,False
Kunduz,2006,9,0.006629459633364,0.006629459633364,0.5220502648249461,near_normal,False
Kunduz,2006,10,5.750540718445543,5.757170178078907,0.4007141425314721,near_normal,False
Kunduz,2006,11,58.34390315018268,64.10107332826159,1.411893021527374,moderately_wet,False
Kunduz,2006,12,56.62739012299592,120.72183399162415,1.656959841762796,very_wet,False
Kunduz,2007,1,39.08007319008263,154.05136646326122,1.4163997074607386,moderately_wet,False
Kunduz,2007,2,81.45210524061825,177.1595685536968,0.8827836303259754,near_normal,False
Kunduz,2007,3,207.77362470990013,328.30580314060103,2.5023156333233953,extremely_wet,False
Kunduz,2007,4,47.72830903571455,336.9540389862329,1.937720405252816,very_wet,False
Kunduz,2007,5,17.405773096081766,272.90770684169644,1.6701364131792076,very_wet,False
Kunduz,2007,6,5.409390757425896,70.54347288922219,-0.39399751289628276,near_normal,False
Kunduz,2007,7,0.0,22.815163853507634,-0.2986897733588221,near_normal,False
Kunduz,2007,8,0.0,5.409390757425868,1.3140944601340623,moderately_wet,False
Kunduz,2007,9,0.0,0.0,0.27592106310796005,near_normal,False
Kunduz,2007,10,0.0146058011150657,0.014605801115037278,-1.652099677906959,severe_drought,True
Kunduz,2007,11,10.373249926577474,10.38785572769251,-1.9187561612851518,severe_drought,True
Kunduz,2007,12,53.24313601218569,63.6309917398782,-0.20293803724727263,near_normal,False
Kunduz,2008,1,37.60119008061767,101.2175760193808,-0.1492897092378746,near_normal,False
Kunduz,2008,2,34.65319586239404,125.49752195519737,-0.2752588867014465,near_normal,False
Kunduz,2008,3,31.934358075736053,104.18874401874774,-1.8103495600221078,severe_drought,True
Kunduz,2008,4,52.22127549097033,118.8088294291004,-1.408079726768316,moderate_drought,True
Kunduz,2008,5,11.231563284619522,95.38719685132588,-1.2884470989585333,moderate_drought,True
Kunduz,2008,6,0.0,63.452838775589825,-0.6404960480947595,near_normal,False
Kunduz,2008,7,0.0,11.231563284619494,-1.3588215133424821,moderate_drought,True
Kunduz,2008,8,0.0,0.0,-0.2759210631079599,near_normal,False
Kunduz,2008,9,0.3467138474268937,0.3467138474268653,1.4958877824789707,moderately_wet,False
Kunduz,2008,10,6.906312527573061,7.2530263749999255,0.6083418369227374,near_normal,False
Kunduz,2008,11,14.605749524502434,21.85877589950236,-0.7795446218621559,near_normal,False
Kunduz,2008,12,31.50527077005028,53.017332822125745,-0.6638708281364586,near_normal,False
Kunduz,2009,1,65.01812487535737,111.12914516991006,0.17993871148652824,near_normal,False
Kunduz,2009,2,81.82008607910159,178.34348172450922,0.9065183775797304,near_normal,False
Kunduz,2009,3,61.28028643355776,208.1184973880167,0.5880101440595414,near_normal,False
Kunduz,2009,4,82.9806006780698,226.08097319072914,0.5168905128024716,near_normal,False
Kunduz,2009,5,40.86333316271601,185.12422027434354,0.45494649766345957,near_normal,False
Kunduz,2009,6,2.102103568719013,125.9460374095048,1.118541221371454,moderately_wet,False
Kunduz,2009,7,0.0123484713468331,42.97778520278183,0.8717361946820189,near_normal,False
Kunduz,2009,8,0.0,2.1144520400658173,0.6299938737553733,near_normal,False
Kunduz,2009,9,0.0505311484946616,0.06287961984146628,0.8681808003684175,near_normal,False
Kunduz,2009,10,3.1290960918264394,3.179627240321073,-0.06173699979180309,near_normal,False
Kunduz,2009,11,42.77028824144164,45.949915481762716,0.6467315766057237,near_normal,False
Kunduz,2009,12,58.23891055488705,104.1382948881551,1.1903532691260061,moderately_wet,False
Kunduz,2010,1,31.043049351001105,132.05224814732978,0.8157154706719836,near_normal,False
Kunduz,2010,2,107.7872453970187,197.06920530290682,1.2689833097490544,moderately_wet,False
Kunduz,2010,3,64.30718170604685,203.13747645406661,0.494541131433945,near_normal,False
Kunduz,2010,4,48.79884479066361,220.8932718937291,0.4401429354741197,near_normal,False
Kunduz,2010,5,52.061676773604745,165.16770327031517,0.12764679086032552,near_normal,False
Kunduz,2010,6,5.8851133032699465,106.74563486753827,0.6561346985724815,near_normal,False
Kunduz,2010,7,0.0,57.94679007687466,1.5199783511506495,very_wet,False
Kunduz,2010,8,0.0037311067340301,5.888844410003948,1.3934411316024127,moderately_wet,False
Kunduz,2010,9,0.0,0.003731106734001678,0.4741020470107543,near_normal,False
Kunduz,2010,10,4.709190318507911,4.7129214252419125,0.23408719321922866,near_normal,False
Kunduz,2010,11,7.298697610001698,12.00788792850958,-1.7149041928368014,severe_drought,True
Kunduz,2010,12,8.550354068125849,20.55824199663543,-2.688423180655022,extreme_drought,True
Kunduz,2011,1,29.38677014592748,45.235821824054995,-2.6181311315480476,extreme_drought,True
Kunduz,2011,2,85.3216185501983,123.2587427642516,-0.33214750970478263,near_normal,False
Kunduz,2011,3,59.44693237443721,174.15532107056293,-0.08191458963071532,near_normal,False
Kunduz,2011,4,33.21066046555662,177.9792113901921,-0.24609151167821783,near_normal,False
Kunduz,2011,5,17.93829050485841,110.59588334485221,-0.930671090069044,near_normal,False
Kunduz,2011,6,0.3212757032752693,51.47022667369028,-1.104137118010208,moderate_drought,True
Kunduz,2011,7,0.0,18.259566208133652,-0.6563693808737675,near_normal,False
Kunduz,2011,8,0.0,0.32127570327524085,-0.019173838268751627,near_normal,False
Kunduz,2011,9,0.0,0.0,0.27592106310796005,near_normal,False
Kunduz,2011,10,10.797240422490914,10.797240422490885,1.0099309322681946,moderately_wet,False
Kunduz,2011,11,59.91461533205103,70.71185575454192,1.6555554818550764,very_wet,False
Kunduz,2011,12,20.30232962244905,91.01418537699097,0.7857472053939842,near_normal,False
Kunduz,2012,1,42.82471356781242,123.04165852231247,0.5507270432056415,near_normal,False
Kunduz,2012,2,63.21714417150849,126.34418736176993,-0.2539228278402735,near_normal,False
Kunduz,2012,3,83.91396708518224,189.9558248245031,0.2396381369292375,near_normal,False
Kunduz,2012,4,49.49537413165091,196.62648538834162,0.06432118198362471,near_normal,False
Kunduz,2012,5,52.185438712104926,185.59477992893804,0.46237519770535046,near_normal,False
Kunduz,2012,6,0.1479998161175421,101.82881265987335,0.529088264090545,near_normal,False
Kunduz,2012,7,0.0,52.33343852822244,1.2910395560208965,moderately_wet,False
Kunduz,2012,8,0.0,0.14799981611751367,-0.12877456832013168,near_normal,False
Kunduz,2012,9,0.0,0.0,0.27592106310796005,near_normal,False
Kunduz,2012,10,4.439869487204713,4.439869487204684,0.18661231600082362,near_normal,False
Kunduz,2012,11,36.02361071518534,40.46348020239002,0.37720777269478106,near_normal,False
Kunduz,2012,12,50.4000881478686,90.86356835025862,0.7808897360709074,near_normal,False
Kunduz,2013,1,30.47394050900825,116.89763937206216,0.36261427212187697,near_normal,False
Kunduz,2013,2,76.74106617686996,157.61509483374678,0.47495736163636715,near_normal,False
Kunduz,2013,3,70.7704814259085,177.9854881117867,-0.0022353501461783143,near_normal,False
Kunduz,2013,4,66.80149430616561,214.31304190894406,0.3410599268093387,near_normal,False
Kunduz,2013,5,6.554915050784233,144.1268907828583,-0.24740911355749784,near_normal,False
Kunduz,2013,6,0.0665276270124836,73.4229369839623,-0.2987098943829114,near_normal,False
Kunduz,2013,7,0.0,6.621442677796688,-2.023182785415311,extreme_drought,True
Kunduz,2013,8,0.0,0.06652762701245518,-0.19409417286881855,near_normal,False
Kunduz,2013,9,0.0,0.0,0.27592106310796005,near_normal,False
Kunduz,2013,10,6.590074076962908,6.590074076962879,0.520077304822124,near_normal,False
Kunduz,2013,11,11.573894406269089,18.16396848323197,-1.086097876894464,moderate_drought,True
Kunduz,2013,12,47.028851962850176,65.19282044608215,-0.13961631526960508,near_normal,False
Kunduz,2014,1,19.080986655256854,77.6837330243761,-1.0292193296724945,moderate_drought,True
Kunduz,2014,2,45.720122460458725,111.82996107856573,-0.6339959102681253,near_normal,False
Kunduz,2014,3,115.1358318419905,179.93694095770604,0.03792072589276949,near_normal,False
Kunduz,2014,4,66.1704085383472,227.0263628407964,0.530751158962528,near_normal,False
Kunduz,2014,5,22.364368615455408,203.6706089957931,0.7388189520671458,near_normal,False
Kunduz,2014,6,1.4087462214455833,89.94352337524816,0.2042899482968438,near_normal,False
Kunduz,2014,7,0.0,23.773114836900962,-0.229868639428574,near_normal,False
Kunduz,2014,8,0.0,1.4087462214455548,0.4243324413029127,near_normal,False
Kunduz,2014,9,0.0015997420556301,0.0015997420556016783,0.4204150208924715,near_normal,False
Kunduz,2014,10,7.783333076215781,7.784932818271383,0.6755130445554489,near_normal,False
Kunduz,2014,11,27.783701669227945,35.568634487499324,0.1155031724250218,near_normal,False
Kunduz,2014,12,25.266127327960447,60.83316207340414,-0.31904301834139365,near_normal,False
Kunduz,2015,1,36.42537324097333,89.47520223816169,-0.5686580249283543,near_normal,False
Kunduz,2015,2,87.69026809780696,149.3817686667407,0.29314689237204744,near_normal,False
Kunduz,2015,3,71.76444097461786,195.88008231339813,0.35560433312411,near_normal,False
Kunduz,2015,4,43.12831817615995,202.58302724858476,0.15930690266974717,near_normal,False
Kunduz,2015,5,37.28195860533823,152.17471775611602,-0.09987305077497864,near_normal,False
Kunduz,2015,6,0.0,80.41027678149815,-0.07754506505140742,near_normal,False
Kunduz,2015,7,0.0,37.281958605338204,0.5867106748403108,near_normal,False
Kunduz,2015,8,0.0,0.0,-0.2759210631079599,near_normal,False
Kunduz,2015,9,0.000697515084295,0.0006975150842665783,0.38222268274657806,near_normal,False
Kunduz,2015,10,7.56508206179387,7.565779576878136,0.6482015151196993,near_normal,False
Kunduz,2015,11,63.45141809461923,71.01719767149737,1.6664549691283495,very_wet,False
Kunduz,2015,12,22.31706599915205,93.33356615556511,0.8598941174578955,near_normal,False
Kunduz,2016,1,42.47189094334105,128.2403750371123,0.705112173541895,near_normal,False
Kunduz,2016,2,19.384589408397947,84.17354635089103,-1.4638928098993893,moderate_drought,True
Kunduz,2016,3,70.27811284485351,132.13459319659248,-1.0456809302906047,moderate_drought,True
Kunduz,2016,4,52.549449428465856,142.2121516817173,-0.9093371529093797,near_normal,False
Kunduz,2016,5,23.05534402428714,145.8829062976065,-0.21475294352152602,near_normal,False
Kunduz,2016,6,1.897201764685749,77.50199521743873,-0.16795962706906992,near_normal,False
Kunduz,2016,7,0.0,24.952545788972877,-0.1476817950197861,near_normal,False
Kunduz,2016,8,0.0,1.8972017646857349,0.5705289564282902,near_normal,False
Kunduz,2016,9,0.0,0.0,0.27592106310796005,near_normal,False
Kunduz,2016,10,0.9116285889087418,0.9116285889087276,-0.7792934234233683,near_normal,False
Kunduz,2016,11,44.8477994896348,45.75942807854353,0.6377387691869082,near_normal,False
Kunduz,2016,12,37.59986529909983,83.35929337764335,0.5318723242911287,near_normal,False
Kunduz,2017,1,47.1051349497848,129.5527997385194,0.7434335582854916,near_normal,False
Kunduz,2017,2,102.2301548543985,186.9351551032831,1.075754061218008,moderately_wet,False
Kunduz,2017,3,42.32448115253154,191.65977095671482,0.27323561691736126,near_normal,False
Kunduz,2017,4,47.41473947299349,191.9693754799235,-0.011289802788929236,near_normal,False
Kunduz,2017,5,15.852039640803245,105.59126026632825,-1.0444119684065327,moderate_drought,True
Kunduz,2017,6,0.0,63.2667791137967,-0.6472121179085605,near_normal,False
Kunduz,2017,7,0.0,15.852039640803216,-0.871117710330787,near_normal,False
Kunduz,2017,8,0.0,0.0,-0.2759210631079599,near_normal,False
Kunduz,2017,9,0.0,0.0,0.27592106310796005,near_normal,False
Kunduz,2017,10,2.0716991707162213,2.071699170716193,-0.3420869499046125,near_normal,False
Kunduz,2017,11,15.767971319862818,17.83967049057901,-1.115037025727779,moderate_drought,True
Kunduz,2017,12,19.155583849375247,36.99525433995426,-1.4992534063302543,moderate_drought,True
Kunduz,2018,1,19.05728270967264,53.98083787891068,-2.1266410467733126,extreme_drought,True
Kunduz,2018,2,43.99531806440467,82.20818462345252,-1.529682975725034,severe_drought,True
Kunduz,2018,3,91.96078621921062,155.0133869932879,-0.49882437100547433,near_normal,False
Kunduz,2018,4,51.91834169516577,187.87444597878104,-0.07879379853808988,near_normal,False
Kunduz,2018,5,38.90806975078163,182.78719766515798,0.41786606937189913,near_normal,False
Kunduz,2018,6,0.0,90.82641144594739,0.22936326472688434,near_normal,False
Kunduz,2018,7,0.0,38.908069750781614,0.670820412350696,near_normal,False
Kunduz,2018,8,0.0828910725332555,0.0828910725332413,-0.17967334018795186,near_normal,False
Kunduz,2018,9,0.0047991903784158,0.08769026291165709,0.9544131831103819,near_normal,False
Kunduz,2018,10,15.44768238994397,15.535372652855628,1.4344358177855556,moderately_wet,False
Kunduz,2018,11,33.187246794685734,48.639728375008104,0.7711952618029715,near_normal,False
Kunduz,2018,12,20.93258235718887,69.56751154181856,0.03249055059097951,near_normal,False
Kunduz,2019,1,89.93340954756789,144.0532386994425,1.1508407490141424,moderately_wet,False
Kunduz,2019,2,84.1841005710629,195.05009247581967,1.2310080833383543,moderately_wet,False
Kunduz,2019,3,53.08843881961481,227.2059489382456,0.9331362891436839,near_normal,False
Kunduz,2019,4,129.219663388944,266.4922027796217,1.0784440054967095,moderately_wet,False
Kunduz,2019,5,25.645661822113325,207.95376403067212,0.8019426065684594,near_normal,False
Kunduz,2019,6,11.044847593716185,165.91017280477354,1.9520191429813474,very_wet,False
Kunduz,2019,7,0.0,36.69050941582951,0.555523210739237,near_normal,False
Kunduz,2019,8,0.0,11.044847593716185,2.095333892440042,extremely_wet,False
Kunduz,2019,9,0.0,0.0,0.27592106310796005,near_normal,False
Kunduz,2019,10,6.447698347516074,6.447698347516074,0.5003892177756126,near_normal,False
Kunduz,2019,11,39.300162468521314,45.74786081603739,0.6371918967956741,near_normal,False
Kunduz,2019,12,12.855994111917504,58.60385492795489,-0.41416810375119706,near_normal,False
Kunduz,2020,1,33.74187201017576,85.89802859061459,-0.70376932424587,near_normal,False
Kunduz,2020,2,32.08717918777476,78.68504530986803,-1.6504206877373242,severe_drought,True
Kunduz,2020,3,81.04872001167118,146.8777712096217,-0.6865738836341352,near_normal,False
Kunduz,2020,4,91.01066228052416,204.1465614799701,0.1839306848974825,near_normal,False
Kunduz,2020,5,57.24287784710237,229.30226013929772,1.1045347093810007,moderately_wet,False
Kunduz,2020,6,2.118245329691536,150.37178545731808,1.6450474369683308,very_wet,False
Kunduz,2020,7,0.5814326685791869,59.94255584537311,1.597982744515826,very_wet,False
Kunduz,2020,8,0.0,2.6996779982707366,0.7773650297140104,near_normal,False
Kunduz,2020,9,0.1535167799931499,0.7349494485723509,1.9898426755505074,very_wet,False
Kunduz,2020,10,2.781154581776073,2.934671361769237,-0.11729960379139667,near_normal,False
Kunduz,2020,11,41.42447091951446,44.3591422812837,0.5708673415889829,near_normal,False
Kunduz,2020,12,38.97014503984967,83.17577054114022,0.5256012344167739,near_normal,False
Kunduz,2021,1,12.538539055138775,92.93315501450292,-0.44148641384425363,near_normal,False
Kunduz,2021,2,23.21925299148501,74.72793708647347,-1.790631425730095,severe_drought,True
Kunduz,2021,3,136.1574520814577,171.9152441280815,-0.12905984788941116,near_normal,False
Kunduz,2021,4,58.352523306127466,217.7292283790702,0.39274722379171867,near_normal,False
Kunduz,2021,5,23.348667067818194,217.85864245540338,0.9447319464488467,near_normal,False
Kunduz,2021,6,0.0,81.70119037394569,-0.03811597291371306,near_normal,False
Kunduz,2021,7,0.0,23.348667067818223,-0.26012394731839145,near_normal,False
Kunduz,2021,8,0.0,0.0,-0.2759210631079599,near_normal,False
Kunduz,2021,9,0.0,0.0,0.27592106310796005,near_normal,False
Kunduz,2021,10,2.7980655663552145,2.798065566355243,-0.149634227972728,near_normal,False
Kunduz,2021,11,18.15962831682901,20.957693883184255,-0.850737215896315,near_normal,False
Kunduz,2021,12,22.04104644516019,42.99874032834444,-1.1612405761624696,moderate_drought,True
Kunduz,2022,1,54.75402996461829,94.95470472660753,-0.3686163966427357,near_normal,False
Kunduz,2022,2,25.694042262199204,102.4891186719777,-0.8966841070218743,near_normal,False
Kunduz,2022,3,47.02238139000207,127.47045361681958,-1.1649710163552176,moderate_drought,True
Kunduz,2022,4,24.9841590731697,97.70058272537099,-1.9206144523601174,severe_drought,True
Kunduz,2022,5,29.861340888771178,101.86788135194298,-1.131477870282313,moderate_drought,True
Kunduz,2022,6,2.2395492522460634,57.08504921418697,-0.8785158239606364,near_normal,False
Kunduz,2022,7,0.0,32.10089014101727,0.30145859052253693,near_normal,False
Kunduz,2022,8,0.0,2.239549252246092,0.6629589803529061,near_normal,False
Kunduz,2022,9,0.4388593651949704,0.4388593651949988,1.631112754134552,very_wet,False
Kunduz,2022,10,6.232735286048568,6.671594651243566,0.5312278569627678,near_normal,False
Kunduz,2022,11,37.91779806033438,44.58939271157794,0.5819571904149553,near_normal,False
Kunduz,2022,12,26.793357423605283,70.94389076998826,0.08513562825200607,near_normal,False
Kunduz,2023,1,23.60597338685429,88.31712887079398,-0.611991061743529,near_normal,False
Kunduz,2023,2,56.0023561362686,106.4016869467282,-0.7847424944717051,near_normal,False
Kunduz,2023,3,23.567256094461072,103.17558561758399,-1.8406220315594628,severe_drought,True
Kunduz,2023,4,14.626647215029598,94.1962594457593,-2.013080881193853,extreme_drought,True
Kunduz,2023,5,12.380091635197775,50.57399494468847,-2.6585901129296383,extreme_drought,True
Kunduz,2023,6,0.0,27.0067388502274,-2.3654705109877074,extreme_drought,True
Kunduz,2023,7,0.0,12.380091635197804,-1.2258214153304738,moderate_drought,True
Kunduz,2023,8,0.0,0.0,-0.2759210631079599,near_normal,False
Kunduz,2023,9,0.0,0.0,0.27592106310796005,near_normal,False
Kunduz,2023,10,8.929704436713996,8.929704436714024,0.8108163124863355,near_normal,False
Kunduz,2023,11,19.9262512294866,28.85595566620062,-0.2860336681976023,near_normal,False
Kunduz,2023,12,17.10054992612099,45.95650559232162,-1.0067416968385203,moderate_drought,True
Laghman,2001,1,6.1278970877357,,,,False
Laghman,2001,2,11.86618093767902,,,,False
Laghman,2001,3,68.81107112015853,86.80514914557325,-1.7413972713709795,severe_drought,True
Laghman,2001,4,77.9087350452397,158.58598710307723,-0.8319590151534378,near_normal,False
Laghman,2001,5,19.541523785243008,166.26132995064123,-0.21364357123576067,near_normal,False
Laghman,2001,6,20.10559012943322,117.55584895991592,0.16194717677645012,near_normal,False
Laghman,2001,7,8.099311422006535,47.74642533668276,0.04865842178609241,near_normal,False
Laghman,2001,8,5.147108141231896,33.35200969267165,0.5666994651845532,near_normal,False
Laghman,2001,9,11.325503554408495,24.571923117646925,-0.4080610765548085,near_normal,False
Laghman,2001,10,5.836901149341354,22.309512844981743,-1.0216898203116715,moderate_drought,True
Laghman,2001,11,9.922482767417376,27.084887471167225,-1.0438951659445357,moderate_drought,True
Laghman,2001,12,14.057211897911142,29.81659581466987,-1.026884050932431,moderate_drought,True
Laghman,2002,1,12.514850201574069,36.49454486690259,-1.583022241601753,severe_drought,True
Laghman,2002,2,63.05872237902576,89.63078447851098,-0.37402576846251717,near_normal,False
Laghman,2002,3,60.17657903294616,135.750151613546,-0.5719025108777706,near_normal,False
Laghman,2002,4,96.57757494886184,219.81287636083374,0.13967971201751533,near_normal,False
Laghman,2002,5,12.569561134547383,169.32371511635537,-0.16401555557589145,near_normal,False
Laghman,2002,6,13.80662278695608,122.9537588703653,0.29369378416400554,near_normal,False
Laghman,2002,7,4.200142578402302,30.576326499905765,-0.9252059147705525,near_normal,False
Laghman,2002,8,8.037013223522955,26.043778588881338,-0.2020132362243093,near_normal,False
Laghman,2002,9,11.151232543257962,23.388388345183216,-0.5459363436668263,near_normal,False
Laghman,2002,10,4.107592157906868,23.29583792468779,-0.9115386463656446,near_normal,False
Laghman,2002,11,19.69899150182473,34.95781620298956,-0.45499498610141953,near_normal,False
Laghman,2002,12,32.93284444545581,56.73942810518741,0.3373039085149451,near_normal,False
Laghman,2003,1,20.13385101847448,72.76568696575501,0.22531542657044934,near_normal,False
Laghman,2003,2,59.36998795387702,112.43668341780732,0.14657391197865408,near_normal,False
Laghman,2003,3,89.97115667845307,169.47499565080457,0.07269363651064462,near_normal,False
Laghman,2003,4,87.90040200133964,237.24154663366974,0.3822152154559356,near_normal,False
Laghman,2003,5,23.805980821836325,201.67753950162904,0.3269205008118108,near_normal,False
Laghman,2003,6,7.439199097343121,119.14558192051909,0.201158337161522,near_normal,False
Laghman,2003,7,4.226218916534763,35.47139883571421,-0.6158600850784413,near_normal,False
Laghman,2003,8,8.993472241772558,20.65889025565044,-0.8675405900501653,near_normal,False
Laghman,2003,9,10.962231692570771,24.18192285087809,-0.4529864613860639,near_normal,False
Laghman,2003,10,11.7803835051934,31.736087439536732,-0.0787837407087984,near_normal,False
Laghman,2003,11,25.936238221376897,48.67885341914107,0.3848045149354246,near_normal,False
Laghman,2003,12,18.84833736260573,56.56495908917603,0.3300699985599819,near_normal,False
Laghman,2004,1,49.94167388534096,94.72624946932359,1.031852537534965,moderately_wet,False
Laghman,2004,2,36.824556900750665,105.61456814869736,-0.0010602256070107437,near_normal,False
Laghman,2004,3,10.90066378578093,97.66689457187256,-1.4483682243581122,moderate_drought,True
Laghman,2004,4,58.56738451243839,106.29260519896998,-1.894538065663239,severe_drought,True
Laghman,2004,5,15.948207363051198,85.41625566127051,-1.8429877734943316,severe_drought,True
Laghman,2004,6,6.231110270038777,80.74670214552836,-0.8674779631177882,near_normal,False
Laghman,2004,7,5.811476140641321,27.990793773731298,-1.1026810839302619,moderate_drought,True
Laghman,2004,8,7.395063426630083,19.437649837310182,-1.0346343695689704,moderate_drought,True
Laghman,2004,9,10.870775285469191,24.077314852740596,-0.4651200114824742,near_normal,False
Laghman,2004,10,18.416463665733808,36.68230237783308,0.3411879138134755,near_normal,False
Laghman,2004,11,10.47642482036596,39.76366377156896,-0.13909259805117508,near_normal,False
Laghman,2004,12,50.188927738715016,79.08181622481479,1.1638824575982984,moderately_wet,False
Laghman,2005,1,72.4270447713592,133.09239733044018,2.1883912769774763,extremely_wet,False
Laghman,2005,2,68.0264522609478,190.64242477102204,1.5261446921639101,very_wet,False
Laghman,2005,3,83.78783849652154,224.24133552882859,0.9573144617228162,near_normal,False
Laghman,2005,4,54.25206552468802,206.0663562821574,-0.060815803232263835,near_normal,False
Laghman,2005,5,55.83460058922903,193.87450461043858,0.21362158928810782,near_normal,False
Laghman,2005,6,12.928784517857151,123.01545063177421,0.295177071556307,near_normal,False
Laghman,2005,7,3.8793637642767136,72.64274887136291,1.1065357106191858,moderately_wet,False
Laghman,2005,8,8.10760624846387,24.91575453059775,-0.33310363275075094,near_normal,False
Laghman,2005,9,7.493623173582425,19.480593186323024,-1.0381269098208334,moderate_drought,True
Laghman,2005,10,3.730810710439077,19.332040132485385,-1.376146313564081,moderate_drought,True
Laghman,2005,11,15.867917895610464,27.09235177963198,-1.0432840206487903,moderate_drought,True
Laghman,2005,12,10.440962292043292,30.039690898092847,-1.0126026340081145,moderate_drought,True
Laghman,2006,1,58.503148142139295,84.81202832979307,0.6848755920769929,near_normal,False
Laghman,2006,2,41.40198635658853,110.34609679077113,0.10198437915773009,near_normal,False
Laghman,2006,3,80.52495516528082,180.43008966400868,0.2633530236596906,near_normal,False
Laghman,2006,4,42.03060251894368,163.95754404081305,-0.7374388732372014,near_normal,False
Laghman,2006,5,9.835038724260633,132.39059640848515,-0.809113755668376,near_normal,False
Laghman,2006,6,4.406885787164862,56.272527030369204,-1.7493193715971551,severe_drought,True
Laghman,2006,7,4.805505785980131,19.047430297405654,-1.8242266311511248,severe_drought,True
Laghman,2006,8,10.844260846911562,20.056652420056583,-0.9490661228119619,near_normal,False
Laghman,2006,9,10.74682758296896,26.39659421586068,-0.20404198654270814,near_normal,False
Laghman,2006,10,12.307342623708976,33.898431053589526,0.10982662647245207,near_normal,False
Laghman,2006,11,40.69101380339308,63.74518401007105,1.1415774801957388,moderately_wet,False
Laghman,2006,12,58.96698113979795,111.96533756690005,2.1410871626705346,extremely_wet,False
Laghman,2007,1,7.506423454236524,107.16441839742758,1.4352576479258388,moderately_wet,False
Laghman,2007,2,126.39132098670991,192.8647255807444,1.5594042650471005,very_wet,False
Laghman,2007,3,124.60406416168183,258.5018086026283,1.4403355660553543,moderately_wet,False
Laghman,2007,4,32.76626296475943,283.7616481131512,0.9766897095369994,near_normal,False
Laghman,2007,5,18.55901714514455,175.92934427158585,-0.05898581062480701,near_normal,False
Laghman,2007,6,22.14403153568536,73.46931164558937,-1.107557495084892,moderate_drought,True
Laghman,2007,7,4.258228513198806,44.961277194028746,-0.0909484795456685,near_normal,False
Laghman,2007,8,4.422887006643846,30.825147055528042,0.31488250434857096,near_normal,False
Laghman,2007,9,11.211129608907529,19.892245128750208,-0.983248788013059,near_normal,False
Laghman,2007,10,3.057549467675722,18.691566083227123,-1.4573000729195194,moderate_drought,True
Laghman,2007,11,6.581166495387592,20.849845571970867,-1.6019352534178377,severe_drought,True
Laghman,2007,12,18.622331514734217,28.26104747779756,-1.1286017512168103,moderate_drought,True
Laghman,2008,1,39.96658103142917,65.17007904155102,-0.09106508789815723,near_normal,False
Laghman,2008,2,16.324437809881378,74.9133503560448,-0.7599044008305453,near_normal,False
Laghman,2008,3,24.24290896974063,80.5339278110512,-1.9225390663532853,severe_drought,True
Laghman,2008,4,112.19584550851704,152.76319228813907,-0.9369294106948345,near_normal,False
Laghman,2008,5,16.209455381346512,152.6482098596042,-0.44204903700106124,near_normal,False
Laghman,2008,6,8.427542812059508,136.83284370192308,0.6157167555559789,near_normal,False
Laghman,2008,7,4.8446669307009165,29.481665124106964,-0.9990165216335942,near_normal,False
Laghman,2008,8,10.05463849957361,23.326848242334062,-0.5247377911439136,near_normal,False
Laghman,2008,9,9.400571971381392,24.299877401655948,-0.4393474397651546,near_normal,False
Laghman,2008,10,8.869125825358154,28.324336296313184,-0.3947766210238316,near_normal,False
Laghman,2008,11,8.22330457630068,26.493002373040255,-1.0927335804788805,moderate_drought,True
Laghman,2008,12,18.863787112773714,35.95621751443258,-0.6581610429042106,near_normal,False
Laghman,2009,1,41.31565517394521,68.40274686301963,0.046444977824763124,near_normal,False
Laghman,2009,2,73.92460731130946,134.1040495980284,0.5792569213785285,near_normal,False
Laghman,2009,3,60.921834020801725,176.1620965060564,0.1900155340031454,near_normal,False
Laghman,2009,4,117.04120007398907,251.88764140610027,0.5770566088472564,near_normal,False
Laghman,2009,5,34.63732167426096,212.60035576905182,0.4807404517346786,near_normal,False
Laghman,2009,6,10.902026979019151,162.58054872726922,1.1604251679971833,moderately_wet,False
Laghman,2009,7,2.8202893631428627,48.359638016423006,0.07865856935079665,near_normal,False
Laghman,2009,8,11.08468024747462,24.80699658963666,-0.3459526309400353,near_normal,False
Laghman,2009,9,14.222312506613989,28.127282117231502,-0.019126956018787406,near_normal,False
Laghman,2009,10,7.842439971156026,33.149432725244665,0.04543081117980344,near_normal,False
Laghman,2009,11,22.121917946378307,44.186670424148346,0.129649928646193,near_normal,False
Laghman,2009,12,16.72348583557043,46.68784375310479,-0.1063393424778594,near_normal,False
Laghman,2010,1,31.499786914099687,70.34519069604845,0.12699265630894388,near_normal,False
Laghman,2010,2,67.66032427263337,115.88359702230352,0.21890059463911943,near_normal,False
Laghman,2010,3,38.39842074092351,137.5585319276566,-0.5347461350789371,near_normal,False
Laghman,2010,4,63.71733397790491,169.77607899146182,-0.6374096598522307,near_normal,False
Laghman,2010,5,41.37677446052549,143.49252917935394,-0.6035519788523358,near_normal,False
Laghman,2010,6,12.673498066637924,117.76760650506834,0.16719052555383052,near_normal,False
Laghman,2010,7,10.88737268375165,64.9376452109151,0.8087452629549846,near_normal,False
Laghman,2010,8,16.480472905645524,40.041343656035124,1.1778472801784332,moderately_wet,False
Laghman,2010,9,16.930795152407786,44.29864074180499,1.4258162366229452,moderately_wet,False
Laghman,2010,10,3.3101015782572007,36.721369636310534,0.34435034709325324,near_normal,False
Laghman,2010,11,11.974671320888062,32.21556805155308,-0.6486823206699731,near_normal,False
Laghman,2010,12,6.801470657235882,22.086243556381174,-1.5765020097901192,severe_drought,True
Laghman,2011,1,14.885772365043756,33.66191434316773,-1.7707065690968107,severe_drought,True
Laghman,2011,2,78.03510288942557,99.72234591170525,-0.13380653769393397,near_normal,False
Laghman,2011,3,48.92492446035696,141.8457997148263,-0.44796301027025637,near_normal,False
Laghman,2011,4,60.33210762841205,187.2921349781946,-0.3496860453079269,near_normal,False
Laghman,2011,5,11.52854179684046,120.78557388560948,-1.037069484585756,moderate_drought,True
Laghman,2011,6,4.796806277232879,76.65745570248541,-1.0004496879065614,moderate_drought,True
Laghman,2011,7,3.1765050495591245,19.50185312363248,-1.782280185514907,severe_drought,True
Laghman,2011,8,17.667262720864947,25.640574047656965,-0.2484231264788912,near_normal,False
Laghman,2011,9,14.716058811760483,35.55982658218457,0.6986220441890273,near_normal,False
Laghman,2011,10,33.916131803249414,66.29945333587486,2.2938401041687695,extremely_wet,False
Laghman,2011,11,18.20882272216827,66.84101333717818,1.2822027017436164,moderately_wet,False
Laghman,2011,12,6.227367653579468,58.35232217899717,0.40349157802384417,near_normal,False
Laghman,2012,1,17.7440632405189,42.180253616266654,-1.23519810153629,moderate_drought,True
Laghman,2012,2,56.62571878696356,80.59714968106195,-0.6052006905458955,near_normal,False
Laghman,2012,3,48.47887944722974,122.84866147471222,-0.8473041368402273,near_normal,False
Laghman,2012,4,68.22646412335656,173.33106235754985,-0.5774387042899773,near_normal,False
Laghman,2012,5,25.58688260849024,142.29222617907655,-0.6252405391355274,near_normal,False
Laghman,2012,6,4.762617699881512,98.57596443172832,-0.3362641386448962,near_normal,False
Laghman,2012,7,6.48571907525378,36.83521938362554,-0.5349604640772743,near_normal,False
Laghman,2012,8,4.815199145196167,16.063535920331475,-1.5376394692580702,severe_drought,True
Laghman,2012,9,19.109117059697446,30.410035280147408,0.2134766684654987,near_normal,False
Laghman,2012,10,20.93203369420593,44.856349899099556,0.9597375170503324,near_normal,False
Laghman,2012,11,13.94691128939344,53.988062043296836,0.6670229618904872,near_normal,False
Laghman,2012,12,32.08567536595225,66.96462034955164,0.7379176149707453,near_normal,False
Laghman,2013,1,7.51170516877918,53.54429182412488,-0.6274022194632025,near_normal,False
Laghman,2013,2,114.3213129259103,153.91869346064175,0.9362835356633507,near_normal,False
Laghman,2013,3,141.6742559258332,263.5072740205227,1.5073675620107543,very_wet,False
Laghman,2013,4,74.60841957722573,330.6039884289693,1.514033563706545,very_wet,False
Laghman,2013,5,10.309143571346562,226.5918190744055,0.6703399410344977,near_normal,False
Laghman,2013,6,7.6322706658031905,92.54983381437549,-0.5078911810883207,near_normal,False
Laghman,2013,7,8.968007019650084,26.90942125679984,-1.1803150215242066,moderate_drought,True
Laghman,2013,8,14.48047079119503,31.080748476648306,0.3409617970430352,near_normal,False
Laghman,2013,9,12.073925911813417,35.52240372265853,0.6952695334888126,near_normal,False
Laghman,2013,10,11.683962697707324,38.23835940071577,0.46546456856429014,near_normal,False
Laghman,2013,11,37.6825244295238,61.44041303904454,1.033992382245348,moderately_wet,False
Laghman,2013,12,17.79699144728432,67.16347857451544,0.7452967909955218,near_normal,False
Laghman,2014,1,9.881700098623798,65.36121597543192,-0.08280902838391103,near_normal,False
Laghman,2014,2,30.44747866295577,58.12617020886389,-1.2705140124595955,moderate_drought,True
Laghman,2014,3,140.01467463947316,180.34385340105274,0.2618826885236596,near_normal,False
Laghman,2014,4,90.0227842269608,260.4849375293897,0.6879698671849405,near_normal,False
Laghman,2014,5,47.07526909881418,277.11272796524815,1.2973098759422692,moderately_wet,False
Laghman,2014,6,9.34842247881252,146.44647580458746,0.8263528475856152,near_normal,False
Laghman,2014,7,3.8596350983497496,60.283326675976426,0.6175520218959499,near_normal,False
Laghman,2014,8,2.740355781761063,15.948413358923304,-1.5560513135317602,severe_drought,True
Laghman,2014,9,6.497208493570192,13.097199373680976,-2.016762198950388,extreme_drought,True
Laghman,2014,10,12.744999499705717,21.982563775036944,-1.0589437954992575,moderate_drought,True
Laghman,2014,11,9.197180372087802,28.439388365363683,-0.934855646053873,near_normal,False
Laghman,2014,12,6.64708742847551,28.589267300269,-1.10681857290221,moderate_drought,True
Laghman,2015,1,13.574174301103351,29.418442101666635,-2.0740812338607295,extreme_drought,True
Laghman,2015,2,93.57878832445708,113.80005005403592,0.17535565433332795,near_normal,False
Laghman,2015,3,144.98790188049634,252.14086450605674,1.3539334782285082,moderately_wet,False
Laghman,2015,4,67.52598001438535,306.09267021933874,1.2394976786184122,moderately_wet,False
Laghman,2015,5,38.20775674491937,250.72163863980103,0.9800471285980564,near_normal,False
Laghman,2015,6,8.618616684736288,114.35235344404099,0.08184570744473034,near_normal,False
Laghman,2015,7,15.736343249837164,62.562716679492794,0.7123484984039503,near_normal,False
Laghman,2015,8,10.856781073821306,35.21174100839473,0.7441027501674169,near_normal,False
Laghman,2015,9,14.101920192242462,40.6950445159009,1.1383704598959632,moderately_wet,False
Laghman,2015,10,13.904007994195023,38.86270926025877,0.51438967551343,near_normal,False
Laghman,2015,11,40.353118102944336,68.3590462893818,1.3496270809521431,moderately_wet,False
Laghman,2015,12,17.24793561629988,71.50506171343922,0.9029726011595578,near_normal,False
Laghman,2016,1,19.729574510865493,77.33062823010968,0.40499072594134367,near_normal,False
Laghman,2016,2,6.503524810176885,43.48103493734223,-1.809750754926762,severe_drought,True
Laghman,2016,3,149.22816391920276,175.4612632402451,0.17786043879724003,near_normal,False
Laghman,2016,4,93.94597418218316,249.67766291156278,0.5481443220494318,near_normal,False
Laghman,2016,5,61.69457478286496,304.86871288425084,1.6105904831606666,very_wet,False
Laghman,2016,6,16.7043754651866,172.3449244302347,1.352256266113463,moderately_wet,False
Laghman,2016,7,6.917470269306859,85.3164205173584,1.5548745376142281,very_wet,False
Laghman,2016,8,12.144317303238804,35.766163037732234,0.7957959892100083,near_normal,False
Laghman,2016,9,10.36446401379354,29.426251586339177,0.1147126823608573,near_normal,False
Laghman,2016,10,3.5589090280082187,26.067690345040532,-0.6182193340830991,near_normal,False
Laghman,2016,11,16.71299644666398,30.63636948846571,-0.7653916150008779,near_normal,False
Laghman,2016,12,8.207800799416216,28.479706274088386,-1.114070272690883,moderate_drought,True
Laghman,2017,1,54.12800926431266,79.04880651039282,0.47079689147589393,near_normal,False
Laghman,2017,2,144.11903098508876,206.4548410488176,1.7576764108718075,very_wet,False
Laghman,2017,3,39.13206571142428,237.37910596082565,1.147844768481668,moderately_wet,False
Laghman,2017,4,31.79963919609144,215.05073589260445,0.0711964223135615,near_normal,False
Laghman,2017,5,41.38429458370871,112.3159994912244,-1.2131896963422806,moderate_drought,True
Laghman,2017,6,6.504856917259454,79.68879069705959,-0.9014255136180633,near_normal,False
Laghman,2017,7,28.493606301937277,76.38275780290542,1.2437383458219304,moderately_wet,False
Laghman,2017,8,14.150410247280538,49.14887346647724,1.9114348441972466,very_wet,False
Laghman,2017,9,12.619925665174245,55.26394221439203,2.2174813735755534,extremely_wet,False
Laghman,2017,10,2.5571809946968838,29.32751690715164,-0.2993156856026662,near_normal,False
Laghman,2017,11,28.41705855203709,43.59416521190819,0.09472591455518024,near_normal,False
Laghman,2017,12,37.4824270830916,68.45666662982555,0.7929396253360395,near_normal,False
Laghman,2018,1,5.574111430445034,71.47359706557368,0.1731052383074491,near_normal,False
Laghman,2018,2,71.05012796280681,114.1066664763434,0.18179688518389114,near_normal,False
Laghman,2018,3,106.58333074183342,183.20757013508523,0.3104619275204234,near_normal,False
Laghman,2018,4,91.32545904320362,268.9589177478438,0.7949635897517707,near_normal,False
Laghman,2018,5,61.28775054762842,259.19654033266545,1.084193955616446,moderately_wet,False
Laghman,2018,6,18.710232482118883,171.32344207295088,1.332522427594561,moderately_wet,False
Laghman,2018,7,14.111899398472955,94.10988242822022,1.8414515552459658,very_wet,False
Laghman,2018,8,4.537646369386842,37.35977824997864,0.941521880105572,near_normal,False
Laghman,2018,9,13.305088184854766,31.95463395271452,0.36434435386270536,near_normal,False
Laghman,2018,10,40.62661027155245,58.46934482579402,1.8440415692769838,very_wet,False
Laghman,2018,11,17.250778839892902,71.18247729630008,1.4725171525423735,moderately_wet,False
Laghman,2018,12,18.29615933780996,76.17354844925526,1.0657297292969135,moderately_wet,False
Laghman,2019,1,36.23313135535003,71.78006953305285,0.1855454887264462,near_normal,False
Laghman,2019,2,102.46004194635223,156.98933263951218,0.9888793201357342,near_normal,False
Laghman,2019,3,109.81743641661684,248.51060971831907,1.3039910006706306,moderately_wet,False
Laghman,2019,4,97.8404535738301,310.11793193679915,1.285533380278968,moderately_wet,False
Laghman,2019,5,22.32160366584537,229.97949365629225,0.7150828392925748,near_normal,False
Laghman,2019,6,11.16067026932147,131.3227275089969,0.4905749083534397,near_normal,False
Laghman,2019,7,4.912840360812809,38.3951142959796,-0.44490353565171264,near_normal,False
Laghman,2019,8,14.165281903713275,30.238792533847512,0.2545093762904404,near_normal,False
Laghman,2019,9,4.892611478122218,23.970733742648264,-0.47751924652881733,near_normal,False
Laghman,2019,10,31.5615908118528,50.61948419368825,1.352704658668599,moderately_wet,False
Laghman,2019,11,40.68728720578923,77.1414894957642,1.722002729362623,very_wet,False
Laghman,2019,12,7.366464924329906,79.61534294197189,1.181635028029044,moderately_wet,False
Laghman,2020,1,40.28567011313356,88.33942224325266,0.8112235148752673,near_normal,False
Laghman,2020,2,46.25023656129928,93.9023715987627,-0.2702189959355316,near_normal,False
Laghman,2020,3,122.90093356952714,209.43684024395995,0.7336749897406017,near_normal,False
Laghman,2020,4,169.62102551805293,338.77219564887935,1.6025947286262816,very_wet,False
Laghman,2020,5,52.76000172674955,345.2819608143296,2.03565702136575,extremely_wet,False
Laghman,2020,6,11.250450829629902,233.63147807443235,2.4208729024444953,extremely_wet,False
Laghman,2020,7,3.9039571058548095,67.91440966223423,0.9263784561063395,near_normal,False
Laghman,2020,8,6.1479724348652605,21.302380370349944,-0.7822121543170382,near_normal,False
Laghman,2020,9,11.51188922768936,21.5638187684094,-0.768109452206348,near_normal,False
Laghman,2020,10,4.878879642432088,22.53874130498668,-0.9957948901286252,near_normal,False
Laghman,2020,11,37.09508772019662,53.485856590318036,0.641131520227579,near_normal,False
Laghman,2020,12,11.643165643404153,53.61713300603283,0.20554253858652913,near_normal,False
Laghman,2021,1,6.573597787499831,55.31185115110057,-0.5410773273066785,near_normal,False
Laghman,2021,2,13.493115161586976,31.70987859249093,-2.34874840044092,extreme_drought,True
Laghman,2021,3,106.37676438131663,126.44347733040341,-0.7686556419282882,near_normal,False
Laghman,2021,4,54.62162273160163,174.4915022745052,-0.5580438052930172,near_normal,False
Laghman,2021,5,30.848407515446095,191.84679462836434,0.18368506901227138,near_normal,False
Laghman,2021,6,9.683809172407503,95.15383941945521,-0.43282554721108973,near_normal,False
Laghman,2021,7,11.74281241518128,52.27502910303485,0.2644663476651199,near_normal,False
Laghman,2021,8,7.257470981720472,28.68409256930923,0.0905699199881305,near_normal,False
Laghman,2021,9,13.923043968265931,32.92332736516765,0.456509726749799,near_normal,False
Laghman,2021,10,14.659978848846322,35.840493798832696,0.27249554838847323,near_normal,False
Laghman,2021,11,5.191139773491325,33.774162590603545,-0.5372774385560871,near_normal,False
Laghman,2021,12,23.33863874183844,43.18975736417606,-0.2757389304617684,near_normal,False
Laghman,2022,1,50.48284768084916,79.0126261961789,0.4694209746039604,near_normal,False
Laghman,2022,2,28.652306933556037,102.4737933562436,-0.07118102482431228,near_normal,False
Laghman,2022,3,58.934063327761415,138.06921794216657,-0.52431333961995,near_normal,False
Laghman,2022,4,29.4311652583219,117.01753551963932,-1.6508349010131314,severe_drought,True
Laghman,2022,5,27.355218744938146,115.72044733102143,-1.1413237838323997,moderate_drought,True
Laghman,2022,6,13.453953408134936,70.24033741139496,-1.2193710607804307,moderate_drought,True
Laghman,2022,7,12.628269827114687,53.43744198018774,0.3178389894279847,near_normal,False
Laghman,2022,8,28.50677084464102,54.58899407989062,2.308736108849586,extremely_wet,False
Laghman,2022,9,8.820999461505318,49.956040133261,1.84816395754427,very_wet,False
Laghman,2022,10,5.74368899184225,43.07145929798857,0.8314150792658528,near_normal,False
Laghman,2022,11,26.756581861109577,41.32127031445712,-0.0422673666874574,near_normal,False
Laghman,2022,12,7.795880815804139,40.29615166875594,-0.4230404406862144,near_normal,False
Laghman,2023,1,27.421235627739723,61.97369830465341,-0.2316083259313659,near_normal,False
Laghman,2023,2,49.719866649930026,84.93698309347386,-0.49204792070431824,near_normal,False
Laghman,2023,3,43.13861110071489,120.2797133783846,-0.9044804189372901,near_normal,False
Laghman,2023,4,27.607202685442115,120.465680436087,-1.575832626522953,severe_drought,True
Laghman,2023,5,30.38841727794224,101.13423106409921,-1.4604903406330703,moderate_drought,True
Laghman,2023,6,9.813334577953825,67.80895454133815,-1.3059468342042186,moderate_drought,True
Laghman,2023,7,6.215078830509246,46.41683068640528,-0.017286607791757277,near_normal,False
Laghman,2023,8,2.9523730302684976,18.980786438731542,-1.0990013446892082,moderate_drought,True
Laghman,2023,9,7.869124977733277,17.036576838510992,-1.3816721830250125,moderate_drought,True
Laghman,2023,10,9.947139733036236,20.768637741037985,-1.2007175122862277,moderate_drought,True
Laghman,2023,11,2.7488000251087183,20.565064735878206,-1.630094659633458,severe_drought,True
Laghman,2023,12,9.152984633279596,21.84892439142452,-1.595411232298914,severe_drought,True
Logar,2001,1,14.98027742400879,,,,False
Logar,2001,2,17.863960962988305,,,,False
Logar,2001,3,74.34810020743754,107.19233859443463,-1.8011250561486003,severe_drought,True
Logar,2001,4,59.98931660555812,152.20137777598396,-1.1341171310835534,moderate_drought,True
Logar,2001,5,18.156040150814366,152.49345696381002,-0.30772086199809207,near_normal,False
Logar,2001,6,4.100231582489185,82.24558833886168,-0.23381711947708986,near_normal,False
Logar,2001,7,10.708623554607154,32.96489528791071,-0.396026370262897,near_normal,False
Logar,2001,8,2.24878596267466,17.057641099770997,-0.11199121094496338,near_normal,False
Logar,2001,9,1.0998359532782802,14.057245470560094,-0.18096702484854393,near_normal,False
Logar,2001,10,5.056544932778979,8.40516684873192,-0.5502715073289215,near_normal,False
Logar,2001,11,9.23938197074644,15.3957628568037,-0.8292455701089875,near_normal,False
Logar,2001,12,22.520793739163302,36.81672064268872,-0.6320095909736675,near_normal,False
Logar,2002,1,19.14989220054974,50.91006791045948,-1.4023087706721802,moderate_drought,True
Logar,2002,2,104.09889460231724,145.76958054203027,-0.05618282431288275,near_normal,False
Logar,2002,3,63.06844333727921,186.3172301401462,-0.2879139368658199,near_normal,False
Logar,2002,4,106.5477465096224,273.71508444921886,0.593663846149282,near_normal,False
Logar,2002,5,10.718506815888787,180.3346966627904,0.18328240117916395,near_normal,False
Logar,2002,6,2.6903888120231394,119.95664213753435,0.9739964148939514,near_normal,False
Logar,2002,7,5.921297673720455,19.33019330163238,-1.5525124628679168,severe_drought,True
Logar,2002,8,3.4514974631941366,12.06318394893773,-0.9155931084932012,near_normal,False
Logar,2002,9,1.1014186203917111,10.474213757306302,-0.8133892726640192,near_normal,False
Logar,2002,10,4.421177745797256,8.974093829383104,-0.4337440004905158,near_normal,False
Logar,2002,11,15.458309410208118,20.980905776397087,-0.34731376067752456,near_normal,False
Logar,2002,12,28.76459562716167,48.64408278316704,-0.08758460536454707,near_normal,False
Logar,2003,1,31.540741838545284,75.76364687591507,-0.353178102923275,near_normal,False
Logar,2003,2,91.70251762186996,152.0078550875769,0.054790202994022597,near_normal,False
Logar,2003,3,101.73240272494913,224.97566218536437,0.2923204604478556,near_normal,False
Logar,2003,4,66.25449353892748,259.6894138857466,0.4247976573836569,near_normal,False
Logar,2003,5,19.678258748226096,187.6651550121027,0.3040235331464275,near_normal,False
Logar,2003,6,1.55959553799839,87.49234782515197,-0.04622977229668261,near_normal,False
Logar,2003,7,9.581884566052624,30.819738852277112,-0.5525477783386015,near_normal,False
Logar,2003,8,2.2757494495987585,13.417229553649772,-0.6781344925120585,near_normal,False
Logar,2003,9,1.0866242993401465,12.94425831499153,-0.3642752428643652,near_normal,False
Logar,2003,10,1.1639421411853932,4.526315890124298,-1.5453307840918848,severe_drought,True
Logar,2003,11,27.78262475872369,30.033191199249227,0.2734258198676779,near_normal,False
Logar,2003,12,22.36672888032534,51.31329578023442,0.022509243369341084,near_normal,False
Logar,2004,1,42.34179433992024,92.49114797896927,0.22582368508965106,near_normal,False
Logar,2004,2,57.19922899777928,121.90775221802485,-0.5128826210431837,near_normal,False
Logar,2004,3,16.37536962263146,115.91639296033098,-1.6022094034707515,severe_drought,True
Logar,2004,4,44.57460547989967,118.14920410031041,-1.7864853110633103,severe_drought,True
Logar,2004,5,19.812061718423077,80.76203682095421,-1.9492530077869648,severe_drought,True
Logar,2004,6,1.5280372936570192,65.91470449197978,-0.8752718738185313,near_normal,False
Logar,2004,7,6.5744048297231625,27.91450384180326,-0.7768838607017757,near_normal,False
Logar,2004,8,2.92948074233989,11.031922865720071,-1.109141429444394,moderate_drought,True
Logar,2004,9,1.3338241904830035,10.837709762546055,-0.7430229850760893,near_normal,False
Logar,2004,10,6.790184359914683,11.053489292737577,-0.04642318740501745,near_normal,False
Logar,2004,11,14.705582054928511,22.829590605326196,-0.20758875869641594,near_normal,False
Logar,2004,12,57.43939557712533,78.93516199196853,0.986253712868025,near_normal,False
Logar,2005,1,62.69214833948862,134.83712597154246,1.4326584708197738,moderately_wet,False
Logar,2005,2,74.36210053108539,194.49364444769935,0.7400274505654858,near_normal,False
Logar,2005,3,106.8938383172824,243.9480871878564,0.5529364095185823,near_normal,False
Logar,2005,4,39.31535696469948,220.57129581306725,-0.08067974136302632,near_normal,False
Logar,2005,5,47.42225216435304,193.6314474463349,0.4000055062247541,near_normal,False
Logar,2005,6,6.185427075411869,92.92303620446438,0.14015969870129982,near_normal,False
Logar,2005,7,3.5165463125238485,57.12422555228874,1.0218607968948232,moderately_wet,False
Logar,2005,8,3.20558702840273,12.907560416338434,-0.765488327094616,near_normal,False
Logar,2005,9,1.852416571028628,8.574549911955192,-1.2117276357251554,moderate_drought,True
Logar,2005,10,0.4113029608538902,5.469306560285234,-1.2598582992960643,moderate_drought,True
Logar,2005,11,16.420745864975906,18.68446539685841,-0.5331811184793844,near_normal,False
Logar,2005,12,11.687700443578844,28.519749269408628,-1.091299920223864,moderate_drought,True
Logar,2006,1,57.65485743602325,85.76330374457798,0.002136277178128013,near_normal,False
Logar,2006,2,73.25490168706537,142.59745956666745,-0.11383631676388449,near_normal,False
Logar,2006,3,75.74895304148055,206.65871216456915,0.026477997766862313,near_normal,False
Logar,2006,4,54.22848898758295,203.23234371612884,-0.3240499845220727,near_normal,False
Logar,2006,5,8.900466714209152,138.87790874327263,-0.570112030399044,near_normal,False
Logar,2006,6,1.608842823505929,64.73779852529802,-0.9255208481841233,near_normal,False
Logar,2006,7,6.045179276968375,16.55448881468344,-1.855355395460497,severe_drought,True
Logar,2006,8,8.224904221971949,15.87892632244624,-0.2854601288419787,near_normal,False
Logar,2006,9,1.157892659571902,15.427976158512212,0.03179602478495305,near_normal,False
Logar,2006,10,3.331384767109387,12.714181648653224,0.22885364118872675,near_normal,False
Logar,2006,11,45.9312914439673,50.42056887064857,1.3142768655721517,moderately_wet,False
Logar,2006,12,96.01843701707443,145.2811132281511,2.631714373821662,extremely_wet,False
Logar,2007,1,14.123312564212824,156.07304102525453,1.9457493929186098,very_wet,False
Logar,2007,2,123.38606922150512,233.52781880279235,1.2874778516244154,moderately_wet,False
Logar,2007,3,134.7606385437829,272.2700203295008,0.918221224312007,near_normal,False
Logar,2007,4,28.35317460937068,286.4998823746587,0.7426951930822128,near_normal,False
Logar,2007,5,18.50496320643325,181.6187763595868,0.2046653296335575,near_normal,False
Logar,2007,6,10.406664246350738,57.26480206215464,-1.2602374007784967,moderate_drought,True
Logar,2007,7,4.897340691831146,33.80896814461511,-0.33633826150470086,near_normal,False
Logar,2007,8,2.288781063152553,17.59278600133441,-0.035894190782823236,near_normal,False
Logar,2007,9,0.8433867237006251,8.029508478684296,-1.3373409583120708,moderate_drought,True
Logar,2007,10,0.3046645707430238,3.4368323575961734,-1.935172915744569,severe_drought,True
Logar,2007,11,6.579704286017376,7.727755580460996,-1.7590679962650917,severe_drought,True
Logar,2007,12,23.09069823288232,29.975067089642693,-1.0045344638387061,moderate_drought,True
Logar,2008,1,60.24511295564495,89.91551547454462,0.14151269231175748,near_normal,False
Logar,2008,2,22.89768445562997,106.23349564415722,-0.8471145803064327,near_normal,False
Logar,2008,3,30.606625961743564,113.74942337301846,-1.650608236124616,severe_drought,True
Logar,2008,4,89.45993264957866,142.96424306695218,-1.300077121282878,moderate_drought,True
Logar,2008,5,15.246390412638693,135.3129490239609,-0.6416807896585415,near_normal,False
Logar,2008,6,2.4886829644932797,107.1950060267106,0.5977401739902146,near_normal,False
Logar,2008,7,5.275031216051115,23.01010459318306,-1.1953614084246285,moderate_drought,True
Logar,2008,8,3.1017968313330546,10.865511011877421,-1.1415407106536821,moderate_drought,True
Logar,2008,9,1.0685281451374096,9.44535619252155,-1.0222038159061024,moderate_drought,True
Logar,2008,10,2.181205796129426,6.351530772599862,-1.0231149447804333,moderate_drought,True
Logar,2008,11,6.077068074213001,9.326802015479808,-1.52252923775516,severe_drought,True
Logar,2008,12,15.974769548069023,24.23304341841142,-1.3665627964988571,moderate_drought,True
Logar,2009,1,67.18246257432395,89.23430019660594,0.11894536528555648,near_normal,False
Logar,2009,2,83.99638587834187,167.1536180007348,0.3121204204832163,near_normal,False
Logar,2009,3,87.10636333140874,238.28521178407453,0.47659463731824153,near_normal,False
Logar,2009,4,82.26871448238796,253.37146369213855,0.34675911115968056,near_normal,False
Logar,2009,5,24.368428938800943,193.74350675259763,0.40178938759744365,near_normal,False
Logar,2009,6,4.600985987186225,111.2381294083751,0.7199805103702216,near_normal,False
Logar,2009,7,4.161129915425483,33.13054484141262,-0.3842314384704438,near_normal,False
Logar,2009,8,3.2503454617059577,12.012461364317637,-0.9248383711048224,near_normal,False
Logar,2009,9,2.288021206578593,9.699496583710005,-0.9692076693211256,near_normal,False
Logar,2009,10,3.417249881126834,8.955616549411356,-0.4374475697606393,near_normal,False
Logar,2009,11,11.89837103713768,17.603642124843077,-0.6261621175841734,near_normal,False
Logar,2009,12,21.720421561974263,37.03604248023875,-0.6208946300351081,near_normal,False
Logar,2010,1,39.04485554945738,72.6636481485693,-0.4697202304124222,near_normal,False
Logar,2010,2,84.88009157986389,145.64536869129552,-0.05842445721100619,near_normal,False
Logar,2010,3,60.03540911001245,183.9603562393337,-0.32580915241949165,near_normal,False
Logar,2010,4,32.56684068555762,177.48234137543392,-0.7128588087394375,near_normal,False
Logar,2010,5,36.20969516660413,128.81194496217418,-0.7755765735520266,near_normal,False
Logar,2010,6,4.561425460202034,73.33796131236376,-0.5716915710295088,near_normal,False
Logar,2010,7,14.36804865878054,55.139169285586675,0.9224324216675381,near_normal,False
Logar,2010,8,11.478667616229268,30.408141735211814,1.4531098860128298,moderately_wet,False
Logar,2010,9,1.247811821485611,27.094528096495388,1.4733430240844763,moderately_wet,False
Logar,2010,10,1.6533348319571892,14.37981426967204,0.4818426558511892,near_normal,False
Logar,2010,11,3.429804645726245,6.330951299169017,-1.9976182954054718,severe_drought,True
Logar,2010,12,11.895469016799105,16.97860849448251,-1.9255033917324307,severe_drought,True
Logar,2011,1,13.367138183133182,28.692411845658505,-2.7123133313067944,extreme_drought,True
Logar,2011,2,132.64420127893928,157.90680847887154,0.15696044948643267,near_normal,False
Logar,2011,3,46.13651285903882,192.14785232111126,-0.1955337048315252,near_normal,False
Logar,2011,4,80.30164373198124,259.0823578699593,0.41735430013832736,near_normal,False
Logar,2011,5,14.950046006517466,141.3882025975375,-0.5204630855855422,near_normal,False
Logar,2011,6,2.38609605774095,97.63778579623963,0.29617500603143876,near_normal,False
Logar,2011,7,4.144536289852817,21.480678354111205,-1.3385239667067321,moderate_drought,True
Logar,2011,8,4.985714228531312,11.51634657612505,-1.016725503835717,moderate_drought,True
Logar,2011,9,1.8140772153883664,10.944327733772466,-0.7226932585169608,near_normal,False
Logar,2011,10,15.98059084216234,22.780382286081988,1.5293197241253789,very_wet,False
Logar,2011,11,26.65927267348533,44.453940731036006,1.0434895793168724,moderately_wet,False
Logar,2011,12,10.79997978001643,53.43984329566407,0.10750061415254296,near_normal,False
Logar,2012,1,34.16024744747128,71.61949990097301,-0.5097320219979411,near_normal,False
Logar,2012,2,85.04520568821374,130.00543291570142,-0.35161578222550555,near_normal,False
Logar,2012,3,57.51174412244745,176.71719725813244,-0.44436163020914043,near_normal,False
Logar,2012,4,73.9121264636897,216.46907627435087,-0.1370637143473943,near_normal,False
Logar,2012,5,29.920189624481747,161.34406021061886,-0.14554816276423096,near_normal,False
Logar,2012,6,1.678364149092362,105.51068023726378,0.5459207232058017,near_normal,False
Logar,2012,7,6.644344678029196,38.242898451603274,-0.03830658969250732,near_normal,False
Logar,2012,8,3.8996539895264895,12.222362816648019,-0.8867529710072827,near_normal,False
Logar,2012,9,3.0953695284764704,13.639368196032127,-0.24859796399119413,near_normal,False
Logar,2012,10,7.946094285865557,14.941117803868488,0.5627164458916285,near_normal,False
Logar,2012,11,21.11743277144628,32.15889658578828,0.4003419720061418,near_normal,False
Logar,2012,12,46.36335609229389,75.4268831496057,0.8776335086273874,near_normal,False
Logar,2013,1,18.1973693476464,85.67815821138655,-0.000768485799544194,near_normal,False
Logar,2013,2,190.9880509459556,255.54877638589585,1.5705053301139147,very_wet,False
Logar,2013,3,104.4627350373855,313.6481553309875,1.4097553857669993,moderately_wet,False
Logar,2013,4,67.28615094636211,362.7369369297031,1.5518269078419975,very_wet,False
Logar,2013,5,13.464793033737172,185.21367901748474,0.2639992209652725,near_normal,False
Logar,2013,6,1.9780575496526005,82.72900152975183,-0.21620308143158048,near_normal,False
Logar,2013,7,8.66103788893517,24.103888472324883,-1.0970160024920044,moderate_drought,True
Logar,2013,8,6.834643221635086,17.4737386602228,-0.052686743961375314,near_normal,False
Logar,2013,9,1.5676626558039404,17.06334376637414,0.2696785127087097,near_normal,False
Logar,2013,10,5.945933648904014,14.348239526342983,0.4772320692089191,near_normal,False
Logar,2013,11,34.88508802628184,42.39868433098974,0.9448390113066801,near_normal,False
Logar,2013,12,17.50976882520967,58.340790500395464,0.29512018851769367,near_normal,False
Logar,2014,1,18.444737245270318,70.83959409676177,-0.5398772420422723,near_normal,False
Logar,2014,2,66.35337855679978,102.30788462727972,-0.9360748171107265,near_normal,False
Logar,2014,3,155.23657292734842,240.03468872941846,0.5003060940510696,near_normal,False
Logar,2014,4,94.15294257906449,315.74289406321265,1.0679171376625194,moderately_wet,False
Logar,2014,5,47.02572110160245,296.4152366080153,1.8145387294046098,very_wet,False
Logar,2014,6,2.566852368303142,143.74551604897002,1.6110449524907138,very_wet,False
Logar,2014,7,7.13553253506837,56.7281060049739,1.0022010320190309,moderately_wet,False
Logar,2014,8,2.416912546363017,12.119297449734471,-0.9053965379209373,near_normal,False
Logar,2014,9,1.183708426549826,10.736153507981156,-0.7625162546747137,near_normal,False
Logar,2014,10,7.096953358511224,10.697574331424011,-0.10898396956123438,near_normal,False
Logar,2014,11,11.684242998788651,19.964904783849647,-0.42772420530954003,near_normal,False
Logar,2014,12,14.340590917265462,33.12178727456528,-0.8265583006066921,near_normal,False
Logar,2015,1,24.467231543510437,50.49206545956449,-1.4227311137443825,moderate_drought,True
Logar,2015,2,127.2158357722056,166.02365823298143,0.2934706888451772,near_normal,False
Logar,2015,3,125.593359687679,277.27642700339493,0.9801679936415095,near_normal,False
Logar,2015,4,51.09503758312204,303.90423304300657,0.9387276610724057,near_normal,False
Logar,2015,5,39.636705909564846,216.32510318036583,0.7482138673180102,near_normal,False
Logar,2015,6,1.8469284823640493,92.57867197505088,0.12855982946073113,near_normal,False
Logar,2015,7,11.602874917933196,53.08650930986204,0.8171383487864141,near_normal,False
Logar,2015,8,6.048574684080151,19.49837808437734,0.22312582149920943,near_normal,False
Logar,2015,9,1.3896132024453325,19.041062804458623,0.537937447734385,near_normal,False
Logar,2015,10,11.989537318307285,19.42772520483271,1.1473110412389298,moderately_wet,False
Logar,2015,11,36.41225275900032,49.79140327975288,1.2867218758897225,moderately_wet,False
Logar,2015,12,18.026173204061603,66.42796328136914,0.5830882673616148,near_normal,False
Logar,2016,1,33.833869997312945,88.2722959603748,0.08687954851205466,near_normal,False
Logar,2016,2,10.95797488536988,62.81801808674437,-2.001886760069077,extreme_drought,True
Logar,2016,3,137.76444551343965,182.55629039612242,-0.34854049531171005,near_normal,False
Logar,2016,4,71.25296667244693,219.97538707125642,-0.08882644364862755,near_normal,False
Logar,2016,5,52.80881871312009,261.82623089900665,1.3802367153171224,moderately_wet,False
Logar,2016,6,7.118872459124185,131.18065784469115,1.2838748879386979,moderately_wet,False
Logar,2016,7,11.28274058267556,71.21043175491978,1.6704361657244864,very_wet,False
Logar,2016,8,6.789010624043214,25.190623665842903,0.908775803787964,near_normal,False
Logar,2016,9,1.0481166972518343,19.11986790397055,0.5482373673595835,near_normal,False
Logar,2016,10,3.659616269583039,11.49674359087803,0.02962132234415731,near_normal,False
Logar,2016,11,22.77258145125899,27.480314418093805,0.11284593486952198,near_normal,False
Logar,2016,12,12.299874324458552,38.73207204530052,-0.5364363015927375,near_normal,False
Logar,2017,1,73.52959411784941,108.60204989356689,0.7207805025891294,near_normal,False
Logar,2017,2,190.1860584644858,276.01552690679375,1.8198784113896869,very_wet,False
Logar,2017,3,45.4430741160687,309.1587266984039,1.3585390645247686,moderately_wet,False
Logar,2017,4,29.00296984826178,264.6321024288162,0.4849782201538142,near_normal,False
Logar,2017,5,27.971798293678496,102.41784225800895,-1.3727264609841539,moderate_drought,True
Logar,2017,6,1.8692504896016469,58.84401863154189,-1.1870935312785265,moderate_drought,True
Logar,2017,7,29.19010481095184,59.03115359423195,1.1152875549969035,moderately_wet,False
Logar,2017,8,4.618699303476302,35.67805460402976,1.9450649787927077,very_wet,False
Logar,2017,9,1.0440915457939777,34.85289566022209,2.217588145240733,extremely_wet,False
Logar,2017,10,0.5689550200410968,6.231745869311348,-1.0538322228677746,moderate_drought,True
Logar,2017,11,28.83331326447003,30.446359830305074,0.2985499375841368,near_normal,False
Logar,2017,12,46.67180190713685,76.07407019164795,0.8979137531319945,near_normal,False
Logar,2018,1,9.213429362288371,84.71854453389521,-0.0336403496480732,near_normal,False
Logar,2018,2,97.71954517100602,153.6047764404312,0.08270650537595962,near_normal,False
Logar,2018,3,90.30197258631809,197.23494711961246,-0.11646169249341849,near_normal,False
Logar,2018,4,56.644235626989975,244.66575338431406,0.23708518259812736,near_normal,False
Logar,2018,5,40.786826431764446,187.73303464507248,0.30512682876610414,near_normal,False
Logar,2018,6,11.479634174541594,108.910696233296,0.6499764461818835,near_normal,False
Logar,2018,7,14.726734815825887,66.9931954221319,1.4856355396371832,moderately_wet,False
Logar,2018,8,3.312236542825011,29.518605533192463,1.3648162031997968,moderately_wet,False
Logar,2018,9,1.186490398424639,19.225461757075507,0.5619949428965819,near_normal,False
Logar,2018,10,25.258895847675955,29.75762278892558,2.2230834544033318,extremely_wet,False
Logar,2018,11,17.8209633953535,44.26634964145407,1.0346086534638446,moderately_wet,False
Logar,2018,12,44.98601957146969,88.06587881449911,1.2550694589858253,moderately_wet,False
Logar,2019,1,59.93400895777414,122.7409919245973,1.1167867819954211,moderately_wet,False
Logar,2019,2,140.08613073415964,245.00615926340345,1.4370451987476267,moderately_wet,False
Logar,2019,3,119.42963310054,319.44977279247377,1.4752457068978249,moderately_wet,False
Logar,2019,4,70.69242259377863,330.20818642847826,1.221563490288144,moderately_wet,False
Logar,2019,5,17.673899620834593,207.7959553151532,0.6202989803436434,near_normal,False
Logar,2019,6,5.372877580511173,93.73919979512436,0.1675381754437856,near_normal,False
Logar,2019,7,13.196846395101325,36.243623596447065,-0.1696370776085881,near_normal,False
Logar,2019,8,4.551608904449512,23.12133288006198,0.6725868886905612,near_normal,False
Logar,2019,9,0.4383756231406301,18.18683092269144,0.4244425692407023,near_normal,False
Logar,2019,10,13.73606126329364,18.726045790883752,1.062115959850412,moderately_wet,False
Logar,2019,11,39.13187174061084,53.306308627045084,1.4379409235916711,moderately_wet,False
Logar,2019,12,14.257384311407392,67.12531731531183,0.6068138932510475,near_normal,False
Logar,2020,1,71.88785026942965,125.27710632144786,1.184628550404572,moderately_wet,False
Logar,2020,2,74.94133160004492,161.08656618088193,0.2109816533253085,near_normal,False
Logar,2020,3,176.21475622878222,323.0439380982568,1.515433998262971,very_wet,False
Logar,2020,4,119.8786722698033,371.0347600986304,1.6329948178175973,very_wet,False
Logar,2020,5,39.7342140586994,335.8276425572849,2.2716140736194674,extremely_wet,False
Logar,2020,6,4.869984854513458,164.48287118301613,2.1130467680107117,extremely_wet,False
Logar,2020,7,7.228409279274027,51.83260819248686,0.7515054874161331,near_normal,False
Logar,2020,8,3.6779127330855865,15.776306866873043,-0.30096885232374593,near_normal,False
Logar,2020,9,1.381913270261432,12.288235282621017,-0.477387517107709,near_normal,False
Logar,2020,10,3.493547321928517,8.553373325275508,-0.5194059821780448,near_normal,False
Logar,2020,11,45.95598656821491,50.831447160404835,1.3321539376349811,moderately_wet,False
Logar,2020,12,26.44672108495188,75.89625497509527,0.8923529255546363,near_normal,False
Logar,2021,1,7.971350913466063,80.37405856663283,-0.18566962134079576,near_normal,False
Logar,2021,2,25.577877227911305,59.995949226329216,-2.0947780157858116,extreme_drought,True
Logar,2021,3,94.80368879528214,128.35291693665948,-1.3360344142379472,moderate_drought,True
Logar,2021,4,48.01171617123376,168.39328219442717,-0.8592590609633196,near_normal,False
Logar,2021,5,29.22752201546172,172.0429269819776,0.04270226351978348,near_normal,False
Logar,2021,6,1.8842564070168943,79.12349459371234,-0.34929047342668534,near_normal,False
Logar,2021,7,24.18995237363651,55.301730796115095,0.9306614527923504,near_normal,False
Logar,2021,8,3.093925596206556,29.168134376859932,1.3295603876936195,moderately_wet,False
Logar,2021,9,1.5692782700270582,28.853156239870096,1.652820043883163,very_wet,False
Logar,2021,10,13.14243100583169,17.805634872065276,0.9471867629928913,near_normal,False
Logar,2021,11,3.66422832132832,18.37593759718704,-0.5593341512756949,near_normal,False
Logar,2021,12,31.563156173967737,48.36981550112772,-0.09912526965032196,near_normal,False
Logar,2022,1,75.70550325812327,110.9328877534193,0.7882913765568288,near_normal,False
Logar,2022,2,50.46166199462208,157.73032142671306,0.1539409584522774,near_normal,False
Logar,2022,3,53.499879279702704,179.66704453244802,-0.3956905908737435,near_normal,False
Logar,2022,4,22.89402446487911,126.85556573920388,-1.6083163942274608,severe_drought,True
Logar,2022,5,20.79104494147893,97.18494868606072,-1.503526736583327,severe_drought,True
Logar,2022,6,6.532145925206191,50.21721533156422,-1.6049476033897023,severe_drought,True
Logar,2022,7,15.440651563366083,42.76384243005119,0.24256670291411495,near_normal,False
Logar,2022,8,12.92100052881529,34.89379801738755,1.874919742069255,very_wet,False
Logar,2022,9,2.3230137581837176,30.684665850365075,1.8324949396572645,very_wet,False
Logar,2022,10,0.5264873975568332,15.770501684555827,0.6786456690924277,near_normal,False
Logar,2022,11,27.792993578704767,30.642494734445304,0.3103974012630322,near_normal,False
Logar,2022,12,18.60189279725007,46.92137377351166,-0.16081673805464708,near_normal,False
Logar,2023,1,36.598352370255206,82.99323874621003,-0.09337415178375581,near_normal,False
Logar,2023,2,38.94736402652585,94.1476091940311,-1.1288477426573764,moderate_drought,True
Logar,2023,3,70.17709921690341,145.72281561368445,-0.9927584685738313,near_normal,False
Logar,2023,4,17.45175559761603,126.57621884104528,-1.613897266836231,severe_drought,True
Logar,2023,5,23.2664390613516,110.89529387587103,-1.1703799866524514,moderate_drought,True
Logar,2023,6,2.884404603018135,43.60259926198575,-1.96089472242107,severe_drought,True
Logar,2023,7,8.730329652191429,34.88117331656115,-0.2619567146521138,near_normal,False
Logar,2023,8,1.5999553232900487,13.214689578499598,-0.7125707478566381,near_normal,False
Logar,2023,9,0.2815365475067404,10.611821522988205,-0.7865553439151093,near_normal,False
Logar,2023,10,6.858124369490768,8.739616240287543,-0.48113645205497363,near_normal,False
Logar,2023,11,7.166405035943869,14.306065952941363,-0.9370988035536278,near_normal,False
Logar,2023,12,18.38619410537617,32.41072351081079,-0.8657075078947568,near_normal,False
Nangarhar,2001,1,15.282266554035214,,,,False
Nangarhar,2001,2,12.617550771276994,,,,False
Nangarhar,2001,3,60.63078923176001,88.53060655707222,-2.0607907439953,extreme_drought,True
Nangarhar,2001,4,77.93176987891106,151.18010988194806,-1.0657976994415854,moderate_drought,True
Nangarhar,2001,5,18.226689358971903,156.78924846964296,-0.3677712466455632,near_normal,False
Nangarhar,2001,6,31.67413349461945,127.8325927325024,0.32175439356323726,near_normal,False
Nangarhar,2001,7,25.50066902420845,75.4014918777998,0.5377754367469341,near_normal,False
Nangarhar,2001,8,17.351903105000645,74.52670562382855,0.5917711880023536,near_normal,False
Nangarhar,2001,9,12.180779060970908,55.03335119018,-0.32695389005911624,near_normal,False
Nangarhar,2001,10,6.272924716292635,35.805606882264186,-1.3724993704914052,moderate_drought,True
Nangarhar,2001,11,12.423031734934776,30.87673551219832,-1.050816000635789,moderate_drought,True
Nangarhar,2001,12,14.614542794604002,33.31049924583141,-1.0938617241163706,moderate_drought,True
Nangarhar,2002,1,18.219233914714582,45.256808444253366,-1.6359566127756522,severe_drought,True
Nangarhar,2002,2,59.1718135562001,92.00559026551868,-0.9151682166173034,near_normal,False
Nangarhar,2002,3,47.055624921436944,124.44667239235163,-1.190662145417352,moderate_drought,True
Nangarhar,2002,4,81.30699874896435,187.53443722660137,-0.4672999912439305,near_normal,False
Nangarhar,2002,5,11.261849876599603,139.6244735470009,-0.6754160036212679,near_normal,False
Nangarhar,2002,6,19.95361083344306,112.52245945900701,-0.09942353374905313,near_normal,False
Nangarhar,2002,7,10.38881088659824,41.6042715966409,-1.0150457830216963,moderate_drought,True
Nangarhar,2002,8,26.96170366760046,57.30412538764176,-0.26973487055046813,near_normal,False
Nangarhar,2002,9,12.438626841823805,49.7891413960225,-0.6640545825207422,near_normal,False
Nangarhar,2002,10,7.346155049562918,46.74648555898719,-0.40664992948433926,near_normal,False
Nangarhar,2002,11,19.99077685558425,39.77555874697097,-0.3411614230045087,near_normal,False
Nangarhar,2002,12,31.534124365020663,58.87105627016783,0.2931451215221587,near_normal,False
Nangarhar,2003,1,29.11492785468728,80.6398290752922,-0.14940154175647283,near_normal,False
Nangarhar,2003,2,62.37219019363808,123.02124241334602,-0.19982777110094246,near_normal,False
Nangarhar,2003,3,76.82503970925666,168.312157757582,-0.3392217735015779,near_normal,False
Nangarhar,2003,4,77.22568778620547,216.4229176891002,-0.045851778452929114,near_normal,False
Nangarhar,2003,5,19.55030912037278,173.60103661583491,-0.08783582127553577,near_normal,False
Nangarhar,2003,6,9.317379627057552,106.09337653363579,-0.28775336892611725,near_normal,False
Nangarhar,2003,7,16.30659052139721,45.17427926882753,-0.817310148154224,near_normal,False
Nangarhar,2003,8,23.172686069562587,48.79665621801733,-0.7610931898239851,near_normal,False
Nangarhar,2003,9,14.096573786395384,53.575850377355174,-0.4183820389778638,near_normal,False
Nangarhar,2003,10,12.222211598948451,49.4914714549064,-0.18895226307126536,near_normal,False
Nangarhar,2003,11,19.76237626680416,46.08116165214798,0.0986259996560666,near_normal,False
Nangarhar,2003,12,21.40328683323536,53.38787469898796,0.03646305851537717,near_normal,False
Nangarhar,2004,1,68.25147716496662,109.41714026500611,0.7553894090840538,near_normal,False
Nangarhar,2004,2,47.75876810964448,137.41353210784644,0.09073498965368001,near_normal,False
Nangarhar,2004,3,21.90387488129917,137.91412015591024,-0.9099634979934937,near_normal,False
Nangarhar,2004,4,62.93268630642578,132.5953292973694,-1.4109127801590609,moderate_drought,True
Nangarhar,2004,5,13.49578678920524,98.33234797693017,-1.540709421978212,severe_drought,True
Nangarhar,2004,6,7.004625611048982,83.43309870667997,-1.0207894806810032,moderate_drought,True
Nangarhar,2004,7,14.372662562856377,34.87307496311057,-1.4225343430061492,moderate_drought,True
Nangarhar,2004,8,20.1538495603545,41.53113773425983,-1.2294414875717954,moderate_drought,True
Nangarhar,2004,9,12.66072627113086,47.18723839434171,-0.8403104527500282,near_normal,False
Nangarhar,2004,10,18.27692300084,51.09149883232533,-0.06577688411855166,near_normal,False
Nangarhar,2004,11,10.483752787750786,41.421402059721615,-0.22209787093207067,near_normal,False
Nangarhar,2004,12,49.79283965737336,78.55351544596411,1.1021221519222741,moderately_wet,False
Nangarhar,2005,1,94.03555935242564,154.31215179754975,1.8959340582114443,very_wet,False
Nangarhar,2005,2,69.35868313773507,213.18708214753406,1.3577515153486115,moderately_wet,False
Nangarhar,2005,3,79.2237585579453,242.61800104810595,0.81075248634826,near_normal,False
Nangarhar,2005,4,44.77631544607247,193.35875714175282,-0.3789743565143905,near_normal,False
Nangarhar,2005,5,35.16538959985512,159.16546360387287,-0.3270135837175188,near_normal,False
Nangarhar,2005,6,13.646505806823845,93.5882108527514,-0.6773901217633844,near_normal,False
Nangarhar,2005,7,12.47907639417713,61.29097180085606,-0.037832465439301834,near_normal,False
Nangarhar,2005,8,20.33870848538143,46.46429068638238,-0.9058880496650383,near_normal,False
Nangarhar,2005,9,9.235117499733018,42.05290237929155,-1.2086329710069474,moderate_drought,True
Nangarhar,2005,10,4.91767973329972,34.49150571841414,-1.5015675406736237,severe_drought,True
Nangarhar,2005,11,11.378453486436989,25.5312507194697,-1.5479101694162076,severe_drought,True
Nangarhar,2005,12,11.56141820349369,27.85755142323037,-1.4808594783093803,moderate_drought,True
Nangarhar,2006,1,50.27743168883061,73.21730337876126,-0.41712031487199813,near_normal,False
Nangarhar,2006,2,35.43126428256671,97.27011417489098,-0.7831941847835739,near_normal,False
Nangarhar,2006,3,67.29412065969053,153.00281663108782,-0.6170015890831695,near_normal,False
Nangarhar,2006,4,49.98171161915507,152.7070965614123,-1.038777418223746,moderate_drought,True
Nangarhar,2006,5,11.21279579406444,128.48862807291002,-0.8890892428670787,near_normal,False
Nangarhar,2006,6,7.583881904043392,68.77838931726288,-1.571291960119103,severe_drought,True
Nangarhar,2006,7,12.603297516466712,31.399975214574518,-1.6547579127142529,severe_drought,True
Nangarhar,2006,8,23.329053656576757,43.51623307708684,-1.0962197841497885,moderate_drought,True
Nangarhar,2006,9,9.727247883420477,45.65959905646392,-0.9469019657887053,near_normal,False
Nangarhar,2006,10,14.142320708864826,47.19862224886203,-0.3702112035224854,near_normal,False
Nangarhar,2006,11,33.153735235482024,57.02330382776729,0.7749646951466086,near_normal,False
Nangarhar,2006,12,58.44771306713495,105.74376901148177,2.0265864283289563,extremely_wet,False
Nangarhar,2007,1,16.340850808244387,107.94229911086133,0.7131337199990496,near_normal,False
Nangarhar,2007,2,168.8195873369149,243.60815121229422,1.7829145397907,very_wet,False
Nangarhar,2007,3,121.47628220301196,306.63672034817125,1.6266864526885967,very_wet,False
Nangarhar,2007,4,38.02212563348524,328.3179951734121,1.3017805904265636,moderately_wet,False
Nangarhar,2007,5,18.824767722670007,178.32317555916717,-0.012509031839981838,near_normal,False
Nangarhar,2007,6,24.25608898551313,81.10298234166835,-1.1035856185337534,moderate_drought,True
Nangarhar,2007,7,19.66955913372024,62.75041584190335,0.02555558745108541,near_normal,False
Nangarhar,2007,8,17.938302457138388,61.863950576371735,-0.02646158908568869,near_normal,False
Nangarhar,2007,9,14.272693343880146,51.880554934738754,-0.5268648375190043,near_normal,False
Nangarhar,2007,10,4.230413989668175,36.441409790686684,-1.3112222393887238,moderate_drought,True
Nangarhar,2007,11,7.808336824975194,26.311444158523486,-1.4710985102184069,moderate_drought,True
Nangarhar,2007,12,18.30615176877545,30.34490258341879,-1.2982960426086065,moderate_drought,True
Nangarhar,2008,1,79.03284520134326,105.14733379509389,0.6320043456858817,near_normal,False
Nangarhar,2008,2,25.74870402761924,123.08770099773793,-0.19843487533771514,near_normal,False
Nangarhar,2008,3,32.074025950391984,136.85557517935447,-0.9313246289252751,near_normal,False
Nangarhar,2008,4,107.8869794852436,165.7097094632548,-0.8159002982143924,near_normal,False
Nangarhar,2008,5,22.415598061806257,162.37660349744183,-0.27258315874596495,near_normal,False
Nangarhar,2008,6,17.278393866123945,147.5809714131738,0.8182477736394932,near_normal,False
Nangarhar,2008,7,16.292988853404783,55.98698078133497,-0.2771244908652441,near_normal,False
Nangarhar,2008,8,30.862139215956898,64.43352193548562,0.10537073141849301,near_normal,False
Nangarhar,2008,9,11.849860828005902,59.00498889736757,-0.085811708182391,near_normal,False
Nangarhar,2008,10,8.745551011639895,51.45755105560268,-0.03796101759792471,near_normal,False
Nangarhar,2008,11,9.188108544965708,29.783520384611492,-1.1473125722909534,moderate_drought,True
Nangarhar,2008,12,21.43183504562685,39.36549460223244,-0.7127980757861597,near_normal,False
Nangarhar,2009,1,59.878222584012605,90.49816617460515,0.18169884647252027,near_normal,False
Nangarhar,2009,2,65.53722931204206,146.8472869416815,0.270301302101835,near_normal,False
Nangarhar,2009,3,72.16868587753777,197.58413777359243,0.1477556902136324,near_normal,False
Nangarhar,2009,4,117.40346781917889,255.1093830087587,0.46318728438807816,near_normal,False
Nangarhar,2009,5,33.52260260352594,223.09475630024258,0.6432726416951275,near_normal,False
Nangarhar,2009,6,17.532438419699027,168.45850884240383,1.297805942504673,moderately_wet,False
Nangarhar,2009,7,11.977321259336955,63.032362282561905,0.037687348498247224,near_normal,False
Nangarhar,2009,8,31.17055925615361,60.680318935189575,-0.08842169555943355,near_normal,False
Nangarhar,2009,9,16.93662470045108,60.08450521594163,-0.022158742108468226,near_normal,False
Nangarhar,2009,10,7.223081594523863,55.33026555112854,0.24854411085546949,near_normal,False
Nangarhar,2009,11,17.131317771744392,41.29102406671932,-0.23141215754664385,near_normal,False
Nangarhar,2009,12,17.563178522905385,41.91757788917363,-0.5642652624021198,near_normal,False
Nangarhar,2010,1,48.23349104611718,82.92798734076695,-0.070235086463955,near_normal,False
Nangarhar,2010,2,83.67931291320033,149.4759824822229,0.3189644769577534,near_normal,False
Nangarhar,2010,3,35.356373318804174,167.26917727812167,-0.35758971504386433,near_normal,False
Nangarhar,2010,4,68.47878980790274,187.51447603990724,-0.4676058750457152,near_normal,False
Nangarhar,2010,5,32.67245902701518,136.50762215372208,-0.7340079648371345,near_normal,False
Nangarhar,2010,6,20.95452420124175,122.10577303615966,0.1683627577293124,near_normal,False
Nangarhar,2010,7,31.942959193086192,85.56994242134311,0.9096885198562165,near_normal,False
Nangarhar,2010,8,49.43891319304222,102.33639658737015,1.7400745451277055,very_wet,False
Nangarhar,2010,9,16.606081833535015,97.98795421966341,1.851920537354343,very_wet,False
Nangarhar,2010,10,7.574157361043391,73.61915238762062,1.447268895964098,moderately_wet,False
Nangarhar,2010,11,11.598482470407951,35.77872166498634,-0.6448763093171459,near_normal,False
Nangarhar,2010,12,12.025144506751058,31.197784338202386,-1.2381226287055576,moderate_drought,True
Nangarhar,2011,1,17.496229899253038,41.11985687641203,-1.858346072018155,severe_drought,True
Nangarhar,2011,2,74.91222066957324,104.43359507557733,-0.6112762082031413,near_normal,False
Nangarhar,2011,3,50.42936251657977,142.83781308540603,-0.8120564153717275,near_normal,False
Nangarhar,2011,4,61.6554848860168,186.99706807216978,-0.47554231069128383,near_normal,False
Nangarhar,2011,5,14.877230768506012,126.96207817110256,-0.919360079841269,near_normal,False
Nangarhar,2011,6,10.081705165845545,86.61442082036832,-0.910274366061602,near_normal,False
Nangarhar,2011,7,13.460232473949176,38.419168408300706,-1.2016379776198258,moderate_drought,True
Nangarhar,2011,8,38.55268888436,62.0946265241547,-0.014478881429148485,near_normal,False
Nangarhar,2011,9,16.935142529090953,68.94806388740011,0.4737067223754999,near_normal,False
Nangarhar,2011,10,22.242422599794416,77.73025401324534,1.6891205550144663,very_wet,False
Nangarhar,2011,11,18.919732210838784,58.09729733972412,0.8365730718206158,near_normal,False
Nangarhar,2011,12,9.024834270126624,50.186989080759794,-0.12161886740214267,near_normal,False
Nangarhar,2012,1,28.673053170768423,56.617619651733804,-1.0909807514816283,moderate_drought,True
Nangarhar,2012,2,56.449061492491865,94.14694893338688,-0.8608753217413132,near_normal,False
Nangarhar,2012,3,47.86722631942117,132.98934098268143,-1.010322895096214,moderate_drought,True
Nangarhar,2012,4,83.41296590588382,187.72925371779684,-0.46431579527056793,near_normal,False
Nangarhar,2012,5,21.94070283752649,153.22089506283146,-0.42976972061767416,near_normal,False
Nangarhar,2012,6,7.609744878843603,112.96341362225388,-0.08677404295593186,near_normal,False
Nangarhar,2012,7,12.401282290668853,41.951730007038904,-0.9952976421915135,near_normal,False
Nangarhar,2012,8,16.07079590378689,36.081823073299304,-1.6194341824515952,severe_drought,True
Nangarhar,2012,9,22.891084281730176,51.36316247618588,-0.5604499116412519,near_normal,False
Nangarhar,2012,10,15.596202894889151,54.55808308040618,0.19250954114150873,near_normal,False
Nangarhar,2012,11,12.899946365087471,51.38723354170676,0.43849294793047894,near_normal,False
Nangarhar,2012,12,34.965153308086755,63.46130256806334,0.4960757528569288,near_normal,False
Nangarhar,2013,1,16.169889613140967,64.03498928631515,-0.7751309169932026,near_normal,False
Nangarhar,2013,2,130.63432777887348,181.76937070010115,0.875397576388142,near_normal,False
Nangarhar,2013,3,153.97143405990238,300.7756514519168,1.556859392410965,very_wet,False
Nangarhar,2013,4,94.76867705651648,379.3744388952923,1.81681494962156,very_wet,False
Nangarhar,2013,5,10.058922917756258,258.79903403417507,1.1063895039256328,moderately_wet,False
Nangarhar,2013,6,10.797879276450812,115.62547925072352,-0.011102255549483256,near_normal,False
Nangarhar,2013,7,17.119976189593817,37.97677838380086,-1.228396126988186,moderate_drought,True
Nangarhar,2013,8,35.86731219436728,63.78516766041188,0.07244280643343413,near_normal,False
Nangarhar,2013,9,15.18691484432602,68.17420322828708,0.432161963141542,near_normal,False
Nangarhar,2013,10,13.28641843263731,64.34064547133059,0.8671483887478246,near_normal,False
Nangarhar,2013,11,40.99729790926066,69.47063118622395,1.4476637163235777,moderately_wet,False
Nangarhar,2013,12,13.180749783649654,67.46446612554759,0.6652893259689319,near_normal,False
Nangarhar,2014,1,14.378161519442154,68.55620921235243,-0.5947679716374453,near_normal,False
Nangarhar,2014,2,44.93095118112059,72.48986248421235,-1.455847046738801,moderate_drought,True
Nangarhar,2014,3,142.3697471989633,201.678859899526,0.21193970103514004,near_normal,False
Nangarhar,2014,4,80.12448419386037,267.4251825739442,0.6144056268828764,near_normal,False
Nangarhar,2014,5,40.822896205265394,263.31712759808903,1.161958884206274,moderately_wet,False
Nangarhar,2014,6,10.388415479051345,131.33579587817707,0.4133505888720561,near_normal,False
Nangarhar,2014,7,14.326255835392068,65.53756751970877,0.14392361862999248,near_normal,False
Nangarhar,2014,8,13.348097243782425,38.06276855822581,-1.473201460309267,moderate_drought,True
Nangarhar,2014,9,8.420104458580372,36.094457537754835,-1.6772691358622671,severe_drought,True
Nangarhar,2014,10,17.90278454838523,39.670986250748,-1.0108072150498424,moderate_drought,True
Nangarhar,2014,11,8.701125391987498,35.02401439895307,-0.7047837162575308,near_normal,False
Nangarhar,2014,12,9.285314837808592,35.889224778181294,-0.9261626674616147,near_normal,False
Nangarhar,2015,1,24.42794264739557,42.41438287719163,-1.7871175557177128,severe_drought,True
Nangarhar,2015,2,109.15805333283843,142.87131081804256,0.19558537452262542,near_normal,False
Nangarhar,2015,3,134.5483574560394,268.1343534362734,1.150982714172668,moderately_wet,False
Nangarhar,2015,4,88.21298741233684,331.9193982012147,1.3397353440631814,moderately_wet,False
Nangarhar,2015,5,29.33368967317918,252.09503454155538,1.0227628741612198,moderately_wet,False
Nangarhar,2015,6,8.704622443540249,126.25129952905621,0.2798637928594805,near_normal,False
Nangarhar,2015,7,34.59755119093569,72.63586330765506,0.430970883579964,near_normal,False
Nangarhar,2015,8,35.95759246236516,79.25976609684105,0.8049273338980223,near_normal,False
Nangarhar,2015,9,14.585933473579288,85.14107712688008,1.2804880017035032,moderately_wet,False
Nangarhar,2015,10,21.837780538421477,72.38130647436587,1.3727386697204027,moderately_wet,False
Nangarhar,2015,11,33.644137274114826,70.06785128611554,1.4778994228033966,moderately_wet,False
Nangarhar,2015,12,20.457246965749498,75.93916477828574,1.0029447357633636,moderately_wet,False
Nangarhar,2016,1,37.73975247769671,91.84113671756097,0.22490861808906604,near_normal,False
Nangarhar,2016,2,13.86596037197991,72.06295981542607,-1.468757282076054,moderate_drought,True
Nangarhar,2016,3,139.30467408060744,190.910386930284,0.04121878687179295,near_normal,False
Nangarhar,2016,4,84.35162025509793,237.52225470768525,0.2386394956420138,near_normal,False
Nangarhar,2016,5,53.657416910423215,277.31371124612855,1.3302863816215618,moderately_wet,False
Nangarhar,2016,6,28.54138418381132,166.5504213493324,1.2556405458945297,moderately_wet,False
Nangarhar,2016,7,27.5438037373416,109.74260483157607,1.6910795635707125,very_wet,False
Nangarhar,2016,8,32.473725680451054,88.55891360160392,1.200615326495875,moderately_wet,False
Nangarhar,2016,9,10.40411353784302,70.42164295563562,0.5519718258948075,near_normal,False
Nangarhar,2016,10,6.260031408016784,49.1378706263108,-0.2165325992989655,near_normal,False
Nangarhar,2016,11,16.76015605907039,33.424301004930136,-0.8347444262393278,near_normal,False
Nangarhar,2016,12,8.639428323381955,31.65961579046907,-1.2060183356937726,moderate_drought,True
Nangarhar,2017,1,92.5594281231104,117.95901250556268,0.9930771052427622,near_normal,False
Nangarhar,2017,2,146.58696612594392,247.78582257243622,1.8386009636903824,very_wet,False
Nangarhar,2017,3,36.83673546379293,275.9831297128472,1.2513754077188461,moderately_wet,False
Nangarhar,2017,4,39.485798904115946,222.90950049385273,0.043508247343367994,near_normal,False
Nangarhar,2017,5,48.65862764800044,124.98116201590926,-0.9590168764370601,near_normal,False
Nangarhar,2017,6,8.951781472063841,97.09620802418016,-0.5646958181723165,near_normal,False
Nangarhar,2017,7,51.93579301316501,109.54620213322923,1.685201909034284,very_wet,False
Nangarhar,2017,8,38.37752427207249,99.26509875730129,1.624075159482171,very_wet,False
Nangarhar,2017,9,12.93955583610682,103.25287312134427,2.0721554084851674,extremely_wet,False
Nangarhar,2017,10,4.174737826800119,55.49181793497937,0.26020155381949744,near_normal,False
Nangarhar,2017,11,35.019423200401214,52.133716863308095,0.4844111763370553,near_normal,False
Nangarhar,2017,12,48.30158535047585,87.49574637767712,1.4260565572780497,moderately_wet,False
Nangarhar,2018,1,9.848557708586364,93.16956625946337,0.2672392657439316,near_normal,False
Nangarhar,2018,2,84.72515416243941,142.87529722150157,0.1956609745149742,near_normal,False
Nangarhar,2018,3,104.88302762268634,199.45673949371206,0.1772171548520236,near_normal,False
Nangarhar,2018,4,98.89789669449642,288.50607847962215,0.8629561750415364,near_normal,False
Nangarhar,2018,5,61.33297621770786,265.11390053489055,1.183886209060251,moderately_wet,False
Nangarhar,2018,6,24.971018565516285,185.20189147772052,1.6552124954741498,very_wet,False
Nangarhar,2018,7,40.94857028413569,127.25256506735978,2.19033586995679,extremely_wet,False
Nangarhar,2018,8,15.62963197105825,81.54922082071016,0.9050451508098257,near_normal,False
Nangarhar,2018,9,15.53435016552722,72.11255242072112,0.6404599160020246,near_normal,False
Nangarhar,2018,10,28.41865744439057,59.58263958097598,0.5481794359181424,near_normal,False
Nangarhar,2018,11,18.82331462402289,62.77632223394062,1.0966332221362474,moderately_wet,False
Nangarhar,2018,12,22.420296534651044,69.66226860306445,0.7554002708342605,near_normal,False
Nangarhar,2019,1,63.01615774785242,104.25976890652629,0.6059450521487213,near_normal,False
Nangarhar,2019,2,95.54024991935177,180.97670420185517,0.8625514132396748,near_normal,False
Nangarhar,2019,3,105.87387076401784,264.43027843122195,1.1029413297355344,moderately_wet,False
Nangarhar,2019,4,93.65935480916124,295.0734754925308,0.9379485374767669,near_normal,False
Nangarhar,2019,5,20.26423005500968,219.79745562818871,0.5981195110745915,near_normal,False
Nangarhar,2019,6,13.628325473835089,127.55191033800595,0.3143439296948802,near_normal,False
Nangarhar,2019,7,20.72645649407669,54.6190120229214,-0.34130368938967526,near_normal,False
Nangarhar,2019,8,35.935619463544896,70.29040143145662,0.3932882342152235,near_normal,False
Nangarhar,2019,9,3.930303774985214,60.592379732606744,0.007523358448320163,near_normal,False
Nangarhar,2019,10,32.3522232959529,72.21814653448295,1.3628532939425373,moderately_wet,False
Nangarhar,2019,11,48.53298343200853,84.81551050294658,2.1773771127766066,extremely_wet,False
Nangarhar,2019,12,11.004579223315176,91.88978595127654,1.577461730714673,very_wet,False
Nangarhar,2020,1,74.99133000927647,134.5288926646001,1.424035666944067,moderately_wet,False
Nangarhar,2020,2,69.77605645982267,155.77196569241426,0.43325619973318413,near_normal,False
Nangarhar,2020,3,155.77097604991124,300.5383625190103,1.5540140574017436,very_wet,False
Nangarhar,2020,4,174.87849758856868,400.42553009830254,2.0162187653584986,extremely_wet,False
Nangarhar,2020,5,39.29338070015472,369.9428543386346,2.326420533013727,extremely_wet,False
Nangarhar,2020,6,12.589402080627355,226.7612803693507,2.4608290197063054,extremely_wet,False
Nangarhar,2020,7,12.02176331925416,63.90454610003618,0.07498805793556498,near_normal,False
Nangarhar,2020,8,16.852641222752847,41.46380662263431,-1.2340365584333233,moderate_drought,True
Nangarhar,2020,9,14.253326205306948,43.127730747313905,-1.1290734137041207,moderate_drought,True
Nangarhar,2020,10,5.333392487585986,36.439359915645724,-1.3114186142493296,moderate_drought,True
Nangarhar,2020,11,37.956363729406974,57.543082422299854,0.8048751674964115,near_normal,False
Nangarhar,2020,12,17.721261589973402,61.01101780696631,0.38900609284711335,near_normal,False
Nangarhar,2021,1,13.182828327736503,68.86045364711683,-0.582926041775328,near_normal,False
Nangarhar,2021,2,25.448309352873032,56.352399270582886,-1.987036936847764,severe_drought,True
Nangarhar,2021,3,101.79039515714152,140.421532837751,-0.8598097746142583,near_normal,False
Nangarhar,2021,4,72.34357534872946,199.58227985874396,-0.2865606880557459,near_normal,False
Nangarhar,2021,5,28.986245606975963,203.1202161128469,0.36262669612572723,near_normal,False
Nangarhar,2021,6,11.008366662199064,112.33818761790444,-0.10471951591446502,near_normal,False
Nangarhar,2021,7,36.51695307164031,76.5115653408153,0.579918671424313,near_normal,False
Nangarhar,2021,8,20.13433978000613,67.65965951384547,0.26601661902460066,near_normal,False
Nangarhar,2021,9,17.089288395566793,73.74058124721319,0.7243755449078126,near_normal,False
Nangarhar,2021,10,15.001399024831043,52.22502720040392,0.019932102150439363,near_normal,False
Nangarhar,2021,11,2.9114025670667254,35.00208998746452,-0.7065371449113544,near_normal,False
Nangarhar,2021,12,31.577430149989045,49.490231741886774,-0.15692140172664512,near_normal,False
Nangarhar,2022,1,90.15181043753276,124.64064315458849,1.1712974252256751,moderately_wet,False
Nangarhar,2022,2,51.48702272772492,173.2162633152467,0.7347979333317852,near_normal,False
Nangarhar,2022,3,42.95402413865406,184.59285730391173,-0.06194891252136466,near_normal,False
Nangarhar,2022,4,28.190052334874668,122.6310992012536,-1.6100206420616558,severe_drought,True
Nangarhar,2022,5,25.441552209195216,96.58562868272391,-1.5825217896753165,severe_drought,True
Nangarhar,2022,6,20.377483227735887,74.00908777180572,-1.366220440185268,moderate_drought,True
Nangarhar,2022,7,26.36707000346099,72.18610544039205,0.413349386601165,near_normal,False
Nangarhar,2022,8,54.21530756125682,100.95986079245365,1.6883647744655113,very_wet,False
Nangarhar,2022,9,9.06550996692516,89.64788753164294,1.4869223978647865,moderately_wet,False
Nangarhar,2022,10,8.212038048897766,71.49285557707971,1.3187335151416082,moderately_wet,False
Nangarhar,2022,11,31.08567748763386,48.363225503456746,0.24782383926477786,near_normal,False
Nangarhar,2022,12,11.745311977608358,51.043027514139936,-0.07869431487002765,near_normal,False
Nangarhar,2023,1,45.54695551173104,88.37794497697321,0.11260366852091597,near_normal,False
Nangarhar,2023,2,52.93112934414616,110.22339683348551,-0.478126517819401,near_normal,False
Nangarhar,2023,3,61.34552766895205,159.8236125248292,-0.4910180407997815,near_normal,False
Nangarhar,2023,4,32.9571792716345,147.23383628473266,-1.1365114583125,moderate_drought,True
Nangarhar,2023,5,30.00126257647185,124.30396951705836,-0.9726732346276099,near_normal,False
Nangarhar,2023,6,15.107527387444698,78.06596923555101,-1.2139977106691675,moderate_drought,True
Nangarhar,2023,7,22.73767808503636,67.84646804895286,0.23946419813760256,near_normal,False
Nangarhar,2023,8,12.199214315388788,50.044419787869806,-0.6855648245535285,near_normal,False
Nangarhar,2023,9,8.063197950162657,43.00009035058777,-1.138449560758131,moderate_drought,True
Nangarhar,2023,10,13.878019262872346,34.14043152842375,-1.5366227112879765,severe_drought,True
Nangarhar,2023,11,9.434656692579592,31.375873905614554,-1.0075407970956967,moderate_drought,True
Nangarhar,2023,12,12.638088330407248,35.950764285859144,-0.9222642067141077,near_normal,False
Nimroz,2001,1,12.408183459898195,,,,False
Nimroz,2001,2,16.619832687886657,,,,False
Nimroz,2001,3,10.800278619384189,39.82829476716904,-0.946217215458812,near_normal,False
Nimroz,2001,4,3.728799286107156,31.148910593378,-0.5168330599717391,near_normal,False
Nimroz,2001,5,0.5752397448897852,15.10431765038113,-0.6958325091749148,near_normal,False
Nimroz,2001,6,0.0,4.304039030996941,-0.703111841243341,near_normal,False
Nimroz,2001,7,0.0060208693085977,0.5812606141983829,-0.4307477717622844,near_normal,False
Nimroz,2001,8,0.0,0.0060208693085977,-0.2024757758236783,near_normal,False
Nimroz,2001,9,0.0054522535808282,0.0114731228894259,-0.3862752626489987,near_normal,False
Nimroz,2001,10,0.0,0.0054522535808282,-0.9553176995499594,near_normal,False
Nimroz,2001,11,2.8234224973053603,2.8288747508861887,0.20712873283577035,near_normal,False
Nimroz,2001,12,8.373252978725834,11.196675476031194,0.29126701585582726,near_normal,False
Nimroz,2002,1,13.274186682377191,24.470862158408387,-0.6527370937444071,near_normal,False
Nimroz,2002,2,14.092773926107224,35.74021358721025,-0.8920397377924288,near_normal,False
Nimroz,2002,3,8.78947703558396,36.156437644068376,-1.1815299957752838,moderate_drought,True
Nimroz,2002,4,6.906103777804183,29.788354739495364,-0.6134927960032,near_normal,False
Nimroz,2002,5,0.0,15.695580813388144,-0.6330453702691469,near_normal,False
Nimroz,2002,6,0.0,6.906103777804183,0.2433042868150354,near_normal,False
Nimroz,2002,7,0.0,0.0,-1.7116753065097285,severe_drought,True
Nimroz,2002,8,0.0,0.0,-0.7810338115227088,near_normal,False
Nimroz,2002,9,0.0029425384582091,0.0029425384582091,-0.8656708652121253,near_normal,False
Nimroz,2002,10,0.0122753339292305,0.0152178723874396,-0.6947091181951072,near_normal,False
Nimroz,2002,11,2.969773224414969,2.9849910968024083,0.277294324034839,near_normal,False
Nimroz,2002,12,10.453067169993355,13.435115728337554,0.6876353397752649,near_normal,False
Nimroz,2003,1,22.06068170343904,35.48352209784737,0.23982402234051786,near_normal,False
Nimroz,2003,2,15.224580548508262,47.73832942194066,-0.024124617194005053,near_normal,False
Nimroz,2003,3,16.574805624961613,53.86006787690892,-0.16425798343282672,near_normal,False
Nimroz,2003,4,5.416386086390504,37.21577225986039,-0.11771482824883685,near_normal,False
Nimroz,2003,5,0.3317015390542748,22.322893250406395,-0.02053582910005457,near_normal,False
Nimroz,2003,6,0.0,5.748087625444782,-0.14129284984636584,near_normal,False
Nimroz,2003,7,0.0476154333783502,0.3793169724326285,-0.7132652571320822,near_normal,False
Nimroz,2003,8,0.0,0.04761543337835375,0.39078929092220815,near_normal,False
Nimroz,2003,9,0.0054095110556576,0.05302494443401135,0.35905886482430815,near_normal,False
Nimroz,2003,10,0.0,0.005409511055661152,-0.9571828428852108,near_normal,False
Nimroz,2003,11,3.222269510081522,3.2276790211371833,0.38166489686235855,near_normal,False
Nimroz,2003,12,5.481052005874958,8.703321515956484,-0.2182173415300607,near_normal,False
Nimroz,2004,1,20.6726097324376,29.37593124839408,-0.22736094026163206,near_normal,False
Nimroz,2004,2,9.877284548074,36.03094628638656,-0.8688256452817025,near_normal,False
Nimroz,2004,3,7.184230265186,37.734124545697604,-1.0784845896613589,moderate_drought,True
Nimroz,2004,4,3.4736794826678987,20.5351942959279,-1.368941791554084,moderate_drought,True
Nimroz,2004,5,0.1808878830146596,10.838797630868562,-1.2094834972086241,moderate_drought,True
Nimroz,2004,6,0.0,3.6545673656825617,-0.999120522299126,near_normal,False
Nimroz,2004,7,0.0,0.18088788301466316,-1.1011263398122686,moderate_drought,True
Nimroz,2004,8,0.0,0.0,-0.7810338115227088,near_normal,False
Nimroz,2004,9,0.0217397742539218,0.021739774253925353,-0.11023011832492473,near_normal,False
Nimroz,2004,10,0.0,0.021739774253925353,-0.5946802007401664,near_normal,False
Nimroz,2004,11,1.4261975770368882,1.4479373512908136,-0.5741796390046969,near_normal,False
Nimroz,2004,12,24.970612884464447,26.39681046150134,2.402499103225223,extremely_wet,False
Nimroz,2005,1,34.827838238505564,61.2246487000069,1.7715936369197518,very_wet,False
Nimroz,2005,2,29.84788931776979,89.6463404407398,2.185775983865399,extremely_wet,False
Nimroz,2005,3,43.3111484922989,107.98687604857426,1.9697355346072618,very_wet,False
Nimroz,2005,4,2.6407843591417737,75.79982216921047,1.7399725541456694,very_wet,False
Nimroz,2005,5,0.6744354730219386,46.62636832446262,1.5191107195192552,very_wet,False
Nimroz,2005,6,0.0062544810873884,3.321474313251108,-1.1654585882091433,moderate_drought,True
Nimroz,2005,7,0.0,0.6806899541093341,-0.3143414033547281,near_normal,False
Nimroz,2005,8,0.0,0.006254481087395505,-0.19484902971773538,near_normal,False
Nimroz,2005,9,0.005409460277467,0.005409460277474106,-0.6659501928709465,near_normal,False
Nimroz,2005,10,0.011512479061951,0.016921939339425107,-0.6655233828839568,near_normal,False
Nimroz,2005,11,1.5378390805525948,1.5547610198920199,-0.49850641419179736,near_normal,False
Nimroz,2005,12,6.254892738603383,7.804244298217935,-0.4261386618774609,near_normal,False
Nimroz,2006,1,29.29640927854614,37.089141097702125,0.35359277276504736,near_normal,False
Nimroz,2006,2,15.60586715613298,51.15716917328251,0.195708700867389,near_normal,False
Nimroz,2006,3,8.825970063238465,53.728246497917596,-0.1709174023269718,near_normal,False
Nimroz,2006,4,4.738468055681409,29.17030527505286,-0.6584031374128594,near_normal,False
Nimroz,2006,5,0.0081750825856685,13.572613201505549,-0.866873973941921,near_normal,False
Nimroz,2006,6,0.0,4.746643138267085,-0.5187430292074093,near_normal,False
Nimroz,2006,7,0.0078211566668168,0.015996239252492404,-1.64429512587405,severe_drought,True
Nimroz,2006,8,0.0025550838534202,0.010376240520244107,-0.08382847487139816,near_normal,False
Nimroz,2006,9,0.0054094583321994,0.015785698852443505,-0.25359370829521916,near_normal,False
Nimroz,2006,10,0.2801520108166146,0.2881165530022413,0.38525692753205204,near_normal,False
Nimroz,2006,11,5.637735534881812,5.923297004030633,1.2966014069307057,moderately_wet,False
Nimroz,2006,12,9.62548538044468,15.543372926143114,1.0231316059786413,moderately_wet,False
Nimroz,2007,1,14.975439777319684,30.238660692646185,-0.15763978786950347,near_normal,False
Nimroz,2007,2,29.92285757320653,54.5237827309709,0.40282727231096593,near_normal,False
Nimroz,2007,3,19.482941366280908,64.38123871680713,0.3354452052164422,near_normal,False
Nimroz,2007,4,5.385023660665239,54.79082260015268,0.835259909628552,near_normal,False
Nimroz,2007,5,0.7097802615064346,25.57774528845259,0.23543707728416546,near_normal,False
Nimroz,2007,6,0.3536192803452916,6.448423202516973,0.09688247651083015,near_normal,False
Nimroz,2007,7,0.0,1.0633995418517332,0.052717807988195434,near_normal,False
Nimroz,2007,8,0.0,0.3536192803452987,1.6074569160396759,very_wet,False
Nimroz,2007,9,0.0029460349089161,0.0029460349089232055,-0.865300663400749,near_normal,False
Nimroz,2007,10,0.0,0.0029460349089232055,-1.0960733137817706,moderate_drought,True
Nimroz,2007,11,1.7194993339444895,1.7224453688534127,-0.3867977252273292,near_normal,False
Nimroz,2007,12,6.716312649388553,8.43581198333305,-0.2784895039249103,near_normal,False
Nimroz,2008,1,44.47419923516575,52.910011218498795,1.332410158864238,moderately_wet,False
Nimroz,2008,2,9.927951844195578,61.11846372874989,0.785256212459853,near_normal,False
Nimroz,2008,3,7.241060056772766,61.6432111361341,0.21098627339997758,near_normal,False
Nimroz,2008,4,3.577912034568383,20.746923935536742,-1.3492200394659557,moderate_drought,True
Nimroz,2008,5,0.3330092450836929,11.151981336424855,-1.1673191404466967,moderate_drought,True
Nimroz,2008,6,0.0,3.91092127965209,-0.8782159946552452,near_normal,False
Nimroz,2008,7,0.0,0.3330092450837071,-0.7905835649645275,near_normal,False
Nimroz,2008,8,0.0,0.0,-0.7810338115227088,near_normal,False
Nimroz,2008,9,0.0029459594459512,0.002945959445965411,-0.8653086494633413,near_normal,False
Nimroz,2008,10,0.0013336780106326,0.004279637456598011,-1.011899443922217,moderate_drought,True
Nimroz,2008,11,2.9805874559099608,2.984867093366559,0.27723957621352324,near_normal,False
Nimroz,2008,12,8.707557152016564,11.689478285937172,0.38273191826502234,near_normal,False
Nimroz,2009,1,34.91437827888817,46.60252288681471,0.9686718905993262,near_normal,False
Nimroz,2009,2,10.620984500225047,54.2429199311298,0.3858779121370989,near_normal,False
Nimroz,2009,3,16.390267807881457,61.92563058699469,0.22399159314256875,near_normal,False
Nimroz,2009,4,8.881442326726068,35.89269463483259,-0.20077027605402567,near_normal,False
Nimroz,2009,5,2.4943289902173995,27.76603912482494,0.3955334174986759,near_normal,False
Nimroz,2009,6,3.769229722413827e-05,11.375809009240706,1.4195547551215364,moderately_wet,False
Nimroz,2009,7,0.0,2.494366682514638,0.9426678657456845,near_normal,False
Nimroz,2009,8,0.0,3.7692297238349125e-05,-0.689050921283699,near_normal,False
Nimroz,2009,9,0.0137527885743607,0.01375278857437491,-0.3120868464225105,near_normal,False
Nimroz,2009,10,0.0,0.01375278857437491,-0.7221106313459624,near_normal,False
Nimroz,2009,11,1.345640605503816,1.3593933940781908,-0.6399690272065938,near_normal,False
Nimroz,2009,12,14.28964108838426,15.63528169388809,1.0370671549391774,moderately_wet,False
Nimroz,2010,1,13.54923679651607,29.18451849040416,-0.24301666604786087,near_normal,False
Nimroz,2010,2,19.964821844577376,47.803699729477714,-0.01982426841033814,near_normal,False
Nimroz,2010,3,9.440043543361012,42.95410218445447,-0.7574354182127897,near_normal,False
Nimroz,2010,4,2.9856132399058297,32.39047862784423,-0.4311138212596018,near_normal,False
Nimroz,2010,5,2.667929912142585,15.093586695409442,-0.6969877051340315,near_normal,False
Nimroz,2010,6,0.0,5.653543152048429,-0.17491855535685658,near_normal,False
Nimroz,2010,7,0.0,2.6679299121425992,1.0256347716206717,moderately_wet,False
Nimroz,2010,8,0.0,0.0,-0.7810338115227088,near_normal,False
Nimroz,2010,9,0.0029459642252723,0.002945964225286511,-0.8653081436742259,near_normal,False
Nimroz,2010,10,1.6774432680254752,1.6803892322507616,1.6208149825848832,very_wet,False
Nimroz,2010,11,0.0830110772036951,1.7634003094544568,-0.3606831009282081,near_normal,False
Nimroz,2010,12,2.063219170288288,3.8236735155174726,-1.6288439474130223,severe_drought,True
Nimroz,2011,1,16.687865769806045,18.834096017298045,-1.221470829201078,moderate_drought,True
Nimroz,2011,2,36.86979343088478,55.62087837097913,0.4684863599005133,near_normal,False
Nimroz,2011,3,10.614853299063595,64.17251249975443,0.32608248352752806,near_normal,False
Nimroz,2011,4,6.981776886902756,54.466423616851145,0.819657894643766,near_normal,False
Nimroz,2011,5,0.8538237966274408,18.450453982593807,-0.3603031243774451,near_normal,False
Nimroz,2011,6,0.0,7.8356006835302106,0.5219365569598492,near_normal,False
Nimroz,2011,7,0.0088966586137331,0.8627204552411881,-0.12667933663903397,near_normal,False
Nimroz,2011,8,0.0,0.008896658613747312,-0.11954286523903723,near_normal,False
Nimroz,2011,9,0.0054094583321994,0.01430611694594671,-0.295538526358633,near_normal,False
Nimroz,2011,10,2.4332642730051304,2.438673731337344,2.0067962890068136,extremely_wet,False
Nimroz,2011,11,4.132374523493081,6.571048254830425,1.4741736639118657,moderately_wet,False
Nimroz,2011,12,1.7658198202247473,8.331458616722973,-0.30235329624278706,near_normal,False
Nimroz,2012,1,17.84997810612926,23.748172449847104,-0.7202114267884945,near_normal,False
Nimroz,2012,2,29.819961192866803,49.43575911922082,0.08628899279163854,near_normal,False
Nimroz,2012,3,8.565706680048402,56.23564597904448,-0.04608037496572627,near_normal,False
Nimroz,2012,4,5.949445205216192,44.335113078131414,0.29818789783276023,near_normal,False
Nimroz,2012,5,1.1708711579907531,15.686023043255359,-0.6340471511524196,near_normal,False
Nimroz,2012,6,0.0,7.120316363206956,0.3096214004223323,near_normal,False
Nimroz,2012,7,0.0,1.1708711579907638,0.1399363446073401,near_normal,False
Nimroz,2012,8,0.0,0.0,-0.7810338115227088,near_normal,False
Nimroz,2012,9,0.0056637137461814,0.005663713746192059,-0.6500065799872204,near_normal,False
Nimroz,2012,10,0.3462510923932979,0.35191480613948994,0.4910530809866208,near_normal,False
Nimroz,2012,11,2.043561120199197,2.395475926338687,-0.00242582026703404,near_normal,False
Nimroz,2012,12,12.160993933539435,14.55080614613194,0.8691221949851538,near_normal,False
Nimroz,2013,1,12.33529970064475,26.539854754383395,-0.4668162764145238,near_normal,False
Nimroz,2013,2,14.327957278519907,38.8242509127041,-0.6520568608100297,near_normal,False
Nimroz,2013,3,13.96073791508311,40.62399489424778,-0.8972205105425067,near_normal,False
Nimroz,2013,4,5.693976014850029,33.982671208453056,-0.3244011635299701,near_normal,False
Nimroz,2013,5,0.1712581736781508,19.8259721036113,-0.23450849835518386,near_normal,False
Nimroz,2013,6,0.0027273522607516,5.867961540788942,-0.09919112056105214,near_normal,False
Nimroz,2013,7,0.0239078234583302,0.19789334939724326,-1.060624980336308,moderate_drought,True
Nimroz,2013,8,0.0843837709812982,0.11101894670039067,0.7901259920067224,near_normal,False
Nimroz,2013,9,0.0073677754672939,0.11565936990693297,0.8883499953262773,near_normal,False
Nimroz,2013,10,0.0,0.09175154644860278,-0.11934899227267698,near_normal,False
Nimroz,2013,11,4.586646867208332,4.594014642675637,0.8894355672768494,near_normal,False
Nimroz,2013,12,3.93213724775117,8.518784114959512,-0.25965805134444275,near_normal,False
Nimroz,2014,1,31.0902215490326,39.60900566399211,0.5257468715672896,near_normal,False
Nimroz,2014,2,12.69070639924226,47.71306519602604,-0.025787665651686508,near_normal,False
Nimroz,2014,3,23.586161854013252,67.36708980228812,0.467234120364986,near_normal,False
Nimroz,2014,4,4.515229137032546,40.79209739028807,0.09728105135416937,near_normal,False
Nimroz,2014,5,2.2612774685832298,30.362668459629038,0.5750340561826314,near_normal,False
Nimroz,2014,6,0.0018623754330653,6.778368981048851,0.20310658004478746,near_normal,False
Nimroz,2014,7,0.0037057418319563,2.266845585848262,0.8282892762099529,near_normal,False
Nimroz,2014,8,0.0,0.005568117265032258,-0.21784363699021966,near_normal,False
Nimroz,2014,9,0.0027532919317489,0.006459033763715858,-0.6036397082672461,near_normal,False
Nimroz,2014,10,0.1048446399006387,0.10759793183239827,-0.05751301566366098,near_normal,False
Nimroz,2014,11,0.7737643730282149,0.8813623048606132,-1.0617787629389783,moderate_drought,True
Nimroz,2014,12,3.6486423689402314,4.527251381869096,-1.3663060771956177,moderate_drought,True
Nimroz,2015,1,22.382678534223416,26.805085276191875,-0.443706403715089,near_normal,False
Nimroz,2015,2,21.568917264037616,47.600238167201276,-0.03322184290444028,near_normal,False
Nimroz,2015,3,21.919118048966585,65.87071384722763,0.4016812279176708,near_normal,False
Nimroz,2015,4,4.881324600586959,48.369359913591175,0.5143791330480996,near_normal,False
Nimroz,2015,5,2.2342536916961486,29.034696341249706,0.48455353952349645,near_normal,False
Nimroz,2015,6,0.0,7.115578292283121,0.30816898395328385,near_normal,False
Nimroz,2015,7,0.0037057391907526,2.2379594308869155,0.8132642479833547,near_normal,False
Nimroz,2015,8,0.0,0.0037057391907668108,-0.2918355756258427,near_normal,False
Nimroz,2015,9,0.0027532950760391,0.006459034266805911,-0.6036396804428594,near_normal,False
Nimroz,2015,10,0.7655850153634566,0.7683383104395098,0.9759268984869354,near_normal,False
Nimroz,2015,11,1.6199772816007032,2.388315592040213,-0.006095923298156216,near_normal,False
Nimroz,2015,12,9.268487783674969,11.654050080639143,0.37624251601672615,near_normal,False
Nimroz,2016,1,13.010627598352547,23.899092663628235,-0.7060053645759803,near_normal,False
Nimroz,2016,2,7.798953200162439,30.07806858218997,-1.3726097794500738,moderate_drought,True
Nimroz,2016,3,39.67177285721855,60.48135365573355,0.15706214823219147,near_normal,False
Nimroz,2016,4,5.560421590001377,53.031147647382376,0.7498911475145963,near_normal,False
Nimroz,2016,5,2.739612973756068,47.971807420976006,1.587037187292767,very_wet,False
Nimroz,2016,6,0.0,8.30003456375746,0.6530366534115636,near_normal,False
Nimroz,2016,7,0.0037057498813393,2.7433187236374215,1.0606328647853034,moderately_wet,False
Nimroz,2016,8,0.0,0.003705749881353511,-0.2918350854977853,near_normal,False
Nimroz,2016,9,0.0027532891647735,0.006459039046127011,-0.603639416113177,near_normal,False
Nimroz,2016,10,0.0227329350447052,0.02548622420949291,-0.5482023759844702,near_normal,False
Nimroz,2016,11,0.8991698195706473,0.9246560437801402,-1.0174938131766245,moderate_drought,True
Nimroz,2016,12,4.933536876670931,5.8554396312862975,-0.9412451989687639,near_normal,False
Nimroz,2017,1,26.579106177017835,32.41181287325943,0.012242037617475025,near_normal,False
Nimroz,2017,2,32.29038140965097,63.80302446333975,0.933166982772596,near_normal,False
Nimroz,2017,3,19.66134153920279,78.5308291258716,0.9284345737364291,near_normal,False
Nimroz,2017,4,1.5312986355322002,53.48302158438597,0.7719875968853758,near_normal,False
Nimroz,2017,5,0.9083534400262676,22.100993614761272,-0.038875760714797335,near_normal,False
Nimroz,2017,6,0.0,2.439652075558482,-1.6721711854005545,severe_drought,True
Nimroz,2017,7,0.0037057456051046,0.9120591856313864,-0.08027745162507509,near_normal,False
Nimroz,2017,8,0.0,0.003705745605118811,-0.2918352815488948,near_normal,False
Nimroz,2017,9,0.0027532934410082,0.006459039046127011,-0.603639416113177,near_normal,False
Nimroz,2017,10,0.0,0.002753293441022411,-1.1109528781950866,moderate_drought,True
Nimroz,2017,11,2.0834675551821493,2.0862208486231717,-0.16831169968561932,near_normal,False
Nimroz,2017,12,10.315786821273658,12.399254376455822,0.5100931559891143,near_normal,False
Nimroz,2018,1,9.061518637183418,21.46077301363924,-0.9435722735662172,near_normal,False
Nimroz,2018,2,17.62289318124585,37.000198639702944,-0.7923482727607875,near_normal,False
Nimroz,2018,3,10.978259901286044,37.66267171971533,-1.0830861830478788,moderate_drought,True
Nimroz,2018,4,4.462725125899431,33.06387820843134,-0.385555278765515,near_normal,False
Nimroz,2018,5,2.527815571738823,17.96880059892431,-0.40586462109119836,near_normal,False
Nimroz,2018,6,0.0,6.990540697638268,0.26960561433823294,near_normal,False
Nimroz,2018,7,0.0037057586853518,2.531521330424189,0.9607222187958174,near_normal,False
Nimroz,2018,8,0.1246585796566429,0.12836433834200892,0.8725791372824991,near_normal,False
Nimroz,2018,9,0.0027532934410082,0.1311176317830171,0.9875148485191795,near_normal,False
Nimroz,2018,10,0.1405052689953917,0.267917142093057,0.34834852946241557,near_normal,False
Nimroz,2018,11,3.026232927913905,3.1694914903503193,0.3571291872598405,near_normal,False
Nimroz,2018,12,4.120182374875495,7.2869205717848065,-0.5532965217610648,near_normal,False
Nimroz,2019,1,17.026996078613635,24.17341138140305,-0.6803408622944317,near_normal,False
Nimroz,2019,2,27.1495339373798,48.29671239086895,0.012482280425567992,near_normal,False
Nimroz,2019,3,66.48628261044728,110.66281262644073,2.0548161112651573,extremely_wet,False
Nimroz,2019,4,15.364417486612483,109.00023403443957,2.8888706762210323,extremely_wet,False
Nimroz,2019,5,2.596782574241652,84.44748267130143,3.1010618392408267,extremely_wet,False
Nimroz,2019,6,0.0193964488330677,17.980596509687217,2.702496669384009,extremely_wet,False
Nimroz,2019,7,0.0037057388134377,2.6198847618881715,1.0030109252080603,moderately_wet,False
Nimroz,2019,8,0.0001262225386839,0.02322841018520351,0.1363212401565195,near_normal,False
Nimroz,2019,9,0.0027532905482612,0.006585251900397011,-0.5967136028736353,near_normal,False
Nimroz,2019,10,0.0547554813609161,0.057634994447875405,-0.28779305287165224,near_normal,False
Nimroz,2019,11,4.883011686356257,4.940520458265448,1.002117448732146,moderately_wet,False
Nimroz,2019,12,10.774086975731349,15.711854143448535,1.0486370661832298,moderately_wet,False
Nimroz,2020,1,72.00210651197558,87.6592051740632,2.957748368002851,extremely_wet,False
Nimroz,2020,2,12.79646919119646,95.57266267890341,2.4392289005903147,extremely_wet,False
Nimroz,2020,3,21.52176178592945,106.3203374891015,1.9160708534123188,very_wet,False
Nimroz,2020,4,9.434811575366014,43.753042552491934,0.2659337089163445,near_normal,False
Nimroz,2020,5,3.014597782652173,33.97117114394765,0.8084932619700913,near_normal,False
Nimroz,2020,6,0.1312242731827631,12.580633631200964,1.6831960119095157,very_wet,False
Nimroz,2020,7,0.3377306490472467,3.483552704882197,1.3766353195794443,moderately_wet,False
Nimroz,2020,8,0.0006406297632223,0.4695955519932463,1.8772388760265193,very_wet,False
Nimroz,2020,9,0.0291309692919192,0.3675022481024024,2.01164139199085,extremely_wet,False
Nimroz,2020,10,1.502300414820727,1.5320720138758828,1.5339463685967527,very_wet,False
Nimroz,2020,11,3.620082394288376,5.1515137784010365,1.0682754583290224,moderately_wet,False
Nimroz,2020,12,5.52514480509357,10.647527614202687,0.18613980071756175,near_normal,False
Nimroz,2021,1,8.485589169807838,17.630816369189798,-1.3579016763308651,moderate_drought,True
Nimroz,2021,2,10.032480478152587,24.04321445305401,-1.9601586867411338,severe_drought,True
Nimroz,2021,3,9.552558452574,28.07062810053444,-1.7658279131139039,severe_drought,True
Nimroz,2021,4,3.0150378865074434,22.600076817234047,-1.1823867222040105,moderate_drought,True
Nimroz,2021,5,3.921072564954101,16.48866890403556,-0.5513510750878049,near_normal,False
Nimroz,2021,6,0.0,6.936110451461559,0.2526754404003575,near_normal,False
Nimroz,2021,7,0.0464073578376073,3.9674799227917226,1.5615477080701674,very_wet,False
Nimroz,2021,8,0.0,0.04640735783762151,0.3805180262394946,near_normal,False
Nimroz,2021,9,0.0027532901709464,0.04916064800856791,0.3144254015970067,near_normal,False
Nimroz,2021,10,0.0,0.002753290170960611,-1.1109531384173181,moderate_drought,True
Nimroz,2021,11,0.0277960874188505,0.030549377589811112,-3.278450578299152,extreme_drought,True
Nimroz,2021,12,3.265293067222684,3.2930891546415486,-1.8510913180363826,severe_drought,True
Nimroz,2022,1,29.103552944973668,32.396642099615214,0.011082997326598903,near_normal,False
Nimroz,2022,2,8.323121611363455,40.69196762355982,-0.5129828398115964,near_normal,False
Nimroz,2022,3,11.358971025827342,48.78564558216448,-0.4289948261220336,near_normal,False
Nimroz,2022,4,2.881523829078461,22.563616466269274,-1.1855745217612657,moderate_drought,True
Nimroz,2022,5,0.1200533746458784,14.360548229551696,-0.7772929895468873,near_normal,False
Nimroz,2022,6,0.0126401427925652,3.0142173465169186,-1.3297034150262066,moderate_drought,True
Nimroz,2022,7,0.5257972336029255,0.6584907510413833,-0.3393413544145679,near_normal,False
Nimroz,2022,8,0.0031164630078584,0.5415538394033633,2.0263257592491017,extremely_wet,False
Nimroz,2022,9,0.1378387013293538,0.666752397940152,2.838850359107159,extremely_wet,False
Nimroz,2022,10,0.0,0.1409551643372264,0.0528043741348044,near_normal,False
Nimroz,2022,11,2.091821589405224,2.229660290734592,-0.08941454211269305,near_normal,False
Nimroz,2022,12,2.0674869817792136,4.159308571184452,-1.4996130972946449,moderate_drought,True
Nimroz,2023,1,22.321783565931643,26.481092137116093,-0.47195759750556115,near_normal,False
Nimroz,2023,2,12.800698353310002,37.189968901020876,-0.7775356106918235,near_normal,False
Nimroz,2023,3,12.046321983659146,47.168803902900805,-0.5172495385807203,near_normal,False
Nimroz,2023,4,3.0747854084386845,27.92180574540785,-0.7511605623937369,near_normal,False
Nimroz,2023,5,0.4102125962378681,15.531319988335714,-0.6503213083049011,near_normal,False
Nimroz,2023,6,0.0090178431095142,3.494015847786081,-1.077900454014311,moderate_drought,True
Nimroz,2023,7,0.0153256880168341,0.4345561273642306,-0.6281942435675338,near_normal,False
Nimroz,2023,8,0.0,0.024343531126362512,0.15107184058972023,near_normal,False
Nimroz,2023,9,0.0027532911771192,0.01807897919396751,-0.19417928585670594,near_normal,False
Nimroz,2023,10,1.3063919466225542,1.3091452377996875,1.3933666086000398,moderately_wet,False
Nimroz,2023,11,4.939300806590433,6.24844604439012,1.3871762058342438,moderately_wet,False
Nimroz,2023,12,6.117264715139668,12.362957468352668,0.5036983765509295,near_normal,False
Nuristan,2001,1,9.090868652155676,,,,False
Nuristan,2001,2,16.33359376584592,,,,False
Nuristan,2001,3,68.20052996173808,93.62499237973968,-2.1654899300531025,extreme_drought,True
Nuristan,2001,4,59.76413903729952,144.29826276488353,-1.3097449769219693,moderate_drought,True
Nuristan,2001,5,14.996985028045422,142.96165402708303,-0.622312165785171,near_normal,False
Nuristan,2001,6,21.4149332645903,96.17605732993525,-0.39527391168364157,near_normal,False
Nuristan,2001,7,11.734207715622468,48.14612600825819,-0.5803926954385633,near_normal,False
Nuristan,2001,8,8.563082575392388,41.712223555605156,0.0008645165341479601,near_normal,False
Nuristan,2001,9,9.94120557938128,30.238495870396136,-0.7545850430716378,near_normal,False
Nuristan,2001,10,9.397198336816569,27.901486491590237,-1.232910569559579,moderate_drought,True
Nuristan,2001,11,15.841605428247274,35.180009344445125,-1.0692950909198755,moderate_drought,True
Nuristan,2001,12,11.589911897526068,36.828715662589914,-1.0856188406164673,moderate_drought,True
Nuristan,2002,1,15.82795160090022,43.25946892667356,-1.796609769138372,severe_drought,True
Nuristan,2002,2,67.8299293610979,95.24779285952418,-0.7041595325239123,near_normal,False
Nuristan,2002,3,62.70855975265776,146.36644071465588,-0.7831876292461115,near_normal,False
Nuristan,2002,4,79.71285547520992,210.25134458896557,-0.006481268834438077,near_normal,False
Nuristan,2002,5,15.868122646744016,158.28953787461168,-0.29887389794538,near_normal,False
Nuristan,2002,6,22.67719578060257,118.2581739025565,0.291639570894296,near_normal,False
Nuristan,2002,7,6.204978974518923,44.75029740186551,-0.7662771181176443,near_normal,False
Nuristan,2002,8,8.896010851807896,37.77818560692939,-0.3046790038650482,near_normal,False
Nuristan,2002,9,10.250539666005912,25.35152949233273,-1.2205610909523545,moderate_drought,True
Nuristan,2002,10,8.758176590758803,27.904727108572608,-1.2326036561054168,moderate_drought,True
Nuristan,2002,11,22.97747197675065,41.986188233515364,-0.6591003252582804,near_normal,False
Nuristan,2002,12,33.80665441380927,65.54230298131873,0.1330139813376232,near_normal,False
Nuristan,2003,1,24.73210322948264,81.51622962004257,-0.08651984223221806,near_normal,False
Nuristan,2003,2,72.55637084911464,131.09512849240656,0.10107586526919371,near_normal,False
Nuristan,2003,3,90.93275740437495,188.22123148297226,0.08497346236336331,near_normal,False
Nuristan,2003,4,77.42493816722387,240.91406642071348,0.5058243937010746,near_normal,False
Nuristan,2003,5,34.850251103468025,203.20794667506686,0.5418890705840431,near_normal,False
Nuristan,2003,6,11.802473052250496,124.07766232294239,0.4581824102626711,near_normal,False
Nuristan,2003,7,5.764338651307597,52.41706280702612,-0.35888402417641263,near_normal,False
Nuristan,2003,8,13.902812022977566,31.46962372653566,-0.8431149748581126,near_normal,False
Nuristan,2003,9,12.323834388484824,31.990985062769987,-0.6001418279856352,near_normal,False
Nuristan,2003,10,16.59226543251979,42.81891184398218,-0.021267772884717696,near_normal,False
Nuristan,2003,11,31.93839076513008,60.854490586134695,0.280763228810556,near_normal,False
Nuristan,2003,12,14.712123420194883,63.242779617844754,0.05077360589721268,near_normal,False
Nuristan,2004,1,51.90009313232282,98.55060731764779,0.4972103418543427,near_normal,False
Nuristan,2004,2,40.70130177861419,107.31351833113189,-0.4131705256178054,near_normal,False
Nuristan,2004,3,14.454923028867691,107.0563179398047,-1.7703282851814952,severe_drought,True
Nuristan,2004,4,63.61390455616804,118.77012936364991,-1.9257399140410298,severe_drought,True
Nuristan,2004,5,23.04235405047539,101.11118163551112,-1.6474696156933846,severe_drought,True
Nuristan,2004,6,8.23687188489267,94.8931304915361,-0.4383117798548854,near_normal,False
Nuristan,2004,7,10.24268860148818,41.52191453685624,-0.9521958415767834,near_normal,False
Nuristan,2004,8,9.96615219279104,28.44571267917189,-1.127715043122002,moderate_drought,True
Nuristan,2004,9,9.698915412790477,29.907756207069696,-0.7844140432692799,near_normal,False
Nuristan,2004,10,36.98278078899959,56.64784839458111,0.8676198652839007,near_normal,False
Nuristan,2004,11,15.079027984122163,61.76072418591223,0.32063046136245316,near_normal,False
Nuristan,2004,12,61.997221064295054,114.0590298374168,1.546480896261059,very_wet,False
Nuristan,2005,1,59.395996595474905,136.4722456438921,1.5914426108988207,very_wet,False
Nuristan,2005,2,75.27768627486527,196.67090393463525,1.25561860369967,moderately_wet,False
Nuristan,2005,3,77.75848431242535,212.43216718276554,0.5291043018111065,near_normal,False
Nuristan,2005,4,62.75847540777516,215.7946459950658,0.08965321751251239,near_normal,False
Nuristan,2005,5,54.46623054461052,194.98319026481104,0.397929342737626,near_normal,False
Nuristan,2005,6,14.45925619013862,131.6839621425243,0.6682534523423244,near_normal,False
Nuristan,2005,7,10.002264723891082,78.92775145864022,0.7991684633124464,near_normal,False
Nuristan,2005,8,9.573008972462814,34.034529886492514,-0.6160660203523286,near_normal,False
Nuristan,2005,9,7.290096708371597,26.865370404725496,-1.0700496494817349,moderate_drought,True
Nuristan,2005,10,12.371311673548886,29.234417354383297,-1.108700055560771,moderate_drought,True
Nuristan,2005,11,26.526273580870196,46.18768196279068,-0.42827426577664196,near_normal,False
Nuristan,2005,12,9.96249859263449,48.86008384705357,-0.5157119337446604,near_normal,False
Nuristan,2006,1,77.97843160549391,114.4672037789986,0.9850284357146919,near_normal,False
Nuristan,2006,2,49.59984968086143,137.54077987898984,0.22951181973936774,near_normal,False
Nuristan,2006,3,74.31961085950978,201.89789214586511,0.3402208910605148,near_normal,False
Nuristan,2006,4,36.63263859831957,160.55209913869078,-0.9559854087803241,near_normal,False
Nuristan,2006,5,11.134857683581334,122.08710714141067,-1.1032168484906024,moderate_drought,True
Nuristan,2006,6,6.83440917713143,54.60190545903234,-2.0609874567312314,extreme_drought,True
Nuristan,2006,7,8.997945620952164,26.96721248166493,-1.9453414473705695,severe_drought,True
Nuristan,2006,8,13.06630058772642,28.898655385810017,-1.0838005392109222,moderate_drought,True
Nuristan,2006,9,11.706128321691764,33.77037453037035,-0.4491143168287607,near_normal,False
Nuristan,2006,10,11.737943627542576,36.51037253696076,-0.49164791589455065,near_normal,False
Nuristan,2006,11,47.3026045485911,70.74667649782543,0.6965061007295037,near_normal,False
Nuristan,2006,12,63.245103317459325,122.28565149359301,1.7446330988282934,very_wet,False
Nuristan,2007,1,9.07579737749954,119.62350524354997,1.1334761849114472,moderately_wet,False
Nuristan,2007,2,122.88763744550712,195.208538140466,1.2328711474438057,moderately_wet,False
Nuristan,2007,3,138.44675602986817,270.41019085287485,1.4716582839715198,moderately_wet,False
Nuristan,2007,4,41.77913078575004,303.11352426112535,1.4258983055665602,moderately_wet,False
Nuristan,2007,5,30.7523853121454,210.9782721277636,0.6744050545488185,near_normal,False
Nuristan,2007,6,26.7203493145502,99.25186541244564,-0.29364593678024126,near_normal,False
Nuristan,2007,7,7.271793631496918,64.74452825819252,0.21889095453401267,near_normal,False
Nuristan,2007,8,7.468213777227073,41.460356723274195,-0.018103365326683073,near_normal,False
Nuristan,2007,9,9.652034531981842,24.392041940705834,-1.3192136444099334,moderate_drought,True
Nuristan,2007,10,6.00483105051085,23.12507935971977,-1.7152479690121858,severe_drought,True
Nuristan,2007,11,5.193034348476509,20.8498999309692,-2.163111359786413,extreme_drought,True
Nuristan,2007,12,17.069231363662624,28.26709676264998,-1.5769487886617,severe_drought,True
Nuristan,2008,1,53.09465712825698,75.35692284039612,-0.31764305804086035,near_normal,False
Nuristan,2008,2,27.33095076987433,97.49483926179393,-0.6481339726756171,near_normal,False
Nuristan,2008,3,29.697702663087437,110.12331056121876,-1.685028033064114,severe_drought,True
Nuristan,2008,4,91.20545588336918,148.23410931633094,-1.2216658845396777,moderate_drought,True
Nuristan,2008,5,18.42494159550773,139.32810014196434,-0.702402737451052,near_normal,False
Nuristan,2008,6,9.150238284795678,118.78063576367259,0.30681043717442275,near_normal,False
Nuristan,2008,7,12.232618811910056,39.80779869221347,-1.054988834853498,moderate_drought,True
Nuristan,2008,8,10.770624174345972,32.1534812710517,-0.7813794458240497,near_normal,False
Nuristan,2008,9,12.020618640073662,35.02386162632969,-0.3459346027333139,near_normal,False
Nuristan,2008,10,14.609176045288574,37.40041885970821,-0.4221200909781372,near_normal,False
Nuristan,2008,11,28.64253931497253,55.272334000334766,0.026042309007884422,near_normal,False
Nuristan,2008,12,36.59830868938213,79.85002404964324,0.6059295114174921,near_normal,False
Nuristan,2009,1,68.98827691395762,134.22912491831227,1.5326581805617439,very_wet,False
Nuristan,2009,2,99.84490292340386,205.43148852674364,1.3896602967210054,moderately_wet,False
Nuristan,2009,3,71.45957581220063,240.29275564956214,1.0005942930714684,moderately_wet,False
Nuristan,2009,4,112.90458248232686,284.2090612179313,1.160482618656577,moderately_wet,False
Nuristan,2009,5,38.29255555036134,222.65671384488883,0.8676668444087515,near_normal,False
Nuristan,2009,6,16.203592922302022,167.4007309549902,1.5608478657493163,very_wet,False
Nuristan,2009,7,7.410850822220579,61.906999294883946,0.0929072919498217,near_normal,False
Nuristan,2009,8,8.76486774874377,32.37931149326637,-0.7611898514879615,near_normal,False
Nuristan,2009,9,16.91786726358708,33.09358583455143,-0.5059056113873768,near_normal,False
Nuristan,2009,10,11.764320454322794,37.447055466653644,-0.41850801655776765,near_normal,False
Nuristan,2009,11,24.7834830089366,53.46567072684647,-0.06006580942472019,near_normal,False
Nuristan,2009,12,18.26980853306261,54.817611996322,-0.2689418555005663,near_normal,False
Nuristan,2010,1,35.82303141109388,78.87632295309308,-0.18408975549679832,near_normal,False
Nuristan,2010,2,114.14504049327492,168.23788043743141,0.7919238379929379,near_normal,False
Nuristan,2010,3,40.55424383110117,190.52231573546996,0.1287629006892005,near_normal,False
Nuristan,2010,4,58.024280729360434,212.72356505373654,0.03659958631363218,near_normal,False
Nuristan,2010,5,55.27058401304504,153.84910857350664,-0.39030927469325993,near_normal,False
Nuristan,2010,6,20.10384664288453,133.39871138529,0.7145011017185836,near_normal,False
Nuristan,2010,7,27.728411324455703,103.10284198038528,1.6479448691522802,very_wet,False
Nuristan,2010,8,28.48044536399881,76.31270333133904,2.10478497773987,extremely_wet,False
Nuristan,2010,9,14.698228791259696,70.90708547971421,1.9221877127245564,very_wet,False
Nuristan,2010,10,5.226245483515771,48.40491963877428,0.35784383469177705,near_normal,False
Nuristan,2010,11,10.31983494348412,30.244309218259588,-1.402745180282805,moderate_drought,True
Nuristan,2010,12,5.7003550577110405,21.246435484710933,-2.0672881678393797,extreme_drought,True
Nuristan,2011,1,21.151975336948503,37.172165338143664,-2.159525861003814,extreme_drought,True
Nuristan,2011,2,108.23430066525565,135.0866310599152,0.18109287658637382,near_normal,False
Nuristan,2011,3,58.201487069757135,187.58776307196126,0.07285600914199065,near_normal,False
Nuristan,2011,4,51.42309574808196,217.85888348309476,0.12503104129290996,near_normal,False
Nuristan,2011,5,14.615182087130664,124.23976490496976,-1.0511337711169992,moderate_drought,True
Nuristan,2011,6,6.7051691578902295,72.74344699310285,-1.2532974669707133,moderate_drought,True
Nuristan,2011,7,8.039201358607698,29.359552603628593,-1.7596309088888853,severe_drought,True
Nuristan,2011,8,16.40870399354768,31.153074510045606,-0.8720027598384715,near_normal,False
Nuristan,2011,9,13.52895192544404,37.97685727759942,-0.11234676810782175,near_normal,False
Nuristan,2011,10,36.41825270998865,66.35590862898037,1.4091960359386126,moderately_wet,False
Nuristan,2011,11,21.11886307735963,71.06606771279233,0.7092721220863465,near_normal,False
Nuristan,2011,12,5.484211645667192,63.02132743301547,0.042748649298296845,near_normal,False
Nuristan,2012,1,32.721217226507584,59.324291949534405,-0.9864040970277713,near_normal,False
Nuristan,2012,2,59.63872827434594,97.84415714652071,-0.6395040793582485,near_normal,False
Nuristan,2012,3,68.10066788809274,160.46061338894626,-0.4740475686498517,near_normal,False
Nuristan,2012,4,41.58444408729384,169.3238402497325,-0.7751817923141208,near_normal,False
Nuristan,2012,5,28.84535295683554,138.53046493222212,-0.7201739345802091,near_normal,False
Nuristan,2012,6,8.52054622203751,78.9503432661669,-1.0094954935189304,moderate_drought,True
Nuristan,2012,7,8.605443257851677,45.971342436724726,-0.6983616140835969,near_normal,False
Nuristan,2012,8,7.568622661342844,24.69461214123203,-1.5114662874333027,severe_drought,True
Nuristan,2012,9,18.33020604154228,34.5042719607368,-0.388395965596843,near_normal,False
Nuristan,2012,10,31.784099964711324,57.68292866759645,0.9281086934590868,near_normal,False
Nuristan,2012,11,15.601907366429108,65.71621337268272,0.4902478811431603,near_normal,False
Nuristan,2012,12,30.822009541797897,78.20801687293833,0.5546579289814558,near_normal,False
Nuristan,2013,1,15.190109790013548,61.61402669824055,-0.8838784116091607,near_normal,False
Nuristan,2013,2,107.04512658968235,153.0572459214938,0.5231058468068854,near_normal,False
Nuristan,2013,3,111.17403015689366,233.40926653658957,0.8875880394833973,near_normal,False
Nuristan,2013,4,61.23245017423141,279.4516069208074,1.0918892985074746,moderately_wet,False
Nuristan,2013,5,12.896092235686089,185.30257256681116,0.22323938457726045,near_normal,False
Nuristan,2013,6,12.460892893943496,86.589435303861,-0.7268707244443469,near_normal,False
Nuristan,2013,7,17.65094125710021,43.00792638672979,-0.8654267534267169,near_normal,False
Nuristan,2013,8,14.459497930380538,44.571332081424245,0.21101013087160675,near_normal,False
Nuristan,2013,9,9.360856088907315,41.47129527638806,0.14882548299511325,near_normal,False
Nuristan,2013,10,13.610855109422888,37.43120912871074,-0.4197349972601784,near_normal,False
Nuristan,2013,11,35.26344093648042,58.235152134810626,0.16326878147664317,near_normal,False
Nuristan,2013,12,28.04558418400345,76.91988022990675,0.513938511083734,near_normal,False
Nuristan,2014,1,13.87506672141826,77.18409184190213,-0.24779384616736777,near_normal,False
Nuristan,2014,2,40.5986446247797,82.51929553020142,-1.0400006151827552,moderate_drought,True
Nuristan,2014,3,128.0533816813978,182.52709302759578,-0.024943221138006108,near_normal,False
Nuristan,2014,4,67.6949551165801,236.3469814227576,0.43237432419649247,near_normal,False
Nuristan,2014,5,36.88697267910169,232.6353094770796,1.0276055560278923,moderately_wet,False
Nuristan,2014,6,11.165823808656787,115.74775160433857,0.2181163428940939,near_normal,False
Nuristan,2014,7,9.748952754562405,57.80174924232088,-0.09637924091634147,near_normal,False
Nuristan,2014,8,8.696410391259024,29.611186954478214,-1.0156683234989052,moderate_drought,True
Nuristan,2014,9,6.151731957513549,24.597095103334976,-1.297906722574489,moderate_drought,True
Nuristan,2014,10,20.167343930068817,35.015486278841394,-0.611058939023154,near_normal,False
Nuristan,2014,11,16.351827869139647,42.67090375672201,-0.6204392790467147,near_normal,False
Nuristan,2014,12,7.284264155952005,43.803435955160474,-0.741874436137728,near_normal,False
Nuristan,2015,1,30.38247053285206,54.01856255794371,-1.234931037423042,moderate_drought,True
Nuristan,2015,2,97.22429335358513,134.8910280423892,0.17720863752445987,near_normal,False
Nuristan,2015,3,134.68134246861086,262.28810635504806,1.348125705355991,moderately_wet,False
Nuristan,2015,4,53.66338299231749,285.56901881451347,1.1799528940050483,moderately_wet,False
Nuristan,2015,5,29.26245791994835,217.6071833808767,0.7849405686682009,near_normal,False
Nuristan,2015,6,12.159797998383532,95.08563891064937,-0.4318288019782867,near_normal,False
Nuristan,2015,7,43.66399573643128,85.08625165476317,1.029815351781787,moderately_wet,False
Nuristan,2015,8,10.912452524675611,66.73624625949043,1.598452559409705,very_wet,False
Nuristan,2015,9,14.31137821744286,68.88782647854975,1.8178665820350268,very_wet,False
Nuristan,2015,10,19.6150862641858,44.83891700630428,0.11943204487442921,near_normal,False
Nuristan,2015,11,44.43577968003972,78.3622441616684,0.9912232317004813,near_normal,False
Nuristan,2015,12,21.186876419126797,85.23774236335233,0.7694595508475714,near_normal,False
Nuristan,2016,1,25.46104232193962,91.08369842110615,0.2503316395904886,near_normal,False
Nuristan,2016,2,14.498349305375484,61.146268046441904,-1.6963548784024107,severe_drought,True
Nuristan,2016,3,156.81453258352713,196.77392421084224,0.24597953071176604,near_normal,False
Nuristan,2016,4,91.46153534804589,262.77441723694847,0.8452299173472297,near_normal,False
Nuristan,2016,5,46.27818838134073,294.55425631291376,1.932176982964089,very_wet,False
Nuristan,2016,6,19.021095324945723,156.76081905433233,1.3091031261575998,moderately_wet,False
Nuristan,2016,7,13.159888984867171,78.45917269115363,0.7811451507938904,near_normal,False
Nuristan,2016,8,13.686327538608047,45.86731184842094,0.3033139271918025,near_normal,False
Nuristan,2016,9,13.51843673613548,40.3646532596107,0.06776280526830139,near_normal,False
Nuristan,2016,10,9.532520866006063,36.73728514074959,-0.4738140300632679,near_normal,False
Nuristan,2016,11,19.15004603338209,42.201003635523634,-0.646925068404046,near_normal,False
Nuristan,2016,12,16.37875576925978,45.06132266864793,-0.6840026124463676,near_normal,False
Nuristan,2017,1,74.76232725190874,110.29112905455061,0.8615751499117222,near_normal,False
Nuristan,2017,2,149.67773484160554,240.81881786277407,1.896677399190573,very_wet,False
Nuristan,2017,3,50.1123475803824,274.5524096738967,1.5337360368667807,very_wet,False
Nuristan,2017,4,31.34125741962931,231.13133984161726,0.3473358154856896,near_normal,False
Nuristan,2017,5,40.02892501546242,121.48253001547413,-1.117957998432904,moderate_drought,True
Nuristan,2017,6,14.4638493249165,85.83403176000822,-0.7540404135459817,near_normal,False
Nuristan,2017,7,26.85510554085376,81.34787988123267,0.8911597228725411,near_normal,False
Nuristan,2017,8,13.743590168446865,55.06254503421712,0.9133382962072563,near_normal,False
Nuristan,2017,9,16.013311882746613,56.612007592047235,1.1371164646914271,moderately_wet,False
Nuristan,2017,10,14.723516977375654,44.48041902856913,0.09477495716797084,near_normal,False
Nuristan,2017,11,27.805482218580675,58.542311078702944,0.17722650845477247,near_normal,False
Nuristan,2017,12,27.82640668903525,70.35540588499158,0.29911993346142934,near_normal,False
Nuristan,2018,1,13.64544178615061,69.27733069376654,-0.5586437354501608,near_normal,False
Nuristan,2018,2,64.66371259364409,106.13556106882994,-0.4405654858295189,near_normal,False
Nuristan,2018,3,82.28437442606743,160.59352880586212,-0.47122152344961876,near_normal,False
Nuristan,2018,4,72.26295254920122,219.21103956891272,0.14808398783117893,near_normal,False
Nuristan,2018,5,66.38988149188376,220.9372084671524,0.8396355582112809,near_normal,False
Nuristan,2018,6,25.00726513197667,163.66009917306164,1.473553801481046,moderately_wet,False
Nuristan,2018,7,20.00574520140674,111.40289182526715,1.9094290351722416,very_wet,False
Nuristan,2018,8,11.603483219691336,56.61649355307473,1.0096650634773678,moderately_wet,False
Nuristan,2018,9,19.533652782713062,51.14288120381113,0.8028006228090323,near_normal,False
Nuristan,2018,10,64.27525295471804,95.41238895712243,2.7753354433863135,extremely_wet,False
Nuristan,2018,11,24.42438332989043,108.23328906732152,1.9955439255186822,very_wet,False
Nuristan,2018,12,16.983691785719895,105.68332807032834,1.335152409419253,moderately_wet,False
Nuristan,2019,1,49.95277553261365,91.36085064822396,0.25973021721817785,near_normal,False
Nuristan,2019,2,105.56676287688342,172.50323019521693,0.8645763989743724,near_normal,False
Nuristan,2019,3,103.71631531079566,259.2358537202927,1.3010618740630329,moderately_wet,False
Nuristan,2019,4,92.8866915979778,302.16976978565685,1.4129071475464445,moderately_wet,False
Nuristan,2019,5,24.268604620739666,220.87161152951313,0.8385633759391782,near_normal,False
Nuristan,2019,6,19.529519454967023,136.68481567368448,0.8020495240344239,near_normal,False
Nuristan,2019,7,9.78630932211064,53.584433397817314,-0.30048178062168807,near_normal,False
Nuristan,2019,8,17.168273001159054,46.484101778236706,0.3466364417793441,near_normal,False
Nuristan,2019,9,10.285283934549524,37.2398662578192,-0.16946617963806587,near_normal,False
Nuristan,2019,10,35.980343492459234,63.433900428167796,1.2519294141695048,moderately_wet,False
Nuristan,2019,11,60.62905621376128,106.89468364077001,1.9546285217762764,very_wet,False
Nuristan,2019,12,11.524175705645805,108.1335754118663,1.3980496873838122,moderately_wet,False
Nuristan,2020,1,47.90038651901524,120.05361843842232,1.1456695663877159,moderately_wet,False
Nuristan,2020,2,45.0577682494972,104.48233047415823,-0.4793642166579329,near_normal,False
Nuristan,2020,3,93.82069503273075,186.77884980124318,0.05734276593363718,near_normal,False
Nuristan,2020,4,119.17739870892262,258.05586199115055,0.7735877733090338,near_normal,False
Nuristan,2020,5,49.50743427517397,262.5055280168273,1.4811890080158605,moderately_wet,False
Nuristan,2020,6,17.284087681307835,185.96892066540443,1.9765664659861053,very_wet,False
Nuristan,2020,7,28.148583679506977,94.94010563598877,1.3773067768189522,moderately_wet,False
Nuristan,2020,8,6.709630814416568,52.142302175231364,0.7273951685151752,near_normal,False
Nuristan,2020,9,29.182906661142,64.04112115506553,1.5592304114743747,very_wet,False
Nuristan,2020,10,10.776325363547954,46.66886283910651,0.24328959167821076,near_normal,False
Nuristan,2020,11,40.04599311832132,80.00522514301126,1.0523325373172783,moderately_wet,False
Nuristan,2020,12,14.720697402763705,65.54301588463296,0.1330391764801639,near_normal,False
Nuristan,2021,1,13.149767603840653,67.91645812492567,-0.6145404235508141,near_normal,False
Nuristan,2021,2,15.365434004800743,43.23589901140509,-2.387804786171191,extreme_drought,True
Nuristan,2021,3,128.26671767076465,156.78191927940603,-0.5529002263501851,near_normal,False
Nuristan,2021,4,47.28003622651512,190.91218790208052,-0.35579959267152933,near_normal,False
Nuristan,2021,5,28.68552567326857,204.23227957054831,0.5595470621207189,near_normal,False
Nuristan,2021,6,15.326172993236677,91.29173489302035,-0.5612691829066775,near_normal,False
Nuristan,2021,7,15.54067274656596,59.55237141307118,-0.014594783410256237,near_normal,False
Nuristan,2021,8,10.767735625904004,41.63458136570661,-0.0049744655740657775,near_normal,False
Nuristan,2021,9,13.662682232635166,39.971090605105104,0.03857663667022538,near_normal,False
Nuristan,2021,10,23.95242483001473,48.38284268855388,0.356404324245144,near_normal,False
Nuristan,2021,11,9.574495526938522,47.18960258958839,-0.3753583615368261,near_normal,False
Nuristan,2021,12,21.453589937946912,54.980510294900135,-0.2624563749984571,near_normal,False
Nuristan,2022,1,68.42041698476086,99.44850244964627,0.5260541513546195,near_normal,False
Nuristan,2022,2,28.67083909469658,118.54484601740432,-0.16165995465106991,near_normal,False
Nuristan,2022,3,71.95437892570294,169.04563500516036,-0.2946632925036479,near_normal,False
Nuristan,2022,4,40.654873228649286,141.28009124904878,-1.3784164280487985,moderate_drought,True
Nuristan,2022,5,31.886595674904893,144.4958478292571,-0.5889108178210068,near_normal,False
Nuristan,2022,6,15.278737823984263,87.82020672753842,-0.6829471467806241,near_normal,False
Nuristan,2022,7,24.85975494146011,72.02508844034924,0.526197031315188,near_normal,False
Nuristan,2022,8,35.6209473778413,75.75944014328564,2.076674172736104,extremely_wet,False
Nuristan,2022,9,7.472131148124741,67.95283346742612,1.7689005787858112,very_wet,False
Nuristan,2022,10,9.252531190652428,52.34560971661844,0.608138949498956,near_normal,False
Nuristan,2022,11,39.61476983292431,56.33943217170145,0.07601972028883028,near_normal,False
Nuristan,2022,12,6.509377377424446,55.37667840100116,-0.24673783096674717,near_normal,False
Nuristan,2023,1,46.67547364408806,92.79962085443678,0.3082189673000465,near_normal,False
Nuristan,2023,2,72.58938745608309,125.77423847759556,-0.008161719192666566,near_normal,False
Nuristan,2023,3,28.01423951835924,147.27910061853035,-0.7625716397877774,near_normal,False
Nuristan,2023,4,29.942443642556203,130.5460706169985,-1.631198361020943,severe_drought,True
Nuristan,2023,5,33.57179686793496,91.52848002885037,-1.9226474127928666,severe_drought,True
Nuristan,2023,6,11.0252922749107,74.53953278540183,-1.1813207316178076,moderate_drought,True
Nuristan,2023,7,17.800990886426902,62.398080029272535,0.1149822552026611,near_normal,False
Nuristan,2023,8,7.836847064179895,36.66313022551746,-0.395154151604918,near_normal,False
Nuristan,2023,9,10.004493134225752,35.64233108483251,-0.2959438765031624,near_normal,False
Nuristan,2023,10,13.595208852926024,31.436549051331635,-0.9117939053151978,near_normal,False
Nuristan,2023,11,5.182808996317328,28.782510983469066,-1.5087880958913447,severe_drought,True
Nuristan,2023,12,8.233901589125956,27.011919438369272,-1.657584120129012,severe_drought,True
Paktika,2001,1,20.370647817513177,,,,False
Paktika,2001,2,20.668928398922173,,,,False
Paktika,2001,3,31.19915728500681,72.23873350144216,-1.6061969173765047,severe_drought,True
Paktika,2001,4,51.00402230669776,102.87210799062674,-0.36209331203871087,near_normal,False
Paktika,2001,5,11.08452641929022,93.28770601099478,0.18628616194207812,near_normal,False
Paktika,2001,6,8.910458835900254,70.99900756188823,1.252477255277137,moderately_wet,False
Paktika,2001,7,36.43192980295675,56.42691505814723,0.6145680174591447,near_normal,False
Paktika,2001,8,3.403303651732529,48.74569229058954,0.26259606871783375,near_normal,False
Paktika,2001,9,1.84480077879659,41.68003423348588,0.0007996320553286671,near_normal,False
Paktika,2001,10,0.2030587371177813,5.4511631676469,-1.779904582606629,severe_drought,True
Paktika,2001,11,1.294733238280231,3.3425927541946026,-1.5260758743725051,severe_drought,True
Paktika,2001,12,21.959010800235045,23.456802775633058,-0.3018134734995387,near_normal,False
Paktika,2002,1,16.476056590048117,39.729800628563396,-1.2185695635721534,moderate_drought,True
Paktika,2002,2,57.48245737714607,95.91752476742923,-0.015386008483800648,near_normal,False
Paktika,2002,3,33.19786523079974,107.15637919799391,-0.40094585769665747,near_normal,False
Paktika,2002,4,42.06651601375706,132.74683862170286,0.3544117619135713,near_normal,False
Paktika,2002,5,6.146479714829931,81.41086095938674,-0.23936289347372047,near_normal,False
Paktika,2002,6,5.7610307964910215,53.97402652507801,0.20656793838026205,near_normal,False
Paktika,2002,7,17.43514062893298,29.342651140253935,-1.5177811279517603,severe_drought,True
Paktika,2002,8,7.699598382790174,30.89576980821418,-1.1306973131466984,moderate_drought,True
Paktika,2002,9,2.6938726807232296,27.828611692446383,-1.2486350491042344,moderate_drought,True
Paktika,2002,10,1.7892457747432942,12.1827168382567,-0.4219979192031463,near_normal,False
Paktika,2002,11,19.719262589880174,24.2023810453467,1.2566177952775104,moderately_wet,False
Paktika,2002,12,33.48091312147945,54.98942148610293,1.6338161112772664,very_wet,False
Paktika,2003,1,25.993431719003063,79.1936074303627,0.8578947425936724,near_normal,False
Paktika,2003,2,56.36244702258462,115.83679186306713,0.5156706654595034,near_normal,False
Paktika,2003,3,49.96949764550884,132.32537638709653,0.30946458919818887,near_normal,False
Paktika,2003,4,26.912851693129745,133.2447963612232,0.36539391349494504,near_normal,False
Paktika,2003,5,8.540066024727533,85.42241536336613,-0.09120271251926615,near_normal,False
Paktika,2003,6,1.376051523502773,36.82896924136005,-1.1009909952674781,moderate_drought,True
Paktika,2003,7,31.039987698088424,40.95610524631873,-0.4867029027377969,near_normal,False
Paktika,2003,8,13.023723203590112,45.43976242518131,0.03428446744680157,near_normal,False
Paktika,2003,9,1.621410516802646,45.68512141848119,0.3082340803903843,near_normal,False
Paktika,2003,10,0.0544148274840128,14.699548547876772,-0.05402490369095752,near_normal,False
Paktika,2003,11,10.982421599363915,12.658246943650575,0.14719743954996042,near_normal,False
Paktika,2003,12,9.551477111814066,20.588313538661993,-0.5524755670257318,near_normal,False
Paktika,2004,1,44.47717432834593,65.01107303952391,0.2148852338066185,near_normal,False
Paktika,2004,2,22.353827338151422,76.38247877831142,-0.613847705584705,near_normal,False
Paktika,2004,3,10.806966148676954,77.6379678151743,-1.3967817518162633,moderate_drought,True
Paktika,2004,4,20.92190408828785,54.08269757511623,-1.9321045216989898,severe_drought,True
Paktika,2004,5,9.302826731884403,41.03169696884921,-2.123207043090688,extreme_drought,True
Paktika,2004,6,1.8081453417533733,32.03287616192563,-1.5400497000546876,severe_drought,True
Paktika,2004,7,15.910538279579567,27.021510353217348,-1.756624479348627,severe_drought,True
Paktika,2004,8,9.986887641975423,27.705571263308364,-1.4349426410214794,moderate_drought,True
Paktika,2004,9,1.545268680545221,27.442694602100218,-1.2890394781735803,moderate_drought,True
Paktika,2004,10,1.9527467911541,13.484903113674747,-0.22577841569570004,near_normal,False
Paktika,2004,11,8.74575793866052,12.243773410359845,0.09658110001457518,near_normal,False
Paktika,2004,12,31.254545287535542,41.953050017350165,0.9559701216105588,near_normal,False
Paktika,2005,1,35.689951800186755,75.69025502638283,0.7066107325207633,near_normal,False
Paktika,2005,2,40.49188486262756,107.43638195034987,0.29974868054470427,near_normal,False
Paktika,2005,3,57.08047405419649,133.2623107170108,0.3340955884719641,near_normal,False
Paktika,2005,4,25.05177844932502,122.62413736614909,0.12497600048607273,near_normal,False
Paktika,2005,5,18.960962014277328,101.09321451779886,0.4466683974684243,near_normal,False
Paktika,2005,6,4.582178414600073,48.59491887820243,-0.16895222215301206,near_normal,False
Paktika,2005,7,18.69532485317273,42.238465282050136,-0.38573990397793206,near_normal,False
Paktika,2005,8,5.871683393667789,29.149186661440595,-1.2944130575539377,moderate_drought,True
Paktika,2005,9,3.8927480554260407,28.459756302266566,-1.1833826352570722,moderate_drought,True
Paktika,2005,10,0.0084951295355132,9.77292657862935,-0.8269367289731634,near_normal,False
Paktika,2005,11,4.286997930457566,8.188241115419126,-0.47422262022367057,near_normal,False
Paktika,2005,12,12.248691098419492,16.544184158412577,-0.9505879466209591,near_normal,False
Paktika,2006,1,42.68466087012672,59.22034989900378,-0.07452772484142252,near_normal,False
Paktika,2006,2,40.097299270607046,95.03065123915326,-0.040675731786459765,near_normal,False
Paktika,2006,3,37.85497710748795,120.63693724822173,-0.008050694981560877,near_normal,False
Paktika,2006,4,33.685424539676525,111.63770091777153,-0.13881704556705055,near_normal,False
Paktika,2006,5,7.228978784614891,78.76938043177938,-0.3396237952924962,near_normal,False
Paktika,2006,6,2.9908244126471897,43.90522773693861,-0.5198292570647625,near_normal,False
Paktika,2006,7,21.049136641706607,31.268939838968695,-1.3293655137578215,moderate_drought,True
Paktika,2006,8,24.885083728204805,48.92504478255861,0.2746837829875533,near_normal,False
Paktika,2006,9,1.62439662880256,47.55861699871398,0.4459138204293285,near_normal,False
Paktika,2006,10,0.7937997724012829,27.303280129408655,1.3373006453058254,moderately_wet,False
Paktika,2006,11,24.082929057267307,26.501125458471158,1.4334031558922578,moderately_wet,False
Paktika,2006,12,48.29588424754956,73.17261307721816,2.4265988314662037,extremely_wet,False
Paktika,2007,1,17.04473487820706,89.42354818302393,1.2760670943003118,moderately_wet,False
Paktika,2007,2,78.5964608345136,143.93707996027024,1.1708443592264244,moderately_wet,False
Paktika,2007,3,70.89325649970397,166.53445221242464,1.1434881610863497,moderately_wet,False
Paktika,2007,4,17.023565113648313,166.5132824478659,1.0451542519763286,moderately_wet,False
Paktika,2007,5,10.689082709192052,98.60590432254433,0.3651879395856084,near_normal,False
Paktika,2007,6,8.55326744460999,36.26591526745035,-1.1504124584550988,moderate_drought,True
Paktika,2007,7,25.96520515526661,45.20755530906865,-0.15966182627926462,near_normal,False
Paktika,2007,8,4.973724172633148,39.49219677250974,-0.40620104654575967,near_normal,False
Paktika,2007,9,1.6695313476119178,32.60846067551167,-0.7774934417390743,near_normal,False
Paktika,2007,10,0.083588147675371,6.726843667920432,-1.454782639308174,moderate_drought,True
Paktika,2007,11,2.161644722496544,3.914764217783829,-1.3587518280772553,moderate_drought,True
Paktika,2007,12,30.121819515925324,32.367052386097235,0.36420330275698615,near_normal,False
Paktika,2008,1,57.19955532683668,89.48301956525854,1.278404841216516,moderately_wet,False
Paktika,2008,2,14.44366799430126,101.76504283706326,0.1475649000173761,near_normal,False
Paktika,2008,3,20.05300392663252,91.69622724777045,-0.895115774015116,near_normal,False
Paktika,2008,4,28.40377672882441,62.90044864975819,-1.5902017137831703,severe_drought,True
Paktika,2008,5,9.482128777128915,57.938909432585845,-1.2241207341711853,moderate_drought,True
Paktika,2008,6,6.266428284127986,44.152333790081315,-0.5007261222384854,near_normal,False
Paktika,2008,7,22.674412355950917,38.42296941720782,-0.6926153780148218,near_normal,False
Paktika,2008,8,10.857258304950804,39.79809894502971,-0.3824944511648655,near_normal,False
Paktika,2008,9,1.962796225146637,35.49446688604836,-0.5155536918005182,near_normal,False
Paktika,2008,10,0.0222886629597483,12.84234319305719,-0.32090800121437174,near_normal,False
Paktika,2008,11,1.1660823013135355,3.1511671894199207,-1.5868210367276148,severe_drought,True
Paktika,2008,12,19.252320089199525,20.440691053472808,-0.5660069269442809,near_normal,False
Paktika,2009,1,53.51480169609472,73.93320408660779,0.6290023509802841,near_normal,False
Paktika,2009,2,41.74701662055208,114.51413840584632,0.4823757292242302,near_normal,False
Paktika,2009,3,45.464386998054245,140.72620531470105,0.5263349236815547,near_normal,False
Paktika,2009,4,38.52048144440656,125.73188506301288,0.196712197399858,near_normal,False
Paktika,2009,5,11.8680104524357,95.8528788948965,0.27339980931829655,near_normal,False
Paktika,2009,6,4.129052091581926,54.51754398842419,0.24309887578905962,near_normal,False
Paktika,2009,7,22.36592618284011,38.362988726857736,-0.6976013076463983,near_normal,False
Paktika,2009,8,6.559480768515569,33.05445904293761,-0.9369471751320211,near_normal,False
Paktika,2009,9,2.659805072309849,31.58521202366553,-0.874154209101809,near_normal,False
Paktika,2009,10,0.0213026518731071,9.240588492698526,-0.9255555037752892,near_normal,False
Paktika,2009,11,4.717484557942705,7.398592282125661,-0.6072046764894645,near_normal,False
Paktika,2009,12,20.433849338103883,25.172636547919694,-0.16173504965030258,near_normal,False
Paktika,2010,1,34.413274719393065,59.56460861543965,-0.056805975308248706,near_normal,False
Paktika,2010,2,52.97241701309041,107.81954107058735,0.309835943859514,near_normal,False
Paktika,2010,3,28.716097224090493,116.10178895657397,-0.13677855719489826,near_normal,False
Paktika,2010,4,16.440455999741253,98.12897023692214,-0.4883142030791905,near_normal,False
Paktika,2010,5,17.242211276908243,62.398764500739986,-1.0183303144207634,moderate_drought,True
Paktika,2010,6,2.9831275237332098,36.66579480038271,-1.1152597280542407,moderate_drought,True
Paktika,2010,7,43.976592724959936,64.2019315256014,1.0930094818351341,moderately_wet,False
Paktika,2010,8,24.893641630720605,71.85336187941375,1.627752888762945,very_wet,False
Paktika,2010,9,1.33741617049072,70.20765052617125,1.8840590617199504,very_wet,False
Paktika,2010,10,1.018184384851924,27.24924218606325,1.3323503813110031,moderately_wet,False
Paktika,2010,11,0.4209917726323681,2.776592327975012,-1.7142052218765196,severe_drought,True
Paktika,2010,12,7.642539544765563,9.081715702249856,-1.9202254027683021,severe_drought,True
Paktika,2011,1,14.884882298955755,22.948413616353687,-2.5808528973238705,extreme_drought,True
Paktika,2011,2,89.9857807146199,112.51320255834122,0.4315207521299998,near_normal,False
Paktika,2011,3,21.494523524492788,126.36518653806846,0.15000040239804047,near_normal,False
Paktika,2011,4,53.532731674317375,165.0130359134301,1.0165183623415674,moderately_wet,False
Paktika,2011,5,9.110907550510108,84.13816274932027,-0.13811621966770884,near_normal,False
Paktika,2011,6,2.719586028463468,65.36322525329095,0.9265181937338731,near_normal,False
Paktika,2011,7,21.195170965915636,33.02566454488921,-1.1644178301473793,moderate_drought,True
Paktika,2011,8,14.725156531324508,38.63991352570362,-0.4729124854120794,near_normal,False
Paktika,2011,9,1.935303744645421,37.85563124188557,-0.31179564384081787,near_normal,False
Paktika,2011,10,5.024101567957797,21.684561843927725,0.7844549782083473,near_normal,False
Paktika,2011,11,11.475887401761817,18.435292714365033,0.7599550878620778,near_normal,False
Paktika,2011,12,6.165119773065145,22.66510874278476,-0.3688009667909304,near_normal,False
Paktika,2012,1,29.027430243047515,46.66843741787447,-0.7746127437347095,near_normal,False
Paktika,2012,2,43.25404963097461,78.44659964708728,-0.5460245535486018,near_normal,False
Paktika,2012,3,24.55105277841361,96.83253265243575,-0.7250489099800022,near_normal,False
Paktika,2012,4,50.72020064714649,118.52530305653471,0.02848388755450289,near_normal,False
Paktika,2012,5,12.72212535895613,87.99337878451624,0.0013127079078970754,near_normal,False
Paktika,2012,6,2.116908811052195,65.55923481715483,0.9381566308165235,near_normal,False
Paktika,2012,7,18.731631011385257,33.57066518139358,-1.114477786890769,moderate_drought,True
Paktika,2012,8,9.414806201797168,30.26334602423462,-1.1892202801994949,moderate_drought,True
Paktika,2012,9,3.224575512571648,31.371012725754074,-0.8946585866768423,near_normal,False
Paktika,2012,10,1.7534127283857175,14.392794442754534,-0.09646811037806123,near_normal,False
Paktika,2012,11,4.56477555637874,9.542763797336105,-0.26551473226086914,near_normal,False
Paktika,2012,12,34.05329379562568,40.37148208039014,0.8649093114376099,near_normal,False
Paktika,2013,1,19.492131838972075,58.1102011909765,-0.13215076442483295,near_normal,False
Paktika,2013,2,119.73294942413672,173.27837505873447,1.7715947498443616,very_wet,False
Paktika,2013,3,54.51366177125676,193.73874303436557,1.7298567568621397,very_wet,False
Paktika,2013,4,36.39284787575171,210.63945907114518,1.8220275079656423,very_wet,False
Paktika,2013,5,9.089038982245318,99.9955486292538,0.4108759569502636,near_normal,False
Paktika,2013,6,6.843482958169259,52.3253698161663,0.09423844560787774,near_normal,False
Paktika,2013,7,21.3520867046586,37.28460864507319,-0.7881619548501527,near_normal,False
Paktika,2013,8,29.109272313706768,57.30484197653464,0.8095580288804194,near_normal,False
Paktika,2013,9,2.424640157023058,52.88599917538844,0.8188239288568,near_normal,False
Paktika,2013,10,0.6837171367236619,32.2176296074535,1.7637365600493247,very_wet,False
Paktika,2013,11,17.307002227796477,20.415359521543213,0.9404627741238695,near_normal,False
Paktika,2013,12,8.651431412055555,26.642150776575708,-0.04681367429686902,near_normal,False
Paktika,2014,1,14.54779853437738,40.506232174229424,-1.166355662979778,moderate_drought,True
Paktika,2014,2,32.36026788859811,55.55949783503105,-1.381365436971681,moderate_drought,True
Paktika,2014,3,62.58395589982521,109.49202232280072,-0.3305816813852109,near_normal,False
Paktika,2014,4,47.63705238914864,142.58127617757197,0.5664647736371772,near_normal,False
Paktika,2014,5,29.339595511700814,139.56060380067467,1.5669744384552688,very_wet,False
Paktika,2014,6,3.0570782507980043,80.03372615164747,1.7416475714071487,very_wet,False
Paktika,2014,7,18.720041716922825,51.11671547942166,0.2622644919113662,near_normal,False
Paktika,2014,8,6.940754599812076,28.717874567532917,-1.3358831502091633,moderate_drought,True
Paktika,2014,9,3.661326593532399,29.322122910267314,-1.09581959758766,moderate_drought,True
Paktika,2014,10,0.5957743874539463,11.197855580798436,-0.5801516824462452,near_normal,False
Paktika,2014,11,6.826619689451106,11.083720670437465,-0.05151835687231819,near_normal,False
Paktika,2014,12,10.10572683477323,17.528120911678297,-0.8479857778042937,near_normal,False
Paktika,2015,1,30.247434237978176,47.179780762202526,-0.7437396175634357,near_normal,False
Paktika,2015,2,65.27952281872398,105.6326838914754,0.2519400800475849,near_normal,False
Paktika,2015,3,46.785846037626506,142.31280309432867,0.5663258661938627,near_normal,False
Paktika,2015,4,28.24382518664268,140.30919404299317,0.5183523200352276,near_normal,False
Paktika,2015,5,20.048476780627677,95.07814800489687,0.24725485254937885,near_normal,False
Paktika,2015,6,6.865683681354054,55.157985648624425,0.2858350536694622,near_normal,False
Paktika,2015,7,32.48875506748072,59.40291552946246,0.8025165331041214,near_normal,False
Paktika,2015,8,14.491773346587022,53.846212095421805,0.5954948375417642,near_normal,False
Paktika,2015,9,2.095816551903816,49.07634496597157,0.5548418487369456,near_normal,False
Paktika,2015,10,2.7859623662653488,19.373552264756203,0.5299189445115327,near_normal,False
Paktika,2015,11,14.826002026843945,19.707780945013123,0.8773117177840283,near_normal,False
Paktika,2015,12,9.167803843452775,26.779768236562084,-0.03627227109730531,near_normal,False
Paktika,2016,1,28.73968498969136,52.733490859988095,-0.4222397484515995,near_normal,False
Paktika,2016,2,8.216887118334459,46.124375951478605,-1.797144050389536,severe_drought,True
Paktika,2016,3,64.9294600185381,101.88603212656392,-0.5636188568628397,near_normal,False
Paktika,2016,4,28.501193374167435,101.64754051103998,-0.3942963829883799,near_normal,False
Paktika,2016,5,24.749642875191626,118.18029626789715,0.973559158984807,near_normal,False
Paktika,2016,6,4.698795316898118,57.94963156625718,0.4683711035455477,near_normal,False
Paktika,2016,7,29.1780328200822,58.62647101217195,0.7540880938793991,near_normal,False
Paktika,2016,8,16.214922720354476,50.091750857334794,0.3526066613345603,near_normal,False
Paktika,2016,9,2.4741410586278194,47.867096599064496,0.4682374605186153,near_normal,False
Paktika,2016,10,0.8014209324716043,19.4904847114539,0.5432621378233892,near_normal,False
Paktika,2016,11,3.030325670587883,6.305887661687306,-0.8087973164560268,near_normal,False
Paktika,2016,12,11.209835391605598,15.041581994665083,-1.1158688305619613,moderate_drought,True
Paktika,2017,1,65.947117842424,80.18727890461749,0.9000041607515474,near_normal,False
Paktika,2017,2,73.62163172629808,150.7785849603277,1.3174976662255355,moderately_wet,False
Paktika,2017,3,23.43459181519429,163.00334138391636,1.062928602425697,moderately_wet,False
Paktika,2017,4,12.111643521673267,109.16786706316563,-0.20049583304757856,near_normal,False
Paktika,2017,5,13.71849766518572,49.264733002053276,-1.6582409758300942,severe_drought,True
Paktika,2017,6,4.394078397947935,30.22421958480692,-1.717466835199995,severe_drought,True
Paktika,2017,7,37.04535789087654,55.15793395401019,0.5324402157012419,near_normal,False
Paktika,2017,8,9.328186038128454,50.76762232695293,0.3971982929827504,near_normal,False
Paktika,2017,9,1.758358303915302,48.1319022329203,0.4873248591360518,near_normal,False
Paktika,2017,10,0.0162598722665052,11.102804214310261,-0.5959143387450752,near_normal,False
Paktika,2017,11,17.655826908260416,19.430445084442223,0.8521611314200189,near_normal,False
Paktika,2017,12,30.815320019392065,48.487406799918986,1.3103550130919948,moderately_wet,False
Paktika,2018,1,11.784066258750087,60.25521318640257,-0.021460795902966175,near_normal,False
Paktika,2018,2,58.70818431570533,101.30757059384749,0.13504556473587304,near_normal,False
Paktika,2018,3,43.35381558201208,113.8460661564675,-0.20206423659500714,near_normal,False
Paktika,2018,4,24.07399659510908,126.1359964928265,0.2059532587342962,near_normal,False
Paktika,2018,5,18.27979175006836,85.70760392718951,-0.08084909790001409,near_normal,False
Paktika,2018,6,8.07677989644538,50.43056824162282,-0.037816318132761005,near_normal,False
Paktika,2018,7,24.15147398105827,50.50804562757201,0.22035774138052594,near_normal,False
Paktika,2018,8,8.471396778926305,40.69965065642995,-0.3133345384950033,near_normal,False
Paktika,2018,9,2.8892445647174285,35.51211532470201,-0.5139971981474073,near_normal,False
Paktika,2018,10,1.566650592340169,12.927291935983902,-0.3081486046397159,near_normal,False
Paktika,2018,11,8.843337383220573,13.29923254027817,0.22333388571225907,near_normal,False
Paktika,2018,12,21.72010413119004,32.13009210675078,0.34819625672592813,near_normal,False
Paktika,2019,1,39.72334099480657,70.28678250921719,0.4639790348515794,near_normal,False
Paktika,2019,2,79.4622416328958,140.90568675889241,1.1044213759878558,moderately_wet,False
Paktika,2019,3,76.87744291668037,196.06302554438275,1.7774254904310633,very_wet,False
Paktika,2019,4,46.72020584934886,203.05989039892503,1.6965708417831322,very_wet,False
Paktika,2019,5,17.640482901749657,141.2381316677789,1.6109740022988972,very_wet,False
Paktika,2019,6,8.584317794802352,72.94500654590088,1.3611041911996762,moderately_wet,False
Paktika,2019,7,32.96381019622189,59.188610892773916,0.7891916127211654,near_normal,False
Paktika,2019,8,14.949241059418254,56.497369050442515,0.7603571235406674,near_normal,False
Paktika,2019,9,1.6615039395947298,49.57455519523489,0.5901134384877794,near_normal,False
Paktika,2019,10,3.933412810143742,20.54415780915674,0.6611931633279351,near_normal,False
Paktika,2019,11,23.1694705375442,28.764387287282688,1.5982711134309293,very_wet,False
Paktika,2019,12,10.726839086982867,37.82972243467083,0.7135771898557985,near_normal,False
Paktika,2020,1,59.37196743661842,93.26827706114551,1.425178506127201,moderately_wet,False
Paktika,2020,2,37.10275927534216,107.20156579894346,0.2935549810399027,near_normal,False
Paktika,2020,3,85.08069163737564,181.55541834933624,1.4743076138063786,moderately_wet,False
Paktika,2020,4,45.02726523939983,167.21071615211764,1.0584094199537637,moderately_wet,False
Paktika,2020,5,24.329185123424796,154.43714200020028,1.9460120881263916,very_wet,False
Paktika,2020,6,5.88277743326461,75.23922779608925,1.4867825079806636,moderately_wet,False
Paktika,2020,7,23.02688261978817,53.2388451764776,0.40583405357171365,near_normal,False
Paktika,2020,8,9.350127497289906,38.2597875503427,-0.5029878090882096,near_normal,False
Paktika,2020,9,2.557819499503526,34.934829616581624,-0.5651850328663891,near_normal,False
Paktika,2020,10,2.3304580878734584,14.238405084666905,-0.11806075093475187,near_normal,False
Paktika,2020,11,17.235517786149245,22.123795373526242,1.0873554189397148,moderately_wet,False
Paktika,2020,12,18.69851988196609,38.264495755988804,0.7399227313821785,near_normal,False
Paktika,2021,1,11.739602319031636,47.673639987146984,-0.714138330990552,near_normal,False
Paktika,2021,2,8.81703319632145,39.255155397319186,-2.1397453891595544,extreme_drought,True
Paktika,2021,3,39.2106063502909,59.767241865643996,-2.135669308414968,extreme_drought,True
Paktika,2021,4,26.52129640037114,74.5489359469835,-1.186901237522231,moderate_drought,True
Paktika,2021,5,19.852103114632666,85.5840058652947,-0.0853334183626445,near_normal,False
Paktika,2021,6,7.145602735775852,53.519002250779664,0.17579622412709645,near_normal,False
Paktika,2021,7,41.10981056389777,68.10751641430629,1.3191375090820356,moderately_wet,False
Paktika,2021,8,11.318342994077986,59.57375629375161,0.9454223647666152,near_normal,False
Paktika,2021,9,1.9290599606001813,54.35721351857594,0.9174250746691706,near_normal,False
Paktika,2021,10,2.30895384011928,15.556356794797454,0.061455041021297604,near_normal,False
Paktika,2021,11,0.1010067215053558,4.339020522224824,-1.2460280847487746,moderate_drought,True
Paktika,2021,12,12.61976237301346,15.029722934638102,-1.1172185746743333,moderate_drought,True
Paktika,2022,1,75.7570334041245,88.47780249864331,1.2387549399189313,moderately_wet,False
Paktika,2022,2,11.836263799643852,100.21305957678183,0.10493908723169279,near_normal,False
Paktika,2022,3,30.052803450894803,117.64610065466317,-0.09257188564064654,near_normal,False
Paktika,2022,4,11.59684269992096,53.48590995045963,-1.9566381080099498,severe_drought,True
Paktika,2022,5,10.383667015495112,52.03331316631089,-1.514260005743275,severe_drought,True
Paktika,2022,6,9.8054856653598,31.785995380775887,-1.5638492662370855,severe_drought,True
Paktika,2022,7,50.00135829690812,70.19051097776304,1.4363120086195262,moderately_wet,False
Paktika,2022,8,33.33787636233652,93.14472032460446,2.651651512603834,extremely_wet,False
Paktika,2022,9,3.4194408223653605,86.75867548161001,2.753693684856303,extremely_wet,False
Paktika,2022,10,0.0245367605647028,36.7818539452666,2.124424309291843,extremely_wet,False
Paktika,2022,11,10.4321175282935,13.876095111223577,0.28978669413691976,near_normal,False
Paktika,2022,12,8.374737385397966,18.83139167425618,-0.718086033248985,near_normal,False
Paktika,2023,1,23.46070665986377,42.267561573555255,-1.0504230709119147,moderate_drought,True
Paktika,2023,2,15.172043085171962,47.00748713043372,-1.7558034620148653,severe_drought,True
Paktika,2023,3,62.76422803975453,101.39697778479028,-0.5790003466937973,near_normal,False
Paktika,2023,4,11.564984546996342,89.50125567192285,-0.72898550227763,near_normal,False
Paktika,2023,5,28.24384152977742,102.57305411652831,0.4945184449548558,near_normal,False
Paktika,2023,6,14.62991501381045,54.43874109058423,0.23781741921452973,near_normal,False
Paktika,2023,7,35.24274061472315,78.11649715831103,1.8627145621710597,very_wet,False
Paktika,2023,8,4.876121736857454,54.74877736539107,0.6522080798629072,near_normal,False
Paktika,2023,9,1.4263113200944626,41.54517367167508,-0.009888832809870522,near_normal,False
Paktika,2023,10,0.318385643087494,6.6208187000394245,-1.4800149680564059,moderate_drought,True
Paktika,2023,11,10.657662615228393,12.402359578410364,0.11608184200501605,near_normal,False
Paktika,2023,12,7.789798411894282,18.76584667021018,-0.7244673877780845,near_normal,False
Paktya,2001,1,25.933454291983388,,,,False
Paktya,2001,2,13.3888218917708,,,,False
Paktya,2001,3,67.91378845353034,107.23606463728453,-1.7130413909525195,severe_drought,True
Paktya,2001,4,73.4943689046661,154.79697924996725,-0.9480831447120638,near_normal,False
Paktya,2001,5,20.11029603377294,161.5184533919694,-0.24163524712756893,near_normal,False
Paktya,2001,6,13.02836991078497,106.63303484922402,-0.045346590799798914,near_normal,False
Paktya,2001,7,32.91809756479762,66.05676350935553,-0.13869413519207344,near_normal,False
Paktya,2001,8,10.793984791080137,56.74045226666273,-0.12146741941587633,near_normal,False
Paktya,2001,9,7.687699132388356,51.399781488266115,-0.30899493441740034,near_normal,False
Paktya,2001,10,4.361630571289699,22.84331449475819,-1.2398378057770132,moderate_drought,True
Paktya,2001,11,8.360551198981636,20.40988090265969,-1.039250461123553,moderate_drought,True
Paktya,2001,12,23.79857798222485,36.52075975249618,-0.7212886884398662,near_normal,False
Paktya,2002,1,23.50307551395777,55.66220469516425,-1.4655056606655776,moderate_drought,True
Paktya,2002,2,97.97939748863791,145.28105098482052,-0.04613066011502279,near_normal,False
Paktya,2002,3,48.21416444347637,169.69663744607203,-0.42268921407695986,near_normal,False
Paktya,2002,4,108.7064173480536,254.89997928016788,0.45910689408588656,near_normal,False
Paktya,2002,5,12.408734052873928,169.3293158444039,-0.100148113423663,near_normal,False
Paktya,2002,6,8.948025556274231,130.06317695720173,0.6791501941027586,near_normal,False
Paktya,2002,7,15.49245118826537,36.849210797413505,-1.6865149836444209,severe_drought,True
Paktya,2002,8,18.833597227060263,43.27407397159983,-0.9217492448123902,near_normal,False
Paktya,2002,9,7.8350078410778785,42.161056256403484,-0.8772590226797938,near_normal,False
Paktya,2002,10,4.439303419133435,31.107908487271548,-0.3783091316821774,near_normal,False
Paktya,2002,11,18.045686850566423,30.319998110777707,-0.16527381912640768,near_normal,False
Paktya,2002,12,33.29475506899185,55.779745338691676,0.18314790505125414,near_normal,False
Paktya,2003,1,27.323114238308985,78.66355615786722,-0.41055497598450225,near_normal,False
Paktya,2003,2,80.57374045891555,141.19160976621635,-0.1292616481956622,near_normal,False
Paktya,2003,3,94.69164033231752,202.588495029542,0.12805255140898608,near_normal,False
Paktya,2003,4,67.63617482902931,242.90155562026234,0.31275601946834275,near_normal,False
Paktya,2003,5,22.449522502188906,184.7773376635357,0.16729644627634477,near_normal,False
Paktya,2003,6,5.680892743264104,95.76659007448228,-0.4178661438947847,near_normal,False
Paktya,2003,7,26.98614187732161,55.11655712277458,-0.6495308293652777,near_normal,False
Paktya,2003,8,14.106386740782485,46.77342136136816,-0.6991205632839161,near_normal,False
Paktya,2003,9,7.503842519806325,48.59637113791038,-0.47352852677484786,near_normal,False
Paktya,2003,10,2.1471900571766698,23.757419317765436,-1.1349364238291324,moderate_drought,True
Paktya,2003,11,20.158408603443892,29.809441180426845,-0.2050768322455365,near_normal,False
Paktya,2003,12,21.618487107275374,43.92408576789589,-0.3422033144731692,near_normal,False
Paktya,2004,1,45.67071797944523,87.44761369016445,-0.06362988540321225,near_normal,False
Paktya,2004,2,47.02658126724597,114.31578635396653,-0.7206624753237268,near_normal,False
Paktya,2004,3,14.53604740741866,107.23334665410981,-1.713107756121782,severe_drought,True
Paktya,2004,4,47.32669420964693,108.88932288431151,-1.8159279743221846,severe_drought,True
Paktya,2004,5,21.64091365504277,83.5036552721083,-2.012880120271086,extreme_drought,True
Paktya,2004,6,5.278106391090837,74.24571425578048,-1.2502757879499815,moderate_drought,True
Paktya,2004,7,15.7207424479926,42.63976249412615,-1.3252520786694417,moderate_drought,True
Paktya,2004,8,16.03947612222975,37.03832496131314,-1.3513220289448373,moderate_drought,True
Paktya,2004,9,7.378001266094634,39.13821983631693,-1.081597284258562,moderate_drought,True
Paktya,2004,10,7.759091835916443,31.176569224240772,-0.371848623639777,near_normal,False
Paktya,2004,11,12.804851840030569,27.941944942041594,-0.35472014494070675,near_normal,False
Paktya,2004,12,50.48888421928094,71.05282789522789,0.7597465844001575,near_normal,False
Paktya,2005,1,52.05340217998194,115.3471382392934,0.9039987720259426,near_normal,False
Paktya,2005,2,65.95602303319394,168.49830943245678,0.3984370967497083,near_normal,False
Paktya,2005,3,87.41116978097543,205.42059499415126,0.17258726404194,near_normal,False
Paktya,2005,4,37.7442663946524,191.1114592088217,-0.38118639497150114,near_normal,False
Paktya,2005,5,40.43262541167845,165.5880615873062,-0.16735784630124942,near_normal,False
Paktya,2005,6,12.748686967652915,90.92557877398372,-0.5930371819688918,near_normal,False
Paktya,2005,7,17.393758837138993,70.5750712164703,0.05562705304930063,near_normal,False
Paktya,2005,8,15.016863294810104,45.159309099601955,-0.8003420134297736,near_normal,False
Paktya,2005,9,9.002711791754562,41.413333923703604,-0.9268410146344535,near_normal,False
Paktya,2005,10,0.9994850876332542,25.019060174197865,-0.9946389637963323,near_normal,False
Paktya,2005,11,12.343887758956658,22.346084638344415,-0.8485546692333212,near_normal,False
Paktya,2005,12,12.365576928699891,25.708949775289746,-1.385645315638784,moderate_drought,True
Paktya,2006,1,55.32839298037501,80.0378576680315,-0.3546125893067307,near_normal,False
Paktya,2006,2,67.45041324444801,135.14438315352288,-0.25520861472580114,near_normal,False
Paktya,2006,3,71.0802408316876,193.85904705651058,-0.011886344942117858,near_normal,False
Paktya,2006,4,59.9383492110912,198.46900328722677,-0.2754643313342906,near_normal,False
Paktya,2006,5,13.261195620763534,144.27978566354227,-0.5710945093067739,near_normal,False
Paktya,2006,6,6.724890457649702,79.92443528950437,-1.0161109282431577,moderate_drought,True
Paktya,2006,7,20.565553608260736,40.551639686673916,-1.45132151130709,moderate_drought,True
Paktya,2006,8,36.88856889010632,64.1790129560167,0.26647744742047025,near_normal,False
Paktya,2006,9,6.545810056200987,63.999932554567984,0.3640935282305591,near_normal,False
Paktya,2006,10,6.501161406306923,49.935540352614176,1.1232382441207187,moderately_wet,False
Paktya,2006,11,39.02290650223737,52.06987796474522,1.2285975387563586,moderately_wet,False
Paktya,2006,12,90.89890342342066,136.4229713319649,2.5850460638396395,extremely_wet,False
Paktya,2007,1,17.565162006163565,147.48697193182153,1.8439782622654102,very_wet,False
Paktya,2007,2,116.6970058044124,225.16107123399655,1.3354589237769596,moderately_wet,False
Paktya,2007,3,133.10472680103922,267.36689461161507,1.0590847597056217,moderately_wet,False
Paktya,2007,4,32.1336493809662,281.9353819864177,0.7729701445810933,near_normal,False
Paktya,2007,5,19.816326262114096,185.0547024441194,0.17195944796904267,near_normal,False
Paktya,2007,6,17.829290071516137,69.77926571459638,-1.4432840406343694,moderate_drought,True
Paktya,2007,7,18.46474468187036,56.11036101550054,-0.6004271111190626,near_normal,False
Paktya,2007,8,11.913467196578212,48.20750194996465,-0.6111686965500923,near_normal,False
Paktya,2007,9,6.790857138454839,37.16906901690336,-1.220635213666951,moderate_drought,True
Paktya,2007,10,0.7982035488639585,19.502527883896953,-1.6501043438107557,severe_drought,True
Paktya,2007,11,5.768511344281761,13.357572031600501,-1.866144195652105,severe_drought,True
Paktya,2007,12,28.11019707047772,34.67691196362338,-0.8238189298656332,near_normal,False
Paktya,2008,1,63.17806389494108,97.0567723097005,0.2901097791473298,near_normal,False
Paktya,2008,2,19.369115567658323,110.65737653307707,-0.8082623535430983,near_normal,False
Paktya,2008,3,31.14482297401442,113.69200243661378,-1.5586267899767938,severe_drought,True
Paktya,2008,4,83.8228315166965,134.33677005836918,-1.3089428120830968,moderate_drought,True
Paktya,2008,5,21.11172785313244,136.0793823438433,-0.7372604194863577,near_normal,False
Paktya,2008,6,9.24693758359022,114.1814969534191,0.19868986988196086,near_normal,False
Paktya,2008,7,18.697152229972783,49.05581766669539,-0.9629124125093647,near_normal,False
Paktya,2008,8,15.168097537401826,43.112187350964774,-0.9323423998405805,near_normal,False
Paktya,2008,9,7.190912096332093,41.05616186370664,-0.9507425043814468,near_normal,False
Paktya,2008,10,3.493188585160439,25.8521982188943,-0.9046436066359865,near_normal,False
Paktya,2008,11,5.433237052866874,16.11733773435935,-1.5123528363231415,severe_drought,True
Paktya,2008,12,17.3880815666541,26.314507204681355,-1.3436948652233425,moderate_drought,True
Paktya,2009,1,63.65658854662704,86.47790716614796,-0.10074457265138322,near_normal,False
Paktya,2009,2,76.1796833550573,157.2243534683384,0.18802968575742657,near_normal,False
Paktya,2009,3,83.38973198540877,223.22600388709304,0.44363150628688874,near_normal,False
Paktya,2009,4,93.87311961700942,253.44253495747546,0.441576215468521,near_normal,False
Paktya,2009,5,28.678014600085994,205.94086620250414,0.5105396453284295,near_normal,False
Paktya,2009,6,11.17032326850186,133.72145748559723,0.784265272637244,near_normal,False
Paktya,2009,7,17.55865401698068,57.40699188556847,-0.5372430406238491,near_normal,False
Paktya,2009,8,17.222401368167212,45.9513786536497,-0.7503677386302345,near_normal,False
Paktya,2009,9,11.261952914469852,46.04300829961768,-0.629082462021851,near_normal,False
Paktya,2009,10,3.1284601746421137,31.61281445727912,-0.33102384717761335,near_normal,False
Paktya,2009,11,9.858604258089642,24.24901734720155,-0.6719712733628922,near_normal,False
Paktya,2009,12,22.72178750360341,35.70885193633511,-0.7659842398377247,near_normal,False
Paktya,2010,1,42.077783609136944,74.65817537082994,-0.5774637326727795,near_normal,False
Paktya,2010,2,83.45191506962959,148.2514861823699,0.013274850149475367,near_normal,False
Paktya,2010,3,49.55412346046085,175.08382213922732,-0.32784325375211626,near_normal,False
Paktya,2010,4,45.6452314257006,178.651269955791,-0.5666999807837144,near_normal,False
Paktya,2010,5,36.939804152706586,132.13915903886797,-0.8195407889937454,near_normal,False
Paktya,2010,6,8.916268599984022,91.50130417839114,-0.5718788705798231,near_normal,False
Paktya,2010,7,43.22049363801762,89.07656639070817,0.774734901513168,near_normal,False
Paktya,2010,8,43.67542257956072,95.8121848175623,1.647377117795078,very_wet,False
Paktya,2010,9,7.415686080590192,94.31160229816848,1.68482739413543,very_wet,False
Paktya,2010,10,4.144826088171252,55.2359347483221,1.4761264730056074,moderately_wet,False
Paktya,2010,11,3.8109642853340575,15.371476454095445,-1.6034042219095408,severe_drought,True
Paktya,2010,12,13.902689071404684,21.858479444909936,-1.6703524112287111,severe_drought,True
Paktya,2011,1,18.500469756499093,36.214123113237775,-2.6312790364435985,extreme_drought,True
Paktya,2011,2,130.36304741352737,162.7662062414311,0.29266632382700003,near_normal,False
Paktya,2011,3,42.05489302295143,190.91841019297783,-0.059973714571170365,near_normal,False
Paktya,2011,4,95.45493815856634,267.8728785950451,0.612312193370814,near_normal,False
Paktya,2011,5,21.615150830925685,159.1249820124434,-0.28591021991276894,near_normal,False
Paktya,2011,6,10.111969361409324,127.18205835090129,0.5949883543357141,near_normal,False
Paktya,2011,7,19.712558169707265,51.439678362042216,-0.8366456269734948,near_normal,False
Paktya,2011,8,26.37769865763641,56.202226188752945,-0.15082785829384582,near_normal,False
Paktya,2011,9,10.622797263957429,56.713054091301046,-0.013039705395727743,near_normal,False
Paktya,2011,10,14.395876160688584,51.39637208228237,1.2228250973090866,moderately_wet,False
Paktya,2011,11,20.678904661521468,45.697578086167425,0.8680218348716878,near_normal,False
Paktya,2011,12,10.574663422539455,45.649444244749446,-0.26023359217066017,near_normal,False
Paktya,2012,1,43.76630343594316,75.01987152000402,-0.5621458432998752,near_normal,False
Paktya,2012,2,79.93690380373155,134.2778706622141,-0.27356454692962107,near_normal,False
Paktya,2012,3,57.80100793140301,181.50421517107765,-0.2173436650135076,near_normal,False
Paktya,2012,4,83.9927324231818,221.7306441583163,0.042352982049865345,near_normal,False
Paktya,2012,5,31.115783935508063,172.9095242900928,-0.03675776451590363,near_normal,False
Paktya,2012,6,5.482787634163566,120.59130399285337,0.3976172044401771,near_normal,False
Paktya,2012,7,21.6905215471569,58.28909311682846,-0.4948112327515286,near_normal,False
Paktya,2012,8,18.629648206662797,45.8029573879832,-0.7596870609897702,near_normal,False
Paktya,2012,9,13.643348788572611,53.963518542392244,-0.16374860295897548,near_normal,False
Paktya,2012,10,6.554431796826471,38.82742879206181,0.29520272108247736,near_normal,False
Paktya,2012,11,18.42882948828352,38.62661007368253,0.4271999229708017,near_normal,False
Paktya,2012,12,51.06282439636286,76.04608568147279,0.9303789361283694,near_normal,False
Paktya,2013,1,23.641935362551152,93.13358924719746,0.14863827033917137,near_normal,False
Paktya,2013,2,191.8500032383652,266.5547629972791,1.9266911548595405,very_wet,False
Paktya,2013,3,120.02031319379414,335.51225179471044,1.8907844305240942,very_wet,False
Paktya,2013,4,86.7748909217994,398.64520735395865,1.9398617894786399,very_wet,False
Paktya,2013,5,19.068967035090303,225.86417115068377,0.8129888353520911,near_normal,False
Paktya,2013,6,8.576641138179166,114.4204990950688,0.2062385959706451,near_normal,False
Paktya,2013,7,21.8392724190468,49.484880592316216,-0.9398795216645953,near_normal,False
Paktya,2013,8,32.351140791107866,62.76705434833378,0.1952371892439636,near_normal,False
Paktya,2013,9,10.585155487799318,64.77556869795393,0.4025234881919654,near_normal,False
Paktya,2013,10,8.306651159012569,51.242947437919696,1.2124529118248408,moderately_wet,False
Paktya,2013,11,34.81371223081364,53.70551887762547,1.3165004867733878,moderately_wet,False
Paktya,2013,12,17.381953053526843,60.502316443352996,0.37151004383185177,near_normal,False
Paktya,2014,1,20.40110107785279,72.59676636219322,-0.6657405983401596,near_normal,False
Paktya,2014,2,57.88819640613073,95.6712505375103,-1.1894604450691193,moderate_drought,True
Paktya,2014,3,132.40765039065553,210.696947874639,0.25448016557168135,near_normal,False
Paktya,2014,4,112.99330166048634,303.2891484572725,1.007191220960692,moderately_wet,False
Paktya,2014,5,58.69205974405624,304.09301179519804,1.8560593074009346,very_wet,False
Paktya,2014,6,7.489631733939264,179.1749931384818,1.957245294580412,very_wet,False
Paktya,2014,7,19.871185125556963,86.0528766035524,0.6644383160338374,near_normal,False
Paktya,2014,8,12.245670213572463,39.606487073068635,-1.168772794258858,moderate_drought,True
Paktya,2014,9,9.792902838427208,41.909758177556576,-0.8938549540251792,near_normal,False
Paktya,2014,10,8.848370316559079,30.886943368558693,-0.3991661070735704,near_normal,False
Paktya,2014,11,11.08353451245228,29.72480766743851,-0.2117192112318009,near_normal,False
Paktya,2014,12,16.867370233747177,36.799275062758475,-0.7061145866914292,near_normal,False
Paktya,2015,1,29.72192798326165,57.67283272946105,-1.3624425255408146,moderate_drought,True
Paktya,2015,2,120.3270324705958,166.91633068760456,0.36948708003427866,near_normal,False
Paktya,2015,3,104.13889008768628,254.18785054154367,0.8827915947818759,near_normal,False
Paktya,2015,4,56.4705756901794,280.9364982484614,0.7617340521645323,near_normal,False
Paktya,2015,5,46.53086400402533,207.14032978189096,0.5292799234872158,near_normal,False
Paktya,2015,6,8.074384787327205,111.0758244815319,0.09962872390825836,near_normal,False
Paktya,2015,7,34.52072942566956,89.12597821702205,0.7765167878547004,near_normal,False
Paktya,2015,8,26.18623225103281,68.78134646402953,0.49171304302692515,near_normal,False
Paktya,2015,9,9.723902434472222,70.43086411117454,0.6739359498837595,near_normal,False
Paktya,2015,10,11.830319867191138,47.74045455269613,0.9699719784201044,near_normal,False
Paktya,2015,11,27.345661706418092,48.899884008081415,1.0530297604402743,moderately_wet,False
Paktya,2015,12,20.19331263641664,59.36929421002583,0.3272339075072019,near_normal,False
Paktya,2016,1,49.38771243707884,96.92668677991352,0.28548035565370583,near_normal,False
Paktya,2016,2,10.717608552978284,80.29863362647372,-1.6263698667142719,severe_drought,True
Paktya,2016,3,114.6439726135598,174.74929360361688,-0.33367506964921784,near_normal,False
Paktya,2016,4,76.60148514199041,201.96306630852845,-0.22618232579358144,near_normal,False
Paktya,2016,5,67.38260142042766,258.62805917597785,1.2745089850670102,moderately_wet,False
Paktya,2016,6,10.22972584209974,154.21381240451777,1.340773546052265,moderately_wet,False
Paktya,2016,7,36.30790978603317,113.92023704856052,1.6000909804607972,very_wet,False
Paktya,2016,8,27.83192352222617,74.36955915035904,0.7522035354967853,near_normal,False
Paktya,2016,9,8.549734934351019,72.68956824261032,0.778326885852725,near_normal,False
Paktya,2016,10,5.840179901370627,42.221838357947775,0.5631304084182506,near_normal,False
Paktya,2016,11,17.932112233130844,32.32202706885245,-0.013411092819198403,near_normal,False
Paktya,2016,12,14.783494620446165,38.5557867549476,-0.6121951216481581,near_normal,False
Paktya,2017,1,85.1861856461549,117.90179249973187,0.9845214067472693,near_normal,False
Paktya,2017,2,158.63735593386312,258.6070362004641,1.8179852979791957,very_wet,False
Paktya,2017,3,38.53058943878293,282.3541310188009,1.2528217594218738,moderately_wet,False
Paktya,2017,4,33.35049658200268,230.51844195464867,0.15659505706659002,near_normal,False
Paktya,2017,5,37.20448907470611,109.08557509549169,-1.3382821999075185,moderate_drought,True
Paktya,2017,6,7.655264770910955,78.21025042761973,-1.0855571217922957,moderate_drought,True
Paktya,2017,7,73.74823762853481,118.60799147415185,1.74239213078524,very_wet,False
Paktya,2017,8,21.34499600070831,102.74849840015403,1.9088376216161653,very_wet,False
Paktya,2017,9,7.799510718873192,102.89274434811628,2.0072079535651364,extremely_wet,False
Paktya,2017,10,2.532233226798602,31.676739946380074,-0.3250735799479274,near_normal,False
Paktya,2017,11,29.17648557345869,39.50822951913045,0.4849118654044119,near_normal,False
Paktya,2017,12,54.39695470046446,86.10567350072172,1.253273011370628,moderately_wet,False
Paktya,2018,1,15.04444010516623,98.61788037908936,0.34534741207641145,near_normal,False
Paktya,2018,2,96.71759707245126,166.1589918780819,0.3555635575024775,near_normal,False
Paktya,2018,3,82.43834781589939,194.20038499351685,-0.006336237895642981,near_normal,False
Paktya,2018,4,58.87696649462222,238.03291138297286,0.2520041321088027,near_normal,False
Paktya,2018,5,53.09308065115418,194.40839496167575,0.3265645413979829,near_normal,False
Paktya,2018,6,24.189946278443397,136.15999342421978,0.8532881886880407,near_normal,False
Paktya,2018,7,38.01917120851951,115.30219813811706,1.6424254875708162,very_wet,False
Paktya,2018,8,14.245767870328953,76.45488535729183,0.8461099390343976,near_normal,False
Paktya,2018,9,9.938331184325346,62.20327026317378,0.2738746337926477,near_normal,False
Paktya,2018,10,21.16051317540273,45.344612230057,0.7973484886042613,near_normal,False
Paktya,2018,11,16.963046857804656,48.061891217532704,1.0053945199366148,moderately_wet,False
Paktya,2018,12,45.75640755634554,83.8799675895529,1.1840173990548069,moderately_wet,False
Paktya,2019,1,54.573494953112,117.29294936726217,0.9654349607553536,near_normal,False
Paktya,2019,2,127.9080325110336,228.2379350204911,1.381699423052328,moderately_wet,False
Paktya,2019,3,103.7183795706815,286.19990703482705,1.30145463320652,moderately_wet,False
Paktya,2019,4,83.8549862804009,315.48139836211595,1.136133033967135,moderately_wet,False
Paktya,2019,5,25.21647466492901,212.7898405160114,0.6165986293965332,near_normal,False
Paktya,2019,6,13.296435261431707,122.36789620676159,0.4515081039800379,near_normal,False
Paktya,2019,7,34.89647708964685,73.40938701600754,0.17331185423372264,near_normal,False
Paktya,2019,8,24.252228442424048,72.44514079350259,0.6639985767952618,near_normal,False
Paktya,2019,9,4.518844095373124,63.667549627444,0.34753075074548667,near_normal,False
Paktya,2019,10,14.927934100728718,43.69900663852586,0.6752921284675184,near_normal,False
Paktya,2019,11,37.3664155824972,56.81319377859901,1.4788934764393775,moderately_wet,False
Paktya,2019,12,16.229198422806405,68.52354810603228,0.6703188332172375,near_normal,False
Paktya,2020,1,80.24005467779553,133.8356686830991,1.4627606230862322,moderately_wet,False
Paktya,2020,2,56.3758582739376,152.8451113745395,0.10359524100702304,near_normal,False
Paktya,2020,3,173.6214482221553,310.2373611738884,1.5962511165935627,very_wet,False
Paktya,2020,4,123.98964690507316,353.98695340116603,1.5233224206392464,very_wet,False
Paktya,2020,5,41.47200743186897,339.08310255909737,2.266715127008782,extremely_wet,False
Paktya,2020,6,10.163282468934897,175.62493680587698,1.8730930222410787,very_wet,False
Paktya,2020,7,19.3985112654514,71.03380116625524,0.0748853698281222,near_normal,False
Paktya,2020,8,14.439282168019982,44.00107590240626,-0.8745097361272297,near_normal,False
Paktya,2020,9,7.418150700888372,41.25594413435973,-0.9373558084238404,near_normal,False
Paktya,2020,10,4.109561064761301,25.966993933669627,-0.8924003173986031,near_normal,False
Paktya,2020,11,46.43386927032076,57.96158103597041,1.5374624884005383,very_wet,False
Paktya,2020,12,32.09422450819311,82.63765484327513,1.1448461826497334,moderately_wet,False
Paktya,2021,1,14.526594159300515,93.05468793781435,0.14575274749428338,near_normal,False
Paktya,2021,2,23.858499940816653,70.47931860831025,-1.9372435597040485,severe_drought,True
Paktya,2021,3,83.80100698135367,122.18610108147081,-1.364534222752589,moderate_drought,True
Paktya,2021,4,64.39612367562361,172.0556305977939,-0.6684808503348973,near_normal,False
Paktya,2021,5,35.45675962445826,183.6538902814355,0.14836145702382592,near_normal,False
Paktya,2021,6,7.746480612675652,107.5993639127575,-0.01347515575420744,near_normal,False
Paktya,2021,7,65.15009642512553,108.35333666225941,1.426133716547153,moderately_wet,False
Paktya,2021,8,15.712039989200946,88.6086170270021,1.3626364649557638,moderately_wet,False
Paktya,2021,9,10.235393688722,91.09753010304844,1.5592526630182126,very_wet,False
Paktya,2021,10,17.07479829005474,43.02223196797766,0.6242191325792354,near_normal,False
Paktya,2021,11,2.8974203733171966,30.20761235209391,-0.17399638272722767,near_normal,False
Paktya,2021,12,31.04082151384926,51.01304017722117,-0.01808200731978559,near_normal,False
Paktya,2022,1,85.38023645937528,119.31847834654171,1.0286850099609666,moderately_wet,False
Paktya,2022,2,33.94333700921504,150.36439498243953,0.055047875006422185,near_normal,False
Paktya,2022,3,42.63369312488639,161.95726659347667,-0.5625817507210411,near_normal,False
Paktya,2022,4,22.683898609889592,99.260928743991,-2.0296803217404724,extreme_drought,True
Paktya,2022,5,27.628334274073957,92.94592600884991,-1.7488544368722858,severe_drought,True
Paktya,2022,6,16.668101718610487,66.980334602574,-1.5686354506996343,severe_drought,True
Paktya,2022,7,41.53682513551033,85.83326112819474,0.6563288574795539,near_normal,False
Paktya,2022,8,43.6650446271151,101.8699714812359,1.8763593401283285,very_wet,False
Paktya,2022,9,8.663830678475597,93.865700441101,1.6675716619119991,very_wet,False
Paktya,2022,10,1.71811140968148,54.04698671527215,1.3989398375267743,moderately_wet,False
Paktya,2022,11,25.859862202395544,36.241804290552594,0.2665909154975922,near_normal,False
Paktya,2022,12,20.477562336662423,48.05553594873942,-0.1493552061729675,near_normal,False
Paktya,2023,1,38.06063878561768,84.3980633246756,-0.18130017723445085,near_normal,False
Paktya,2023,2,34.530055075649095,93.06825619792916,-1.2598092712657163,moderate_drought,True
Paktya,2023,3,82.43165452194141,155.02234838320817,-0.6918433194589263,near_normal,False
Paktya,2023,4,24.305790052792588,141.26749965038306,-1.182684701086933,moderate_drought,True
Paktya,2023,5,34.48273189780483,141.22017647253878,-0.6323204281754202,near_normal,False
Paktya,2023,6,11.052978010148356,69.84149996074575,-1.4405368271188452,moderate_drought,True
Paktya,2023,7,24.137762277397226,69.67347218535039,0.017531213401233287,near_normal,False
Paktya,2023,8,8.284994345076502,43.47573463262205,-0.90859142092878,near_normal,False
Paktya,2023,9,3.3543550623445126,35.77711168481821,-1.3220281725132705,moderate_drought,True
Paktya,2023,10,7.233910893720201,18.873260301141187,-1.7327980872756752,severe_drought,True
Paktya,2023,11,10.293660954811813,20.881926910876498,-0.9916378824499091,near_normal,False
Paktya,2023,12,19.80725290326264,37.33482475179463,-0.677157881081963,near_normal,False
Panjsher,2001,1,15.68834474299744,,,,False
Panjsher,2001,2,33.481258830062764,,,,False
Panjsher,2001,3,105.57262716808413,154.74223074114434,-1.5451860299417384,severe_drought,True
Panjsher,2001,4,68.8643992995831,207.91828529773,-0.8621188936289953,near_normal,False
Panjsher,2001,5,28.235716493709724,202.67274296137697,-0.1276654977015024,near_normal,False
Panjsher,2001,6,14.412745721576451,111.51286151486927,-0.2911825226706792,near_normal,False
Panjsher,2001,7,8.166633357430356,50.81509557271653,-0.5650681754308822,near_normal,False
Panjsher,2001,8,1.1508811085563293,23.730260187563136,-0.10386914023370004,near_normal,False
Panjsher,2001,9,4.339235093638408,13.656749559625094,-0.4537512721958147,near_normal,False
Panjsher,2001,10,16.933096076789344,22.42321227898408,-0.37370092141601036,near_normal,False
Panjsher,2001,11,30.123326309207982,51.39565747963573,-0.5330445720297105,near_normal,False
Panjsher,2001,12,23.76936513472322,70.82578752072055,-0.48179087398804016,near_normal,False
Panjsher,2002,1,26.28586844094208,80.1785598848733,-1.0159122056113425,moderate_drought,True
Panjsher,2002,2,120.90707066683169,170.962304242497,0.25288990636339065,near_normal,False
Panjsher,2002,3,121.89351818463528,269.0864572924091,0.6372849271854056,near_normal,False
Panjsher,2002,4,123.3856660830852,366.18625493455215,1.4116007520141662,moderately_wet,False
Panjsher,2002,5,32.17600182069005,277.4551860884105,0.9778415387731489,near_normal,False
Panjsher,2002,6,16.631459343845847,172.19312724762108,1.1644431121381968,moderately_wet,False
Panjsher,2002,7,8.05931557289864,56.866776737434535,-0.23945585487708784,near_normal,False
Panjsher,2002,8,1.1399656761130528,25.83074059285754,0.22924377157557196,near_normal,False
Panjsher,2002,9,5.455989229994826,14.655270479006518,-0.24664415833358105,near_normal,False
Panjsher,2002,10,12.827387032820498,19.423341938928377,-0.6305772328635153,near_normal,False
Panjsher,2002,11,33.485198712086685,51.76857497490201,-0.5154106438679217,near_normal,False
Panjsher,2002,12,37.27369008091513,83.58627582582231,-0.03801487274618774,near_normal,False
Panjsher,2003,1,34.41640471733696,105.17529351033878,-0.06109345101252549,near_normal,False
Panjsher,2003,2,99.57856094863664,171.26865574688873,0.2585686659213006,near_normal,False
Panjsher,2003,3,127.8618579186318,261.8568235846054,0.5202758334774982,near_normal,False
Panjsher,2003,4,84.9879696537762,312.42838852104467,0.7293795183901292,near_normal,False
Panjsher,2003,5,46.7489048396571,259.5987324120651,0.7337323624894985,near_normal,False
Panjsher,2003,6,9.696975749519735,141.433850242953,0.47855756637298574,near_normal,False
Panjsher,2003,7,7.300033334103823,63.74591392328066,0.1034738357321189,near_normal,False
Panjsher,2003,8,1.1088810470408732,18.10589013066443,-1.1066388452630531,moderate_drought,True
Panjsher,2003,9,3.301791974289812,11.710706355434509,-0.8890207183397099,near_normal,False
Panjsher,2003,10,19.60335138531538,24.014024406646065,-0.2469498566813586,near_normal,False
Panjsher,2003,11,56.69856909192918,79.60371245153438,0.6128163851195011,near_normal,False
Panjsher,2003,12,27.43155240999335,103.73347288723792,0.5782410231599061,near_normal,False
Panjsher,2004,1,64.46174917861926,148.59187068054177,1.2864039206276014,moderately_wet,False
Panjsher,2004,2,53.48613825203617,145.37943984064879,-0.2474948873624207,near_normal,False
Panjsher,2004,3,27.115742038308127,145.06362946896354,-1.7757699838655134,severe_drought,True
Panjsher,2004,4,68.82941513983982,149.43129543018412,-2.0086651393784676,extreme_drought,True
Panjsher,2004,5,31.370066361127368,127.31522353927532,-1.569340049202507,severe_drought,True
Panjsher,2004,6,9.597215905524582,109.79669740649177,-0.3393383596491269,near_normal,False
Panjsher,2004,7,8.532675723869644,49.499957990521594,-0.6392708505276603,near_normal,False
Panjsher,2004,8,1.3094497669868517,19.439341396381078,-0.8516125711398352,near_normal,False
Panjsher,2004,9,3.0248457153858865,12.866971206242383,-0.6249512504641823,near_normal,False
Panjsher,2004,10,36.54274308955704,40.87703857192978,0.8404279622393704,near_normal,False
Panjsher,2004,11,22.598770809677717,62.166359614620646,-0.055016747147370516,near_normal,False
Panjsher,2004,12,57.90324008533048,117.04475398456523,0.9430380392782983,near_normal,False
Panjsher,2005,1,56.09580765345296,136.59781854846116,0.9434035672616723,near_normal,False
Panjsher,2005,2,89.71463015244105,203.7136778912245,0.8255198051556402,near_normal,False
Panjsher,2005,3,92.13091953345874,237.94135733935275,0.11724836780092152,near_normal,False
Panjsher,2005,4,48.08420580851374,229.9297554944135,-0.48844766455484634,near_normal,False
Panjsher,2005,5,53.86139846323572,194.07652380520818,-0.27130269720447664,near_normal,False
Panjsher,2005,6,15.231549923693846,117.17715419544331,-0.13569681340709833,near_normal,False
Panjsher,2005,7,6.87372432268618,75.96667270961575,0.6563402964756189,near_normal,False
Panjsher,2005,8,1.072168938021841,23.177443184401866,-0.19479562152459753,near_normal,False
Panjsher,2005,9,2.1495867620187656,10.095480022726786,-1.2897740089696736,moderate_drought,True
Panjsher,2005,10,10.27068559140642,13.492441291447026,-1.2340462881225165,moderate_drought,True
Panjsher,2005,11,33.315131945311656,45.73540429873684,-0.8121367773873628,near_normal,False
Panjsher,2005,12,12.5477471344087,56.13356467112678,-1.066312322136329,moderate_drought,True
Panjsher,2006,1,79.40112265002925,125.26400172974961,0.6006580620209849,near_normal,False
Panjsher,2006,2,68.506901957686,160.45577174212394,0.053890978154975795,near_normal,False
Panjsher,2006,3,100.10346793899518,248.01149254671043,0.2900865771714393,near_normal,False
Panjsher,2006,4,45.030631884486944,213.64100178116811,-0.7624824022279024,near_normal,False
Panjsher,2006,5,16.132457259209527,161.26655708269166,-0.8628228785674891,near_normal,False
Panjsher,2006,6,7.596512318327099,68.75960146202357,-1.6865561427193554,severe_drought,True
Panjsher,2006,7,6.877210983227887,30.606180560764514,-1.8980330754143604,severe_drought,True
Panjsher,2006,8,1.0146017944797496,15.488325096034735,-1.6474587427672043,severe_drought,True
Panjsher,2006,9,3.967820040161718,11.859632817869354,-0.8540354062374346,near_normal,False
Panjsher,2006,10,14.86507955430309,19.847501388944558,-0.592670033948887,near_normal,False
Panjsher,2006,11,71.41197458014486,90.24487417460966,0.9738573036608089,near_normal,False
Panjsher,2006,12,72.39183653071366,158.6688906651616,1.9342195302852694,very_wet,False
Panjsher,2007,1,13.087776349895488,156.891587460754,1.5133347549193135,very_wet,False
Panjsher,2007,2,122.9708519172332,208.45046479784236,0.9032007073195072,near_normal,False
Panjsher,2007,3,180.6058152461551,316.6644435132838,1.360036791026343,moderately_wet,False
Panjsher,2007,4,40.13281155037527,343.7094787137636,1.134894801824807,moderately_wet,False
Panjsher,2007,5,19.04370424354473,239.7823310400751,0.4495473539007588,near_normal,False
Panjsher,2007,6,20.84281521603268,80.01933100995268,-1.2712666893877453,moderate_drought,True
Panjsher,2007,7,6.729905056025372,46.61642451560278,-0.8068019843758407,near_normal,False
Panjsher,2007,8,0.8551268706001923,28.427847142658244,0.6170978823487958,near_normal,False
Panjsher,2007,9,2.7175687831342343,10.3026007097598,-1.2360144966017823,moderate_drought,True
Panjsher,2007,10,10.188463181784297,13.761158835518724,-1.2030154931306023,moderate_drought,True
Panjsher,2007,11,12.780164329565672,25.686196294484205,-2.055905846847652,extreme_drought,True
Panjsher,2007,12,27.378894945798347,50.347522457148315,-1.325696458413462,moderate_drought,True
Panjsher,2008,1,50.64557174173544,90.80463101709945,-0.588401874023724,near_normal,False
Panjsher,2008,2,42.571241958912296,120.59570864644608,-0.7925532128394427,near_normal,False
Panjsher,2008,3,42.63593323385037,135.8527469344981,-2.0053539589071874,extreme_drought,True
Panjsher,2008,4,109.45633136218343,194.6635065549461,-1.1002939560172178,moderate_drought,True
Panjsher,2008,5,19.57021412111052,171.66247871714435,-0.6672049554855732,near_normal,False
Panjsher,2008,6,8.216767988600623,137.2433134718946,0.37774107601140783,near_normal,False
Panjsher,2008,7,6.10137353666518,33.888355646376326,-1.646383649498694,severe_drought,True
Panjsher,2008,8,1.3772230280560849,15.695364553321888,-1.6024783546368284,severe_drought,True
Panjsher,2008,9,2.430701540238019,9.909298104959284,-1.338756551791697,moderate_drought,True
Panjsher,2008,10,16.439994230773497,20.2479187990676,-0.5573945381133745,near_normal,False
Panjsher,2008,11,29.27907057243857,48.14976634345008,-0.6903505792713703,near_normal,False
Panjsher,2008,12,22.231220584380885,67.95028538759296,-0.589159380556304,near_normal,False
Panjsher,2009,1,79.93091664699817,131.44120780381763,0.7898744814241248,near_normal,False
Panjsher,2009,2,118.38601189763536,220.5481491290144,1.0965037594464362,moderately_wet,False
Panjsher,2009,3,76.72952974840187,275.0464582930354,0.7321958412791292,near_normal,False
Panjsher,2009,4,113.4792277036188,308.594769349656,0.6778758605265189,near_normal,False
Panjsher,2009,5,54.25252557307008,244.46128302509078,0.5180048789690457,near_normal,False
Panjsher,2009,6,14.311149218737516,182.0429024954264,1.3669890823766329,moderately_wet,False
Panjsher,2009,7,6.456749267106583,75.02042405891417,0.6157281591875013,near_normal,False
Panjsher,2009,8,1.1208661420726718,21.88876462791677,-0.41255998629944846,near_normal,False
Panjsher,2009,9,3.8220888275104112,11.399704236689667,-0.963077330466527,near_normal,False
Panjsher,2009,10,18.449070440276667,23.39202540985975,-0.29580728195032363,near_normal,False
Panjsher,2009,11,45.66988738522042,67.9410466530075,0.17855905120491686,near_normal,False
Panjsher,2009,12,28.357519745167277,92.47647757066437,0.24486840428465653,near_normal,False
Panjsher,2010,1,42.57061615160889,116.59802328199659,0.3245332647902698,near_normal,False
Panjsher,2010,2,101.3640783693662,172.29221426614237,0.27749333433361184,near_normal,False
Panjsher,2010,3,63.65827999547448,207.59297451644957,-0.43517638234065664,near_normal,False
Panjsher,2010,4,62.28988813436831,227.31224649920898,-0.5315774325218868,near_normal,False
Panjsher,2010,5,63.86798017907985,189.81614830892264,-0.3440809135057757,near_normal,False
Panjsher,2010,6,14.925541593604796,141.08340990705295,0.4702029004246594,near_normal,False
Panjsher,2010,7,14.528660836694897,93.32218260937954,1.3488664409436388,moderately_wet,False
Panjsher,2010,8,5.371991633201501,34.82619406350119,1.4822266029348077,moderately_wet,False
Panjsher,2010,9,8.433347651783802,28.334000121680198,1.9465517345840446,very_wet,False
Panjsher,2010,10,9.051778203546872,22.857117488532175,-0.338536243427035,near_normal,False
Panjsher,2010,11,15.963336324070513,33.44846217940118,-1.5128187517128417,severe_drought,True
Panjsher,2010,12,9.5115513055791,34.52666583319649,-2.1630987971467484,extreme_drought,True
Panjsher,2011,1,20.25706280386127,45.73195043351088,-2.7535676781778475,extreme_drought,True
Panjsher,2011,2,111.22013651990116,140.98875062934152,-0.33919648805674485,near_normal,False
Panjsher,2011,3,69.83041818821687,201.3076175119793,-0.5562771119143194,near_normal,False
Panjsher,2011,4,55.790709153371495,236.84126386148952,-0.376133917113736,near_normal,False
Panjsher,2011,5,23.59776603539292,149.21889337698127,-1.1006261937570325,moderate_drought,True
Panjsher,2011,6,7.563846515886093,86.9523217046505,-1.0354175729397015,moderate_drought,True
Panjsher,2011,7,6.426461880474912,37.588074431753924,-1.3824848818108624,moderate_drought,True
Panjsher,2011,8,2.1480703267262866,16.138378723087293,-1.5075939804947982,severe_drought,True
Panjsher,2011,9,4.191566426503969,12.766098633705168,-0.64732733741559,near_normal,False
Panjsher,2011,10,53.99173949386052,60.33137624709077,1.7741054179419784,very_wet,False
Panjsher,2011,11,47.18839130713383,105.37169722749832,1.4422800809323726,moderately_wet,False
Panjsher,2011,12,9.264854331553265,110.44498513254761,0.765770960302767,near_normal,False
Panjsher,2012,1,37.57441351144856,94.02765915013566,-0.46549485031120036,near_normal,False
Panjsher,2012,2,74.34847246061429,121.18774030361612,-0.7786832537601976,near_normal,False
Panjsher,2012,3,78.65370811294767,190.57659408501053,-0.7690815956665029,near_normal,False
Panjsher,2012,4,52.18986624497115,205.1920468185331,-0.9102417905066523,near_normal,False
Panjsher,2012,5,45.65622450404952,176.49979886196834,-0.5789250525775222,near_normal,False
Panjsher,2012,6,9.27591341635016,107.12200416537083,-0.41541387917212214,near_normal,False
Panjsher,2012,7,7.975726591547754,62.90786451194743,0.06306516638197822,near_normal,False
Panjsher,2012,8,0.917379323196737,18.169019331094653,-1.0942808508383448,moderate_drought,True
Panjsher,2012,9,14.230022030332975,23.123127945077464,1.2161621087322843,moderately_wet,False
Panjsher,2012,10,28.244278061186236,43.391679414715945,0.975279330906198,near_normal,False
Panjsher,2012,11,22.63903713009134,65.11333722161055,0.06591419035727979,near_normal,False
Panjsher,2012,12,38.55665827255407,89.43997346383165,0.15037229475436992,near_normal,False
Panjsher,2013,1,24.65112298829007,85.84681839093548,-0.7833715773493443,near_normal,False
Panjsher,2013,2,131.6916771292546,194.89945839009874,0.6777621635390149,near_normal,False
Panjsher,2013,3,165.73264341207965,322.0754435296243,1.4376230990794339,moderately_wet,False
Panjsher,2013,4,72.77598986209892,370.20031040343315,1.4598451645917405,moderately_wet,False
Panjsher,2013,5,16.191366240480217,254.6999995146588,0.6648474066766071,near_normal,False
Panjsher,2013,6,9.540839023327328,98.50819512590647,-0.6695202439709573,near_normal,False
Panjsher,2013,7,10.109171403595674,35.84137666740322,-1.504696114475203,severe_drought,True
Panjsher,2013,8,2.691038503289376,22.341048930212377,-0.335173087965094,near_normal,False
Panjsher,2013,9,3.392314269455107,16.192524176340157,0.05439133037724918,near_normal,False
Panjsher,2013,10,21.11637720446309,27.199729977207575,-0.009310104924656356,near_normal,False
Panjsher,2013,11,51.04942927343983,75.55812074735803,0.467256517834188,near_normal,False
Panjsher,2013,12,33.338866413096646,105.50467289099956,0.6284867743579882,near_normal,False
Panjsher,2014,1,21.24174845472889,105.63004414126537,-0.0452207635409945,near_normal,False
Panjsher,2014,2,55.75563686754855,110.33625173537408,-1.0406898358012915,moderate_drought,True
Panjsher,2014,3,138.21502854111662,215.21241386339406,-0.2916401810800814,near_normal,False
Panjsher,2014,4,99.2363577704165,293.20702317908166,0.4667916830870851,near_normal,False
Panjsher,2014,5,60.32539142254885,297.776777734082,1.2434749192510046,moderately_wet,False
Panjsher,2014,6,12.139511888020056,171.70126108098538,1.15413376955621,moderately_wet,False
Panjsher,2014,7,9.111823238912988,81.57672654948186,0.8905491960035756,near_normal,False
Panjsher,2014,8,1.1663135838528975,22.417648710785915,-0.3221713919793237,near_normal,False
Panjsher,2014,9,1.5611910370795554,11.839327859845413,-0.8587875764109569,near_normal,False
Panjsher,2014,10,25.699211791940645,28.42671641287307,0.07720504429298804,near_normal,False
Panjsher,2014,11,25.38277769396316,52.64318052298333,-0.4743904125264695,near_normal,False
Panjsher,2014,12,10.466806661003115,61.548796146906895,-0.8398464682622766,near_normal,False
Panjsher,2015,1,25.962257173891665,61.81184152885791,-1.8575454541569212,severe_drought,True
Panjsher,2015,2,133.53672958172731,169.96579341662206,0.23437095005964279,near_normal,False
Panjsher,2015,3,149.32513242089198,308.8241191765109,1.246071699141939,moderately_wet,False
Panjsher,2015,4,61.88223205824109,344.74409406086033,1.1478864157089126,moderately_wet,False
Panjsher,2015,5,51.62683532867151,262.83419980780457,0.7787618553109003,near_normal,False
Panjsher,2015,6,10.01585896097916,123.52492634789174,0.03266985203047059,near_normal,False
Panjsher,2015,7,13.615241550533549,75.25793584018419,0.6259534680531078,near_normal,False
Panjsher,2015,8,2.5218024213998462,26.15290293291253,0.2787205088311687,near_normal,False
Panjsher,2015,9,6.579428315267046,22.71647228720041,1.1548632223223227,moderately_wet,False
Panjsher,2015,10,20.819243147535133,29.920473884201996,0.17921916664906315,near_normal,False
Panjsher,2015,11,66.75702754169228,94.15569900449444,1.099548967502099,moderately_wet,False
Panjsher,2015,12,23.12497061977321,110.7012413090006,0.7727811952821849,near_normal,False
Panjsher,2016,1,38.45874265255402,128.3407408140195,0.6956519247806277,near_normal,False
Panjsher,2016,2,16.005179454996664,77.58889272732388,-1.9596532680334935,severe_drought,True
Panjsher,2016,3,161.5347899602754,215.99871206782606,-0.2770234543421782,near_normal,False
Panjsher,2016,4,89.32937048098212,266.86933989625413,0.08778337772801047,near_normal,False
Panjsher,2016,5,55.6632238509473,306.5273842922048,1.354230450120136,moderately_wet,False
Panjsher,2016,6,16.865582177976115,161.85817650990555,0.9436557128824951,near_normal,False
Panjsher,2016,7,9.317659731967384,81.8464657608908,0.901540943879857,near_normal,False
Panjsher,2016,8,2.997998055452874,29.181239965396372,0.7252012449779189,near_normal,False
Panjsher,2016,9,2.3475168071359405,14.663174594556198,-0.24504329870488314,near_normal,False
Panjsher,2016,10,11.860230718113222,17.205745580702036,-0.8387164254342453,near_normal,False
Panjsher,2016,11,40.96522261165672,55.17297013690588,-0.35828859997162393,near_normal,False
Panjsher,2016,12,16.90038014872493,69.72583347849488,-0.5225054407942685,near_normal,False
Panjsher,2017,1,71.76307305432394,129.6286758147056,0.7349717178516179,near_normal,False
Panjsher,2017,2,202.861188153358,291.52464135640685,2.1113856255339534,extremely_wet,False
Panjsher,2017,3,49.76867487531525,324.3929360829972,1.4705937609589534,moderately_wet,False
Panjsher,2017,4,37.8732305957244,290.50309362439765,0.4289488217625118,near_normal,False
Panjsher,2017,5,43.26916810131669,130.91107357235634,-1.4887462753072558,moderate_drought,True
Panjsher,2017,6,9.62565815482115,90.76805685186224,-0.9111018974430162,near_normal,False
Panjsher,2017,7,19.97210783429352,72.86693409043136,0.5220289169224755,near_normal,False
Panjsher,2017,8,3.2223410404884425,32.820107029603115,1.2230536323352772,moderately_wet,False
Panjsher,2017,9,4.405069489483648,27.599518364265613,1.8491366497751072,very_wet,False
Panjsher,2017,10,11.14269084141123,18.77010137138332,-0.6900940642041162,near_normal,False
Panjsher,2017,11,41.19181766651828,56.73957799741316,-0.28819046116064095,near_normal,False
Panjsher,2017,12,32.13018991970981,84.46469842763932,-0.009194083679109379,near_normal,False
Panjsher,2018,1,10.580294371070082,83.90230195729816,-0.8619318272160874,near_normal,False
Panjsher,2018,2,90.10542171483034,132.81590600561023,-0.5151650468237617,near_normal,False
Panjsher,2018,3,118.28909848088996,218.97481456679037,-0.22202115846939166,near_normal,False
Panjsher,2018,4,74.48039666487334,282.87491686059366,0.3209152810368429,near_normal,False
Panjsher,2018,5,78.49641285706844,271.26590800283174,0.8944270644660532,near_normal,False
Panjsher,2018,6,24.33579092071332,177.3126004426551,1.270628065766795,moderately_wet,False
Panjsher,2018,7,12.25523004841214,115.08743382619389,2.1083018024136555,extremely_wet,False
Panjsher,2018,8,2.4269574152380997,39.01797838436356,1.9941172722764806,very_wet,False
Panjsher,2018,9,7.581156876735428,22.263344340385668,1.0857142564133655,moderately_wet,False
Panjsher,2018,10,90.16375345670988,100.17186774868341,3.2130486448273787,extremely_wet,False
Panjsher,2018,11,29.578988337245622,127.32389867069094,2.050807642771073,extremely_wet,False
Panjsher,2018,12,33.028101238630775,152.7708430325863,1.8048357323538986,very_wet,False
Panjsher,2019,1,62.94799030194908,125.55507987782548,0.6097104488170326,near_normal,False
Panjsher,2019,2,142.77838473042095,238.7544762710008,1.3748339836077326,moderately_wet,False
Panjsher,2019,3,113.67177957875106,319.3981546111211,1.3993412436816424,moderately_wet,False
Panjsher,2019,4,112.60872491871967,369.05888922789165,1.4461612529907422,moderately_wet,False
Panjsher,2019,5,28.707470996192203,254.98797549366293,0.6689208428320379,near_normal,False
Panjsher,2019,6,16.610335021298656,157.92653093621053,0.857250075446649,near_normal,False
Panjsher,2019,7,11.646095732835963,56.963901750326826,-0.2344254020743635,near_normal,False
Panjsher,2019,8,2.787487636807637,31.043918390942256,0.9848226941511489,near_normal,False
Panjsher,2019,9,1.7158468003025529,16.149430169946154,0.046219292878297576,near_normal,False
Panjsher,2019,10,40.23431331687174,44.73764775398193,1.0453906099906887,moderately_wet,False
Panjsher,2019,11,64.28828900143961,106.2384491186139,1.4677683774982073,moderately_wet,False
Panjsher,2019,12,10.800111779714433,115.32271409802578,0.897427160864393,near_normal,False
Panjsher,2020,1,56.49716411464006,131.5855648957941,0.7942257163327135,near_normal,False
Panjsher,2020,2,78.21948198318377,145.51675787753825,-0.24465722225679837,near_normal,False
Panjsher,2020,3,118.41855494562546,253.13520104344929,0.3762415332092849,near_normal,False
Panjsher,2020,4,128.45840776084785,325.09644468965706,0.8966731882977481,near_normal,False
Panjsher,2020,5,61.78498859090911,308.6619512973824,1.380935758584624,moderately_wet,False
Panjsher,2020,6,14.3315229312678,204.57491928302477,1.8050948077921976,very_wet,False
Panjsher,2020,7,11.61631209707516,87.73282361925207,1.135745701510441,moderately_wet,False
Panjsher,2020,8,2.6610645722790385,28.608899600622,0.6432475454635991,near_normal,False
Panjsher,2020,9,5.255950174115121,19.533326843469318,0.6483502676865256,near_normal,False
Panjsher,2020,10,10.516515173812968,18.43352992020713,-0.7213212195633573,near_normal,False
Panjsher,2020,11,73.59477736221218,89.36724271014027,0.9451668520177248,near_normal,False
Panjsher,2020,12,21.90944757267532,106.02074010870048,0.6430222631844367,near_normal,False
Panjsher,2021,1,12.035640599260669,107.53986553414818,0.02094561107777749,near_normal,False
Panjsher,2021,2,31.9595799417895,65.90466811372548,-2.3543503922971105,extreme_drought,True
Panjsher,2021,3,145.99581078328114,189.9910313243313,-0.7809250039173947,near_normal,False
Panjsher,2021,4,49.819407404448064,227.77479812951873,-0.5239314662554917,near_normal,False
Panjsher,2021,5,39.34146301879274,235.15668120652194,0.3809959724540181,near_normal,False
Panjsher,2021,6,12.035161788648953,101.19603221188976,-0.5886641119041756,near_normal,False
Panjsher,2021,7,11.081745599483332,62.45837040692502,0.04124345666202234,near_normal,False
Panjsher,2021,8,1.4589726337913975,24.575880021923684,0.03251356477181873,near_normal,False
Panjsher,2021,9,3.5326420093565503,16.07336024263128,0.031758315059135046,near_normal,False
Panjsher,2021,10,26.91963911363071,31.911253756778656,0.3100299323428733,near_normal,False
Panjsher,2021,11,17.733692934547722,48.18597405753498,-0.6885564194627227,near_normal,False
Panjsher,2021,12,32.6297052522581,77.28303730043653,-0.25103586695793484,near_normal,False
Panjsher,2022,1,63.81285747568966,114.17625566249549,0.24494934710505872,near_normal,False
Panjsher,2022,2,64.7325793109659,161.17514203891366,0.06778859147275991,near_normal,False
Panjsher,2022,3,86.90290794703046,215.448344733686,-0.2872506312546069,near_normal,False
Panjsher,2022,4,39.53369700043872,191.16918425843505,-1.1649217062146189,moderate_drought,True
Panjsher,2022,5,41.16180346479074,167.59840841225991,-0.7426900433102813,near_normal,False
Panjsher,2022,6,13.50925699298818,94.20475745821764,-0.8021661185044362,near_normal,False
Panjsher,2022,7,15.088181616665718,69.75924207444463,0.38353505146505273,near_normal,False
Panjsher,2022,8,4.734997885711476,33.33243649536537,1.2902011854436468,moderately_wet,False
Panjsher,2022,9,4.736619760268573,24.559799262645768,1.427299186610969,moderately_wet,False
Panjsher,2022,10,12.630930980990357,22.102548626970403,-0.3999881500192267,near_normal,False
Panjsher,2022,11,46.03870195148338,63.406252692742314,-0.0036791298261610052,near_normal,False
Panjsher,2022,12,11.55138943647152,70.22102236894526,-0.5041224810055833,near_normal,False
Panjsher,2023,1,46.98322401942478,104.57331540737968,-0.08217577142203042,near_normal,False
Panjsher,2023,2,107.57500565036756,166.10961910626386,0.16202062425690866,near_normal,False
Panjsher,2023,3,42.7588159679399,197.31704563773226,-0.6344951379333139,near_normal,False
Panjsher,2023,4,24.611646213314696,174.94546783162215,-1.4761021395712424,moderate_drought,True
Panjsher,2023,5,31.67218750229965,99.04264968355425,-2.266468362935118,extreme_drought,True
Panjsher,2023,6,10.174724762595549,66.4585584782099,-1.7771908512113879,severe_drought,True
Panjsher,2023,7,10.632104589714038,52.479016854609235,-0.47303369844945725,near_normal,False
Panjsher,2023,8,1.5895017825172073,22.396331134826795,-0.3257867344186959,near_normal,False
Panjsher,2023,9,4.478914132458386,16.70052050468963,0.14964829875085653,near_normal,False
Panjsher,2023,10,14.66172403124141,20.730139946217005,-0.5155448419255344,near_normal,False
Panjsher,2023,11,17.31084030096677,36.451478464666565,-1.3268072762009027,moderate_drought,True
Panjsher,2023,12,13.416963815190046,45.38952814739823,-1.5650974705126168,severe_drought,True
Parwan,2001,1,21.14580909540406,,,,False
Parwan,2001,2,38.33789527493499,,,,False
Parwan,2001,3,112.37699821041689,171.86070258075594,-1.2775951927436728,moderate_drought,True
Parwan,2001,4,65.01277828574689,215.72767177109876,-0.9602861822819098,near_normal,False
Parwan,2001,5,38.33166885034079,215.7214453465046,-0.29097481998766794,near_normal,False
Parwan,2001,6,3.020624120198792,106.36507125628647,-0.6809822003266219,near_normal,False
Parwan,2001,7,2.127773076218071,43.480066046757656,-0.4968824742322781,near_normal,False
Parwan,2001,8,0.3200111015752878,5.46840829799215,-0.5295619142951917,near_normal,False
Parwan,2001,9,2.5521285364580444,4.999912714251403,-0.29396003124152287,near_normal,False
Parwan,2001,10,12.164618195058845,15.036757833092176,0.28848267737064487,near_normal,False
Parwan,2001,11,22.993856553733316,37.7106032852502,-0.4863881140778952,near_normal,False
Parwan,2001,12,31.69341749135865,66.85189224015082,-0.3490347806321686,near_normal,False
Parwan,2002,1,35.32842338902992,90.01569743412189,-0.803425053444436,near_normal,False
Parwan,2002,2,110.60369437074635,177.62553525113492,-0.06938278097038127,near_normal,False
Parwan,2002,3,124.17316089756982,270.1052786573461,0.2235357905391685,near_normal,False
Parwan,2002,4,135.9273422752713,370.7041975435875,0.8732105442266672,near_normal,False
Parwan,2002,5,34.293937027898835,294.39444020073995,0.6585362690069957,near_normal,False
Parwan,2002,6,4.552002103501636,174.77328140667174,0.7491402136504279,near_normal,False
Parwan,2002,7,1.7738802851889248,40.619819416589394,-0.6457691061178775,near_normal,False
Parwan,2002,8,0.3168898720256735,6.642772260716234,-0.1603673184765043,near_normal,False
Parwan,2002,9,2.624986478937541,4.71575663615214,-0.41159777030992695,near_normal,False
Parwan,2002,10,6.133841493933391,9.075717844896605,-0.6486531356529558,near_normal,False
Parwan,2002,11,28.229739135374366,36.9885671082453,-0.5288358629391279,near_normal,False
Parwan,2002,12,36.657125205057135,71.02070583436489,-0.18452231254905704,near_normal,False
Parwan,2003,1,43.23729388854765,108.12415822897916,-0.23529584524064448,near_normal,False
Parwan,2003,2,115.17120877673716,195.06562787034196,0.22815787854556588,near_normal,False
Parwan,2003,3,131.97572128046446,290.3842239457492,0.4852660855879069,near_normal,False
Parwan,2003,4,85.99574059857744,333.14267065577906,0.4847267722233401,near_normal,False
Parwan,2003,5,44.82134678512216,262.79280866416406,0.3002490031113178,near_normal,False
Parwan,2003,6,2.8337055815115977,133.6507929652112,-0.052470689030972406,near_normal,False
Parwan,2003,7,2.166629504298625,49.82168187093238,-0.18911868612842897,near_normal,False
Parwan,2003,8,0.1516066560880767,5.151941741898299,-0.6382387075936806,near_normal,False
Parwan,2003,9,2.12886779565024,4.447103956036942,-0.5273547752449808,near_normal,False
Parwan,2003,10,7.693847437882836,9.974321889621153,-0.4846871830710208,near_normal,False
Parwan,2003,11,47.407023636930376,57.22973887046345,0.49761756752415826,near_normal,False
Parwan,2003,12,25.635695342473337,80.73656641728655,0.17517529618296696,near_normal,False
Parwan,2004,1,54.43611943700574,127.47883841640946,0.30497156299944167,near_normal,False
Parwan,2004,2,60.71777980948046,140.78959458895955,-0.769473905301629,near_normal,False
Parwan,2004,3,24.494467235730863,139.64836648221706,-1.898402407181706,severe_drought,True
Parwan,2004,4,76.50676164061288,161.7190086858242,-1.8141355884379056,severe_drought,True
Parwan,2004,5,38.84533780031297,139.84656667665672,-1.464961480129017,moderate_drought,True
Parwan,2004,6,1.9713210638352985,117.32342050476115,-0.41676395973470665,near_normal,False
Parwan,2004,7,1.4152142418279807,42.23187310597625,-0.5610050628999425,near_normal,False
Parwan,2004,8,0.2505673873996182,3.6371026930628974,-1.2351573363081687,moderate_drought,True
Parwan,2004,9,1.518432129806233,3.184213759033832,-1.148072372022328,moderate_drought,True
Parwan,2004,10,12.229530579226592,13.998530096432443,0.1461446568986707,near_normal,False
Parwan,2004,11,17.54187942689726,31.289842135930087,-0.8856494471030766,near_normal,False
Parwan,2004,12,54.41811124557395,84.1895212516978,0.29602196971416245,near_normal,False
Parwan,2005,1,49.86619162826531,121.82618230073652,0.1532002615808152,near_normal,False
Parwan,2005,2,90.73914789164051,195.0234507654798,0.22746013873997653,near_normal,False
Parwan,2005,3,88.50381434827406,229.1091538681799,-0.34860001057271506,near_normal,False
Parwan,2005,4,47.036671312257305,226.2796335521719,-0.8112580006986372,near_normal,False
Parwan,2005,5,52.28419811446303,187.8246837749944,-0.6835962983888924,near_normal,False
Parwan,2005,6,8.100815622233839,107.42168504895419,-0.654720197452068,near_normal,False
Parwan,2005,7,1.190428066481707,61.57544180317859,0.317746153387992,near_normal,False
Parwan,2005,8,0.1729923424915953,9.464236031207156,0.5747181636928569,near_normal,False
Parwan,2005,9,1.4248292699815637,2.7882496789548803,-1.3781213075424854,moderate_drought,True
Parwan,2005,10,2.430841249366163,4.0286628618393365,-1.8862119665912327,severe_drought,True
Parwan,2005,11,28.27876541808097,32.13443593742871,-0.8300822252439763,near_normal,False
Parwan,2005,12,15.016566658133184,45.726173325580326,-1.312763935892396,moderate_drought,True
Parwan,2006,1,86.55860732742934,129.8539394036435,0.36740930362542423,near_normal,False
Parwan,2006,2,69.21719551131044,170.792369496873,-0.19129229161098887,near_normal,False
Parwan,2006,3,80.81136388074303,236.5871667194828,-0.23939367862916328,near_normal,False
Parwan,2006,4,55.91188697492941,205.94044636698288,-1.10304663367774,moderate_drought,True
Parwan,2006,5,17.53830217530641,154.26155303097886,-1.2129283914231292,moderate_drought,True
Parwan,2006,6,1.4043770256446462,74.85456617588048,-1.5639323753338445,severe_drought,True
Parwan,2006,7,1.3010100816685093,20.243689282619577,-2.006025775522386,extreme_drought,True
Parwan,2006,8,0.2937464997701013,2.999133607083271,-1.5405867532251538,severe_drought,True
Parwan,2006,9,2.205367646014566,3.800124227453191,-0.827369805941225,near_normal,False
Parwan,2006,10,9.05711731042851,11.55623145621319,-0.21913512790964573,near_normal,False
Parwan,2006,11,55.45468424737862,66.71716920382171,0.8956195446181189,near_normal,False
Parwan,2006,12,70.46595128558938,134.97775284339653,1.785939783909516,very_wet,False
Parwan,2007,1,19.350070615820897,145.27070614878892,0.7553998064236256,near_normal,False
Parwan,2007,2,115.57329586867444,205.38931777008474,0.3960171780395679,near_normal,False
Parwan,2007,3,161.28265334274602,296.2060198272414,0.5581596961851365,near_normal,False
Parwan,2007,4,38.62467437958114,315.48062359100163,0.29201376673779755,near_normal,False
Parwan,2007,5,25.06471171384765,224.97203943617484,-0.16840886050208678,near_normal,False
Parwan,2007,6,9.587027242835871,73.27641333626468,-1.614518551693711,severe_drought,True
Parwan,2007,7,1.0369948576825418,35.68873381436609,-0.9203585720608427,near_normal,False
Parwan,2007,8,0.1320654041852526,10.756087504703695,0.8629316753359527,near_normal,False
Parwan,2007,9,1.6146163683211892,2.783676630189012,-1.3809099829094156,moderate_drought,True
Parwan,2007,10,3.7485869953388375,5.495268767845308,-1.4463052889542287,moderate_drought,True
Parwan,2007,11,11.514449236465936,16.87765260012599,-2.058162635396985,extreme_drought,True
Parwan,2007,12,32.9472340062608,48.210270238065604,-1.1852414701313274,moderate_drought,True
Parwan,2008,1,58.81362532962638,103.27530857235314,-0.3806793806287103,near_normal,False
Parwan,2008,2,47.03691032603152,138.79776966191872,-0.810718896982441,near_normal,False
Parwan,2008,3,38.94806903499319,144.79860469065113,-1.7928667994504266,severe_drought,True
Parwan,2008,4,132.15583693106598,218.1408162920907,-0.9257722639769917,near_normal,False
Parwan,2008,5,26.717448652426544,197.82135461848574,-0.5386156835231943,near_normal,False
Parwan,2008,6,1.8230093344125056,160.69629491790502,0.4903443648490501,near_normal,False
Parwan,2008,7,1.2344597641085997,29.77491775094768,-1.2869751226248514,moderate_drought,True
Parwan,2008,8,0.228951332296767,3.2864204308179006,-1.3978012722209698,moderate_drought,True
Parwan,2008,9,2.420448988286308,3.883860084691703,-0.7866413674805571,near_normal,False
Parwan,2008,10,7.321964826971093,9.971365147554195,-0.48520965127071336,near_normal,False
Parwan,2008,11,19.29003523040872,29.032449045666148,-1.0394640690842032,moderate_drought,True
Parwan,2008,12,22.802292746632137,49.41429280401198,-1.1250725202373135,moderate_drought,True
Parwan,2009,1,92.7304468009165,134.8227747779574,0.4956279015634746,near_normal,False
Parwan,2009,2,122.47360599503916,238.00634554258784,0.8923078456398951,near_normal,False
Parwan,2009,3,101.4755069384898,316.6795597344455,0.8072521285256781,near_normal,False
Parwan,2009,4,104.84166406980329,328.7907770033323,0.4378827880849546,near_normal,False
Parwan,2009,5,53.00335311324492,259.320524121538,0.2591754619569363,near_normal,False
Parwan,2009,6,5.408045221416168,163.25306240446443,0.5384271069181354,near_normal,False
Parwan,2009,7,1.172568533985514,59.58396686864664,0.23671307110315817,near_normal,False
Parwan,2009,8,0.2984969643766709,6.879110719778395,-0.09154536409546833,near_normal,False
Parwan,2009,9,3.653448145202265,5.124513643564493,-0.2438084387840055,near_normal,False
Parwan,2009,10,11.434072015802917,15.386017125381896,0.3348924926566628,near_normal,False
Parwan,2009,11,37.70763706710328,52.7951572281085,0.296582968321759,near_normal,False
Parwan,2009,12,33.71349628444681,82.85520536735305,0.2497210986200719,near_normal,False
Parwan,2010,1,40.59957982037399,112.02071317192411,-0.12161296426001318,near_normal,False
Parwan,2010,2,116.61975740900408,190.93283351382493,0.15930620474464302,near_normal,False
Parwan,2010,3,72.07921445453657,229.2985516839147,-0.3458047080491873,near_normal,False
Parwan,2010,4,75.23861253355759,263.93758439709825,-0.31507075478131885,near_normal,False
Parwan,2010,5,77.892457239536,225.21028422763018,-0.16529741233788012,near_normal,False
Parwan,2010,6,6.530379998430754,159.6614497715244,0.470739540508946,near_normal,False
Parwan,2010,7,3.3960109323021275,87.81884817026892,1.2535803846322224,moderately_wet,False
Parwan,2010,8,3.145081274349234,13.071472205082157,1.3278349754525043,moderately_wet,False
Parwan,2010,9,2.6450839860481623,9.186176192699566,1.0741768327016963,moderately_wet,False
Parwan,2010,10,5.828813076156047,11.618978336553486,-0.20912767616355282,near_normal,False
Parwan,2010,11,9.602554856003,18.07645191820725,-1.937773334251468,severe_drought,True
Parwan,2010,12,12.003154456193204,27.434522388352292,-2.4475619983575996,extreme_drought,True
Parwan,2011,1,14.908279038290669,36.51398835048692,-3.182019785670811,extreme_drought,True
Parwan,2011,2,108.5488452715564,135.46027876604032,-0.8807459712064052,near_normal,False
Parwan,2011,3,57.67761603903721,181.13474034888432,-1.1140233986560784,moderate_drought,True
Parwan,2011,4,64.45299995164169,230.67946126223535,-0.7505194666602573,near_normal,False
Parwan,2011,5,29.55947993295502,151.69009592363395,-1.2566497976509603,moderate_drought,True
Parwan,2011,6,1.9640015359771836,95.97648142057392,-0.9492393703166805,near_normal,False
Parwan,2011,7,1.2463614460209391,32.76984291495317,-1.0955182191512778,moderate_drought,True
Parwan,2011,8,0.2544839663023068,3.464846948300458,-1.313578567965234,moderate_drought,True
Parwan,2011,9,2.2759715049179343,3.7768169172412085,-0.8388170725395628,near_normal,False
Parwan,2011,10,23.367660327709476,25.898115798929744,1.493046610525331,moderately_wet,False
Parwan,2011,11,38.5776745919767,64.22130642460414,0.7947068014785688,near_normal,False
Parwan,2011,12,13.005970577512327,74.95130549719853,-0.035262457353526136,near_normal,False
Parwan,2012,1,38.54453228987892,90.12817745936798,-0.7996662629389715,near_normal,False
Parwan,2012,2,74.13343890342313,125.6839417708144,-1.0929382463482078,moderate_drought,True
Parwan,2012,3,71.26994063265501,183.94791182595708,-1.0655478963129519,moderate_drought,True
Parwan,2012,4,69.57152509417521,214.97490463025338,-0.9711066956295051,near_normal,False
Parwan,2012,5,48.12390595290736,188.9653716797376,-0.6667912520066228,near_normal,False
Parwan,2012,6,2.1965252356487923,119.89195628273137,-0.35727967330291655,near_normal,False
Parwan,2012,7,2.115772171879969,52.43620336043613,-0.06995138613332734,near_normal,False
Parwan,2012,8,0.1348185343680418,4.447115941896818,-0.8980671198078382,near_normal,False
Parwan,2012,9,7.087594764627936,9.338185470875962,1.1152068905077515,moderately_wet,False
Parwan,2012,10,10.304043519537773,17.526456818533767,0.605120366768517,near_normal,False
Parwan,2012,11,26.271825192235653,43.663463476401375,-0.1558806546813144,near_normal,False
Parwan,2012,12,38.96198483796499,75.53785354973843,-0.013442592250012804,near_normal,False
Parwan,2013,1,35.74326419494237,100.97707422514303,-0.4512001738975722,near_normal,False
Parwan,2013,2,161.9429608338003,236.64820986670767,0.8725659866031978,near_normal,False
Parwan,2013,3,168.6856482542268,366.3718732829695,1.3708605527750741,moderately_wet,False
Parwan,2013,4,133.33808590035355,463.9666949883807,1.7377472060033223,very_wet,False
Parwan,2013,5,22.001922060133385,324.02565621471376,0.972177252542711,near_normal,False
Parwan,2013,6,1.7282969675992126,157.06830492808615,0.42124184062593667,near_normal,False
Parwan,2013,7,1.7864951776532336,25.51671420538583,-1.5841365369570757,severe_drought,True
Parwan,2013,8,0.5439131401395264,4.058705285391973,-1.0537652191579832,moderate_drought,True
Parwan,2013,9,2.496058506028428,4.826466823821188,-0.3652055405669679,near_normal,False
Parwan,2013,10,11.25427186236956,14.294243508537514,0.1873827873730308,near_normal,False
Parwan,2013,11,50.34038858902335,64.09071895742133,0.7893570539877477,near_normal,False
Parwan,2013,12,34.827722729476406,96.42238318086932,0.6994793806522348,near_normal,False
Parwan,2014,1,33.499517065895404,118.66762838439516,0.0663444756760611,near_normal,False
Parwan,2014,2,71.84010790674236,140.16734770211417,-0.7823157837512783,near_normal,False
Parwan,2014,3,166.72412385383984,272.0637488264776,0.2493699779129316,near_normal,False
Parwan,2014,4,135.58766857823568,374.1519003388179,0.90754980708035,near_normal,False
Parwan,2014,5,84.28689949396647,386.59869192604197,1.5778671401089197,very_wet,False
Parwan,2014,6,5.07119794133175,224.9457660135339,1.5740286793027525,very_wet,False
Parwan,2014,7,1.7378834215088368,91.09598085680706,1.3569665735248362,moderately_wet,False
Parwan,2014,8,0.1097191645218568,6.9188005273624436,-0.08014483935865371,near_normal,False
Parwan,2014,9,1.7956653584761653,3.6432679445068588,-0.9053750102562742,near_normal,False
Parwan,2014,10,11.12522422145087,13.030608744448891,0.006946381466673016,near_normal,False
Parwan,2014,11,23.147599494385094,36.068489074312126,-0.583755241860142,near_normal,False
Parwan,2014,12,16.140784664069876,50.41360837990584,-1.0759011984947675,moderate_drought,True
Parwan,2015,1,28.297590050812683,67.58597420926765,-1.6284781088464348,severe_drought,True
Parwan,2015,2,139.658173233822,184.09654794870454,0.04320182675100393,near_normal,False
Parwan,2015,3,167.57277195715596,335.5285352417907,1.0274001764526866,moderately_wet,False
Parwan,2015,4,91.48669549233632,398.7176406833143,1.1464382844057992,moderately_wet,False
Parwan,2015,5,75.27276207798847,334.33222952748076,1.0768641311429945,moderately_wet,False
Parwan,2015,6,1.9242458409184304,168.68370341124321,0.6389346692752912,near_normal,False
Parwan,2015,7,3.467728169427931,80.66473608833483,1.0189206801352784,moderately_wet,False
Parwan,2015,8,0.4264483041464077,5.818422314492769,-0.41428846821593557,near_normal,False
Parwan,2015,9,3.402476800130578,7.296653273704917,0.5227274079663474,near_normal,False
Parwan,2015,10,14.338019922851348,18.166945027128335,0.6817313540592571,near_normal,False
Parwan,2015,11,66.67258823661565,84.41308495959758,1.5492910746452246,very_wet,False
Parwan,2015,12,27.63711892335878,108.6477270828258,1.0703839326486337,moderately_wet,False
Parwan,2016,1,58.03230635171828,152.3420135116927,0.924325476089065,near_normal,False
Parwan,2016,2,22.58525084914492,108.25467612422199,-1.5014427010299953,severe_drought,True
Parwan,2016,3,164.4808215785041,245.0983787793673,-0.11788605277591847,near_normal,False
Parwan,2016,4,106.01120728808016,293.0772797157292,0.036967768537581415,near_normal,False
Parwan,2016,5,72.42364046169993,342.9156693282842,1.1624585860726986,moderately_wet,False
Parwan,2016,6,6.119525382350861,184.55437313213096,0.9210069634127724,near_normal,False
Parwan,2016,7,2.181686195948524,80.72485203999932,1.0209474588284766,moderately_wet,False
Parwan,2016,8,0.3840904941071156,8.6853020724065,0.3882621093298056,near_normal,False
Parwan,2016,9,1.7855751991483944,4.351351889204034,-0.5697697860706787,near_normal,False
Parwan,2016,10,5.63278321554243,7.80244890879794,-0.9015128984519488,near_normal,False
Parwan,2016,11,45.91211669401683,53.33047510870765,0.32142974857734624,near_normal,False
Parwan,2016,12,19.768263049937605,71.31316295949686,-0.17322819541891787,near_normal,False
Parwan,2017,1,88.83953520465793,154.51991494861238,0.9753172102302198,near_normal,False
Parwan,2017,2,242.34602017882435,350.9538184334199,2.329806798601946,extremely_wet,False
Parwan,2017,3,59.4963856409988,390.6819410244811,1.6285713322249709,very_wet,False
Parwan,2017,4,51.6932325873466,353.53563840716976,0.6990191380279055,near_normal,False
Parwan,2017,5,53.48228269452435,164.67190092286978,-1.040914210095612,moderate_drought,True
Parwan,2017,6,1.7398152689669557,106.91533055083794,-0.6672834593234473,near_normal,False
Parwan,2017,7,13.937213073486705,69.15931103697804,0.6113632751951816,near_normal,False
Parwan,2017,8,0.116831656499565,15.793859998953254,1.8114172296950262,very_wet,False
Parwan,2017,9,2.144671046940192,16.19871577692649,2.645303538380774,extremely_wet,False
Parwan,2017,10,4.422132574703688,6.683635278143473,-1.1488616891965737,moderate_drought,True
Parwan,2017,11,49.04920624103661,55.616009862680514,0.4256940603169978,near_normal,False
Parwan,2017,12,46.29483615105352,99.76617496679384,0.8038409781479271,near_normal,False
Parwan,2018,1,13.853400708846657,109.1974431009368,-0.20371152292321495,near_normal,False
Parwan,2018,2,120.9171763271034,181.06541318700363,-0.009199497310093957,near_normal,False
Parwan,2018,3,150.8980493721455,285.6686264080956,0.4255119904780898,near_normal,False
Parwan,2018,4,98.9366035825324,370.7518292817813,0.8736863792718375,near_normal,False
Parwan,2018,5,91.332463512451,341.16711646712895,1.1451357093662398,moderately_wet,False
Parwan,2018,6,9.969350826984892,200.2384179219683,1.1846147087894718,moderately_wet,False
Parwan,2018,7,4.3719633947080805,105.673777734144,1.790125817635805,very_wet,False
Parwan,2018,8,0.8083415812075945,15.149655802900595,1.7020674705606775,very_wet,False
Parwan,2018,9,2.3207802345338537,7.501085210449557,0.5865926477333179,near_normal,False
Parwan,2018,10,41.361841463692535,44.49096327943401,2.9556520549001353,extremely_wet,False
Parwan,2018,11,29.148091329714404,72.83071302794082,1.1328560005669472,moderately_wet,False
Parwan,2018,12,59.88618805577201,130.39612084917897,1.668314785773775,very_wet,False
Parwan,2019,1,94.00291722836758,183.037196613854,1.6036847273548058,very_wet,False
Parwan,2019,2,182.5871988516876,336.4763041358272,2.1639881958578098,extremely_wet,False
Parwan,2019,3,127.05155973021758,403.6416758102728,1.7617460488200534,very_wet,False
Parwan,2019,4,119.234730554818,428.8734891367232,1.4269395018099844,moderately_wet,False
Parwan,2019,5,34.436293155268594,280.7225834403042,0.5068101344650168,near_normal,False
Parwan,2019,6,7.622534746010025,161.29355845609666,0.5016214493594351,near_normal,False
Parwan,2019,7,6.029058412743533,48.08788631402218,-0.27048867598826304,near_normal,False
Parwan,2019,8,0.1159554962774493,13.767548655031035,1.4571352800990822,moderately_wet,False
Parwan,2019,9,1.7477396372197662,7.892753546240777,0.7058330097051365,near_normal,False
Parwan,2019,10,19.561174138120137,21.424869271617382,1.0464288380314941,moderately_wet,False
Parwan,2019,11,60.40876879275471,81.71768256809463,1.4558187851618538,moderately_wet,False
Parwan,2019,12,16.395861920114942,96.36580485098982,0.6976932887884587,near_normal,False
Parwan,2020,1,87.28644763801798,164.09107835088764,1.1940206295505473,moderately_wet,False
Parwan,2020,2,89.47978522576383,193.1620947838968,0.19656711439797556,near_normal,False
Parwan,2020,3,156.19556696158455,332.96179982536637,0.9979056753460891,near_normal,False
Parwan,2020,4,175.77194533376257,421.44729752111095,1.3590811659750066,moderately_wet,False
Parwan,2020,5,81.45916283671971,413.42667513206686,1.818189723729001,very_wet,False
Parwan,2020,6,4.887988566324076,262.11909673680634,2.111305956565307,extremely_wet,False
Parwan,2020,7,3.741579496563244,90.08873089960703,1.325447947186194,moderately_wet,False
Parwan,2020,8,0.3761156901482559,9.005683753035576,0.46623506506795004,near_normal,False
Parwan,2020,9,2.865103659283672,6.9827988459951715,0.42234540980910457,near_normal,False
Parwan,2020,10,5.511035829297243,8.752255178729172,-0.710421381702333,near_normal,False
Parwan,2020,11,75.90047327778495,84.27661276636587,1.5446045828321118,very_wet,False
Parwan,2020,12,36.86302184824734,118.27453095532954,1.3437660175397996,moderately_wet,False
Parwan,2021,1,13.252795645420145,126.01629077145245,0.2661387356519455,near_normal,False
Parwan,2021,2,41.75679200870413,91.87260950237162,-1.9297229690608062,severe_drought,True
Parwan,2021,3,152.45545054622292,207.46503820034718,-0.6789081152975349,near_normal,False
Parwan,2021,4,74.20423064277996,268.41647319770703,-0.2593185348688012,near_normal,False
Parwan,2021,5,56.634468461668895,283.2941496506718,0.5357144178874004,near_normal,False
Parwan,2021,6,1.972335273630356,132.8110343780792,-0.07045323108995387,near_normal,False
Parwan,2021,7,7.924631491760303,66.53143522705956,0.5121416207911811,near_normal,False
Parwan,2021,8,0.1106176694751616,10.007584434865821,0.6988874412014857,near_normal,False
Parwan,2021,9,2.73322818598906,10.768477347224524,1.4818083247277491,moderately_wet,False
Parwan,2021,10,15.11711302263987,17.96095887810409,0.657288108993748,near_normal,False
Parwan,2021,11,16.33678772743388,34.187128936062805,-0.6991167195293903,near_normal,False
Parwan,2021,12,47.027746711205495,78.48164746127924,0.09438950502317651,near_normal,False
Parwan,2022,1,81.32179061142563,144.686325050065,0.7412005744843592,near_normal,False
Parwan,2022,2,74.54376910197936,202.89330642461047,0.3559551165536762,near_normal,False
Parwan,2022,3,79.35834217411377,235.22390188751876,-0.25912741486425017,near_normal,False
Parwan,2022,4,50.46005522614517,204.36216650223832,-1.126501920844318,moderate_drought,True
Parwan,2022,5,51.70667376014157,181.5250711604005,-0.777682276648272,near_normal,False
Parwan,2022,6,4.346835375749151,106.5135643620359,-0.6772806956673616,near_normal,False
Parwan,2022,7,4.490715863339397,60.54422499923012,0.2760067756089059,near_normal,False
Parwan,2022,8,0.5378576287196344,9.375408867808183,0.5539778769561484,near_normal,False
Parwan,2022,9,4.023077845794136,9.051651337853167,1.0374993331304254,moderately_wet,False
Parwan,2022,10,6.333196383735358,10.894131858249128,-0.3270567442215169,near_normal,False
Parwan,2022,11,36.30992868252144,46.666202912050935,-0.0006451198206706895,near_normal,False
Parwan,2022,12,25.90781547356046,68.55094053981725,-0.28117269386377713,near_normal,False
Parwan,2023,1,55.48853388120212,117.70627803728402,0.03960299812209923,near_normal,False
Parwan,2023,2,108.64196581887286,190.03831517363545,0.14427338472443474,near_normal,False
Parwan,2023,3,61.95958267673659,226.09008237681158,-0.3933700525460696,near_normal,False
Parwan,2023,4,26.099674839175226,196.7012233347847,-1.242161384252242,moderate_drought,True
Parwan,2023,5,36.49977749867828,124.55903501459008,-1.75296881123907,severe_drought,True
Parwan,2023,6,2.2605755959505003,64.86002793380399,-1.8981466717557889,severe_drought,True
Parwan,2023,7,2.936262946931345,41.69661604156011,-0.5888998685779049,near_normal,False
Parwan,2023,8,0.2639587430796433,5.460797285961474,-0.5321240544997293,near_normal,False
Parwan,2023,9,2.517820073578585,5.718041763589559,-0.015608963376556957,near_normal,False
Parwan,2023,10,9.819212434966536,12.60099125162475,-0.05706686338609818,near_normal,False
Parwan,2023,11,25.568945286769157,37.905977795314264,-0.4749977619772205,near_normal,False
Parwan,2023,12,23.602479291515408,58.99063701325109,-0.6792460259823953,near_normal,False
Samangan,2001,1,32.526022363769464,,,,False
Samangan,2001,2,51.96759281076298,,,,False
Samangan,2001,3,92.1625625259451,176.65617770047754,-1.0650691386128728,moderate_drought,True
Samangan,2001,4,24.514853978395948,168.645009315104,-1.3972592979453653,moderate_drought,True
Samangan,2001,5,15.172845860416382,131.85026236475744,-0.858553741534276,near_normal,False
Samangan,2001,6,0.0,39.68769983881233,-1.5967719107061258,severe_drought,True
Samangan,2001,7,0.0,15.172845860416382,-0.9716813963468794,near_normal,False
Samangan,2001,8,0.0,0.0,-1.3597373839386062,moderate_drought,True
Samangan,2001,9,0.0424260909628279,0.0424260909628279,-0.4218443853067961,near_normal,False
Samangan,2001,10,8.972174243735017,9.014600334697844,0.815979950322263,near_normal,False
Samangan,2001,11,29.636326508990877,38.65092684368872,0.002393384365376797,near_normal,False
Samangan,2001,12,43.84856572304757,82.45706647577347,0.30115159549486203,near_normal,False
Samangan,2002,1,36.79677014375058,110.28166237578904,-0.0825492600730059,near_normal,False
Samangan,2002,2,89.51501327999418,170.16034914679233,0.08116364613020799,near_normal,False
Samangan,2002,3,110.0444546481964,236.35623807194116,0.251968210882321,near_normal,False
Samangan,2002,4,104.99729718423592,304.5567651124265,1.1306941184081374,moderately_wet,False
Samangan,2002,5,37.0006631219015,252.04241495433382,1.380305591711745,moderately_wet,False
Samangan,2002,6,0.5150204354821256,142.51298074161957,1.826281530191922,very_wet,False
Samangan,2002,7,0.0078992418329512,37.52358279921658,0.9609556226210888,near_normal,False
Samangan,2002,8,0.0,0.5229196773150768,-0.020992350746061234,near_normal,False
Samangan,2002,9,0.0425339306996485,0.050433172532599706,-0.35767550643170753,near_normal,False
Samangan,2002,10,1.1754638932873032,1.2179978239869516,-0.9117416002630016,near_normal,False
Samangan,2002,11,24.72117417339062,25.93917199737757,-1.0136073175942764,moderate_drought,True
Samangan,2002,12,54.047181673931846,79.94381974060977,0.18324336175614583,near_normal,False
Samangan,2003,1,31.96407857866105,110.73243442598351,-0.0635873364010116,near_normal,False
Samangan,2003,2,92.09870884827762,178.1099691008705,0.2661335924281347,near_normal,False
Samangan,2003,3,132.53713233118387,256.59991975812255,0.6473190612270753,near_normal,False
Samangan,2003,4,64.47796074262611,289.1138019220876,0.8875350952938685,near_normal,False
Samangan,2003,5,24.464970976135117,221.4800640499451,0.8935809967808498,near_normal,False
Samangan,2003,6,0.7511578074109845,89.69408952617223,0.4154600875322729,near_normal,False
Samangan,2003,7,0.0,25.21612878354613,0.041522255717690824,near_normal,False
Samangan,2003,8,0.0,0.7511578074110129,0.1426462868747417,near_normal,False
Samangan,2003,9,0.0268854790490154,0.02688547904904382,-0.5703668025324439,near_normal,False
Samangan,2003,10,7.744999557845653,7.771885036894697,0.6472822312941778,near_normal,False
Samangan,2003,11,38.6905658160378,46.46245085293249,0.5178914772280151,near_normal,False
Samangan,2003,12,46.52618361663433,92.9617489905178,0.7697390150356838,near_normal,False
Samangan,2004,1,46.18707059415311,131.40382002682526,0.7558423370556582,near_normal,False
Samangan,2004,2,49.98858480251706,142.70183901330452,-0.6061805513538507,near_normal,False
Samangan,2004,3,49.19263741371897,145.36829281038916,-1.8805812022609012,severe_drought,True
Samangan,2004,4,58.41736143395782,157.5985836501939,-1.6573590717060842,severe_drought,True
Samangan,2004,5,18.275209712095545,125.88520855977237,-1.0010377656210103,moderate_drought,True
Samangan,2004,6,0.1032343855538745,76.79580553160727,-0.009349705670696963,near_normal,False
Samangan,2004,7,0.03527686008752,18.413720957736967,-0.6045079905950774,near_normal,False
Samangan,2004,8,0.0,0.13851124564142292,-0.48909593658041717,near_normal,False
Samangan,2004,9,0.0,0.03527686008754842,-0.4854256178783356,near_normal,False
Samangan,2004,10,9.37565981669096,9.37565981669099,0.8621491247506472,near_normal,False
Samangan,2004,11,35.01856234626263,44.39422216295362,0.38738050094383364,near_normal,False
Samangan,2004,12,36.61481171636227,81.0090338793159,0.23351408616088362,near_normal,False
Samangan,2005,1,32.1242412791088,103.75761534173373,-0.3629911690080693,near_normal,False
Samangan,2005,2,53.03667261990211,121.77572561537322,-1.1928765354408046,moderate_drought,True
Samangan,2005,3,128.30586236282727,213.46677626183822,-0.22319615657525677,near_normal,False
Samangan,2005,4,42.33406213211151,223.67659711484092,-0.2507220218115111,near_normal,False
Samangan,2005,5,41.437574456401045,212.07749895133986,0.7350737536297666,near_normal,False
Samangan,2005,6,4.304941744699568,88.07657833321215,0.3645123454874329,near_normal,False
Samangan,2005,7,0.0,45.74251620110064,1.4689292191036272,moderately_wet,False
Samangan,2005,8,0.0,4.304941744699597,1.2909685576329428,moderately_wet,False
Samangan,2005,9,0.0,0.0,-1.1243382315686392,moderate_drought,True
Samangan,2005,10,0.1229828506127545,0.12298285061278293,-2.0948567461255068,extreme_drought,True
Samangan,2005,11,28.90248479692321,29.025467647535994,-0.7401223017075812,near_normal,False
Samangan,2005,12,23.57383191280019,52.599299560336185,-1.299356553506453,moderate_drought,True
Samangan,2006,1,52.85289933139363,105.32921604111706,-0.2943768561244574,near_normal,False
Samangan,2006,2,88.28230985319934,164.7090410973932,-0.049031056974629374,near_normal,False
Samangan,2006,3,94.05232669021788,235.1875358748109,0.22846903622364803,near_normal,False
Samangan,2006,4,44.83400946917023,227.1686460125875,-0.1847413743342339,near_normal,False
Samangan,2006,5,10.713517449371674,149.59985360875982,-0.4590142643546354,near_normal,False
Samangan,2006,6,0.0040517708001048,55.55157868934204,-0.8289291959814058,near_normal,False
Samangan,2006,7,0.0,10.717569220171807,-1.5801061429407746,severe_drought,True
Samangan,2006,8,0.0,0.0040517708001332215,-1.1217280635439955,moderate_drought,True
Samangan,2006,9,0.0194625510656911,0.01946255106571952,-0.6590142641090145,near_normal,False
Samangan,2006,10,6.819473371040175,6.838935922105894,0.5086817383893119,near_normal,False
Samangan,2006,11,56.71392721265515,63.55286313476105,1.4735967027173105,moderately_wet,False
Samangan,2006,12,46.697730787734216,110.23113137142957,1.469735375887827,moderately_wet,False
Samangan,2007,1,32.85364508263344,136.26530308302284,0.9359632732852722,near_normal,False
Samangan,2007,2,85.98828064991005,165.53965652027773,-0.02900930630246714,near_normal,False
Samangan,2007,3,202.4484473685905,321.29037310113404,1.7875957952135497,very_wet,False
Samangan,2007,4,44.93931613484368,333.3760441533443,1.5637580491431604,very_wet,False
Samangan,2007,5,19.311218877829813,266.69898238126405,1.600181955528747,very_wet,False
Samangan,2007,6,4.326342745990678,68.5768777586642,-0.30559334450323145,near_normal,False
Samangan,2007,7,0.0,23.637561623820517,-0.09672813972017273,near_normal,False
Samangan,2007,8,0.0,4.326342745990706,1.295419296376108,moderately_wet,False
Samangan,2007,9,0.0,0.0,-1.1243382315686392,moderate_drought,True
Samangan,2007,10,0.5153603357943178,0.5153603357943463,-1.4164828889744876,moderate_drought,True
Samangan,2007,11,15.745230714979249,16.260591050773595,-2.0555463081608236,extreme_drought,True
Samangan,2007,12,60.33624845089004,76.59683950166364,0.022325894382496683,near_normal,False
Samangan,2008,1,37.31355921680875,113.39503838267808,0.04737741257831362,near_normal,False
Samangan,2008,2,74.91706581712182,172.56687348482063,0.1377543969595753,near_normal,False
Samangan,2008,3,40.01679177368924,152.24741680761986,-1.691621688835875,severe_drought,True
Samangan,2008,4,71.1026652740758,186.0365228648869,-1.0104931973994633,moderate_drought,True
Samangan,2008,5,12.427032306642328,123.54648935440741,-1.0581648826546235,moderate_drought,True
Samangan,2008,6,0.0,83.52969758071816,0.21789133114683024,near_normal,False
Samangan,2008,7,0.0,12.427032306642356,-1.328577029763414,moderate_drought,True
Samangan,2008,8,0.0,0.0,-1.3597373839386062,moderate_drought,True
Samangan,2008,9,0.1290972835374647,0.1290972835374931,0.08090585033732574,near_normal,False
Samangan,2008,10,1.293552292264199,1.4226495758016922,-0.8096731410556612,near_normal,False
Samangan,2008,11,21.48612361910409,22.908773194905784,-1.305030479365896,moderate_drought,True
Samangan,2008,12,28.32155217226923,51.10122808363755,-1.3945810156724459,moderate_drought,True
Samangan,2009,1,47.65772882915464,97.46540462052799,-0.6449290970097177,near_normal,False
Samangan,2009,2,112.61018617642166,188.58946717784556,0.5017737094053536,near_normal,False
Samangan,2009,3,86.85011003343621,247.11802503901254,0.4648157076854248,near_normal,False
Samangan,2009,4,72.60714755089519,272.0674437607531,0.6090087062488184,near_normal,False
Samangan,2009,5,35.27948360570173,194.73674119003317,0.4301743664954195,near_normal,False
Samangan,2009,6,1.745590423332288,109.63222157992924,0.9989943369282783,near_normal,False
Samangan,2009,7,0.0,37.025074029034045,0.9279268366006432,near_normal,False
Samangan,2009,8,0.0,1.7455904233323165,0.608147374442888,near_normal,False
Samangan,2009,9,0.4566680575208154,0.45666805752084383,0.9921551245584816,near_normal,False
Samangan,2009,10,4.406408539651764,4.863076597172608,0.1669740917026451,near_normal,False
Samangan,2009,11,40.74983717076051,45.612913767933115,0.4647570187361291,near_normal,False
Samangan,2009,12,48.88179293455184,94.03803864496413,0.8157391274075525,near_normal,False
Samangan,2010,1,27.202941282732397,116.83457138804476,0.18817801096268696,near_normal,False
Samangan,2010,2,137.23399167776216,213.3187258950464,1.0254754198264928,moderately_wet,False
Samangan,2010,3,79.38607788032031,243.8230108408149,0.4003110135079592,near_normal,False
Samangan,2010,4,48.96969906763863,265.58976862572115,0.500151913827598,near_normal,False
Samangan,2010,5,44.67154569451395,173.02732264247294,0.021963516294393505,near_normal,False
Samangan,2010,6,5.317364247443432,98.95860900959605,0.6961778248882918,near_normal,False
Samangan,2010,7,0.0113038181879945,50.00021376014541,1.70929678316685,very_wet,False
Samangan,2010,8,0.0091025658519868,5.337770631483442,1.4924496835132182,moderately_wet,False
Samangan,2010,9,0.0402526587442295,0.060659042784239225,-0.28395120256445416,near_normal,False
Samangan,2010,10,7.020796587250689,7.070151811846934,0.5441350634010703,near_normal,False
Samangan,2010,11,14.48381312790326,21.544862373898205,-1.4450322901459358,moderate_drought,True
Samangan,2010,12,15.298210435611445,36.80282015076542,-2.419630906953696,extreme_drought,True
Samangan,2011,1,29.92034166318852,59.70236522670325,-2.6707390699292306,extreme_drought,True
Samangan,2011,2,86.35797753341858,131.57652963221858,-0.9101908731035298,near_normal,False
Samangan,2011,3,67.23610627884845,183.5144254754556,-0.8997747621165223,near_normal,False
Samangan,2011,4,51.02590862356315,204.6199924358302,-0.6235603587835059,near_normal,False
Samangan,2011,5,20.02729533030154,138.28931023271318,-0.7096088697414993,near_normal,False
Samangan,2011,6,0.3854985641202597,71.43870251798498,-0.1998563389393264,near_normal,False
Samangan,2011,7,0.0,20.412793894421828,-0.3998399554017499,near_normal,False
Samangan,2011,8,0.0,0.3854985641202881,-0.145217307821295,near_normal,False
Samangan,2011,9,0.0,0.0,-1.1243382315686392,moderate_drought,True
Samangan,2011,10,8.560856983611668,8.560856983611696,0.7562395728270763,near_normal,False
Samangan,2011,11,48.01656810678455,56.57742509039625,1.1065658945609984,moderately_wet,False
Samangan,2011,12,23.747006110967803,80.32443120136405,0.2012564476504812,near_normal,False
Samangan,2012,1,39.978570025407045,111.74214424315943,-0.021299850923013522,near_normal,False
Samangan,2012,2,77.56487695359802,141.29045308997289,-0.6438365848904557,near_normal,False
Samangan,2012,3,89.07109674566703,206.6145437246721,-0.37203858616338953,near_normal,False
Samangan,2012,4,56.47381358577135,223.10978728503642,-0.2614966758722357,near_normal,False
Samangan,2012,5,37.00139800147208,182.54630833291048,0.2049158101511821,near_normal,False
Samangan,2012,6,0.0349511959155961,93.51016278315905,0.5332982571768342,near_normal,False
Samangan,2012,7,0.0078112605950313,37.04416045798273,0.9291966998509087,near_normal,False
Samangan,2012,8,0.0,0.04276245651064162,-0.7773655614309004,near_normal,False
Samangan,2012,9,0.0421365217314103,0.04994778232645581,-0.36138688112404366,near_normal,False
Samangan,2012,10,8.75837078782489,8.800507309556316,0.7880398188972706,near_normal,False
Samangan,2012,11,33.83537300957196,42.635880319128276,0.2732232527014624,near_normal,False
Samangan,2012,12,41.33702647492948,83.93077027232636,0.36918363952922795,near_normal,False
Samangan,2013,1,42.48510558232853,117.65750506682997,0.22145536352789946,near_normal,False
Samangan,2013,2,102.80205584131242,186.62418789857045,0.45825579747232337,near_normal,False
Samangan,2013,3,96.5148750383238,241.80203646196478,0.3604611945771031,near_normal,False
Samangan,2013,4,76.09530262879069,275.41223350842694,0.6645486014607435,near_normal,False
Samangan,2013,5,8.087255322867266,180.6974329899818,0.16988708998551247,near_normal,False
Samangan,2013,6,0.021639033590985,84.20419698524897,0.2399708196082743,near_normal,False
Samangan,2013,7,0.0114121273444707,8.12030648380275,-2.0247190688791195,extreme_drought,True
Samangan,2013,8,0.0,0.03305116093548412,-0.8284689356148085,near_normal,False
Samangan,2013,9,0.0571338621169257,0.06854598946142482,-0.23202968713193664,near_normal,False
Samangan,2013,10,12.074300633870918,12.131434495987872,1.182003349210162,moderately_wet,False
Samangan,2013,11,19.80392007869835,31.935354574686222,-0.49998785033245075,near_normal,False
Samangan,2013,12,43.69519659392096,75.57341730649026,-0.02781322049045703,near_normal,False
Samangan,2014,1,31.99940524067356,95.4985219132929,-0.7355728583375608,near_normal,False
Samangan,2014,2,74.82093961466747,150.515541449262,-0.40213887921006763,near_normal,False
Samangan,2014,3,125.6367664975004,232.45711135284148,0.1732639422555457,near_normal,False
Samangan,2014,4,59.169960522693984,259.6276666348619,0.3983963100302498,near_normal,False
Samangan,2014,5,28.18699806432688,212.9937250845213,0.7507196011874984,near_normal,False
Samangan,2014,6,4.253710428995471,91.61066901601636,0.47504782404385054,near_normal,False
Samangan,2014,7,0.0116775377441936,32.452386031066574,0.6105112301944029,near_normal,False
Samangan,2014,8,0.0,4.265387966739693,1.2827076779370925,moderately_wet,False
Samangan,2014,9,0.0458918320380895,0.057569369782311516,-0.30539022248026293,near_normal,False
Samangan,2014,10,5.429231487286026,5.475123319324144,0.28145767080306033,near_normal,False
Samangan,2014,11,29.06519471062749,34.540318029951635,-0.29734827978199496,near_normal,False
Samangan,2014,12,32.09218166069163,66.58660785860518,-0.48898933577857356,near_normal,False
Samangan,2015,1,36.22213989905411,97.37951627037326,-0.6488613157597154,near_normal,False
Samangan,2015,2,132.44512588212194,200.7594474418677,0.7648052592825346,near_normal,False
Samangan,2015,3,92.3867524916402,261.0540182728163,0.7315140233485269,near_normal,False
Samangan,2015,4,38.653728494789576,263.4856068685517,0.46441434420122724,near_normal,False
Samangan,2015,5,24.410612000411664,155.45109298684147,-0.33438650739775927,near_normal,False
Samangan,2015,6,0.0201497443743855,63.08449023957565,-0.5172047612376841,near_normal,False
Samangan,2015,7,0.0159106999909823,24.44667244477706,-0.025116958853077048,near_normal,False
Samangan,2015,8,8.859941255913548e-05,0.03614904377795536,-0.8111356073943646,near_normal,False
Samangan,2015,9,0.197221946820952,0.21322124622452188,0.389973478457455,near_normal,False
Samangan,2015,10,4.632364032794863,4.829674579028402,0.16045131049983677,near_normal,False
Samangan,2015,11,62.99848457620445,67.82807055582029,1.6858833877157413,very_wet,False
Samangan,2015,12,26.635126221338314,94.26597483033765,0.8254366062887649,near_normal,False
Samangan,2016,1,52.634498007659325,142.26810880520213,1.1526405243180748,moderately_wet,False
Samangan,2016,2,38.42395956073235,117.69358378973001,-1.3152227345294971,moderate_drought,True
Samangan,2016,3,124.47388891829772,215.53234648668942,-0.17895810391579764,near_normal,False
Samangan,2016,4,45.25308911437996,208.15093759341005,-0.5527627920593575,near_normal,False
Samangan,2016,5,19.09065071596589,188.81762874864359,0.32200455833999153,near_normal,False
Samangan,2016,6,2.245886797573487,66.58962662791936,-0.3807843561598935,near_normal,False
Samangan,2016,7,0.0116976103499258,21.34823512388933,-0.30875584752935303,near_normal,False
Samangan,2016,8,0.0,2.2575844079234413,0.7796489708572569,near_normal,False
Samangan,2016,9,0.0434586406265792,0.05515625097653342,-0.3226163820939798,near_normal,False
Samangan,2016,10,0.3697875566862258,0.4132461973128334,-1.5323009089252957,severe_drought,True
Samangan,2016,11,40.87010359537708,41.28334979268991,0.18326805371260457,near_normal,False
Samangan,2016,12,41.11433871410775,82.35422986617108,0.2963742412262003,near_normal,False
Samangan,2017,1,50.0573483251673,132.04179063465216,0.77972682546279,near_normal,False
Samangan,2017,2,189.76724851255128,280.9389355518264,2.280371017507917,extremely_wet,False
Samangan,2017,3,60.3887737899194,300.21337062763797,1.4340458585975213,moderately_wet,False
Samangan,2017,4,30.873012977100643,281.02903527957136,0.7568231313880157,near_normal,False
Samangan,2017,5,21.06344084672771,112.32522761374778,-1.3431383735334979,moderate_drought,True
Samangan,2017,6,0.0,51.93645382382838,-0.9889322215164352,near_normal,False
Samangan,2017,7,1.2811314813342596,22.344572328061997,-0.21467725581028005,near_normal,False
Samangan,2017,8,0.0,1.281131481334288,0.4216877236716662,near_normal,False
Samangan,2017,9,0.0474893676588149,1.3286208489931028,2.2250790873035076,extremely_wet,False
Samangan,2017,10,0.3943351541317489,0.44182452179059223,-1.497739862690464,moderate_drought,True
Samangan,2017,11,26.337602919068736,26.77942744085933,-0.9370207976075016,near_normal,False
Samangan,2017,12,22.478445329188208,49.21038340238872,-1.5175661535471208,severe_drought,True
Samangan,2018,1,23.8576464678447,72.67369471610168,-1.8948570065680086,severe_drought,True
Samangan,2018,2,78.40625003446107,124.742341831494,-1.1057178374130368,moderate_drought,True
Samangan,2018,3,156.5222452331829,258.7861417354887,0.6887642170673802,near_normal,False
Samangan,2018,4,38.93531381849464,273.86380908613864,0.638892813865913,near_normal,False
Samangan,2018,5,29.935176256747955,225.3927353084255,0.9582421263981045,near_normal,False
Samangan,2018,6,0.0,68.8704900752426,-0.29460952890224734,near_normal,False
Samangan,2018,7,0.0117200210706214,29.946896277818578,0.4240080001204073,near_normal,False
Samangan,2018,8,0.0942931312948157,0.1060131523654371,-0.5634460038767857,near_normal,False
Samangan,2018,9,0.0446104790298362,0.1506236313952733,0.1695762023150777,near_normal,False
Samangan,2018,10,16.998772413768812,17.137676024093462,1.662440977434478,very_wet,False
Samangan,2018,11,35.866352743246814,52.90973563604546,0.9017210245720162,near_normal,False
Samangan,2018,12,45.65899017547502,98.52411533249065,1.003839432317454,moderately_wet,False
Samangan,2019,1,94.22949429382444,175.75483721254628,2.2634929568958464,extremely_wet,False
Samangan,2019,2,160.51993597684228,300.40842044614175,2.604865298874535,extremely_wet,False
Samangan,2019,3,83.38794709919303,338.13737736985973,2.059525634714541,extremely_wet,False
Samangan,2019,4,106.41854643898512,350.32642951502044,1.8071958364387235,very_wet,False
Samangan,2019,5,19.618006266916872,209.42449980509502,0.6895181586536024,near_normal,False
Samangan,2019,6,4.910151836137682,130.94670454203967,1.5507825980542114,very_wet,False
Samangan,2019,7,0.0765746785226594,24.604732781577212,-0.011314393209872844,near_normal,False
Samangan,2019,8,0.0,4.986726514660341,1.426788637010951,moderately_wet,False
Samangan,2019,9,0.043457646185604,0.12003232470826339,0.0408542016640851,near_normal,False
Samangan,2019,10,10.194852490025868,10.238310136211473,0.9680314558781465,near_normal,False
Samangan,2019,11,47.44820146310993,57.686511599321406,1.166805540727304,moderately_wet,False
Samangan,2019,12,33.067533186784736,90.71058713992053,0.6723813201059402,near_normal,False
Samangan,2020,1,45.55956085741811,126.07529550731279,0.5532994556222314,near_normal,False
Samangan,2020,2,78.79535793271852,157.42245197692137,-0.22763931166040963,near_normal,False
Samangan,2020,3,88.70939984294793,213.06431863308455,-0.23184889473001402,near_normal,False
Samangan,2020,4,90.55319952035784,258.0579572960243,0.3713490258698958,near_normal,False
Samangan,2020,5,45.66658176656438,224.92918112987013,0.9506199026543295,near_normal,False
Samangan,2020,6,1.564954553461647,137.78473584038386,1.7154477903291125,very_wet,False
Samangan,2020,7,1.1911890223875794,48.42272534241361,1.6218118610022592,very_wet,False
Samangan,2020,8,0.0,2.7561435758492263,0.9243908998986071,near_normal,False
Samangan,2020,9,0.2968334452268917,1.488022467614471,2.3921281412901254,extremely_wet,False
Samangan,2020,10,3.2042598030099985,3.50109324823689,-0.12888764600107416,near_normal,False
Samangan,2020,11,57.842583594816,61.34367684305289,1.3602947958186138,moderately_wet,False
Samangan,2020,12,55.57855952477718,116.62540292260317,1.7107403342631908,very_wet,False
Samangan,2021,1,20.50703553278255,133.92817865237572,0.8499083885458678,near_normal,False
Samangan,2021,2,46.93985798755618,123.02545304511591,-1.1559843908229233,moderate_drought,True
Samangan,2021,3,137.07975055311962,204.52664407345836,-0.4180494030796374,near_normal,False
Samangan,2021,4,31.32486202205404,215.34447056272987,-0.410997143375871,near_normal,False
Samangan,2021,5,28.731787878521,197.13640045369468,0.47340745362298425,near_normal,False
Samangan,2021,6,0.0,60.05664990057504,-0.6392665855431878,near_normal,False
Samangan,2021,7,0.0163105262843694,28.74809840480537,0.33111744627153933,near_normal,False
Samangan,2021,8,0.0,0.0163105262843694,-0.9498243373019601,near_normal,False
Samangan,2021,9,0.0488060839131908,0.0651166101975602,-0.25414077513226196,near_normal,False
Samangan,2021,10,0.6855392544579335,0.7343453383711243,-1.2198891435858514,moderate_drought,True
Samangan,2021,11,24.472431744066647,25.20677708243777,-1.0817757969903863,moderate_drought,True
Samangan,2021,12,30.114888797086262,55.27285979561084,-1.1339528707281707,moderate_drought,True
Samangan,2022,1,53.9185398645602,108.50586040571311,-0.15775758153947506,near_normal,False
Samangan,2022,2,61.80071804639645,145.8341467080429,-0.5235010610487385,near_normal,False
Samangan,2022,3,65.12991774609861,180.84917565705524,-0.9635042179092929,near_normal,False
Samangan,2022,4,31.880606902913552,158.8112426954086,-1.6282033011872703,severe_drought,True
Samangan,2022,5,23.234759092657697,120.24528374166987,-1.1400813462000006,moderate_drought,True
Samangan,2022,6,1.1404120327044882,56.255778028275735,-0.7986030742763817,near_normal,False
Samangan,2022,7,0.015725370692512,24.390896496054697,-0.030001878931164246,near_normal,False
Samangan,2022,8,0.0047306041829124,1.1608680075799127,0.36634982617247364,near_normal,False
Samangan,2022,9,0.7307331725494463,0.7511891474248706,1.4983821530098236,moderately_wet,False
Samangan,2022,10,2.8941092539250013,3.62957303065736,-0.09787511258444236,near_normal,False
Samangan,2022,11,34.88138475583796,38.50622718231241,-0.007784630736246579,near_normal,False
Samangan,2022,12,43.8833693937796,81.65886340354257,0.2639660697622013,near_normal,False
Samangan,2023,1,29.80383421522361,108.56858836484118,-0.15508696453292364,near_normal,False
Samangan,2023,2,93.1364758021795,166.8236794111827,0.001810015636104397,near_normal,False
Samangan,2023,3,44.027175320958655,166.96748533836177,-1.3062047085849455,moderate_drought,True
Samangan,2023,4,14.283757359452654,151.44740848259082,-1.8076895559415336,severe_drought,True
Samangan,2023,5,11.791536946847756,70.10246962725907,-2.639973413744942,extreme_drought,True
Samangan,2023,6,0.0190763747348682,26.09437068103528,-2.454664314624793,extreme_drought,True
Samangan,2023,7,0.0157623610625411,11.826375682645166,-1.4139669924739566,moderate_drought,True
Samangan,2023,8,0.0,0.0348387357974093,-0.8183344618761804,near_normal,False
Samangan,2023,9,0.0488047835497571,0.0645671446122982,-0.257747944639048,near_normal,False
Samangan,2023,10,8.03508718226004,8.083891965809798,0.6911924159410872,near_normal,False
Samangan,2023,11,28.68109348071953,36.76498544652932,-0.1323226805916649,near_normal,False
Samangan,2023,12,23.70722581654617,60.42340647952574,-0.8301591489978741,near_normal,False
Sar-e-Pul,2001,1,26.5932157331409,,,,False
Sar-e-Pul,2001,2,47.29987004075849,,,,False
Sar-e-Pul,2001,3,76.77200147321506,150.66508724711446,-1.1849304564544831,moderate_drought,True
Sar-e-Pul,2001,4,47.07344277537852,171.14531428935206,-1.1022414178386748,moderate_drought,True
Sar-e-Pul,2001,5,12.734633402961586,136.58007765155517,-0.8586989547260528,near_normal,False
Sar-e-Pul,2001,6,0.0,59.8080761783401,-0.6733988457126445,near_normal,False
Sar-e-Pul,2001,7,0.0,12.734633402961586,-1.0840765898417075,moderate_drought,True
Sar-e-Pul,2001,8,0.0,0.0,-0.6406668899191049,near_normal,False
Sar-e-Pul,2001,9,0.0,0.0,0.5119362138713294,near_normal,False
Sar-e-Pul,2001,10,8.665862272519961,8.665862272519961,1.0753084765022762,moderately_wet,False
Sar-e-Pul,2001,11,44.52678801544365,53.19265028796361,0.18532902952307664,near_normal,False
Sar-e-Pul,2001,12,40.46155634703181,93.65420663499542,0.2837179010205828,near_normal,False
Sar-e-Pul,2002,1,33.31212488059888,118.30046924307433,-0.05264157541461936,near_normal,False
Sar-e-Pul,2002,2,80.14130497612395,153.91498620375464,0.016651164753393573,near_normal,False
Sar-e-Pul,2002,3,87.49933585300846,200.9527657097313,-0.1915130864171619,near_normal,False
Sar-e-Pul,2002,4,118.86078793170375,286.5014287608362,0.6669439051857838,near_normal,False
Sar-e-Pul,2002,5,34.36384914730206,240.72397293201428,0.987578981767679,near_normal,False
Sar-e-Pul,2002,6,0.609977178567189,153.834614257573,1.5335898637956147,very_wet,False
Sar-e-Pul,2002,7,0.0,34.973826325869254,1.0045031106373306,moderately_wet,False
Sar-e-Pul,2002,8,0.0,0.609977178567189,0.38182070311393934,near_normal,False
Sar-e-Pul,2002,9,0.0,0.0,0.5119362138713294,near_normal,False
Sar-e-Pul,2002,10,3.572836642523241,3.572836642523241,0.06117377279963057,near_normal,False
Sar-e-Pul,2002,11,27.706472784973784,31.279309427497026,-1.0476527726095681,moderate_drought,True
Sar-e-Pul,2002,12,60.99398844866799,92.27329787616502,0.22986462658976747,near_normal,False
Sar-e-Pul,2003,1,33.37080707036605,122.07126830400782,0.0805292254545618,near_normal,False
Sar-e-Pul,2003,2,109.5256529023544,203.89044842138844,0.9821624686664393,near_normal,False
Sar-e-Pul,2003,3,150.53289502434055,293.42935499706095,1.2668308216507023,moderately_wet,False
Sar-e-Pul,2003,4,88.40758335654029,348.46613128323526,1.4238262467231264,moderately_wet,False
Sar-e-Pul,2003,5,24.296483211966336,263.2369615928472,1.3125963386658577,moderately_wet,False
Sar-e-Pul,2003,6,0.6170912228307038,113.32115779133733,0.7403858075279666,near_normal,False
Sar-e-Pul,2003,7,0.0,24.91357443479704,0.2246792972449998,near_normal,False
Sar-e-Pul,2003,8,0.0,0.6170912228307038,0.38719814736453695,near_normal,False
Sar-e-Pul,2003,9,0.0,0.0,0.5119362138713294,near_normal,False
Sar-e-Pul,2003,10,2.5020758290409706,2.5020758290409706,-0.2706838090369703,near_normal,False
Sar-e-Pul,2003,11,55.2698745525242,57.77195038156517,0.3970075701561292,near_normal,False
Sar-e-Pul,2003,12,41.94618933883245,99.71813972039762,0.5141654770605245,near_normal,False
Sar-e-Pul,2004,1,54.73934013991105,151.95540403126768,1.0501641980349412,moderately_wet,False
Sar-e-Pul,2004,2,45.87803534796938,142.56356482671288,-0.23100169225194622,near_normal,False
Sar-e-Pul,2004,3,53.63791573041861,154.25529121829905,-1.1070798074603916,moderate_drought,True
Sar-e-Pul,2004,4,57.71233502093387,157.22828609932185,-1.3664193614609004,moderate_drought,True
Sar-e-Pul,2004,5,14.98150656278566,126.33175731413813,-1.087194674079271,moderate_drought,True
Sar-e-Pul,2004,6,0.0,72.69384158371952,-0.2726370183556142,near_normal,False
Sar-e-Pul,2004,7,0.0,14.98150656278566,-0.7918899591517418,near_normal,False
Sar-e-Pul,2004,8,0.0,0.0,-0.6406668899191049,near_normal,False
Sar-e-Pul,2004,9,0.0,0.0,0.5119362138713294,near_normal,False
Sar-e-Pul,2004,10,2.8182421002567994,2.8182421002567994,-0.16380106184670712,near_normal,False
Sar-e-Pul,2004,11,47.19242951258005,50.010671612836845,0.03099306663234877,near_normal,False
Sar-e-Pul,2004,12,61.19097955925418,111.20165117209103,0.9264267916783682,near_normal,False
Sar-e-Pul,2005,1,35.78204612077879,144.16545519261302,0.8105022130059969,near_normal,False
Sar-e-Pul,2005,2,64.6315958429523,161.60462152298527,0.1775488068440515,near_normal,False
Sar-e-Pul,2005,3,150.08467390143258,250.49831586516368,0.6345494774535331,near_normal,False
Sar-e-Pul,2005,4,38.2279589967589,252.94422874114377,0.21120433539103073,near_normal,False
Sar-e-Pul,2005,5,41.31159156376288,229.62422446195436,0.8200039272138517,near_normal,False
Sar-e-Pul,2005,6,2.414408728785589,81.95395928930738,-0.01363493633110178,near_normal,False
Sar-e-Pul,2005,7,0.0,43.72600029254847,1.5711904767078453,very_wet,False
Sar-e-Pul,2005,8,0.0,2.414408728785589,1.2483938206929897,moderately_wet,False
Sar-e-Pul,2005,9,0.0,0.0,0.5119362138713294,near_normal,False
Sar-e-Pul,2005,10,0.2445420439617029,0.2445420439617029,-1.8238898389105644,severe_drought,True
Sar-e-Pul,2005,11,38.91875497493725,39.16329701889895,-0.5509947123972274,near_normal,False
Sar-e-Pul,2005,12,28.124909073904263,67.28820609280322,-0.8546713320588125,near_normal,False
Sar-e-Pul,2006,1,56.21914816295258,123.26281221179408,0.12203872142988867,near_normal,False
Sar-e-Pul,2006,2,88.2989430784082,172.64300031526503,0.3998448039823841,near_normal,False
Sar-e-Pul,2006,3,93.83534165385834,238.3534328952191,0.4428859818928538,near_normal,False
Sar-e-Pul,2006,4,48.81172290515108,230.9460076374176,-0.10981382157465551,near_normal,False
Sar-e-Pul,2006,5,8.246068575791359,150.89313313480076,-0.5584271292727698,near_normal,False
Sar-e-Pul,2006,6,0.0,57.05779148094244,-0.7664740634637427,near_normal,False
Sar-e-Pul,2006,7,0.0,8.246068575791359,-1.8009000231570664,severe_drought,True
Sar-e-Pul,2006,8,0.0,0.0,-0.6406668899191049,near_normal,False
Sar-e-Pul,2006,9,0.0,0.0,0.5119362138713294,near_normal,False
Sar-e-Pul,2006,10,6.359199300054559,6.359199300054559,0.6853390661802193,near_normal,False
Sar-e-Pul,2006,11,81.03208076157905,87.39128006163361,1.553748001969017,very_wet,False
Sar-e-Pul,2006,12,37.1371940507776,124.5284741124112,1.3713096086608676,moderately_wet,False
Sar-e-Pul,2007,1,28.126909411009223,146.29618422336588,0.8768829292518479,near_normal,False
Sar-e-Pul,2007,2,85.25522222570405,150.5193256874909,-0.05611044367645454,near_normal,False
Sar-e-Pul,2007,3,200.241315201734,313.6234468384473,1.5434515024536544,very_wet,False
Sar-e-Pul,2007,4,48.04058200506504,333.53711943250306,1.2500521948426906,moderately_wet,False
Sar-e-Pul,2007,5,20.67423590384631,268.95613311064534,1.3922677840134219,moderately_wet,False
Sar-e-Pul,2007,6,2.1866955872910263,70.90151349620237,-0.3253111500388437,near_normal,False
Sar-e-Pul,2007,7,0.0,22.860931491137336,0.04085876860247241,near_normal,False
Sar-e-Pul,2007,8,0.0,2.1866955872910263,1.1673429443484773,moderately_wet,False
Sar-e-Pul,2007,9,0.0,0.0,0.5119362138713294,near_normal,False
Sar-e-Pul,2007,10,0.9726130465080272,0.9726130465080272,-1.0048306878223616,moderate_drought,True
Sar-e-Pul,2007,11,24.51249883850823,25.485111885016256,-1.4716318279154037,moderate_drought,True
Sar-e-Pul,2007,12,59.313221460939374,84.79833334595563,-0.0713732739938478,near_normal,False
Sar-e-Pul,2008,1,36.96439739518257,120.79011769463017,0.03559563248238457,near_normal,False
Sar-e-Pul,2008,2,44.78212930160928,141.05974815773124,-0.264792213321624,near_normal,False
Sar-e-Pul,2008,3,42.04687953895092,123.79340623574276,-1.8127126106409925,severe_drought,True
Sar-e-Pul,2008,4,70.79925232720676,157.62826116776696,-1.358606126486612,moderate_drought,True
Sar-e-Pul,2008,5,14.073274959724673,126.91940682588236,-1.0737550208974718,moderate_drought,True
Sar-e-Pul,2008,6,0.0,84.87252728693144,0.06389002696892279,near_normal,False
Sar-e-Pul,2008,7,0.0,14.073274959724673,-0.9060416325760786,near_normal,False
Sar-e-Pul,2008,8,0.0,0.0,-0.6406668899191049,near_normal,False
Sar-e-Pul,2008,9,0.1598089137153993,0.1598089137153993,1.1011132944268405,moderately_wet,False
Sar-e-Pul,2008,10,0.7500858925986335,0.9098948063140327,-1.05021940644838,moderate_drought,True
Sar-e-Pul,2008,11,23.4921263551781,24.402021161492133,-1.5582626333478937,severe_drought,True
Sar-e-Pul,2008,12,31.622091617675224,55.86430386545196,-1.4442273741040852,moderate_drought,True
Sar-e-Pul,2009,1,37.83509315851149,92.94931113136482,-1.0317779186795812,moderate_drought,True
Sar-e-Pul,2009,2,89.01973047362185,158.47691524980857,0.11273420223489637,near_normal,False
Sar-e-Pul,2009,3,99.90372981877466,226.758553450908,0.2537758130407913,near_normal,False
Sar-e-Pul,2009,4,141.7434511544249,330.6669114468214,1.2160673359909506,moderately_wet,False
Sar-e-Pul,2009,5,44.76217890203163,286.4093598752312,1.6288390227328131,very_wet,False
Sar-e-Pul,2009,6,0.2659018166221844,186.77153187307874,2.0845354847554276,extremely_wet,False
Sar-e-Pul,2009,7,0.0,45.02808071865381,1.6491105796824759,very_wet,False
Sar-e-Pul,2009,8,0.0,0.2659018166221844,0.058166445513014295,near_normal,False
Sar-e-Pul,2009,9,0.347720866755605,0.347720866755605,1.349047365219878,moderately_wet,False
Sar-e-Pul,2009,10,5.740425305072521,6.088146171828126,0.6338174593370745,near_normal,False
Sar-e-Pul,2009,11,49.55571966235503,55.64386583418316,0.3000762933488179,near_normal,False
Sar-e-Pul,2009,12,40.4376803945127,95.73382536194025,0.36383415543499115,near_normal,False
Sar-e-Pul,2010,1,31.390537106803823,121.38393716367155,0.056461893394406035,near_normal,False
Sar-e-Pul,2010,2,157.41309417827708,229.2413116795936,1.4130101094000245,moderately_wet,False
Sar-e-Pul,2010,3,85.47698930451259,274.28062058959347,0.9928497475226212,near_normal,False
Sar-e-Pul,2010,4,67.00822438747015,309.8983078702598,0.9642372122205078,near_normal,False
Sar-e-Pul,2010,5,40.37308044936409,192.85829414134682,0.22360472170556756,near_normal,False
Sar-e-Pul,2010,6,1.8018634841483692,109.1831683209826,0.6495478881291992,near_normal,False
Sar-e-Pul,2010,7,0.0,42.17494393351246,1.47642537326692,moderately_wet,False
Sar-e-Pul,2010,8,0.0,1.8018634841483692,1.0187633932003517,moderately_wet,False
Sar-e-Pul,2010,9,0.0,0.0,0.5119362138713294,near_normal,False
Sar-e-Pul,2010,10,6.41089508537836,6.41089508537836,0.6950023261876644,near_normal,False
Sar-e-Pul,2010,11,18.199149946994083,24.610045032372444,-1.5414152582774414,severe_drought,True
Sar-e-Pul,2010,12,16.98272976927406,41.5927748016465,-2.313036881307221,extreme_drought,True
Sar-e-Pul,2011,1,24.65121592134984,59.83309563761799,-2.639340059272298,extreme_drought,True
Sar-e-Pul,2011,2,87.14788388661106,128.78182957723496,-0.5502139760901185,near_normal,False
Sar-e-Pul,2011,3,74.40343959335382,186.2025394013147,-0.46349754312236385,near_normal,False
Sar-e-Pul,2011,4,60.039772675506605,221.5910961554715,-0.2525438144008352,near_normal,False
Sar-e-Pul,2011,5,20.71789349915297,155.16110576801339,-0.47266014260543954,near_normal,False
Sar-e-Pul,2011,6,0.1893444755237839,80.94701065018336,-0.04081142342637962,near_normal,False
Sar-e-Pul,2011,7,0.0,20.907237974676754,-0.1446828780594868,near_normal,False
Sar-e-Pul,2011,8,0.0,0.1893444755237839,-0.04445662184404359,near_normal,False
Sar-e-Pul,2011,9,0.0,0.0,0.5119362138713294,near_normal,False
Sar-e-Pul,2011,10,4.594356243869312,4.594356243869312,0.31877699692853295,near_normal,False
Sar-e-Pul,2011,11,95.39367869192336,99.98803493579267,1.9684223503383687,very_wet,False
Sar-e-Pul,2011,12,27.30950664392052,127.2975415797132,1.4598160330392123,moderately_wet,False
Sar-e-Pul,2012,1,31.17746707946162,153.8806524153055,1.108148825531036,moderately_wet,False
Sar-e-Pul,2012,2,58.99249621142307,117.47946993480521,-0.829772182958246,near_normal,False
Sar-e-Pul,2012,3,89.89220051072427,180.06216380160896,-0.5810130829114253,near_normal,False
Sar-e-Pul,2012,4,69.59813257853064,218.48282930067796,-0.3008621397265779,near_normal,False
Sar-e-Pul,2012,5,36.66871423872639,196.15904732798128,0.2800726966320817,near_normal,False
Sar-e-Pul,2012,6,0.0984503410766807,106.3652971583337,0.5863916409672919,near_normal,False
Sar-e-Pul,2012,7,0.0,36.767164579803065,1.1274659640565883,moderately_wet,False
Sar-e-Pul,2012,8,0.0,0.0984503410766807,-0.2040522892535506,near_normal,False
Sar-e-Pul,2012,9,0.0,0.0,0.5119362138713294,near_normal,False
Sar-e-Pul,2012,10,9.173003455221435,9.173003455221435,1.151866314419785,moderately_wet,False
Sar-e-Pul,2012,11,47.1478544040012,56.320857859222635,0.331174635233636,near_normal,False
Sar-e-Pul,2012,12,35.59042904716473,91.91128690638737,0.21565827362365483,near_normal,False
Sar-e-Pul,2013,1,32.60042734566207,115.338710796828,-0.15924332495231383,near_normal,False
Sar-e-Pul,2013,2,71.97325324341753,140.16410963624432,-0.2850324131866873,near_normal,False
Sar-e-Pul,2013,3,94.45487275473188,199.0285533438115,-0.2262155478792952,near_normal,False
Sar-e-Pul,2013,4,82.63519559299688,249.0633215911463,0.15596260776032614,near_normal,False
Sar-e-Pul,2013,5,7.842916797507244,184.93298514523602,0.08534545550894725,near_normal,False
Sar-e-Pul,2013,6,0.0028069090087879,90.4809192995129,0.2079998376502572,near_normal,False
Sar-e-Pul,2013,7,0.0,7.845723706516032,-1.8775831944295183,severe_drought,True
Sar-e-Pul,2013,8,0.0,0.0028069090087879,-0.5686637708262804,near_normal,False
Sar-e-Pul,2013,9,0.0,0.0,0.5119362138713294,near_normal,False
Sar-e-Pul,2013,10,7.669438304885154,7.669438304885154,0.9161872323161013,near_normal,False
Sar-e-Pul,2013,11,24.187157164597892,31.856595469483047,-1.008521282458939,moderate_drought,True
Sar-e-Pul,2013,12,44.30286776494638,76.15946323442942,-0.4425676203331015,near_normal,False
Sar-e-Pul,2014,1,29.027982936122008,97.51800786566628,-0.8430110830220692,near_normal,False
Sar-e-Pul,2014,2,57.848569846234135,131.17942054730253,-0.4930753638737369,near_normal,False
Sar-e-Pul,2014,3,127.44130901617318,214.31786179852932,0.04358284617610699,near_normal,False
Sar-e-Pul,2014,4,64.52233396251289,249.8122128249202,0.16666687370196584,near_normal,False
Sar-e-Pul,2014,5,24.258462895724563,216.22210587441066,0.6104375446491802,near_normal,False
Sar-e-Pul,2014,6,3.4557358495695825,92.23653270780703,0.2518836527891701,near_normal,False
Sar-e-Pul,2014,7,0.0,27.714198745294144,0.4599017843720856,near_normal,False
Sar-e-Pul,2014,8,0.0,3.4557358495695825,1.5733222707930001,very_wet,False
Sar-e-Pul,2014,9,0.0,0.0,0.5119362138713294,near_normal,False
Sar-e-Pul,2014,10,3.107785267560476,3.107785267560476,-0.07304877960038941,near_normal,False
Sar-e-Pul,2014,11,53.79690397739661,56.90468924495708,0.3577952516751578,near_normal,False
Sar-e-Pul,2014,12,26.540092917699685,83.44478216265676,-0.1277988866424056,near_normal,False
Sar-e-Pul,2015,1,37.58756795428993,117.92456484938623,-0.06607173985638054,near_normal,False
Sar-e-Pul,2015,2,153.36056794181377,217.4882288138034,1.2173266576200157,moderately_wet,False
Sar-e-Pul,2015,3,93.1167290613311,284.0648649574348,1.1343483091131996,moderately_wet,False
Sar-e-Pul,2015,4,34.47922785428708,280.956524857432,0.5941660310840948,near_normal,False
Sar-e-Pul,2015,5,17.18874020306496,144.78469711868317,-0.6840926900613906,near_normal,False
Sar-e-Pul,2015,6,0.0215249401553614,51.68949299750743,-0.9575119957969754,near_normal,False
Sar-e-Pul,2015,7,0.0,17.21026514322035,-0.530783318145611,near_normal,False
Sar-e-Pul,2015,8,0.0,0.021524940155389822,-0.4347436502795109,near_normal,False
Sar-e-Pul,2015,9,0.3044648224902326,0.304464822490261,1.2994931723756529,moderately_wet,False
Sar-e-Pul,2015,10,5.15578826746731,5.460253089957571,0.508418920105173,near_normal,False
Sar-e-Pul,2015,11,78.40935101720977,83.86960410716735,1.431071966396001,moderately_wet,False
Sar-e-Pul,2015,12,23.356765923040477,106.9219052077176,0.7762062030768913,near_normal,False
Sar-e-Pul,2016,1,48.30920375847702,150.0753206987273,0.9930738862685791,near_normal,False
Sar-e-Pul,2016,2,24.37427229795261,96.04024197947014,-1.4154514524629465,moderate_drought,True
Sar-e-Pul,2016,3,133.2363747484657,205.91985080489536,-0.10295208827604752,near_normal,False
Sar-e-Pul,2016,4,64.88657587526039,222.4972229216787,-0.23854386652467668,near_normal,False
Sar-e-Pul,2016,5,20.433551440664612,218.5565020643907,0.6475420631712198,near_normal,False
Sar-e-Pul,2016,6,1.6806742426182657,87.0008015585433,0.11930453353181111,near_normal,False
Sar-e-Pul,2016,7,0.0,22.114225683282907,-0.02874774823710306,near_normal,False
Sar-e-Pul,2016,8,0.0,1.6806742426182941,0.9683107885616888,near_normal,False
Sar-e-Pul,2016,9,0.0,0.0,0.5119362138713294,near_normal,False
Sar-e-Pul,2016,10,0.2677092320311439,0.2677092320311723,-1.776716421350257,severe_drought,True
Sar-e-Pul,2016,11,46.83290309228935,47.10061232432052,-0.11601817442614298,near_normal,False
Sar-e-Pul,2016,12,40.33284320620695,87.43345553052748,0.03677189049720458,near_normal,False
Sar-e-Pul,2017,1,38.85825029885481,126.02399659735116,0.21721270096093082,near_normal,False
Sar-e-Pul,2017,2,213.6938645305764,292.8849580356382,2.3739900733707584,extremely_wet,False
Sar-e-Pul,2017,3,85.8719229696189,338.42403779905015,1.8678504740616386,very_wet,False
Sar-e-Pul,2017,4,28.128355024404904,327.69414252460024,1.1806653034252927,moderately_wet,False
Sar-e-Pul,2017,5,17.987919045563984,131.98819703958785,-0.9595703338898282,near_normal,False
Sar-e-Pul,2017,6,0.0,46.116274069968945,-1.171110842549684,moderate_drought,True
Sar-e-Pul,2017,7,0.0,17.98791904556404,-0.4451798043174427,near_normal,False
Sar-e-Pul,2017,8,0.0,0.0,-0.6406668899191049,near_normal,False
Sar-e-Pul,2017,9,1.7905848407139913e-05,1.7905848463983332e-05,0.5275144051153617,near_normal,False
Sar-e-Pul,2017,10,1.2240891929018254,1.2241070987502893,-0.8424823665203403,near_normal,False
Sar-e-Pul,2017,11,36.16745732231119,37.39156442106148,-0.6561475539654613,near_normal,False
Sar-e-Pul,2017,12,22.6305978454063,60.02214436061937,-1.2208007695843293,moderate_drought,True
Sar-e-Pul,2018,1,16.938566846250932,75.73662201396849,-1.8061240792961128,severe_drought,True
Sar-e-Pul,2018,2,62.4028677362044,101.97203242786169,-1.2450578235098462,moderate_drought,True
Sar-e-Pul,2018,3,121.42794309473136,200.76937767718675,-0.19481078013825223,near_normal,False
Sar-e-Pul,2018,4,42.22315442333353,226.05396525426937,-0.1839584403138627,near_normal,False
Sar-e-Pul,2018,5,27.81810796343374,191.46920548149868,0.1996486867158748,near_normal,False
Sar-e-Pul,2018,6,0.0,70.04126238676733,-0.350914394984515,near_normal,False
Sar-e-Pul,2018,7,0.0,27.818107963433796,0.4683201542796727,near_normal,False
Sar-e-Pul,2018,8,0.0124279636241151,0.012427963624171944,-0.4849434271643694,near_normal,False
Sar-e-Pul,2018,9,0.00494069812889,0.017368661753061943,0.742097911698604,near_normal,False
Sar-e-Pul,2018,10,14.701810554771392,14.719179216524454,1.856621268795048,very_wet,False
Sar-e-Pul,2018,11,48.12748476022793,62.83423601312827,0.6184740746563516,near_normal,False
Sar-e-Pul,2018,12,39.645765366831625,102.475060681831,0.6158778819214303,near_normal,False
Sar-e-Pul,2019,1,81.06222834350201,168.83547847056164,1.5432095415565945,very_wet,False
Sar-e-Pul,2019,2,127.9870248587387,248.69501856907243,1.7231402126946205,very_wet,False
Sar-e-Pul,2019,3,96.47907390925025,305.528327111491,1.4339913095187935,moderately_wet,False
Sar-e-Pul,2019,4,133.1604107046877,357.62650947267673,1.5280773343197505,very_wet,False
Sar-e-Pul,2019,5,19.414242064013017,249.053726677951,1.110050123923579,moderately_wet,False
Sar-e-Pul,2019,6,3.737160947817963,156.31181371651874,1.5774855631843816,very_wet,False
Sar-e-Pul,2019,7,0.0,23.151403011831036,0.06752401217714613,near_normal,False
Sar-e-Pul,2019,8,0.0,3.73716094781802,1.651441938696318,very_wet,False
Sar-e-Pul,2019,9,0.0,0.0,0.5119362138713294,near_normal,False
Sar-e-Pul,2019,10,9.825391577222527,9.825391577222584,1.2465358976019796,moderately_wet,False
Sar-e-Pul,2019,11,55.23264968977427,65.05804126699685,0.712057271875312,near_normal,False
Sar-e-Pul,2019,12,38.70149215407689,103.75953342107374,0.6626511789031286,near_normal,False
Sar-e-Pul,2020,1,43.66575071981117,137.59989256366237,0.6018074940077803,near_normal,False
Sar-e-Pul,2020,2,72.22567843331457,154.5929213072027,0.03104899279889482,near_normal,False
Sar-e-Pul,2020,3,71.66053831253369,187.5519674656595,-0.43802418572793367,near_normal,False
Sar-e-Pul,2020,4,101.41966732347456,245.30588406932287,0.10192960806297993,near_normal,False
Sar-e-Pul,2020,5,36.51603378753044,209.59623942353875,0.5036626203040774,near_normal,False
Sar-e-Pul,2020,6,1.030287048970814,138.96598815997586,1.2601500781101276,moderately_wet,False
Sar-e-Pul,2020,7,0.791974957205198,38.33829579370651,1.232057865178608,moderately_wet,False
Sar-e-Pul,2020,8,0.0,1.8222620061760688,1.0270648982799742,moderately_wet,False
Sar-e-Pul,2020,9,0.1832628480223326,0.9752378052275874,1.876294717211372,very_wet,False
Sar-e-Pul,2020,10,3.263871925417078,3.4471347734394673,0.026140654809464543,near_normal,False
Sar-e-Pul,2020,11,79.41782657957677,82.86496135301624,1.3954729431165118,moderately_wet,False
Sar-e-Pul,2020,12,51.98558199518104,134.66728050017494,1.68946573517325,very_wet,False
Sar-e-Pul,2021,1,14.905659790060438,146.3090683648183,0.8772823836033123,near_normal,False
Sar-e-Pul,2021,2,31.128644521200385,98.01988630644192,-1.3577934970333854,moderate_drought,True
Sar-e-Pul,2021,3,116.96956110998968,163.00386542125057,-0.9224407381426613,near_normal,False
Sar-e-Pul,2021,4,24.31176782511436,172.4099734563045,-1.0789787389820489,moderate_drought,True
Sar-e-Pul,2021,5,21.63011789213685,162.91144682724095,-0.3209082248666585,near_normal,False
Sar-e-Pul,2021,6,0.0,45.94188571725127,-1.1780802325007647,moderate_drought,True
Sar-e-Pul,2021,7,0.0,21.63011789213691,-0.07472319279507884,near_normal,False
Sar-e-Pul,2021,8,0.0,0.0,-0.6406668899191049,near_normal,False
Sar-e-Pul,2021,9,0.0,0.0,0.5119362138713294,near_normal,False
Sar-e-Pul,2021,10,0.2808216849743298,0.28082168497438664,-1.7514870584198714,severe_drought,True
Sar-e-Pul,2021,11,28.951724303956336,29.232545988930724,-1.190589532438576,moderate_drought,True
Sar-e-Pul,2021,12,22.936344261231163,52.16889025016189,-1.6526950817228931,severe_drought,True
Sar-e-Pul,2022,1,39.13372216194418,91.02179072713173,-1.1133168816919607,moderate_drought,True
Sar-e-Pul,2022,2,37.92561371738651,99.99568014056192,-1.3010477840987509,moderate_drought,True
Sar-e-Pul,2022,3,71.48240493307652,148.54174081240726,-1.2315751242064397,moderate_drought,True
Sar-e-Pul,2022,4,23.526691249255588,132.93470989971865,-1.8693862695942318,severe_drought,True
Sar-e-Pul,2022,5,16.437750426570553,111.4468466089027,-1.4430430853677072,moderate_drought,True
Sar-e-Pul,2022,6,0.1596287286600779,40.124070404486275,-1.4221420612174658,moderate_drought,True
Sar-e-Pul,2022,7,0.0,16.597379155230687,-0.6001395014771029,near_normal,False
Sar-e-Pul,2022,8,0.0,0.15962872866013475,-0.0906253180613282,near_normal,False
Sar-e-Pul,2022,9,0.5876330570025594,0.5876330570026163,1.5817242928950526,very_wet,False
Sar-e-Pul,2022,10,0.975368226606526,1.5630012836091423,-0.6593144640874177,near_normal,False
Sar-e-Pul,2022,11,48.99534838855329,50.55834967216243,0.058015270839283754,near_normal,False
Sar-e-Pul,2022,12,31.807276628959272,81.77799324411914,-0.19813190806333714,near_normal,False
Sar-e-Pul,2023,1,21.981363865156364,102.78398888266898,-0.6327443774818412,near_normal,False
Sar-e-Pul,2023,2,79.04813143750626,132.83677193162197,-0.45399018254861345,near_normal,False
Sar-e-Pul,2023,3,50.41909625369617,151.44859155635885,-1.1678329857992882,moderate_drought,True
Sar-e-Pul,2023,4,16.65173226781907,146.11895995902154,-1.5891654557104127,severe_drought,True
Sar-e-Pul,2023,5,12.826985223773873,79.89781374528917,-2.325213125526808,extreme_drought,True
Sar-e-Pul,2023,6,0.222207275600466,29.700924767193467,-1.931807206933086,severe_drought,True
Sar-e-Pul,2023,7,0.0,13.049192499374396,-1.0411026318839864,moderate_drought,True
Sar-e-Pul,2023,8,0.0,0.22220727560052284,0.0020433017502640535,near_normal,False
Sar-e-Pul,2023,9,0.0,0.0,0.5119362138713294,near_normal,False
Sar-e-Pul,2023,10,4.965821963143963,4.96582196314402,0.402811410226241,near_normal,False
Sar-e-Pul,2023,11,40.23023127151918,45.1960532346632,-0.21557048637837475,near_normal,False
Sar-e-Pul,2023,12,23.26725866361967,68.46331189828288,-0.7980385360536084,near_normal,False
Takhar,2001,1,36.44360993565461,,,,False
Takhar,2001,2,47.791796959862026,,,,False
Takhar,2001,3,96.56550394916052,180.80091084467716,-0.9826956894587725,near_normal,False
Takhar,2001,4,45.587416295908206,189.94471720493075,-1.2039294466220076,moderate_drought,True
Takhar,2001,5,26.309829910558797,168.46275015562753,-0.9358789853016712,near_normal,False
Takhar,2001,6,8.191848279173277,80.08909448564027,-1.314933271338746,moderate_drought,True
Takhar,2001,7,7.301779409589705,41.80345759932178,-0.8852262589235894,near_normal,False
Takhar,2001,8,1.6247130557276748,17.118340744490656,-0.41951928102332997,near_normal,False
Takhar,2001,9,0.9458976068348706,9.87239007215225,-0.48546199868754214,near_normal,False
Takhar,2001,10,18.166713464678384,20.737324127240928,0.2998974006190725,near_normal,False
Takhar,2001,11,32.05110297133965,51.1637140428529,-0.23445894152553828,near_normal,False
Takhar,2001,12,43.60623658068587,93.82405301670391,-0.11544409378245997,near_normal,False
Takhar,2002,1,41.07783044652478,116.7351699985503,-0.4206821161422918,near_normal,False
Takhar,2002,2,133.88187687355665,218.5659439007673,0.7725948865366734,near_normal,False
Takhar,2002,3,155.0901375991504,330.0498449192318,1.2331494161983274,moderately_wet,False
Takhar,2002,4,140.64856806193535,429.6205825346424,1.5879812808563591,very_wet,False
Takhar,2002,5,42.53867792223592,338.2773835833217,1.1177230919558307,moderately_wet,False
Takhar,2002,6,11.71451543481557,194.90176141898684,1.0192025373256088,moderately_wet,False
Takhar,2002,7,6.947494987933148,61.20068834498464,0.052367923355243505,near_normal,False
Takhar,2002,8,1.5856868246029228,20.247697247351642,0.3288796731119333,near_normal,False
Takhar,2002,9,1.0360891658595814,9.569270978395652,-0.7902180074514511,near_normal,False
Takhar,2002,10,5.997063865793075,8.61883985625558,-1.323940748331712,moderate_drought,True
Takhar,2002,11,26.848972557304283,33.88212558895694,-1.0357924004308763,moderate_drought,True
Takhar,2002,12,76.70730100698695,109.55333743008431,0.31767292178477535,near_normal,False
Takhar,2003,1,37.18839351699837,140.7446670812896,0.23728488800232728,near_normal,False
Takhar,2003,2,134.31347216489738,248.2091666888827,1.2130800944725246,moderately_wet,False
Takhar,2003,3,166.70516163065244,338.20702731254823,1.332934530377611,moderately_wet,False
Takhar,2003,4,119.93244998499844,420.9510837805483,1.5083798601092564,very_wet,False
Takhar,2003,5,63.72821095918931,350.3658225748402,1.2345480034415695,moderately_wet,False
Takhar,2003,6,9.453629381904475,193.11429032609223,0.991293958592901,near_normal,False
Takhar,2003,7,6.889080944466921,80.07092128556071,0.7879037457057393,near_normal,False
Takhar,2003,8,1.7494110647873695,18.092121391158766,-0.17747664955054107,near_normal,False
Takhar,2003,9,0.951688280148662,9.590180289402953,-0.7689895551516361,near_normal,False
Takhar,2003,10,17.76240703117398,20.46350637611001,0.27175827826856286,near_normal,False
Takhar,2003,11,54.372652479015386,73.08674779033802,0.5500581306769002,near_normal,False
Takhar,2003,12,61.00980139315522,133.14486090334458,0.8959038643535077,near_normal,False
Takhar,2004,1,63.36770732527123,178.75016119744186,1.1407718529096507,moderately_wet,False
Takhar,2004,2,53.1697450286826,177.54725374710904,0.09284686737917429,near_normal,False
Takhar,2004,3,54.64565435337296,171.1831067073268,-1.1632128110271527,moderate_drought,True
Takhar,2004,4,100.96789438828164,208.7832937703372,-0.9173515973033591,near_normal,False
Takhar,2004,5,42.58018994682316,198.19373868847777,-0.4982388395169063,near_normal,False
Takhar,2004,6,6.160502640094064,149.70858697519887,0.25422509291109213,near_normal,False
Takhar,2004,7,7.203100335847875,55.9437929227651,-0.17903575629084506,near_normal,False
Takhar,2004,8,1.559488181230598,14.923091157172538,-1.0014414488175425,moderate_drought,True
Takhar,2004,9,0.907168184421586,9.66975670150006,-0.6884814426102672,near_normal,False
Takhar,2004,10,32.31067735832392,34.777333723976106,1.5012910998369302,very_wet,False
Takhar,2004,11,57.32722548359026,90.54507102633576,1.0691387902949832,moderately_wet,False
Takhar,2004,12,64.77017799992157,154.40808084183575,1.3621051006180114,moderately_wet,False
Takhar,2005,1,44.219569319726325,166.31697280323814,0.8604421967320003,near_normal,False
Takhar,2005,2,67.33712692953792,176.3268742491858,0.07109569158399588,near_normal,False
Takhar,2005,3,120.9480778948469,232.50477414411114,-0.11021617531721749,near_normal,False
Takhar,2005,4,78.16535737041487,266.45056219479966,-0.13715497624956516,near_normal,False
Takhar,2005,5,68.24245770765825,267.35589297292,0.3705809489726427,near_normal,False
Takhar,2005,6,11.560823717387809,157.96863879546092,0.4044196877548403,near_normal,False
Takhar,2005,7,7.025138972521862,86.82842039756792,1.023282990172493,moderately_wet,False
Takhar,2005,8,1.5210785914794374,20.107041281389108,0.2969652419850269,near_normal,False
Takhar,2005,9,0.8098564397466391,9.356074003747938,-1.0084690558664051,moderate_drought,True
Takhar,2005,10,6.005128165649286,8.336063196875362,-1.377530153718677,moderate_drought,True
Takhar,2005,11,33.97811719910216,40.79310180449808,-0.6875382885050842,near_normal,False
Takhar,2005,12,29.62960551016368,69.61285087491513,-0.8903676318991406,near_normal,False
Takhar,2006,1,75.6106603633009,139.21838307256672,0.19779736778245507,near_normal,False
Takhar,2006,2,108.5397090613192,213.77997493478375,0.6978784603331587,near_normal,False
Takhar,2006,3,117.65577522883292,301.806144653453,0.8746883177192016,near_normal,False
Takhar,2006,4,90.31357320771956,316.50905749787165,0.4523956987335132,near_normal,False
Takhar,2006,5,16.65361066845863,224.6229591050111,-0.1452928600825242,near_normal,False
Takhar,2006,6,5.970285223044197,112.93746909922237,-0.49162559757475455,near_normal,False
Takhar,2006,7,7.083113339319627,29.70700923082244,-1.6361241952412382,severe_drought,True
Takhar,2006,8,1.5356249497531833,14.589023512116993,-1.094997331830344,moderate_drought,True
Takhar,2006,9,0.8625688853438812,9.481307174416678,-0.8798671357173212,near_normal,False
Takhar,2006,10,15.456911131213474,17.855104966310524,-0.00980905671887231,near_normal,False
Takhar,2006,11,79.44583807766372,95.76531809422106,1.211557276090679,moderately_wet,False
Takhar,2006,12,74.58096408749792,169.4837132963751,1.6680420848265183,very_wet,False
Takhar,2007,1,33.76356783500965,187.79037000017127,1.3367122186686387,moderately_wet,False
Takhar,2007,2,113.71732075712964,222.06185267963718,0.8264962025133538,near_normal,False
Takhar,2007,3,303.901458644186,451.38234723632524,2.5808052835068747,extremely_wet,False
Takhar,2007,4,63.73649698021066,481.3552763815262,2.042759436824181,extremely_wet,False
Takhar,2007,5,32.4843654177364,400.12232104213297,1.6897742627254946,very_wet,False
Takhar,2007,6,13.907959012016756,110.12882140996382,-0.555003427732094,near_normal,False
Takhar,2007,7,7.189092011466354,53.58141644121951,-0.287806375926151,near_normal,False
Takhar,2007,8,1.593561708817505,22.690612732300615,0.8611881524784852,near_normal,False
Takhar,2007,9,0.8903242163325265,9.672977936616386,-0.6852318685830129,near_normal,False
Takhar,2007,10,5.863463378987158,8.34734930413719,-1.375366599179989,moderate_drought,True
Takhar,2007,11,13.870749081465894,20.624536676785578,-1.8791478243183328,severe_drought,True
Takhar,2007,12,54.18111688646008,73.91532934691313,-0.7405161582567915,near_normal,False
Takhar,2008,1,48.269696506973474,116.32156247489945,-0.43278163719299384,near_normal,False
Takhar,2008,2,50.47456255210819,152.92537594554176,-0.3670552306476777,near_normal,False
Takhar,2008,3,48.578507350798326,147.32276640988,-1.6434275779615355,severe_drought,True
Takhar,2008,4,101.57072444491595,200.62379434782247,-1.0391992672350008,moderate_drought,True
Takhar,2008,5,19.418036684532098,169.56726848024638,-0.9187112578769749,near_normal,False
Takhar,2008,6,5.996280511632846,126.9850416410809,-0.18973553016102238,near_normal,False
Takhar,2008,7,7.037587166715798,32.45190436288074,-1.4491352989601076,moderate_drought,True
Takhar,2008,8,1.510903511136784,14.544771189485427,-1.1074993979068801,moderate_drought,True
Takhar,2008,9,1.088843580055775,9.637334257908355,-0.7212296340117758,near_normal,False
Takhar,2008,10,18.645343310760644,21.245090401953203,0.3514331875264745,near_normal,False
Takhar,2008,11,29.42590913366568,49.1600960244821,-0.3167486303154151,near_normal,False
Takhar,2008,12,46.63787629769318,94.7091287421195,-0.08983466772287764,near_normal,False
Takhar,2009,1,81.45878811564234,157.5225735470012,0.6537576854312634,near_normal,False
Takhar,2009,2,129.2829192843075,257.379583697643,1.3423669427606704,moderately_wet,False
Takhar,2009,3,83.30186538811232,294.04357278806214,0.7723467893443607,near_normal,False
Takhar,2009,4,157.26178326841287,369.8465679408327,1.0161276908910015,moderately_wet,False
Takhar,2009,5,68.8454098869451,309.40905854347034,0.8273032594629025,near_normal,False
Takhar,2009,6,12.641160737319924,238.7483538926779,1.657508076843777,very_wet,False
Takhar,2009,7,7.1993846193441575,88.68595524360921,1.08588539399277,moderately_wet,False
Takhar,2009,8,1.4919033043889802,21.33244866105309,0.5702046025564024,near_normal,False
Takhar,2009,9,1.3953197171013358,10.086607640834503,-0.273847862585712,near_normal,False
Takhar,2009,10,14.355027050159691,17.242250071650037,-0.07991611419727195,near_normal,False
Takhar,2009,11,64.11274554432357,79.86309231158464,0.7602377180118881,near_normal,False
Takhar,2009,12,68.16997812746412,146.6377507219474,1.1968651433178565,moderately_wet,False
Takhar,2010,1,47.41773243502341,179.70045610681115,1.1616677242888895,moderately_wet,False
Takhar,2010,2,139.33193864071197,254.91964920319953,1.3079827866159834,moderately_wet,False
Takhar,2010,3,94.37919088971472,281.12886196545014,0.5980711570234238,near_normal,False
Takhar,2010,4,79.76549912357943,313.47662865400616,0.41852242234383974,near_normal,False
Takhar,2010,5,90.3015404850998,264.446230498394,0.3372748878275219,near_normal,False
Takhar,2010,6,19.061637122338148,189.1286767310174,0.9284542904621966,near_normal,False
Takhar,2010,7,7.9955099602374355,117.35868756767542,1.9604985264441375,very_wet,False
Takhar,2010,8,2.2995573535416542,29.356704436117266,2.14490899495425,extremely_wet,False
Takhar,2010,9,1.4044558744839948,11.699523188263113,1.2306662154220365,moderately_wet,False
Takhar,2010,10,8.480322752855502,12.18433598088118,-0.7358320077281778,near_normal,False
Takhar,2010,11,11.524160144311962,21.408938771651485,-1.8197382311260166,severe_drought,True
Takhar,2010,12,11.320041500787609,31.324524397955102,-2.650537700686705,extreme_drought,True
Takhar,2011,1,35.67779445101349,58.521996096113085,-2.5393817802867056,extreme_drought,True
Takhar,2011,2,121.77617097779824,168.77400692959935,-0.065810069478295,near_normal,False
Takhar,2011,3,82.30454249515864,239.7585079239704,0.0013404180140445285,near_normal,False
Takhar,2011,4,49.82297178026786,253.9036852532248,-0.2963781909186925,near_normal,False
Takhar,2011,5,28.345497221274623,160.47301149670116,-1.0624346970862928,moderate_drought,True
Takhar,2011,6,6.582928491197083,84.7513974927396,-1.185310886398071,moderate_drought,True
Takhar,2011,7,7.00362843922994,41.93205415170168,-0.8781152823037619,near_normal,False
Takhar,2011,8,1.5607048015647242,15.147261731991776,-0.9394590890992921,near_normal,False
Takhar,2011,9,0.9401788508448072,9.5045120916395,-0.8561635684855298,near_normal,False
Takhar,2011,10,39.45047976980698,41.951363422216545,1.9952926128539206,very_wet,False
Takhar,2011,11,90.23935132911708,130.63000994976892,2.054997398868616,extremely_wet,False
Takhar,2011,12,27.23027808238238,156.9201091813065,1.414374974063661,moderately_wet,False
Takhar,2012,1,53.53075146263527,171.00038087413475,0.9675961458632525,near_normal,False
Takhar,2012,2,88.65217115403472,169.4132006990524,-0.054066942922895336,near_normal,False
Takhar,2012,3,108.7047473740536,250.88766999072362,0.168196703447298,near_normal,False
Takhar,2012,4,81.64688437163966,279.003802899728,0.017192370555711305,near_normal,False
Takhar,2012,5,84.50185679016695,274.85348853586027,0.4553126382250222,near_normal,False
Takhar,2012,6,10.7763913590496,176.92513252085624,0.7305035050063828,near_normal,False
Takhar,2012,7,7.054188181662126,102.3324363308787,1.5217237982851124,very_wet,False
Takhar,2012,8,1.583552275256284,19.414131815968037,0.13754160045555566,near_normal,False
Takhar,2012,9,2.9079180224075043,11.545658479325944,1.0933191782964566,moderately_wet,False
Takhar,2012,10,14.311236197015775,18.80270649467959,0.09547742158088028,near_normal,False
Takhar,2012,11,45.96126601773978,63.18042023716309,0.21832958765140323,near_normal,False
Takhar,2012,12,61.00697292761237,121.27947514236794,0.6143383633338196,near_normal,False
Takhar,2013,1,38.47080104829045,145.4390399936426,0.35698171272151996,near_normal,False
Takhar,2013,2,98.77332275672366,198.25109673262648,0.44759346042835996,near_normal,False
Takhar,2013,3,100.00177708926014,237.24590089427426,-0.037042634108785784,near_normal,False
Takhar,2013,4,60.94012480192873,259.7152246479126,-0.22198590833149498,near_normal,False
Takhar,2013,5,13.693000383487623,174.6349022746765,-0.8409146321656915,near_normal,False
Takhar,2013,6,6.219958281255541,80.8530834666719,-1.2933379069792355,moderate_drought,True
Takhar,2013,7,7.326026200751899,27.238984865495077,-1.8150327726365592,severe_drought,True
Takhar,2013,8,1.6251913158273037,15.171175797834758,-0.9328838521184505,near_normal,False
Takhar,2013,9,1.3184165043884812,10.269634020967697,-0.0954132035405454,near_normal,False
Takhar,2013,10,13.482676390702451,16.42628421091825,-0.17591519851126605,near_normal,False
Takhar,2013,11,23.838589133802056,38.639682028893006,-0.7913325858748813,near_normal,False
Takhar,2013,12,55.70228719206762,93.02355271657214,-0.13874647060637713,near_normal,False
Takhar,2014,1,20.475914261534445,100.01679058740413,-0.9349881685807907,near_normal,False
Takhar,2014,2,58.67887657497806,134.85707802858013,-0.737460475882407,near_normal,False
Takhar,2014,3,154.68007704616687,233.8348678826794,-0.08958776272479485,near_normal,False
Takhar,2014,4,129.375636582352,342.73459020349696,0.7367808538079882,near_normal,False
Takhar,2014,5,43.75675383609914,327.812467464618,1.014380124709077,moderately_wet,False
Takhar,2014,6,11.136179685966756,184.2685701044179,0.8506485599005272,near_normal,False
Takhar,2014,7,7.387806102982254,62.280739625048156,0.09824568986258041,near_normal,False
Takhar,2014,8,1.8188047867327828,20.342790575681793,0.35037280042781427,near_normal,False
Takhar,2014,9,0.8544829429742824,10.06109383268932,-0.2988929340983235,near_normal,False
Takhar,2014,10,24.75507260188809,27.428360331595158,0.9225174737427129,near_normal,False
Takhar,2014,11,31.09373938478337,56.70329492964574,-0.017737048058859,near_normal,False
Takhar,2014,12,30.899485939748622,86.7482979264201,-0.3262703302975691,near_normal,False
Takhar,2015,1,40.14480447908392,102.13802980361592,-0.8666384226053757,near_normal,False
Takhar,2015,2,123.27301691358952,194.31730733242208,0.3821498261526454,near_normal,False
Takhar,2015,3,101.15963178712158,264.57745317979504,0.36682029514117387,near_normal,False
Takhar,2015,4,56.25559599708795,280.68824469779906,0.037547413593146076,near_normal,False
Takhar,2015,5,48.86616991577573,206.28139769998526,-0.38702094766921435,near_normal,False
Takhar,2015,6,7.197089019618157,112.31885493248184,-0.5054918489038879,near_normal,False
Takhar,2015,7,7.757024200225004,63.82028313561889,0.16273255982429405,near_normal,False
Takhar,2015,8,1.7125399331425433,16.666653152985702,-0.5349417664347972,near_normal,False
Takhar,2015,9,1.2264033149086822,10.695967448276228,0.31215276343326853,near_normal,False
Takhar,2015,10,16.996153681661603,19.935096929712827,0.21674053429093623,near_normal,False
Takhar,2015,11,72.24636022730036,90.46891722387065,1.0670224980451977,moderately_wet,False
Takhar,2015,12,32.47832737503638,121.72084128399834,0.625127915829615,near_normal,False
Takhar,2016,1,49.03761824097097,153.7623058433077,0.5630658787528795,near_normal,False
Takhar,2016,2,23.492435923687903,105.00838153969525,-1.4322152541059787,moderate_drought,True
Takhar,2016,3,126.14061879213712,198.670672956796,-0.6640052913261411,near_normal,False
Takhar,2016,4,91.8683867081718,241.50144142399682,-0.45906249098376056,near_normal,False
Takhar,2016,5,38.82468969454038,256.83369519484927,0.24897123515927785,near_normal,False
Takhar,2016,6,11.681514972619736,142.37459137533193,0.11618461231931025,near_normal,False
Takhar,2016,7,7.795846061577488,58.302050728737605,-0.07349852218008994,near_normal,False
Takhar,2016,8,1.7321808437290738,21.2095418779263,0.5432755155236133,near_normal,False
Takhar,2016,9,0.9254879858460164,10.453514891152578,0.0817298406628311,near_normal,False
Takhar,2016,10,8.141033975868005,10.798702805443096,-0.9478191922363113,near_normal,False
Takhar,2016,11,59.49737079446741,68.56389275618143,0.4025487709726463,near_normal,False
Takhar,2016,12,37.97913914665681,105.61754391699222,0.2134035583596083,near_normal,False
Takhar,2017,1,63.85846680536671,161.33497674649095,0.7442634630373048,near_normal,False
Takhar,2017,2,128.123184489935,229.96079044195852,0.9462729944560523,near_normal,False
Takhar,2017,3,62.53475364163569,254.5164049369374,0.221533174028788,near_normal,False
Takhar,2017,4,70.03371495994037,260.69165309151106,-0.2095970217441453,near_normal,False
Takhar,2017,5,36.601617794905,169.17008639648105,-0.9248758476946423,near_normal,False
Takhar,2017,6,7.026227022763536,113.66155977760891,-0.47546055244962443,near_normal,False
Takhar,2017,7,7.537306135698345,51.16515095336688,-0.40246623097668993,near_normal,False
Takhar,2017,8,1.665243022383299,16.22877618084518,-0.648867163953399,near_normal,False
Takhar,2017,9,0.9833193803087464,10.185868538390391,-0.1768113494498468,near_normal,False
Takhar,2017,10,7.353810866302094,10.00237326899414,-1.0784036971739097,moderate_drought,True
Takhar,2017,11,20.244885501440773,28.582015748051614,-1.3383884493185325,moderate_drought,True
Takhar,2017,12,27.07496257565607,54.673658943398934,-1.4667222815657373,moderate_drought,True
Takhar,2018,1,21.23622386076292,68.55607193785976,-2.092084298057939,extreme_drought,True
Takhar,2018,2,57.55142567424543,105.86261211066443,-1.4105443870592427,moderate_drought,True
Takhar,2018,3,125.6468548007357,204.43450433574407,-0.5653880121086811,near_normal,False
Takhar,2018,4,74.32254255918642,257.52082303416756,-0.24994309491020633,near_normal,False
Takhar,2018,5,71.86211665976674,271.8315140196889,0.4213468816737825,near_normal,False
Takhar,2018,6,7.340320481821015,153.5249797007742,0.3242845458128478,near_normal,False
Takhar,2018,7,7.467363414159958,86.66980055574773,1.0178970990307246,moderately_wet,False
Takhar,2018,8,2.276812401253398,17.084496297234384,-0.42809616716612947,near_normal,False
Takhar,2018,9,1.4685757685890048,11.212751584002374,0.7919535647859571,near_normal,False
Takhar,2018,10,45.74300789886527,49.48839606870769,2.4602277341448815,extremely_wet,False
Takhar,2018,11,41.46477752668471,88.676361194139,1.0168721213721044,moderately_wet,False
Takhar,2018,12,22.90032464735615,110.10811007290616,0.3321693575209501,near_normal,False
Takhar,2019,1,100.05231673106522,164.4174189051061,0.8164180023749065,near_normal,False
Takhar,2019,2,108.64627988234048,231.59892126076187,0.9707753010207529,near_normal,False
Takhar,2019,3,85.18228256131559,293.8808791747213,0.7701829751082581,near_normal,False
Takhar,2019,4,158.09209174659037,351.92065419024647,0.8329990474025316,near_normal,False
Takhar,2019,5,36.06922043284382,279.34359474074984,0.5053271140517788,near_normal,False
Takhar,2019,6,24.06995569875204,218.23126787818626,1.3691539604777148,moderately_wet,False
Takhar,2019,7,7.405985522555677,67.54516165415157,0.31458534770673,near_normal,False
Takhar,2019,8,1.735059723186026,33.21100094449377,2.802484782564843,extremely_wet,False
Takhar,2019,9,0.9120219960014172,10.053067241743149,-0.3067808400982168,near_normal,False
Takhar,2019,10,17.742959298860608,20.39004101804808,0.26416605618602207,near_normal,False
Takhar,2019,11,54.27117693565078,72.92615823051284,0.5449251277576069,near_normal,False
Takhar,2019,12,13.529533154340076,85.5436693888515,-0.36330783811399314,near_normal,False
Takhar,2020,1,40.14152412069073,107.94223421068162,-0.6844358476518024,near_normal,False
Takhar,2020,2,38.23717746856444,91.90823474359527,-1.7811536163395816,severe_drought,True
Takhar,2020,3,90.84242272727028,169.22112431652548,-1.2008874717185822,moderate_drought,True
Takhar,2020,4,119.25151041270774,248.3311106085425,-0.3687963534561889,near_normal,False
Takhar,2020,5,71.19562810449999,281.289561244478,0.5268381765313621,near_normal,False
Takhar,2020,6,9.79130563845502,200.2384441556628,1.1015505095102291,moderately_wet,False
Takhar,2020,7,10.205763054072664,91.19269679702771,1.169035141510343,moderately_wet,False
Takhar,2020,8,1.5837897414624558,21.58085843399017,0.624320295712083,near_normal,False
Takhar,2020,9,2.3575587414538663,14.147111536989014,3.271742271856034,extremely_wet,False
Takhar,2020,10,6.147808880317994,10.089157363234344,-1.0638249900064602,moderate_drought,True
Takhar,2020,11,62.02061119993641,70.52597882170829,0.46730492956807057,near_normal,False
Takhar,2020,12,38.65651034277823,106.82493042303267,0.24566078402411154,near_normal,False
Takhar,2021,1,15.498898524596443,116.17602006731111,-0.4370461897164279,near_normal,False
Takhar,2021,2,26.623407774305317,80.77881664168002,-2.1063049720526887,extreme_drought,True
Takhar,2021,3,201.9124080905813,244.0347143894831,0.06605138080602291,near_normal,False
Takhar,2021,4,72.54878624467969,301.0846021095663,0.2777984115351245,near_normal,False
Takhar,2021,5,41.378821361424365,315.8400156966854,0.8934815021985417,near_normal,False
Takhar,2021,6,6.1082549799890735,120.03586258609313,-0.33608611005156325,near_normal,False
Takhar,2021,7,7.365260257225709,54.85233659863915,-0.22889638928256795,near_normal,False
Takhar,2021,8,1.6507126321416048,15.124227869356387,-0.9457989881738753,near_normal,False
Takhar,2021,9,0.886480767524277,9.902453656891591,-0.4555796337807606,near_normal,False
Takhar,2021,10,12.838271804755632,15.375465204421513,-0.3044247488538918,near_normal,False
Takhar,2021,11,25.040439324608077,38.765191896887984,-0.7851746183550151,near_normal,False
Takhar,2021,12,36.32080526521512,74.19951639457884,-0.7308312456747973,near_normal,False
Takhar,2022,1,66.02440684335721,127.38565143318041,-0.1185908285232997,near_normal,False
Takhar,2022,2,29.554590159020897,131.89980226759323,-0.801251706516846,near_normal,False
Takhar,2022,3,74.00059204495108,169.5795890473292,-1.193981767641247,moderate_drought,True
Takhar,2022,4,43.79876912456552,147.3539513285375,-1.933436843345056,severe_drought,True
Takhar,2022,5,38.1651956682074,155.964556837724,-1.135778226172051,moderate_drought,True
Takhar,2022,6,11.053193981395982,93.0171587741689,-0.9672083758576194,near_normal,False
Takhar,2022,7,7.365530493963669,56.583920143567056,-0.15009733229104086,near_normal,False
Takhar,2022,8,2.742163625032235,21.160888100391887,0.5325868931206592,near_normal,False
Takhar,2022,9,2.1339217609645798,12.241615879960484,1.7052801361275474,very_wet,False
Takhar,2022,10,13.29685531703032,18.172940703027134,0.02591395171087506,near_normal,False
Takhar,2022,11,52.34376926645241,67.77454634444732,0.37615217923878475,near_normal,False
Takhar,2022,12,31.746316784760563,97.38694136824328,-0.013317365952188284,near_normal,False
Takhar,2023,1,31.05180975750953,115.1418958087225,-0.46745157247138713,near_normal,False
Takhar,2023,2,94.43505778246636,157.23318432473644,-0.2831707194204013,near_normal,False
Takhar,2023,3,35.80135629867012,161.28822383864602,-1.3563597219025543,moderate_drought,True
Takhar,2023,4,19.28003654860648,149.51645062974296,-1.8930661291514967,severe_drought,True
Takhar,2023,5,22.895118090800874,77.97651093807747,-2.7425530317273186,extreme_drought,True
Takhar,2023,6,5.695453199783932,47.87060783919129,-2.4006813049766054,extreme_drought,True
Takhar,2023,7,7.596995010546985,36.187566301131795,-1.2117736256365874,moderate_drought,True
Takhar,2023,8,1.648882550262978,14.941330760593896,-0.9963746807655075,near_normal,False
Takhar,2023,9,1.1162284828139466,10.36210604362391,-0.006067521126748618,near_normal,False
Takhar,2023,10,14.852623847163908,17.617734880240832,-0.0367677954397885,near_normal,False
Takhar,2023,11,22.09696912537856,38.065821455356414,-0.8196664005106392,near_normal,False
Takhar,2023,12,21.471805681946527,58.421398654488996,-1.312719177634409,moderate_drought,True
Uruzgan,2001,1,20.64285949417833,,,,False
Uruzgan,2001,2,28.629591009391326,,,,False
Uruzgan,2001,3,52.9579985777022,102.23044908127186,-1.5481723129726517,severe_drought,True
Uruzgan,2001,4,52.76483894073567,134.3524285278292,-0.46179458163940795,near_normal,False
Uruzgan,2001,5,9.245060284873938,114.96789780331181,0.04978408846129558,near_normal,False
Uruzgan,2001,6,0.087769394976838,62.09766862058645,0.9434142096074306,near_normal,False
Uruzgan,2001,7,0.7800437035365615,10.112873383387338,-0.23949937535869584,near_normal,False
Uruzgan,2001,8,0.096593097093177,0.9644061956065765,-0.509159776114224,near_normal,False
Uruzgan,2001,9,0.0,0.8766368006297385,-0.2537992086071351,near_normal,False
Uruzgan,2001,10,0.1466584005209717,0.24325149761414872,-1.0007301150298744,moderate_drought,True
Uruzgan,2001,11,10.879628818990902,11.026287219511874,-1.017030552103073,moderate_drought,True
Uruzgan,2001,12,40.51106213868678,51.537349358198654,-0.2130042839669364,near_normal,False
Uruzgan,2002,1,22.470584615015,73.86127557269268,-0.7821114395935502,near_normal,False
Uruzgan,2002,2,68.78145696664896,131.76310372035073,-0.17273358132713199,near_normal,False
Uruzgan,2002,3,39.37683227003072,130.62887385169466,-0.8492200954685041,near_normal,False
Uruzgan,2002,4,48.48704168536816,156.64533092204783,-0.07139819060819977,near_normal,False
Uruzgan,2002,5,8.399759082706204,96.26363303810507,-0.4014155012255882,near_normal,False
Uruzgan,2002,6,0.0877693954895001,56.974570163563854,0.688558576850792,near_normal,False
Uruzgan,2002,7,0.7800437067677769,9.267572184963466,-0.4518177513076694,near_normal,False
Uruzgan,2002,8,0.096593097093177,0.9644061993504398,-0.5091597670392133,near_normal,False
Uruzgan,2002,9,0.0,0.8766368038609397,-0.25379919978066623,near_normal,False
Uruzgan,2002,10,0.4715712710882082,0.568164368181371,-0.5764992137075351,near_normal,False
Uruzgan,2002,11,24.488423412555964,24.959994683644158,0.4329244139920656,near_normal,False
Uruzgan,2002,12,56.51264668143239,81.47264136507656,1.0610141869111303,moderately_wet,False
Uruzgan,2003,1,36.84225668723409,117.84332678122243,0.5312079783959931,near_normal,False
Uruzgan,2003,2,82.95658651285899,176.31148988152546,0.7100829174759073,near_normal,False
Uruzgan,2003,3,83.12819535797325,202.92703855806633,0.5530663292355065,near_normal,False
Uruzgan,2003,4,35.53974238669932,201.62452425753156,0.6152229112048071,near_normal,False
Uruzgan,2003,5,6.476947026013988,125.14488477068655,0.2748194080694894,near_normal,False
Uruzgan,2003,6,0.0808565541441288,42.09754596685742,-0.1501470996007484,near_normal,False
Uruzgan,2003,7,0.6426950309595135,7.200498611117617,-1.0336720697735955,moderate_drought,True
Uruzgan,2003,8,0.1006358066186746,0.8241873917223028,-0.8675001792582506,near_normal,False
Uruzgan,2003,9,0.0,0.743330837578174,-0.6385248292667228,near_normal,False
Uruzgan,2003,10,0.5366037917423984,0.6372395983610587,-0.5125923376402536,near_normal,False
Uruzgan,2003,11,17.286667098755924,17.823270890498307,-0.21074799377630013,near_normal,False
Uruzgan,2003,12,42.817765750050455,60.64103664054876,0.21714232303608194,near_normal,False
Uruzgan,2004,1,67.05130136947918,127.15573421828555,0.765082743199383,near_normal,False
Uruzgan,2004,2,19.556012860046835,129.42507997957648,-0.22426019639942021,near_normal,False
Uruzgan,2004,3,33.7821387712981,120.38945300082412,-1.0878882094195899,moderate_drought,True
Uruzgan,2004,4,16.577194475424605,69.91534610676953,-1.9294422739803765,severe_drought,True
Uruzgan,2004,5,5.083467537274215,55.44280078399692,-1.6529462230487957,severe_drought,True
Uruzgan,2004,6,0.080234451482836,21.740896464181656,-1.721571029379982,severe_drought,True
Uruzgan,2004,7,0.6861490016025928,5.849850990359644,-1.4799883295343412,moderate_drought,True
Uruzgan,2004,8,0.1052358270003306,0.8716192800857595,-0.7418978700732134,near_normal,False
Uruzgan,2004,9,0.0232371106096554,0.8146219392125789,-0.42742778949879484,near_normal,False
Uruzgan,2004,10,4.035829763544765,4.164302701154751,0.889428769265172,near_normal,False
Uruzgan,2004,11,14.328130439758604,18.387197313913024,-0.1541513863144628,near_normal,False
Uruzgan,2004,12,86.08817932379772,104.45213952710108,1.841975550377533,very_wet,False
Uruzgan,2005,1,70.0784015825472,170.49471134610351,1.7274368212180873,very_wet,False
Uruzgan,2005,2,68.1349952815614,224.3015761879063,1.5094381839067688,very_wet,False
Uruzgan,2005,3,112.108922004456,250.3223188685646,1.2980559591764216,moderately_wet,False
Uruzgan,2005,4,28.86302252038533,209.10693980640275,0.7192845148443358,near_normal,False
Uruzgan,2005,5,13.398753837554162,154.3706983623955,0.8602595777698356,near_normal,False
Uruzgan,2005,6,0.3768884681967916,42.638664826136285,-0.11643282806487512,near_normal,False
Uruzgan,2005,7,0.6862802657125624,14.461922571463516,0.6973965648015548,near_normal,False
Uruzgan,2005,8,0.1051003704542946,1.1682691043636486,-0.046748312418439575,near_normal,False
Uruzgan,2005,9,0.0,0.7913806361668569,-0.49481062480614274,near_normal,False
Uruzgan,2005,10,0.0515467942713683,0.1566471647256629,-1.193541527403452,moderate_drought,True
Uruzgan,2005,11,18.39956895578307,18.451115750054438,-0.14781101290407234,near_normal,False
Uruzgan,2005,12,15.950159632533335,34.40127538258777,-1.1894041888140818,moderate_drought,True
Uruzgan,2006,1,59.578708133920095,93.92843672223651,-0.131592040306916,near_normal,False
Uruzgan,2006,2,74.23474859743037,149.76361636388378,0.20480909588593066,near_normal,False
Uruzgan,2006,3,51.52486994153202,185.3383266728825,0.24750069189193852,near_normal,False
Uruzgan,2006,4,29.31398760410833,155.07360614307072,-0.09764623632928683,near_normal,False
Uruzgan,2006,5,3.192829704556704,84.03168725019705,-0.7297157967544619,near_normal,False
Uruzgan,2006,6,0.0806276401278116,32.58744494879284,-0.797558238750953,near_normal,False
Uruzgan,2006,7,0.6928003200557591,3.9662576647402745,-2.245966687368409,extreme_drought,True
Uruzgan,2006,8,0.0960930971106941,0.8695210572942649,-0.7473532079004186,near_normal,False
Uruzgan,2006,9,0.0,0.7888934171664532,-0.5021012285922737,near_normal,False
Uruzgan,2006,10,1.561124577660888,1.657217674771582,0.10172194365699704,near_normal,False
Uruzgan,2006,11,44.223939521966855,45.785064099627746,1.7995714661779263,very_wet,False
Uruzgan,2006,12,72.93691940866833,118.72198350829608,2.272818567321607,extremely_wet,False
Uruzgan,2007,1,55.7678207805547,172.9286797111899,1.7765438021298743,very_wet,False
Uruzgan,2007,2,94.50990594832908,223.2146461375521,1.4926286970172127,moderately_wet,False
Uruzgan,2007,3,149.65564763812517,299.9333743670089,1.9854050922581208,very_wet,False
Uruzgan,2007,4,21.744889830984185,265.91044341743844,1.4397254872851042,moderately_wet,False
Uruzgan,2007,5,5.985563250665215,177.38610071977456,1.2720115206917602,moderately_wet,False
Uruzgan,2007,6,0.6000502998666709,28.33050338151607,-1.1300257867025314,moderate_drought,True
Uruzgan,2007,7,0.7800437199056467,7.3656572704375325,-0.9832322379651269,near_normal,False
Uruzgan,2007,8,0.096593097957843,1.4766871177301606,0.5593572732053657,near_normal,False
Uruzgan,2007,9,0.0,0.8766368178634897,-0.25379916153077914,near_normal,False
Uruzgan,2007,10,0.3177536478931781,0.4143467458510211,-0.7436716879417085,near_normal,False
Uruzgan,2007,11,12.450280375040991,12.76803402293417,-0.7832057798770489,near_normal,False
Uruzgan,2007,12,42.822589505921634,55.5906235288558,-0.015678572431059044,near_normal,False
Uruzgan,2008,1,88.73203557100852,144.00490545197115,1.161249901038235,moderately_wet,False
Uruzgan,2008,2,23.8682963481326,155.42292142506275,0.317211166574806,near_normal,False
Uruzgan,2008,3,16.345421646604322,128.94575356574543,-0.8875479007759899,near_normal,False
Uruzgan,2008,4,41.03932966687672,81.25304766161364,-1.61663767649004,severe_drought,True
Uruzgan,2008,5,5.563364335254863,62.94811564873589,-1.383199207136277,moderate_drought,True
Uruzgan,2008,6,0.1221953522454387,46.72488935437701,0.12933705936804082,near_normal,False
Uruzgan,2008,7,0.6463482457516657,6.331907933251967,-1.3131197156348207,moderate_drought,True
Uruzgan,2008,8,0.4582136603437419,1.2267572583408464,0.07574675302371385,near_normal,False
Uruzgan,2008,9,0.0,1.1045619060954077,0.32118638397196647,near_normal,False
Uruzgan,2008,10,0.1802112854421429,0.6384249457858848,-0.5115424314432309,near_normal,False
Uruzgan,2008,11,8.389506252568317,8.56971753801046,-1.396260271578296,moderate_drought,True
Uruzgan,2008,12,30.71660615696521,39.28632369497567,-0.882184582855354,near_normal,False
Uruzgan,2009,1,61.751849778465136,100.85796218799865,0.07102495176856934,near_normal,False
Uruzgan,2009,2,36.71092569608887,129.17938163151922,-0.22971129793415745,near_normal,False
Uruzgan,2009,3,64.43913185990664,162.90190733446065,-0.17169344848997875,near_normal,False
Uruzgan,2009,4,52.18136813803924,153.33142569403475,-0.12695057639877003,near_normal,False
Uruzgan,2009,5,10.254492118941007,126.87499211688687,0.31185201628792836,near_normal,False
Uruzgan,2009,6,0.7892403257120505,63.225100582692285,0.9976422168793435,near_normal,False
Uruzgan,2009,7,0.6445864374584874,11.688318882111531,0.12625981982189505,near_normal,False
Uruzgan,2009,8,0.09605956099779,1.5298863241683138,0.6551740014237623,near_normal,False
Uruzgan,2009,9,0.0001021336919763,0.7407481321482395,-0.6464274166525206,near_normal,False
Uruzgan,2009,10,0.0647257704248026,0.1608874651145547,-1.1822810945954574,moderate_drought,True
Uruzgan,2009,11,9.934465174498012,9.999293078614777,-1.167391272297356,moderate_drought,True
Uruzgan,2009,12,53.49920956621676,63.498400511139565,0.34318622213335254,near_normal,False
Uruzgan,2010,1,39.68518174272934,103.1188564834441,0.13511237500864048,near_normal,False
Uruzgan,2010,2,92.96956469739328,186.15395600633937,0.8846250284089819,near_normal,False
Uruzgan,2010,3,34.83749823809361,167.49224467821622,-0.08292430675328209,near_normal,False
Uruzgan,2010,4,18.95206265884628,146.75912559433317,-0.23956128646286137,near_normal,False
Uruzgan,2010,5,14.156726008094626,67.9462869050345,-1.2159035438492651,moderate_drought,True
Uruzgan,2010,6,0.2608007146413435,33.36958938158224,-0.7397830608860083,near_normal,False
Uruzgan,2010,7,0.6755907555463764,15.093117478282332,0.817075202471997,near_normal,False
Uruzgan,2010,8,0.5128751087404848,1.4492665789281904,0.5090819536144625,near_normal,False
Uruzgan,2010,9,0.0,1.1884658642868469,0.512800736784788,near_normal,False
Uruzgan,2010,10,4.494487595113467,5.0073627038539374,1.07952113084843,moderately_wet,False
Uruzgan,2010,11,4.926816330270367,9.421303925383821,-1.2569063883184295,moderate_drought,True
Uruzgan,2010,12,15.74743618312913,25.16874010851295,-1.8659935657805506,severe_drought,True
Uruzgan,2011,1,20.241180467316045,40.91543298071552,-2.190311649295334,extreme_drought,True
Uruzgan,2011,2,90.32624410482798,126.31486075527314,-0.29378577670792255,near_normal,False
Uruzgan,2011,3,44.483251510011705,155.0506760821557,-0.32750192877019324,near_normal,False
Uruzgan,2011,4,44.9639699071294,179.77346552196906,0.2959659338395696,near_normal,False
Uruzgan,2011,5,6.802698905495137,96.24992032263621,-0.40176715738741703,near_normal,False
Uruzgan,2011,6,0.0841045968333653,51.85077340945788,0.41815614466092726,near_normal,False
Uruzgan,2011,7,0.6857110549116217,7.572514557240096,-0.921151615426708,near_normal,False
Uruzgan,2011,8,0.0959862268350932,0.8658018785800518,-0.7570452899846779,near_normal,False
Uruzgan,2011,9,0.0,0.7816972817466865,-0.5232834168229754,near_normal,False
Uruzgan,2011,10,8.524042085571617,8.620028312406681,1.7234149209140224,very_wet,False
Uruzgan,2011,11,17.888066105340865,26.412108190912456,0.5483079397335635,near_normal,False
Uruzgan,2011,12,15.181479602029295,41.59358779294175,-0.7462210897340372,near_normal,False
Uruzgan,2012,1,37.98302519476685,71.05257090213698,-0.8824578410637911,near_normal,False
Uruzgan,2012,2,98.12507608924872,151.28958088604483,0.235390945261978,near_normal,False
Uruzgan,2012,3,33.500815272655714,169.60891655667126,-0.04254041270666724,near_normal,False
Uruzgan,2012,4,35.47784563062646,167.10373699253086,0.09891529471975244,near_normal,False
Uruzgan,2012,5,8.715144153951453,77.69380505723359,-0.912868071240878,near_normal,False
Uruzgan,2012,6,0.102753959000994,44.29574374357887,-0.014943031841720314,near_normal,False
Uruzgan,2012,7,0.6888495760885263,9.50674768904093,-0.3904548901773014,near_normal,False
Uruzgan,2012,8,0.153025272729649,0.9446288078191267,-0.5574388369386419,near_normal,False
Uruzgan,2012,9,0.0,0.8418748488181327,-0.35005912173941844,near_normal,False
Uruzgan,2012,10,7.906711298898779,8.059736571628385,1.6361275295438182,very_wet,False
Uruzgan,2012,11,18.279570231430316,26.18628153032905,0.53064274537142,near_normal,False
Uruzgan,2012,12,46.442553714304815,72.62883524463386,0.7224243984572427,near_normal,False
Uruzgan,2013,1,18.767725786032432,83.48984973176752,-0.45673482782789665,near_normal,False
Uruzgan,2013,2,119.82695596802814,185.03723546836534,0.8651298975961613,near_normal,False
Uruzgan,2013,3,76.72316721842489,215.31784897248542,0.7579760225969862,near_normal,False
Uruzgan,2013,4,45.22166443868754,241.77178762514055,1.1471149103239737,moderately_wet,False
Uruzgan,2013,5,8.037705578549815,129.9825372356622,0.37753662045326963,near_normal,False
Uruzgan,2013,6,0.111002942958113,53.370372960195425,0.50011997846631,near_normal,False
Uruzgan,2013,7,0.8773981927105975,9.026106714218482,-0.5148707631200821,near_normal,False
Uruzgan,2013,8,0.1349148960577881,1.1233160317264559,-0.14372197657148547,near_normal,False
Uruzgan,2013,9,0.0,1.012313088768343,0.09902580209464475,near_normal,False
Uruzgan,2013,10,1.5057378099665757,1.640652706024321,0.09435992036965035,near_normal,False
Uruzgan,2013,11,31.08634754616728,32.59208535613381,0.997686367361979,near_normal,False
Uruzgan,2013,12,23.708375187480197,56.30046054361401,0.01787552449745297,near_normal,False
Uruzgan,2014,1,26.353454459488123,81.14817719313555,-0.5334113260473073,near_normal,False
Uruzgan,2014,2,60.04212426148257,110.10395390845085,-0.6762818053860433,near_normal,False
Uruzgan,2014,3,105.34143166433856,191.7370103853092,0.3608002809518402,near_normal,False
Uruzgan,2014,4,50.79878188461719,216.18233781043827,0.8154652758510795,near_normal,False
Uruzgan,2014,5,19.664405836591268,175.80461938554697,1.2448649272377152,moderately_wet,False
Uruzgan,2014,6,0.1869215953212604,70.65010931652968,1.3399985079538386,moderately_wet,False
Uruzgan,2014,7,0.7005086060370065,20.551836037949492,1.7375916616955047,very_wet,False
Uruzgan,2014,8,0.0905752963311146,0.9780054976893389,-0.47635265325642834,near_normal,False
Uruzgan,2014,9,0.0,0.7910839023680785,-0.49567959754658264,near_normal,False
Uruzgan,2014,10,1.6335385600276626,1.7241138563587346,0.1309421519844039,near_normal,False
Uruzgan,2014,11,14.29281502386766,15.926353583895281,-0.41057721248706447,near_normal,False
Uruzgan,2014,12,23.3415314832624,39.26788506715768,-0.8832930173760818,near_normal,False
Uruzgan,2015,1,29.88549653326352,67.51984304039354,-1.012623349798056,moderate_drought,True
Uruzgan,2015,2,73.41498328128714,126.64201129781301,-0.2864187345557178,near_normal,False
Uruzgan,2015,3,63.47950822764301,166.77998804219362,-0.09659026164056081,near_normal,False
Uruzgan,2015,4,28.01248743461666,164.90697894354673,0.06374591393448989,near_normal,False
Uruzgan,2015,5,10.50362252329385,101.99561818555347,-0.25729854800155105,near_normal,False
Uruzgan,2015,6,0.1110029460124241,38.62711290392289,-0.3736325512961354,near_normal,False
Uruzgan,2015,7,0.7501149803450358,11.364740449651267,0.05396425448369308,near_normal,False
Uruzgan,2015,8,0.1039631534590481,0.9650810798164653,-0.5075242674245183,near_normal,False
Uruzgan,2015,9,0.0,0.8540781338040412,-0.315965399955104,near_normal,False
Uruzgan,2015,10,9.789245826824164,9.89320898028317,1.9099099205057346,very_wet,False
Uruzgan,2015,11,25.079599125845405,34.86884495266953,1.1492245826429608,moderately_wet,False
Uruzgan,2015,12,22.561752212555994,57.43059716522552,0.07071805700891269,near_normal,False
Uruzgan,2016,1,27.694177065737225,75.33552840413859,-0.7304852824898023,near_normal,False
Uruzgan,2016,2,10.044182647004474,60.30011192529765,-2.1740677013100895,extreme_drought,True
Uruzgan,2016,3,144.09731586173584,181.83567557447748,0.18437694904384996,near_normal,False
Uruzgan,2016,4,35.05160197201319,189.19310048075346,0.43656890726446507,near_normal,False
Uruzgan,2016,5,14.486686417489976,193.63560425123896,1.542333962885344,very_wet,False
Uruzgan,2016,6,0.1110029456477841,49.64929133515092,0.29654664736661934,near_normal,False
Uruzgan,2016,7,0.7501149932283795,15.347804356366112,0.8644396021101711,near_normal,False
Uruzgan,2016,8,0.0905752989070613,0.9516932377831965,-0.540115174471891,near_normal,False
Uruzgan,2016,9,0.0,0.8406902921354124,-0.3533863500026949,near_normal,False
Uruzgan,2016,10,0.9067007188037858,0.9972760177108186,-0.2446338562280838,near_normal,False
Uruzgan,2016,11,12.39688181268079,13.303582531484548,-0.7158339245234259,near_normal,False
Uruzgan,2016,12,22.1421829086734,35.44576544015795,-1.1212857236334899,moderate_drought,True
Uruzgan,2017,1,57.28706242305973,91.8261271444139,-0.19503863800534116,near_normal,False
Uruzgan,2017,2,91.7730216677266,171.2022669994597,0.6169500550681023,near_normal,False
Uruzgan,2017,3,49.15680815117776,198.21689224196405,0.473012970747383,near_normal,False
Uruzgan,2017,4,18.78109323869483,159.71092305759916,-0.02070640019332813,near_normal,False
Uruzgan,2017,5,12.914383018523246,80.8522844083958,-0.8203581633917741,near_normal,False
Uruzgan,2017,6,0.1110029422432743,31.80647919946132,-0.8562051765538687,near_normal,False
Uruzgan,2017,7,0.7501149827765706,13.775500943543063,0.5632959166534911,near_normal,False
Uruzgan,2017,8,0.0905752941757675,0.951693219195584,-0.5401152199374446,near_normal,False
Uruzgan,2017,9,0.0,0.8406902769523097,-0.35338639266994853,near_normal,False
Uruzgan,2017,10,0.0998022377649399,0.19037753194067897,-1.1100585103713687,moderate_drought,True
Uruzgan,2017,11,20.30809582441096,20.40789806217587,0.03950789383252539,near_normal,False
Uruzgan,2017,12,36.8495947578482,57.25749282002407,0.06266945952151405,near_normal,False
Uruzgan,2018,1,10.367896185990126,67.52558676824927,-1.0124079498318261,moderate_drought,True
Uruzgan,2018,2,58.44790724583511,105.66539818967343,-0.7876404218246646,near_normal,False
Uruzgan,2018,3,72.94088577473464,141.75668920655983,-0.6039419341265857,near_normal,False
Uruzgan,2018,4,34.33651363094999,165.7253066515197,0.0768834344763973,near_normal,False
Uruzgan,2018,5,14.64017339563691,121.91757280132151,0.20482053675475018,near_normal,False
Uruzgan,2018,6,0.1110029460070086,49.087689972593864,0.2649537626058893,near_normal,False
Uruzgan,2018,7,0.7501149859536317,15.501291327597508,0.8927367452918966,near_normal,False
Uruzgan,2018,8,0.1961492580499826,1.0572671900105801,-0.29106416791702017,near_normal,False
Uruzgan,2018,9,0.0,0.9462642440035717,-0.06848168841990754,near_normal,False
Uruzgan,2018,10,0.3105372782681458,0.5066865363180858,-0.6385573712223485,near_normal,False
Uruzgan,2018,11,20.49951710303775,20.810054381305854,0.07649213238481134,near_normal,False
Uruzgan,2018,12,47.81115923819095,68.62121361949681,0.5600746926717256,near_normal,False
Uruzgan,2019,1,43.61285489321462,111.92353123444329,0.37613922473219885,near_normal,False
Uruzgan,2019,2,112.91622361874948,204.340237750155,1.1919176799726352,moderately_wet,False
Uruzgan,2019,3,135.0294966906313,291.55857520259536,1.8747868203212668,very_wet,False
Uruzgan,2019,4,81.30125836610544,329.2469786754862,2.1343747238593935,extremely_wet,False
Uruzgan,2019,5,12.101175907954682,228.4319309646914,2.075927846888088,extremely_wet,False
Uruzgan,2019,6,0.5229830898527836,93.92541736391289,2.28303809504927,extremely_wet,False
Uruzgan,2019,7,0.7501149824516439,13.374273980259082,0.4828664938355461,near_normal,False
Uruzgan,2019,8,0.1404148753577115,1.4135129476621107,0.4425775476855588,near_normal,False
Uruzgan,2019,9,0.0,0.8905298578093269,-0.21604979122845394,near_normal,False
Uruzgan,2019,10,4.870589653647159,5.011004529004842,1.080296610562922,moderately_wet,False
Uruzgan,2019,11,50.08595072196647,54.9565403756136,2.2739281126387816,extremely_wet,False
Uruzgan,2019,12,29.929896513683588,84.88643688929719,1.185307248714045,moderately_wet,False
Uruzgan,2020,1,88.98739090575921,169.00323814140924,1.6971237197674396,very_wet,False
Uruzgan,2020,2,48.7132581734739,167.6305455929167,0.5507526833088329,near_normal,False
Uruzgan,2020,3,95.91529847146872,233.6159475507018,1.0468912012487737,moderately_wet,False
Uruzgan,2020,4,56.4175655146782,201.04612215962078,0.6070739556101832,near_normal,False
Uruzgan,2020,5,16.591413458236516,168.92427744438342,1.124890525355797,moderately_wet,False
Uruzgan,2020,6,1.0396066269736148,74.0485855998883,1.4889666935939305,moderately_wet,False
Uruzgan,2020,7,1.498719691288613,19.129739776498717,1.51463762773082,very_wet,False
Uruzgan,2020,8,0.0905752977463509,2.6289016160085503,2.280650779947003,extremely_wet,False
Uruzgan,2020,9,0.0764975472843809,1.6657925363193162,1.4621227981046152,moderately_wet,False
Uruzgan,2020,10,3.630968303475517,3.79804114850622,0.7991584325906661,near_normal,False
Uruzgan,2020,11,34.38476533712578,38.092231187885645,1.353290732347892,moderately_wet,False
Uruzgan,2020,12,38.143421034026176,76.15915467462744,0.8606439300601579,near_normal,False
Uruzgan,2021,1,8.534009465239661,81.06219583639158,-0.5362551822502798,near_normal,False
Uruzgan,2021,2,9.548825461918788,56.2262559611846,-2.3315362802244777,extreme_drought,True
Uruzgan,2021,3,57.13873367405216,75.22156860121058,-2.353345729010451,extreme_drought,True
Uruzgan,2021,4,14.274285780308729,80.96184491627965,-1.6242699479742737,severe_drought,True
Uruzgan,2021,5,16.48942818502359,87.90244763938446,-0.6224862735673545,near_normal,False
Uruzgan,2021,6,0.1110029417522739,30.87471690708457,-0.9274885143550795,near_normal,False
Uruzgan,2021,7,0.750114991735522,17.35054611851136,1.2202089178749467,moderately_wet,False
Uruzgan,2021,8,0.0905752962823756,0.951693229770143,-0.5401151940719284,near_normal,False
Uruzgan,2021,9,0.0,0.8406902880178692,-0.353386361573733,near_normal,False
Uruzgan,2021,10,0.0972851499120519,0.18786044619439907,-1.1158516000829737,moderate_drought,True
Uruzgan,2021,11,8.204871159334838,8.302156309246861,-1.4420975945434056,moderate_drought,True
Uruzgan,2021,12,31.507127791322507,39.80928410056937,-0.8508951631454121,near_normal,False
Uruzgan,2022,1,88.8408544561753,128.5528534068326,0.7991906433291579,near_normal,False
Uruzgan,2022,2,15.672531486020567,136.02051373351836,-0.08046293198255247,near_normal,False
Uruzgan,2022,3,43.61438556851896,148.1277715107148,-0.4693646145621184,near_normal,False
Uruzgan,2022,4,13.548738577275945,72.83565563181544,-1.845598943664569,severe_drought,True
Uruzgan,2022,5,7.95566760084855,65.11879174664342,-1.3094403285387288,moderate_drought,True
Uruzgan,2022,6,0.3955351919699414,21.899941370094407,-1.7058953122077978,severe_drought,True
Uruzgan,2022,7,2.7082290917889265,11.059431884607388,-0.01552229171429924,near_normal,False
Uruzgan,2022,8,0.5276029678700175,3.631367251628857,3.417451731752248,extremely_wet,False
Uruzgan,2022,9,0.4070816727079835,3.642913732366899,4.17346710236596,extremely_wet,False
Uruzgan,2022,10,0.1303720598681065,1.0650567004460791,-0.20255185682550622,near_normal,False
Uruzgan,2022,11,14.87085425823944,15.408307990815501,-0.4679612245547308,near_normal,False
Uruzgan,2022,12,25.674563689540797,40.67579000764832,-0.7996683364532694,near_normal,False
Uruzgan,2023,1,38.89507312033988,79.44049106812008,-0.5902822216718108,near_normal,False
Uruzgan,2023,2,23.185125110850265,87.75476192073091,-1.2728534344791398,moderate_drought,True
Uruzgan,2023,3,96.45707703515912,158.53727526634924,-0.2576697076405983,near_normal,False
Uruzgan,2023,4,18.584183634474204,138.22638578048358,-0.3909617115051891,near_normal,False
Uruzgan,2023,5,13.250801975236604,128.2920626448699,0.3419354749047956,near_normal,False
Uruzgan,2023,6,0.185899059179789,32.02088466889057,-0.8400065406362938,near_normal,False
Uruzgan,2023,7,0.7501149775001218,14.186816011916486,0.644163706884651,near_normal,False
Uruzgan,2023,8,0.0905752949158783,1.0265893315957606,-0.36162278436365486,near_normal,False
Uruzgan,2023,9,0.0,0.8406902724159717,-0.3533864054178743,near_normal,False
Uruzgan,2023,10,0.1593360093111121,0.249911304226962,-0.9883608145232459,near_normal,False
Uruzgan,2023,11,18.50541018096036,18.664746190271444,-0.12672725747382452,near_normal,False
Uruzgan,2023,12,23.97559459123274,42.64034078150418,-0.6862432307592795,near_normal,False
Wardak,2001,1,12.503089122443813,,,,False
Wardak,2001,2,15.153355003478149,,,,False
Wardak,2001,3,62.79790311433418,90.45434724025614,-1.377122555736578,moderate_drought,True
Wardak,2001,4,40.06088937300654,118.01214749081888,-1.0163476889707217,moderate_drought,True
Wardak,2001,5,20.75603509455094,123.61482758189166,-0.37547748254911995,near_normal,False
Wardak,2001,6,0.7614655308137024,61.578389998371186,-0.7444074260587347,near_normal,False
Wardak,2001,7,2.236330502665495,23.753831128030143,-0.6122891069555533,near_normal,False
Wardak,2001,8,0.0,2.9977960334792044,-0.5326417714960264,near_normal,False
Wardak,2001,9,0.0,2.236330502665502,-0.1537667644517692,near_normal,False
Wardak,2001,10,7.071539682738368,7.071539682738375,0.4503980563302709,near_normal,False
Wardak,2001,11,9.891939937991024,16.963479620729398,-0.6662057685197524,near_normal,False
Wardak,2001,12,22.50476085594501,39.46824047667441,-0.2420225279107356,near_normal,False
Wardak,2002,1,22.31537119990465,54.71207199384069,-0.8006707279476126,near_normal,False
Wardak,2002,2,47.60735845107173,92.4274905069214,-0.4017785892036434,near_normal,False
Wardak,2002,3,57.19972580621342,127.12245545718982,-0.44808554086741376,near_normal,False
Wardak,2002,4,82.55915480876969,187.36623906605485,0.4450036203261649,near_normal,False
Wardak,2002,5,16.16379790979127,155.92267852477437,0.41447898871545447,near_normal,False
Wardak,2002,6,0.7775820032135055,99.50053472177447,0.8379977046876576,near_normal,False
Wardak,2002,7,1.6372219924131184,18.57860190541791,-1.0997415999704667,moderate_drought,True
Wardak,2002,8,0.0,2.414803995626638,-0.7661521916510111,near_normal,False
Wardak,2002,9,0.0,1.6372219924131326,-0.40929208776763587,near_normal,False
Wardak,2002,10,2.5065955033146667,2.506595503314681,-0.6550617728840984,near_normal,False
Wardak,2002,11,20.113114714684382,22.619710217999064,-0.10288766371427281,near_normal,False
Wardak,2002,12,30.04745371635337,52.66716393435243,0.45727499849204756,near_normal,False
Wardak,2003,1,33.06291386074032,83.22348229177808,0.34776085527850387,near_normal,False
Wardak,2003,2,57.100133925219495,120.2105015023132,0.28181518498690505,near_normal,False
Wardak,2003,3,69.83017265153002,159.99322043748984,0.23967807375076386,near_normal,False
Wardak,2003,4,52.62994959945439,179.5602561762039,0.3009850475488895,near_normal,False
Wardak,2003,5,20.07684283666352,142.53696508764793,0.1018538500969268,near_normal,False
Wardak,2003,6,0.5238603214334275,73.23065275755134,-0.20163798104181968,near_normal,False
Wardak,2003,7,1.84393941426212,22.44464257235907,-0.7280357225397871,near_normal,False
Wardak,2003,8,0.003016210772669,2.370815946468216,-0.785345522895333,near_normal,False
Wardak,2003,9,0.0,1.846955625034789,-0.3132312830462293,near_normal,False
Wardak,2003,10,1.8745854439898724,1.8776016547625414,-0.9077102153480503,near_normal,False
Wardak,2003,11,26.186255527146272,28.060840971136145,0.35491978540431784,near_normal,False
Wardak,2003,12,14.740402048891838,42.80124302002798,-0.05220946104498512,near_normal,False
Wardak,2004,1,41.96278381254458,82.8894413885827,0.3359778173533091,near_normal,False
Wardak,2004,2,31.27917407200699,87.9823599334434,-0.5235900499817941,near_normal,False
Wardak,2004,3,11.914324882561964,85.15628276711354,-1.531951703608497,severe_drought,True
Wardak,2004,4,44.36411156704544,87.55761052161441,-1.8525877127503625,severe_drought,True
Wardak,2004,5,19.390448104230508,75.66888455383791,-1.8637673669702752,severe_drought,True
Wardak,2004,6,0.4099354154746279,64.16449508675058,-0.6182939667054894,near_normal,False
Wardak,2004,7,1.0125281770604797,20.812911696765624,-0.8790197952449259,near_normal,False
Wardak,2004,8,1.1505822730911013e-05,1.4224750983578458,-1.2821265575095326,moderate_drought,True
Wardak,2004,9,0.0448002142219865,1.0573398971052042,-0.7323667915603986,near_normal,False
Wardak,2004,10,7.73261400730819,7.777425727352915,0.5714970000776457,near_normal,False
Wardak,2004,11,17.785999845568043,25.563414067098226,0.15291748877531147,near_normal,False
Wardak,2004,12,44.60475615705737,70.12337000993361,1.2224576630226482,moderately_wet,False
Wardak,2005,1,49.18657068594964,111.57732668857506,1.2520321992004573,moderately_wet,False
Wardak,2005,2,49.52894461766102,143.32027146066804,0.77392914535017,near_normal,False
Wardak,2005,3,80.11415842383138,178.82967372744207,0.5919486910558183,near_normal,False
Wardak,2005,4,39.43934245272311,169.0824454942155,0.10098408313286603,near_normal,False
Wardak,2005,5,44.56816471322371,164.12166558977822,0.5972667900812147,near_normal,False
Wardak,2005,6,5.343802342744977,89.35130950869181,0.4608141667835151,near_normal,False
Wardak,2005,7,0.146843046123319,50.05881010209202,1.1269323781800247,moderately_wet,False
Wardak,2005,8,0.0,5.49064538886831,0.20810784549960795,near_normal,False
Wardak,2005,9,0.153287569268842,0.3001306153921752,-1.4939739820183353,moderate_drought,True
Wardak,2005,10,0.1525701105346164,0.30585767980347256,-2.155770610835287,extreme_drought,True
Wardak,2005,11,26.876065916416493,27.181923596219967,0.28524426731662533,near_normal,False
Wardak,2005,12,8.22510280682434,35.253738833775465,-0.4982584339190741,near_normal,False
Wardak,2006,1,52.03314504757112,87.13431377081196,0.4834415943910791,near_normal,False
Wardak,2006,2,52.43115579260439,112.68940364699986,0.10822745345730501,near_normal,False
Wardak,2006,3,50.4907791304773,154.95507997065283,0.14083206115610494,near_normal,False
Wardak,2006,4,47.147582911314124,150.06951783439584,-0.2841930625821008,near_normal,False
Wardak,2006,5,11.046081674549674,108.68444371634111,-0.7882328405426501,near_normal,False
Wardak,2006,6,0.3514169002358735,58.54508148609968,-0.8970202217382551,near_normal,False
Wardak,2006,7,0.9914944873645112,12.388993062150073,-1.8299552383932207,severe_drought,True
Wardak,2006,8,0.5792434729877362,1.922154860588135,-0.9975867153332376,near_normal,False
Wardak,2006,9,0.0003077822832918,1.5710457426355533,-0.4414331973412776,near_normal,False
Wardak,2006,10,4.735611391524583,5.315162646795625,0.10939655622361488,near_normal,False
Wardak,2006,11,39.53332613557855,44.269245309386434,1.4421838198022547,moderately_wet,False
Wardak,2006,12,65.30063798389851,109.56957551100166,2.584006039619034,extremely_wet,False
Wardak,2007,1,14.950757566751117,119.78472168622818,1.4852495602819724,moderately_wet,False
Wardak,2007,2,87.6249545714024,167.87635012205203,1.2428345757186234,moderately_wet,False
Wardak,2007,3,117.4198167437921,219.99552888194563,1.28462572474193,moderately_wet,False
Wardak,2007,4,26.305293827795744,231.35006514299025,1.190416787182301,moderately_wet,False
Wardak,2007,5,15.55106423736906,159.27617480895688,0.4899911517933728,near_normal,False
Wardak,2007,6,5.7282871505241335,47.58464521568894,-1.498660358824464,moderate_drought,True
Wardak,2007,7,0.3413195284427493,21.620670916335943,-0.8032917527045935,near_normal,False
Wardak,2007,8,0.0,6.069606678966883,0.345293996329146,near_normal,False
Wardak,2007,9,0.0,0.3413195284427493,-1.4252065107615335,moderate_drought,True
Wardak,2007,10,0.6215854280881156,0.6215854280881156,-1.7239702758897395,severe_drought,True
Wardak,2007,11,8.11135142766473,8.732936855752845,-1.793303906601266,severe_drought,True
Wardak,2007,12,20.961467585276026,29.694404441028873,-0.870548324509769,near_normal,False
Wardak,2008,1,42.21121503120567,71.28403404414642,-0.09467368824220065,near_normal,False
Wardak,2008,2,20.15030925649678,83.32299187297848,-0.6558614992644154,near_normal,False
Wardak,2008,3,17.1928402951634,79.55436458286584,-1.7031838592901152,severe_drought,True
Wardak,2008,4,81.73025769549929,119.07340724715947,-0.9900620713787135,near_normal,False
Wardak,2008,5,14.343867213682564,113.26696520434524,-0.6576597423025379,near_normal,False
Wardak,2008,6,0.4619929123868445,96.5361178215687,0.7305521595251417,near_normal,False
Wardak,2008,7,0.5988810065498397,15.404741132619248,-1.4479320736428467,moderate_drought,True
Wardak,2008,8,0.0037159863732847,1.0645899053099688,-1.536392772919191,severe_drought,True
Wardak,2008,9,0.0681227812956121,0.6707197742187365,-1.032681160267684,moderate_drought,True
Wardak,2008,10,2.1303359151735712,2.202174682842468,-0.7707187289360562,near_normal,False
Wardak,2008,11,7.335879072374258,9.534337768843441,-1.6562412693568458,severe_drought,True
Wardak,2008,12,17.29182649058307,26.7580414781309,-1.0869935350773625,moderate_drought,True
Wardak,2009,1,63.56252679205664,88.19023235501396,0.5193832275853648,near_normal,False
Wardak,2009,2,62.43654540468448,143.2908986873242,0.7733380605127201,near_normal,False
Wardak,2009,3,71.077712173559,197.07678437030012,0.9105963807824111,near_normal,False
Wardak,2009,4,58.264120968502375,191.77837854674584,0.5246572566329452,near_normal,False
Wardak,2009,5,29.50222285848278,158.84405600054416,0.48032029033684426,near_normal,False
Wardak,2009,6,2.8929549102827683,90.65929873726795,0.5109574995343549,near_normal,False
Wardak,2009,7,0.2512824824669334,32.6464602512325,0.07711295262358982,near_normal,False
Wardak,2009,8,0.0015162009116184,3.1457535936613343,-0.4785896497085457,near_normal,False
Wardak,2009,9,0.6551217624982365,0.9079204458768025,-0.8366040954419284,near_normal,False
Wardak,2009,10,4.855795112154805,5.512433075564674,0.15115874778206703,near_normal,False
Wardak,2009,11,14.508990416543869,20.019907291196922,-0.3482103789825089,near_normal,False
Wardak,2009,12,21.664870980529912,41.0296565092286,-0.15180818530192386,near_normal,False
Wardak,2010,1,29.320716204634326,65.49457760170812,-0.32727608267085007,near_normal,False
Wardak,2010,2,64.30465571950175,115.290242904666,0.16910405374438545,near_normal,False
Wardak,2010,3,44.591895979319496,138.2172679034556,-0.2038421967483627,near_normal,False
Wardak,2010,4,36.04035604228813,144.9369077411094,-0.393750672007876,near_normal,False
Wardak,2010,5,42.08355722664812,122.71580924825577,-0.3993446053925432,near_normal,False
Wardak,2010,6,3.642219797032752,81.76613306596902,0.1599998641398329,near_normal,False
Wardak,2010,7,5.394317937870406,51.12009496155129,1.1825836303586206,moderately_wet,False
Wardak,2010,8,1.3715831907225615,10.408120925625735,1.1704795662816898,moderately_wet,False
Wardak,2010,9,0.0,6.765901128592982,0.9860179066042983,near_normal,False
Wardak,2010,10,5.370664565879734,6.74224775660231,0.3911670975568484,near_normal,False
Wardak,2010,11,3.5503922977402387,8.921056863619986,-1.76033408121388,severe_drought,True
Wardak,2010,12,6.96561663774402,15.886673501364006,-2.076514922825744,extreme_drought,True
Wardak,2011,1,11.329281617816722,21.845290553300995,-2.8558173140771377,extreme_drought,True
Wardak,2011,2,67.36971157389637,85.66460982945712,-0.588772793661681,near_normal,False
Wardak,2011,3,30.13763143692472,108.83662462863782,-0.8843635905771948,near_normal,False
Wardak,2011,4,74.7951425180613,172.3024855288824,0.16330532612945317,near_normal,False
Wardak,2011,5,21.871199239304943,126.80397319429098,-0.29174438938087655,near_normal,False
Wardak,2011,6,0.784364904429917,97.45070666179618,0.7639295708994412,near_normal,False
Wardak,2011,7,0.1990360755734303,22.854600219308303,-0.6913021204209316,near_normal,False
Wardak,2011,8,0.0001652106879588,0.9835661906913203,-1.602828041548881,severe_drought,True
Wardak,2011,9,0.0003208871156359,0.19952217337703923,-1.7016895028847048,severe_drought,True
Wardak,2011,10,12.847339269830533,12.847825367634142,1.2823033082656494,moderately_wet,False
Wardak,2011,11,26.04269529046512,38.8903554474113,1.1152666217870952,moderately_wet,False
Wardak,2011,12,7.5169701092635215,46.407004669559186,0.14227093007023509,near_normal,False
Wardak,2012,1,25.010687121167017,58.57035252089567,-0.6245211488163578,near_normal,False
Wardak,2012,2,48.06883743856912,80.59649466899967,-0.7356238426654195,near_normal,False
Wardak,2012,3,38.29684769768241,111.37637225741855,-0.8209136279800648,near_normal,False
Wardak,2012,4,52.52166226694042,138.88734740319197,-0.5263004789160952,near_normal,False
Wardak,2012,5,27.74212685510404,118.56063681972688,-0.511218071151508,near_normal,False
Wardak,2012,6,1.1332820011128266,81.3970711231573,0.14489885417807216,near_normal,False
Wardak,2012,7,0.5372310324004566,29.41263988861734,-0.15689022374816813,near_normal,False
Wardak,2012,8,0.0,1.6705130335132974,-1.1329834884517311,moderate_drought,True
Wardak,2012,9,0.3011439914782661,0.8383750238787369,-0.8895866089489239,near_normal,False
Wardak,2012,10,9.320879639494276,9.622023630972556,0.8573197384000544,near_normal,False
Wardak,2012,11,18.91081443216065,28.532838063133205,0.39174193812133595,near_normal,False
Wardak,2012,12,30.021275992951537,58.25297006460647,0.7180822081746797,near_normal,False
Wardak,2013,1,16.126786488005443,65.05887691311764,-0.34533377756776845,near_normal,False
Wardak,2013,2,103.45617669757532,149.6042391785323,0.8986087734333545,near_normal,False
Wardak,2013,3,69.59773055309881,189.1806937386796,0.7751883105897096,near_normal,False
Wardak,2013,4,69.14088913703729,242.19479638771145,1.359707254051917,moderately_wet,False
Wardak,2013,5,13.620238818837477,152.3588585089736,0.3330435075336437,near_normal,False
Wardak,2013,6,0.5884322350349763,83.34956019090976,0.2242795279431885,near_normal,False
Wardak,2013,7,2.7339435546635054,16.942614608535973,-1.2734630464430754,moderate_drought,True
Wardak,2013,8,0.2486598533356262,3.571035643034122,-0.33254550929545457,near_normal,False
Wardak,2013,9,0.0003090533423983,2.982912461341544,0.10431809618365147,near_normal,False
Wardak,2013,10,4.084384538987224,4.333353445665262,-0.11585580606423748,near_normal,False
Wardak,2013,11,29.481400912865496,33.56609450519513,0.7615687911764546,near_normal,False
Wardak,2013,12,14.949712351386626,48.515497803239356,0.2513546991898815,near_normal,False
Wardak,2014,1,21.3485534085154,65.77966667276753,-0.3155044194739579,near_normal,False
Wardak,2014,2,45.46357377534966,81.7618395352517,-0.7013093886210268,near_normal,False
Wardak,2014,3,115.58001515638075,182.3921423402458,0.6557814779622428,near_normal,False
Wardak,2014,4,62.25649946120816,223.30008839293856,1.0613920233838827,moderately_wet,False
Wardak,2014,5,47.16828029419426,225.0047949117832,1.7969346255868994,very_wet,False
Wardak,2014,6,1.400703110458284,110.82548286586072,1.2302159333086609,moderately_wet,False
Wardak,2014,7,1.653817766059213,50.222801170711776,1.1355810171079537,moderately_wet,False
Wardak,2014,8,0.0,3.054520876517511,-0.5117015027795607,near_normal,False
Wardak,2014,9,0.0,1.6538177660592273,-0.40137910746435973,near_normal,False
Wardak,2014,10,4.915313438967899,4.915313438967913,0.02140802263892873,near_normal,False
Wardak,2014,11,11.184657753540986,16.0999711925089,-0.7631353109953251,near_normal,False
Wardak,2014,12,8.571059038388086,24.671030230896985,-1.2511348074347743,moderate_drought,True
Wardak,2015,1,20.14742750411989,39.90314429604898,-1.5698480393966803,severe_drought,True
Wardak,2015,2,76.1536586275768,104.87214517008479,-0.08059704956661909,near_normal,False
Wardak,2015,3,81.19064046039652,177.49172659209324,0.5677591004283592,near_normal,False
Wardak,2015,4,44.07432431724951,201.41862340522286,0.6945837101308756,near_normal,False
Wardak,2015,5,40.94487968130383,166.20984445894987,0.6428540574079578,near_normal,False
Wardak,2015,6,0.5403062852537289,85.55951028380709,0.31265024311476564,near_normal,False
Wardak,2015,7,4.591611755313106,46.07679772187068,0.9110523048902589,near_normal,False
Wardak,2015,8,0.0216933578472592,5.1536113984141085,0.12373613051489876,near_normal,False
Wardak,2015,9,0.0150981161568597,4.628403229317239,0.5465410401591135,near_normal,False
Wardak,2015,10,11.498339973508983,11.535131447513116,1.1185924461140881,moderately_wet,False
Wardak,2015,11,30.87541257533592,42.388850665001776,1.3309436875167115,moderately_wet,False
Wardak,2015,12,14.73095295248939,57.1047055013343,0.6658542901053416,near_normal,False
Wardak,2016,1,33.45879694736218,79.06516247518749,0.1987773404229393,near_normal,False
Wardak,2016,2,9.416822088618645,57.60657198847023,-1.4965945798474498,moderate_drought,True
Wardak,2016,3,94.81636650945158,137.69198554543243,-0.21510155084981528,near_normal,False
Wardak,2016,4,52.40567573519501,156.63886433326525,-0.14758916580757414,near_normal,False
Wardak,2016,5,46.50515804724695,193.72720029189355,1.2113180981065108,moderately_wet,False
Wardak,2016,6,2.9932631627948214,101.9040969452368,0.9235857656171478,near_normal,False
Wardak,2016,7,4.095443156541744,53.59386436658353,1.3094783800840526,moderately_wet,False
Wardak,2016,8,0.0,7.0887063193365805,0.5670571045464583,near_normal,False
Wardak,2016,9,0.0,4.095443156541759,0.41686082175442946,near_normal,False
Wardak,2016,10,2.5698953487627376,2.569895348762752,-0.6323066207196512,near_normal,False
Wardak,2016,11,20.067696728735537,22.63759207749829,-0.10126808943542277,near_normal,False
Wardak,2016,12,9.439771811208056,32.077363888706344,-0.7055589344318703,near_normal,False
Wardak,2017,1,61.59074473480705,91.09821327475066,0.6169227402783526,near_normal,False
Wardak,2017,2,130.1426557471953,201.17317229321043,1.8126545087193777,very_wet,False
Wardak,2017,3,37.61914006760253,229.3525405496049,1.430061892402813,moderately_wet,False
Wardak,2017,4,24.69253079295587,192.4543266077537,0.5367531340358745,near_normal,False
Wardak,2017,5,31.39437456611238,93.70604542667078,-1.2432678710549507,moderate_drought,True
Wardak,2017,6,0.5527617634767125,56.639667122544964,-0.9956734193874235,near_normal,False
Wardak,2017,7,15.258420039053144,47.205556368642235,0.9734345115777042,near_normal,False
Wardak,2017,8,0.0,15.811181802529857,1.9319046123392445,very_wet,False
Wardak,2017,9,0.0509912100678291,15.309411249120974,2.1715272076569945,extremely_wet,False
Wardak,2017,10,0.7953921398780638,0.8463833499458929,-1.5162503273968935,severe_drought,True
Wardak,2017,11,22.540738178045544,23.387121527991436,-0.034143693069232775,near_normal,False
Wardak,2017,12,34.0972403343889,57.433370652312504,0.6808730704900325,near_normal,False
Wardak,2018,1,8.902949417278528,65.54092792971296,-0.32535986897380054,near_normal,False
Wardak,2018,2,61.19506688023803,104.19525663190545,-0.09738535697287891,near_normal,False
Wardak,2018,3,79.39791068396221,149.49592698147876,0.03127791274873061,near_normal,False
Wardak,2018,4,45.39594408949655,185.98892165369676,0.419884958441691,near_normal,False
Wardak,2018,5,45.4983392785573,170.29219405201607,0.7308993705041525,near_normal,False
Wardak,2018,6,6.990545840982127,97.88482920903598,0.7797007240629473,near_normal,False
Wardak,2018,7,5.383636141020321,57.87252126055975,1.5203787060165346,very_wet,False
Wardak,2018,8,0.0764479929241282,12.450629974926576,1.482116141406316,moderately_wet,False
Wardak,2018,9,0.0145146945481279,5.474598828492577,0.7336363528946107,near_normal,False
Wardak,2018,10,22.097227042106667,22.188189729578923,2.2242761847422345,extremely_wet,False
Wardak,2018,11,16.11168762984475,38.223429366499545,1.072751559610905,moderately_wet,False
Wardak,2018,12,34.92362469035007,73.13253936230149,1.3413950044899114,moderately_wet,False
Wardak,2019,1,75.95059355847596,126.98590587867078,1.6815565526197642,very_wet,False
Wardak,2019,2,104.50435204629812,215.37857029512415,2.037426555523248,extremely_wet,False
Wardak,2019,3,82.3570568993269,262.812002504101,1.9209286802138958,very_wet,False
Wardak,2019,4,63.51273609516052,250.37414504078555,1.4841709954717115,moderately_wet,False
Wardak,2019,5,20.15074118973805,166.02053418422548,0.6387368008972379,near_normal,False
Wardak,2019,6,3.4318879954670267,87.0953652803656,0.3731772426117181,near_normal,False
Wardak,2019,7,7.130193738295978,30.712822923501054,-0.060825774247077996,near_normal,False
Wardak,2019,8,4.525197896461967e-05,10.562126985741969,1.195254176336043,moderately_wet,False
Wardak,2019,9,0.0,7.130238990274943,1.0515704336674747,moderately_wet,False
Wardak,2019,10,9.59043226623654,9.590477518215504,0.8527442506368486,near_normal,False
Wardak,2019,11,32.17768519939392,41.76811746563046,1.293532013620163,moderately_wet,False
Wardak,2019,12,9.53065761227663,51.298775077907095,0.3906300088432336,near_normal,False
Wardak,2020,1,66.19375285773056,107.90209566940112,1.144001840592518,moderately_wet,False
Wardak,2020,2,53.29272417877606,129.01713464878324,0.4761450244757168,near_normal,False
Wardak,2020,3,98.4228761371613,217.9093531736679,1.251657568696455,moderately_wet,False
Wardak,2020,4,87.86852310755737,239.58412342349473,1.319409875629356,moderately_wet,False
Wardak,2020,5,45.27015097681429,231.56155022153297,1.9129380748431943,very_wet,False
Wardak,2020,6,3.321063222919555,136.45973730729122,2.0308327770639907,extremely_wet,False
Wardak,2020,7,4.49938729417086,53.09060149390471,1.2839725510356108,moderately_wet,False
Wardak,2020,8,0.0626613558123951,7.883111872902809,0.7258002568066327,near_normal,False
Wardak,2020,9,0.5582050073754176,5.120253657358671,0.6577617396223245,near_normal,False
Wardak,2020,10,3.7920627842320953,4.4129291474199075,-0.09636736473129681,near_normal,False
Wardak,2020,11,37.8215429715116,42.17181076311911,1.3179027353898045,moderately_wet,False
Wardak,2020,12,16.355408918748548,57.96901467449224,0.7052298832711333,near_normal,False
Wardak,2021,1,6.396869321349567,60.57382121160971,-0.5361654333163044,near_normal,False
Wardak,2021,2,17.10495466181463,39.857232901912745,-2.249226337979269,extreme_drought,True
Wardak,2021,3,76.26188016721078,99.76370415037498,-1.1197116896780974,moderate_drought,True
Wardak,2021,4,36.20490983460932,129.57174466363472,-0.7382957929762936,near_normal,False
Wardak,2021,5,29.27947958946532,141.74626959128543,0.08278659399386055,near_normal,False
Wardak,2021,6,0.5402098646094987,66.02459928868414,-0.5297055863225664,near_normal,False
Wardak,2021,7,10.518867649408628,40.33855710348345,0.5774713198089254,near_normal,False
Wardak,2021,8,0.0,11.059077514018128,1.2736749174854025,moderately_wet,False
Wardak,2021,9,0.0,10.518867649408628,1.5798538626499221,very_wet,False
Wardak,2021,10,8.409121115979042,8.409121115979042,0.673900821925268,near_normal,False
Wardak,2021,11,4.315084019708472,12.724205135687514,-1.1811893929065342,moderate_drought,True
Wardak,2021,12,24.51820799001409,37.2424131257016,-0.37489741834563334,near_normal,False
Wardak,2022,1,56.43184478949448,85.26513679921703,0.41910668582809285,near_normal,False
Wardak,2022,2,27.426899698818943,108.3769524783275,0.00518675385210921,near_normal,False
Wardak,2022,3,42.57885169646338,126.43759618477681,-0.4636270028835908,near_normal,False
Wardak,2022,4,20.868082947143357,90.87383434242568,-1.752505296322989,severe_drought,True
Wardak,2022,5,19.347510149441813,82.79444479304856,-1.6074701952871315,severe_drought,True
Wardak,2022,6,2.510943408902607,42.72653650548778,-1.7965095789075032,severe_drought,True
Wardak,2022,7,5.585369129910414,27.443822688254834,-0.307972702822165,near_normal,False
Wardak,2022,8,0.0836482220303391,8.17996076084336,0.7824418783384145,near_normal,False
Wardak,2022,9,1.227376334380626,6.896393686321379,1.0097478073798836,moderately_wet,False
Wardak,2022,10,1.7528597453743662,3.0638843017853317,-0.4672651406327576,near_normal,False
Wardak,2022,11,18.131116602538366,21.111352682293358,-0.24273467438674387,near_normal,False
Wardak,2022,12,11.822544796784392,31.706521144697124,-0.7306666055856399,near_normal,False
Wardak,2023,1,28.53537467281989,58.48903607214265,-0.6281505328095378,near_normal,False
Wardak,2023,2,30.0313030946788,70.38922256428307,-1.0518748006480214,moderate_drought,True
Wardak,2023,3,44.28462800424203,102.85130577174073,-1.038024082730271,moderate_drought,True
Wardak,2023,4,12.431491196890262,86.74742229581109,-1.8774431750868457,severe_drought,True
Wardak,2023,5,23.717080881576702,80.43320008270899,-1.69062877447338,severe_drought,True
Wardak,2023,6,0.8517642539653782,37.00033633243234,-2.1799225180686532,extreme_drought,True
Wardak,2023,7,4.095619806562339,28.664464942104416,-0.21347335029047426,near_normal,False
Wardak,2023,8,0.0,4.9473840605277175,0.07026328522541936,near_normal,False
Wardak,2023,9,0.0,4.09561980656234,0.41690560570380975,near_normal,False
Wardak,2023,10,6.914830838707953,6.914830838707953,0.42244318950694226,near_normal,False
Wardak,2023,11,8.517407689700848,15.432238528408801,-0.840591254117014,near_normal,False
Wardak,2023,12,10.458853508032538,25.89109203644134,-1.1540491509832704,moderate_drought,True
Zabul,2001,1,12.098122629230325,,,,False
Zabul,2001,2,48.60669865167769,,,,False
Zabul,2001,3,41.37904025906877,102.0838615399768,-1.0216884159368096,moderate_drought,True
Zabul,2001,4,49.64419466728942,139.6299335780359,0.02872913516154975,near_normal,False
Zabul,2001,5,6.746412241216979,97.76964716757516,0.3305726820390786,near_normal,False
Zabul,2001,6,0.1548248438759848,56.545431752382385,1.2240846398940368,moderately_wet,False
Zabul,2001,7,3.383846084510973,10.285083169603936,-0.24445739344959036,near_normal,False
Zabul,2001,8,0.147102617857477,3.6857735462444348,-0.03996492976011153,near_normal,False
Zabul,2001,9,0.229584818793585,3.760533521162035,0.00973374535937635,near_normal,False
Zabul,2001,10,0.1004819404566304,0.4771693771076924,-1.165222609737564,moderate_drought,True
Zabul,2001,11,6.599649254209602,6.929716013459817,-1.1572357814213765,moderate_drought,True
Zabul,2001,12,34.1228516757582,40.82298287042443,-0.3382436332591343,near_normal,False
Zabul,2002,1,12.904390988007734,53.626891917975534,-1.0864447695359642,moderate_drought,True
Zabul,2002,2,74.35210254618508,121.37934520995101,-0.09159070046682427,near_normal,False
Zabul,2002,3,35.039756643439034,122.29625017763185,-0.5236893273641148,near_normal,False
Zabul,2002,4,36.06108651098552,145.45294570060963,0.1266113203153499,near_normal,False
Zabul,2002,5,5.847652182910476,76.94849533733503,-0.2866165297240983,near_normal,False
Zabul,2002,6,0.079747855373635,41.98848654926963,0.3946280181607563,near_normal,False
Zabul,2002,7,1.7209717893422398,7.648371827626351,-0.9976565251077459,near_normal,False
Zabul,2002,8,0.1440117130602191,1.944731357776094,-1.0627535250866573,moderate_drought,True
Zabul,2002,9,0.2363116958232621,2.101295198225721,-0.9603651345699485,near_normal,False
Zabul,2002,10,0.11579735326379,0.4961207621472712,-1.1351983716963447,moderate_drought,True
Zabul,2002,11,21.99016157624552,22.34227062533257,0.6165346537361894,near_normal,False
Zabul,2002,12,54.20725241664503,76.31321134615433,1.310132664409029,moderately_wet,False
Zabul,2003,1,25.40413842390025,101.60155241679081,0.646438311490679,near_normal,False
Zabul,2003,2,92.73341805492952,172.34480889547478,0.7989340628734336,near_normal,False
Zabul,2003,3,55.13998515129582,173.2775416301256,0.5233125724199215,near_normal,False
Zabul,2003,4,22.60201089105759,170.47541409728294,0.5198773493730163,near_normal,False
Zabul,2003,5,6.215260844338248,83.95725688669165,-0.06758162766625364,near_normal,False
Zabul,2003,6,0.0747201439239121,28.89199187931975,-0.5357461104340567,near_normal,False
Zabul,2003,7,3.264910449458706,9.554891437720865,-0.4384072909737582,near_normal,False
Zabul,2003,8,0.3189257030875868,3.6585562964702047,-0.053033902967360304,near_normal,False
Zabul,2003,9,0.2254004721124613,3.809236624658754,0.033268092766345285,near_normal,False
Zabul,2003,10,0.0150987337881811,0.5594249089882292,-1.0407930542401658,moderate_drought,True
Zabul,2003,11,14.90982962098455,15.150328826885191,-0.046295533722759394,near_normal,False
Zabul,2003,12,24.663378944723583,39.588307299496314,-0.4106427816518186,near_normal,False
Zabul,2004,1,51.583247385682775,91.15645595139091,0.32596398877974936,near_normal,False
Zabul,2004,2,20.02597520618053,96.27260153658689,-0.6261279395862234,near_normal,False
Zabul,2004,3,22.612638583608256,94.22186117547156,-1.2337677820653372,moderate_drought,True
Zabul,2004,4,13.091140512799988,55.72975430258877,-1.8704399798295266,severe_drought,True
Zabul,2004,5,3.9790131091015777,39.68279220550982,-1.76895165412953,severe_drought,True
Zabul,2004,6,0.0592846575834463,17.12943827948501,-1.6660476178185606,severe_drought,True
Zabul,2004,7,1.5240854760023643,5.562383242687388,-1.7342843698803978,severe_drought,True
Zabul,2004,8,0.0750388435172635,1.6584089771030741,-1.2886187456554627,moderate_drought,True
Zabul,2004,9,0.4078603985327796,2.0069847180524074,-1.0298396649819608,moderate_drought,True
Zabul,2004,10,1.5326474875967284,2.0155467296467715,0.186407482570234,near_normal,False
Zabul,2004,11,12.311416616138493,14.251924502268,-0.14307366605346689,near_normal,False
Zabul,2004,12,68.95667546637918,82.8007395701144,1.5527380028983828,very_wet,False
Zabul,2005,1,48.7778840396448,130.04597612216247,1.4220161286967024,moderately_wet,False
Zabul,2005,2,76.82059588703994,194.55515539306393,1.1326456480452851,moderately_wet,False
Zabul,2005,3,67.38820327381019,192.98668320049495,0.8726217907891977,near_normal,False
Zabul,2005,4,15.92485648672778,160.13365564757794,0.3623121213702146,near_normal,False
Zabul,2005,5,8.432650509068795,91.74571026960676,0.16186723007499368,near_normal,False
Zabul,2005,6,0.1534083159044321,24.510915311701005,-0.9108872617297514,near_normal,False
Zabul,2005,7,1.5887581783645293,10.174817003337756,-0.2731356522148788,near_normal,False
Zabul,2005,8,0.0736340870717654,1.8158005813407267,-1.1612910248132322,moderate_drought,True
Zabul,2005,9,0.511987963096741,2.174380228533036,-0.9080265840178579,near_normal,False
Zabul,2005,10,0.0038437720930282,0.5894658222615347,-0.9987798597970721,near_normal,False
Zabul,2005,11,11.112346860963104,11.628178596152873,-0.45197669624860254,near_normal,False
Zabul,2005,12,18.96190185095729,30.07809248401342,-1.028005689435539,moderate_drought,True
Zabul,2006,1,44.24074877688252,74.31499748880292,-0.24671336004158947,near_normal,False
Zabul,2006,2,71.81717065759312,135.01982128543295,0.16792091764990724,near_normal,False
Zabul,2006,3,41.54985249650437,157.60777193098002,0.226397263453332,near_normal,False
Zabul,2006,4,27.878997519743287,141.24602067384077,0.05616421725503276,near_normal,False
Zabul,2006,5,3.1824693938293174,72.61131941007697,-0.4289957414440416,near_normal,False
Zabul,2006,6,0.0595558180345262,31.12102273160713,-0.3597061443384998,near_normal,False
Zabul,2006,7,3.3208914148629405,6.562916626726784,-1.3604658620771675,moderate_drought,True
Zabul,2006,8,1.9044932703085156,5.284940503205982,0.6359516171511357,near_normal,False
Zabul,2006,9,0.2179864525653419,5.443371137736799,0.7282622007326431,near_normal,False
Zabul,2006,10,0.2076461438417347,2.330125866715592,0.3578941461308365,near_normal,False
Zabul,2006,11,32.87068041382344,33.29631301023052,1.3968637153492476,moderately_wet,False
Zabul,2006,12,66.750618218541,99.82894477620619,2.1367382690051073,extremely_wet,False
Zabul,2007,1,25.490750788666745,125.1120494210312,1.2959908967473366,moderately_wet,False
Zabul,2007,2,100.38658070427988,192.62794971148764,1.1047000660122808,moderately_wet,False
Zabul,2007,3,93.63737540932893,219.51470690227555,1.3077608109326357,moderately_wet,False
Zabul,2007,4,19.202117870084816,213.2260739836936,1.1118880307007337,moderately_wet,False
Zabul,2007,5,4.998267925480466,117.8377612048942,0.847437566695702,near_normal,False
Zabul,2007,6,2.5455281811149866,26.745913976680267,-0.7142243369673735,near_normal,False
Zabul,2007,7,2.58145284726391,10.125248953859362,-0.2860957807457999,near_normal,False
Zabul,2007,8,0.0730920204816385,5.200073048860535,0.6037836481934529,near_normal,False
Zabul,2007,9,0.2394978082057051,2.894042675951254,-0.4486257702359308,near_normal,False
Zabul,2007,10,0.0936119970212252,0.4062018257085688,-1.2864155499294752,moderate_drought,True
Zabul,2007,11,7.288406109274292,7.621515914501222,-1.0354051287801902,moderate_drought,True
Zabul,2007,12,44.65242570356925,52.03444380986477,0.26004119270564846,near_normal,False
Zabul,2008,1,82.20504671009999,134.14587852294352,1.5244178274014994,very_wet,False
Zabul,2008,2,21.16076101681245,148.0182334304817,0.3994202628104737,near_normal,False
Zabul,2008,3,15.891937346907824,119.25774507382027,-0.5947670122197091,near_normal,False
Zabul,2008,4,26.728735519642832,63.78143388336311,-1.6229414498041623,severe_drought,True
Zabul,2008,5,4.491210976517255,47.111883843067915,-1.4128057917442618,moderate_drought,True
Zabul,2008,6,0.1292081361799802,31.349154632340067,-0.3421783378289416,near_normal,False
Zabul,2008,7,1.6081095518500108,6.228528664547246,-1.4806339342075527,moderate_drought,True
Zabul,2008,8,1.0855478662943925,2.8228655543243835,-0.4912761197520586,near_normal,False
Zabul,2008,9,0.2176271660592469,2.91128458420365,-0.4386471538714579,near_normal,False
Zabul,2008,10,0.0313749301469437,1.334549962500583,-0.25964756600808114,near_normal,False
Zabul,2008,11,5.875704741251807,6.124706837457998,-1.3106123509498064,moderate_drought,True
Zabul,2008,12,31.004231235872627,36.91131090727138,-0.5730649683506552,near_normal,False
Zabul,2009,1,49.668247690908615,86.54818366803305,0.1768198578423472,near_normal,False
Zabul,2009,2,40.41654922296885,121.08902814975008,-0.09732171789820605,near_normal,False
Zabul,2009,3,44.51081919395338,134.59561610783084,-0.24762305385195352,near_normal,False
Zabul,2009,4,44.49339994846116,129.4207683653834,-0.14970420135893922,near_normal,False
Zabul,2009,5,7.292701012070735,96.29692015448526,0.2899797272486744,near_normal,False
Zabul,2009,6,0.9445310395998696,52.73063200013176,1.0216424940293918,moderately_wet,False
Zabul,2009,7,1.625215746762634,9.862447798433239,-0.35553410811355013,near_normal,False
Zabul,2009,8,0.0718067148163054,2.641553501178809,-0.5978471752805594,near_normal,False
Zabul,2009,9,0.217211031371269,1.9142334929502085,-1.1004607230169057,moderate_drought,True
Zabul,2009,10,0.0312536603703535,0.3202714065579279,-1.457224523490369,moderate_drought,True
Zabul,2009,11,7.39914420914458,7.647608900886202,-1.0309681858909823,moderate_drought,True
Zabul,2009,12,54.81325134002727,62.243649209542205,0.7339948958338534,near_normal,False
Zabul,2010,1,29.05664915743014,91.26904470660199,0.32954455406630134,near_normal,False
Zabul,2010,2,90.0430241244783,173.9129246219357,0.82338301706293,near_normal,False
Zabul,2010,3,24.44816753180533,143.54784081371375,-0.05721403671365761,near_normal,False
Zabul,2010,4,14.252416198070993,128.74360785435462,-0.16186953855765127,near_normal,False
Zabul,2010,5,10.309868491412391,49.010452221288716,-1.328242554997666,moderate_drought,True
Zabul,2010,6,0.2648855872177341,24.827170276701118,-0.8823273408289544,near_normal,False
Zabul,2010,7,4.236188692780851,14.810942771410977,0.7888727505040951,near_normal,False
Zabul,2010,8,1.9680889555705925,6.4691632355691775,1.0534314224463182,moderately_wet,False
Zabul,2010,9,0.2250874689295617,6.429365117281005,1.0828448561029849,moderately_wet,False
Zabul,2010,10,1.5383579076340193,3.7315343321341734,0.9770603743323097,near_normal,False
Zabul,2010,11,3.4082723851296155,5.171717761693197,-1.5125300127425638,severe_drought,True
Zabul,2010,12,13.785751244020028,18.732381536783663,-1.979289588085389,severe_drought,True
Zabul,2011,1,15.757195016563138,32.951218645712785,-2.1946163911453582,extreme_drought,True
Zabul,2011,2,116.88443072459638,146.42737698517956,0.3718304862840615,near_normal,False
Zabul,2011,3,35.91048174904661,168.55210749020614,0.4357139214278545,near_normal,False
Zabul,2011,4,36.18110950901605,188.97602198265906,0.786746843490673,near_normal,False
Zabul,2011,5,3.6316875674588136,75.72327882552148,-0.3262743295760819,near_normal,False
Zabul,2011,6,0.0744769116184263,39.88727398809329,0.25994262344193125,near_normal,False
Zabul,2011,7,1.574543004345092,5.280707483422332,-1.8480406109507272,severe_drought,True
Zabul,2011,8,0.420686253325072,2.0697061692885903,-0.9715820646070988,near_normal,False
Zabul,2011,9,0.2353765099880972,2.230605767658261,-0.8685988680090896,near_normal,False
Zabul,2011,10,3.9795548842036976,4.635617647516867,1.2993745603683364,moderately_wet,False
Zabul,2011,11,18.91332402497869,23.128255419170483,0.679877490831619,near_normal,False
Zabul,2011,12,13.1817619648373,36.074640874019686,-0.625473495125084,near_normal,False
Zabul,2012,1,26.946166996977045,59.041252986793026,-0.8477936290665489,near_normal,False
Zabul,2012,2,84.97382955387447,125.1017585156888,-0.018910866042710667,near_normal,False
Zabul,2012,3,26.309390403616973,138.22938695446848,-0.1693382210535485,near_normal,False
Zabul,2012,4,33.21622616088018,144.49944611837162,0.11076496943454105,near_normal,False
Zabul,2012,5,6.256192967245243,65.7818095317424,-0.665415987001404,near_normal,False
Zabul,2012,6,0.0733372246521901,39.545756352777616,0.23761011522675898,near_normal,False
Zabul,2012,7,1.5277935456161014,7.857323737513535,-0.9319863385006055,near_normal,False
Zabul,2012,8,0.1223880773782701,1.7235188476465617,-1.2349361131422827,moderate_drought,True
Zabul,2012,9,0.2574316788750806,1.907613301869452,-1.105593574900971,moderate_drought,True
Zabul,2012,10,3.0678648396607056,3.4476845959140565,0.8657294718272833,near_normal,False
Zabul,2012,11,12.63274258846676,15.958039107002547,0.03745223295887075,near_normal,False
Zabul,2012,12,43.43527046666807,59.13587789479554,0.5955186837097709,near_normal,False
Zabul,2013,1,13.89156824054865,69.95958129568348,-0.408808198288501,near_normal,False
Zabul,2013,2,160.99430779882698,218.3211465060437,1.4634908137176783,moderately_wet,False
Zabul,2013,3,63.35927796429552,238.24515400367116,1.5948511549497655,very_wet,False
Zabul,2013,4,33.98948406961041,258.3430698327329,1.6583791800776582,very_wet,False
Zabul,2013,5,7.134126145249866,104.4828881791558,0.5106553839828983,near_normal,False
Zabul,2013,6,0.1083599094437606,41.23197012430404,0.34666175255492204,near_normal,False
Zabul,2013,7,5.102005150775645,12.344491205469271,0.25689836455588577,near_normal,False
Zabul,2013,8,2.5325234688604152,7.742888529079821,1.450711887363333,moderately_wet,False
Zabul,2013,9,0.4364236063055325,8.070952225941593,1.602724844574059,very_wet,False
Zabul,2013,10,0.5777023969961067,3.5466494721620547,0.9051893762038972,near_normal,False
Zabul,2013,11,25.007264507044788,26.02139051034643,0.9016595211081,near_normal,False
Zabul,2013,12,18.65306185194331,44.2380287559842,-0.14541813343033574,near_normal,False
Zabul,2014,1,15.605427986214826,59.26575434520292,-0.8382299725058263,near_normal,False
Zabul,2014,2,44.15859762862704,78.41708746678518,-1.0678237642851178,moderate_drought,True
Zabul,2014,3,70.37759934435287,130.14162495919476,-0.3455456566418193,near_normal,False
Zabul,2014,4,37.73610242917519,152.2722994021551,0.23797307468147,near_normal,False
Zabul,2014,5,16.563497242880036,124.6771990164081,1.0103069291837248,moderately_wet,False
Zabul,2014,6,0.0887142328015024,54.38831390485673,1.110737766073246,moderately_wet,False
Zabul,2014,7,2.2172207894180773,18.869432265099615,1.5502945312695202,very_wet,False
Zabul,2014,8,0.0627261383650219,2.3686611605846015,-0.7682734994451329,near_normal,False
Zabul,2014,9,0.2681498114867288,2.548096739269828,-0.6581292748812105,near_normal,False
Zabul,2014,10,0.577357478140443,0.9082334279921938,-0.6287021666745609,near_normal,False
Zabul,2014,11,10.97147376594994,11.816981055577111,-0.4282335113269679,near_normal,False
Zabul,2014,12,18.64938920831229,30.198220452402673,-1.0194196174667087,moderate_drought,True
Zabul,2015,1,25.41373336488554,55.03459633914777,-1.0228521990177626,moderate_drought,True
Zabul,2015,2,78.4805414532923,122.54366402649013,-0.06869853146982507,near_normal,False
Zabul,2015,3,42.50627680272681,146.40055162090465,0.0017828585579887507,near_normal,False
Zabul,2015,4,24.78663104632654,145.77344930234565,0.1319222471562647,near_normal,False
Zabul,2015,5,10.287857391951986,77.58076524100534,-0.26631809640108195,near_normal,False
Zabul,2015,6,0.108448892330788,35.18293733060931,-0.059719812370731575,near_normal,False
Zabul,2015,7,5.20888280070532,15.605189084988094,0.9476733615775946,near_normal,False
Zabul,2015,8,0.876474184737732,6.19380587777384,0.9610849592124338,near_normal,False
Zabul,2015,9,0.2435148027516384,6.32887178819469,1.0483870392646493,moderately_wet,False
Zabul,2015,10,6.104993382110038,7.224982369599409,2.04723258465951,extremely_wet,False
Zabul,2015,11,19.71541308481556,26.063921269677238,0.9047977361537246,near_normal,False
Zabul,2015,12,17.0445026712503,42.8649091381759,-0.22169737291251945,near_normal,False
Zabul,2016,1,19.85556202683229,56.615477782898154,-0.9527631562788624,near_normal,False
Zabul,2016,2,7.7794250568214975,44.67948975490409,-2.149950271344198,extreme_drought,True
Zabul,2016,3,99.7656436542597,127.4006307379135,-0.4069371646300075,near_normal,False
Zabul,2016,4,25.135138584257472,132.68020729533868,-0.09173984156474585,near_normal,False
Zabul,2016,5,12.018651234406365,136.91943347292354,1.2879325138521658,moderately_wet,False
Zabul,2016,6,0.155770377924133,37.30956019658797,0.08811207169254182,near_normal,False
Zabul,2016,7,2.4943639564783413,14.66878556880884,0.7598669449254246,near_normal,False
Zabul,2016,8,0.2353430397120598,2.885477374114534,-0.45557459917744303,near_normal,False
Zabul,2016,9,0.2374248202671292,2.96713181645753,-0.40660212641543847,near_normal,False
Zabul,2016,10,0.715324124258564,1.188091984237753,-0.3755200248763535,near_normal,False
Zabul,2016,11,6.732029633377153,7.684778577902846,-1.0246664009125055,moderate_drought,True
Zabul,2016,12,18.94163516115942,26.38898891879514,-1.3042036381137652,moderate_drought,True
Zabul,2017,1,90.10287558697668,115.77654038151326,1.0484567420923854,moderately_wet,False
Zabul,2017,2,76.6291088672871,185.6736196154232,1.0023273608733965,moderately_wet,False
Zabul,2017,3,31.27760076435787,198.00958521862168,0.957872267784936,near_normal,False
Zabul,2017,4,16.385003274930163,124.29171290657513,-0.2429437206516605,near_normal,False
Zabul,2017,5,9.79583491618395,57.45843895547198,-0.9775273245032949,near_normal,False
Zabul,2017,6,0.1073346942943618,26.288172885408475,-0.7535534615691241,near_normal,False
Zabul,2017,7,2.735959475629009,12.63912908610732,0.32394295609545304,near_normal,False
Zabul,2017,8,0.0937056189263196,2.93699978884969,-0.4265943238606687,near_normal,False
Zabul,2017,9,0.2374106295968487,3.0670757241521773,-0.35027217132813776,near_normal,False
Zabul,2017,10,0.4148242296699463,0.7459404781931146,-0.8025248901292059,near_normal,False
Zabul,2017,11,27.01661951905155,27.668854378318343,1.0208877430487653,moderately_wet,False
Zabul,2017,12,35.99010115127439,63.42154489999588,0.7852955312163017,near_normal,False
Zabul,2018,1,9.664997788381784,72.67171845870772,-0.3070970599418151,near_normal,False
Zabul,2018,2,60.0382875173889,105.69338645704508,-0.41554899905077675,near_normal,False
Zabul,2018,3,49.79671516676103,119.50000047253172,-0.5890552247752341,near_normal,False
Zabul,2018,4,29.519384744475698,139.35438742862564,0.02403021926920791,near_normal,False
Zabul,2018,5,10.814400162934284,90.13050007417101,0.11538456425470715,near_normal,False
Zabul,2018,6,0.1085159493876697,40.44230085679765,0.29596764165610256,near_normal,False
Zabul,2018,7,2.381876714220567,13.30479282654252,0.47169147253213706,near_normal,False
Zabul,2018,8,0.6761061962807046,3.1664988598889408,-0.30158336658599555,near_normal,False
Zabul,2018,9,0.26477254415875,3.3227554546600215,-0.2116614647729906,near_normal,False
Zabul,2018,10,0.6255339637840962,1.5664127042235507,-0.0931423633083873,near_normal,False
Zabul,2018,11,14.1083553053459,14.998661813288745,-0.062355423145556,near_normal,False
Zabul,2018,12,35.080845461089126,49.81473473021912,0.1489905059798112,near_normal,False
Zabul,2019,1,40.64498626663843,89.83418703307346,0.2836918309826186,near_normal,False
Zabul,2019,2,127.80366722529422,203.5294989530218,1.2604789760199067,moderately_wet,False
Zabul,2019,3,121.6584488663546,290.10710235828725,2.321076114169242,extremely_wet,False
Zabul,2019,4,84.11034252612133,333.57245861777017,2.448218177212593,extremely_wet,False
Zabul,2019,5,10.287216832250762,216.0560082247267,2.783314976764629,extremely_wet,False
Zabul,2019,6,0.66903655472666,95.06659591309875,2.9025252617823,extremely_wet,False
Zabul,2019,7,2.892904966104976,13.849158353082398,0.5889297738383947,near_normal,False
Zabul,2019,8,0.7400259025916078,4.301967423423244,0.24000231776009814,near_normal,False
Zabul,2019,9,0.2374026961564039,3.870333564852988,0.06250734360948305,near_normal,False
Zabul,2019,10,3.0731204675171737,4.0505490662651855,1.0959173092251768,moderately_wet,False
Zabul,2019,11,48.14325203948612,51.4537752031597,2.3899810314066636,extremely_wet,False
Zabul,2019,12,24.931088800794296,76.1474613077976,1.3037640124188261,moderately_wet,False
Zabul,2020,1,73.19795754224288,146.2722983825233,1.816032243050826,very_wet,False
Zabul,2020,2,40.52952354958141,138.65856989261857,0.23416598533622177,near_normal,False
Zabul,2020,3,73.70645171921444,187.43393281103874,0.776673734052497,near_normal,False
Zabul,2020,4,40.22136907610808,154.45734434490393,0.2729520501332828,near_normal,False
Zabul,2020,5,12.538373600627953,126.46619439595048,1.0519462344443904,moderately_wet,False
Zabul,2020,6,1.355628910422354,54.11537158715839,1.0961900666751812,moderately_wet,False
Zabul,2020,7,3.738776393476235,17.632778904526543,1.3305651887341667,moderately_wet,False
Zabul,2020,8,0.3698257721742053,5.464231076072794,0.7028160919626917,near_normal,False
Zabul,2020,9,0.6311070589001521,4.739709224550593,0.4487279727948465,near_normal,False
Zabul,2020,10,2.8998434496807395,3.900776280755097,1.0408856453929924,moderately_wet,False
Zabul,2020,11,26.062406003455024,29.593356512035918,1.154530667624011,moderately_wet,False
Zabul,2020,12,36.37008234972747,65.33233180286324,0.8672087801715646,near_normal,False
Zabul,2021,1,6.572077443401277,69.00456579658378,-0.4452586420600485,near_normal,False
Zabul,2021,2,6.751041862660936,49.693201655789686,-1.958365164034615,severe_drought,True
Zabul,2021,3,46.62402142843455,59.94714073449677,-2.3396167199031397,extreme_drought,True
Zabul,2021,4,15.49128176198881,68.8663450530843,-1.4779672692916388,moderate_drought,True
Zabul,2021,5,11.47026256147964,73.585565751903,-0.3965214221088467,near_normal,False
Zabul,2021,6,0.1085405180321799,27.070084841500638,-0.6866503973783755,near_normal,False
Zabul,2021,7,3.624487212781601,15.203290292293428,0.8679947871510236,near_normal,False
Zabul,2021,8,0.411042088084876,4.144069818898664,0.17096252850684532,near_normal,False
Zabul,2021,9,0.2626645291116697,4.298193829978153,0.25908316688947647,near_normal,False
Zabul,2021,10,0.5223333234430089,1.1960399406395616,-0.36898163202105827,near_normal,False
Zabul,2021,11,5.854629251615721,6.6396271041704065,-1.2109400669976194,moderate_drought,True
Zabul,2021,12,27.13860662712876,33.51556920218749,-0.7911360815764407,near_normal,False
Zabul,2022,1,59.64024497301679,92.63348085176128,0.3727058149454685,near_normal,False
Zabul,2022,2,9.68063597442438,96.45948757456993,-0.6218165432453863,near_normal,False
Zabul,2022,3,37.666764179408325,106.9876451268495,-0.8950604623821153,near_normal,False
Zabul,2022,4,11.471421550603962,58.81882170443667,-1.7726248972693162,severe_drought,True
Zabul,2022,5,6.804477288756978,55.942663018769274,-1.037677224866953,moderate_drought,True
Zabul,2022,6,0.6487811584285056,18.924679997789447,-1.463984115189037,moderate_drought,True
Zabul,2022,7,10.326253542736788,17.77951198992227,1.3571447277654787,moderately_wet,False
Zabul,2022,8,3.284176030475007,14.259210731640302,3.019189690288224,extremely_wet,False
Zabul,2022,9,0.9176615126675832,14.528091085879378,3.172242709059611,extremely_wet,False
Zabul,2022,10,0.4264877016274713,4.628325244770061,1.2969410126086616,moderately_wet,False
Zabul,2022,11,14.97435560960397,16.318504823899026,0.07390677503423099,near_normal,False
Zabul,2022,12,19.788794244369477,35.18963755560092,-0.6818237503750952,near_normal,False
Zabul,2023,1,23.191452955726177,57.95460280969962,-0.89444131876029,near_normal,False
Zabul,2023,2,17.654592479558634,60.63483967965429,-1.5842769864989719,severe_drought,True
Zabul,2023,3,78.0129877297734,118.85903316505821,-0.6041848751273442,near_normal,False
Zabul,2023,4,15.631645063716595,111.29922527304863,-0.49141474123746376,near_normal,False
Zabul,2023,5,11.190519707296902,104.8351525007869,0.5198912622413133,near_normal,False
Zabul,2023,6,0.2950079203599712,27.117172691373483,-0.6826639917828631,near_normal,False
Zabul,2023,7,3.039795190424368,14.525322818081255,0.7304076249634278,near_normal,False
Zabul,2023,8,0.0627139748126627,3.3975170855970163,-0.18184998197216398,near_normal,False
Zabul,2023,9,0.2373952906045589,3.339904455841604,-0.20262827785302137,near_normal,False
Zabul,2023,10,0.5959143918888917,0.8960236573061275,-0.6409562789015816,near_normal,False
Zabul,2023,11,16.157807467554665,16.99111715004813,0.14050894981304315,near_normal,False
Zabul,2023,12,19.630676976842945,36.384398836286515,-0.6059744130148993,near_normal,False
