province,year,month,vci,tci,vhi
Khost,2015,1,61.67,26.35,44.01
Paktika,2015,1,85.45,8.97,47.21
Daykundi,2015,1,67.24,40.04,53.64
Panjsher,2015,1,63.5,48.02,55.76
Parwan,2015,1,78.27,40.71,59.49
Uruzgan,2015,1,85.96,20.36,53.16
Badakhshan,2015,1,62.23,35.75,48.99
Badghis,2015,1,36.47,55.53,46.0
Baghlan,2015,1,34.06,43.27,38.66
Balkh,2015,1,35.85,67.96,51.9
Bamyan,2015,1,56.26,45.29,50.77
Farah,2015,1,35.46,14.49,24.97
Faryab,2015,1,46.08,42.48,44.28
Ghazni,2015,1,100.0,10.57,55.29
Ghor,2015,1,52.61,44.7,48.65
Hilmand,2015,1,30.77,10.84,20.81
Hirat,2015,1,33.99,28.66,31.32
Jawzjan,2015,1,54.71,37.33,46.02
Kabul,2015,1,78.03,32.13,55.08
Kandahar,2015,1,22.73,11.28,17.01
Kapisa,2015,1,64.84,34.98,49.91
Kunar,2015,1,84.42,32.04,58.23
Kunduz,2015,1,49.42,31.4,40.41
Laghman,2015,1,49.56,31.72,40.64
Logar,2015,1,94.38,21.17,57.77
Nangarhar,2015,1,39.74,28.63,34.19
Nimroz,2015,1,62.04,0.0,31.02
Nuristan,2015,1,89.92,35.57,62.75
Paktya,2015,1,96.21,19.94,58.08
Samangan,2015,1,83.92,44.86,64.39
Sar-e-Pul,2015,1,54.01,52.73,53.37
Takhar,2015,1,23.3,40.03,31.67
Wardak,2015,1,65.52,43.36,54.44
Zabul,2015,1,89.12,9.54,49.33
Khost,2015,2,63.21,68.07,65.64
Paktika,2015,2,77.53,47.83,62.68
Daykundi,2015,2,45.39,61.57,53.48
Panjsher,2015,2,29.75,73.42,51.58
Parwan,2015,2,47.79,68.63,58.21
Uruzgan,2015,2,34.58,68.17,51.38
Badakhshan,2015,2,33.7,52.4,43.05
Badghis,2015,2,74.8,78.41,76.6
Baghlan,2015,2,34.43,85.48,59.95
Balkh,2015,2,80.17,64.95,72.56
Bamyan,2015,2,44.5,52.24,48.37
Farah,2015,2,0.0,60.28,30.14
Faryab,2015,2,69.18,77.56,73.37
Ghazni,2015,2,63.23,47.04,55.13
Ghor,2015,2,27.85,68.5,48.17
Hilmand,2015,2,0.0,59.84,29.92
Hirat,2015,2,37.77,67.73,52.75
Jawzjan,2015,2,87.12,75.98,81.55
Kabul,2015,2,52.54,62.39,57.46
Kandahar,2015,2,1.44,55.38,28.41
Kapisa,2015,2,47.3,71.29,59.3
Kunar,2015,2,23.2,75.62,49.41
Kunduz,2015,2,64.4,59.76,62.08
Laghman,2015,2,21.28,81.26,51.27
Logar,2015,2,66.99,47.16,57.08
Nangarhar,2015,2,26.31,73.12,49.71
Nimroz,2015,2,4.62,68.64,36.63
Nuristan,2015,2,29.06,71.14,50.1
Paktya,2015,2,50.12,57.14,53.63
Samangan,2015,2,42.39,68.34,55.36
Sar-e-Pul,2015,2,82.16,60.9,71.53
Takhar,2015,2,28.01,67.61,47.81
Wardak,2015,2,50.6,51.99,51.29
Zabul,2015,2,71.67,48.66,60.16
Khost,2015,3,71.03,98.78,84.9
Paktika,2015,3,66.83,69.62,68.23
Daykundi,2015,3,64.31,73.58,68.95
Panjsher,2015,3,0.0,100.0,50.0
Parwan,2015,3,42.75,95.88,69.31
Uruzgan,2015,3,30.86,70.7,50.78
Badakhshan,2015,3,7.8,63.94,35.87
Badghis,2015,3,66.67,100.0,83.34
Baghlan,2015,3,19.11,100.0,59.55
Balkh,2015,3,69.88,100.0,84.94
Bamyan,2015,3,17.64,90.8,54.22
Farah,2015,3,31.12,100.0,65.56
Faryab,2015,3,75.23,100.0,87.62
Ghazni,2015,3,67.11,55.66,61.38
Ghor,2015,3,45.54,83.2,64.37
Hilmand,2015,3,0.0,100.0,50.0
Hirat,2015,3,24.58,100.0,62.29
Jawzjan,2015,3,100.0,100.0,100.0
Kabul,2015,3,63.19,98.82,81.0
Kandahar,2015,3,9.4,91.7,50.55
Kapisa,2015,3,26.17,100.0,63.08
Kunar,2015,3,30.66,100.0,65.33
Kunduz,2015,3,64.17,76.98,70.58
Laghman,2015,3,21.59,100.0,60.8
Logar,2015,3,60.36,81.86,71.11
Nangarhar,2015,3,31.42,94.29,62.86
Nimroz,2015,3,87.05,100.0,93.53
Nuristan,2015,3,14.95,97.04,55.99
Paktya,2015,3,58.9,94.31,76.61
Samangan,2015,3,27.38,100.0,63.69
Sar-e-Pul,2015,3,43.06,100.0,71.53
Takhar,2015,3,15.45,73.96,44.71
Wardak,2015,3,53.46,72.98,63.22
Zabul,2015,3,37.52,63.62,50.57
Khost,2015,4,27.87,39.03,33.45
Paktika,2015,4,0.0,34.11,17.06
Daykundi,2015,4,50.62,54.09,52.35
Panjsher,2015,4,0.0,85.63,42.81
Parwan,2015,4,12.15,56.95,34.55
Uruzgan,2015,4,23.21,39.05,31.13
Badakhshan,2015,4,18.3,50.38,34.34
Badghis,2015,4,73.97,61.48,67.73
Baghlan,2015,4,51.9,70.67,61.29
Balkh,2015,4,84.15,62.16,73.15
Bamyan,2015,4,15.91,89.49,52.7
Farah,2015,4,55.76,46.21,50.98
Faryab,2015,4,93.65,54.19,73.92
Ghazni,2015,4,16.37,38.03,27.2
Ghor,2015,4,66.37,66.42,66.39
Hilmand,2015,4,22.97,41.74,32.36
Hirat,2015,4,61.12,48.89,55.01
Jawzjan,2015,4,100.0,74.24,87.12
Kabul,2015,4,9.39,49.45,29.42
Kandahar,2015,4,13.02,56.66,34.84
Kapisa,2015,4,0.0,57.36,28.68
Kunar,2015,4,30.48,42.14,36.31
Kunduz,2015,4,83.07,73.67,78.37
Laghman,2015,4,7.24,50.27,28.76
Logar,2015,4,16.43,46.26,31.34
Nangarhar,2015,4,25.43,53.35,39.39
Nimroz,2015,4,52.25,39.49,45.87
Nuristan,2015,4,0.52,53.96,27.24
Paktya,2015,4,0.0,33.05,16.53
Samangan,2015,4,91.77,61.43,76.6
Sar-e-Pul,2015,4,72.1,56.09,64.1
Takhar,2015,4,45.86,60.41,53.14
Wardak,2015,4,37.12,53.99,45.56
Zabul,2015,4,0.0,35.79,17.9
Khost,2015,5,63.21,24.94,44.08
Paktika,2015,5,13.68,34.45,24.07
Daykundi,2015,5,87.1,48.99,68.05
Panjsher,2015,5,2.25,100.0,51.13
Parwan,2015,5,57.76,87.01,72.38
Uruzgan,2015,5,33.87,50.52,42.19
Badakhshan,2015,5,0.0,100.0,50.0
Badghis,2015,5,47.34,44.08,45.71
Baghlan,2015,5,92.82,96.41,94.61
Balkh,2015,5,84.09,100.0,92.04
Bamyan,2015,5,57.81,65.47,61.64
Farah,2015,5,71.09,65.42,68.26
Faryab,2015,5,58.39,60.87,59.63
Ghazni,2015,5,31.31,46.71,39.01
Ghor,2015,5,100.0,59.92,79.96
Hilmand,2015,5,43.17,43.39,43.28
Hirat,2015,5,51.8,54.32,53.06
Jawzjan,2015,5,65.78,95.23,80.5
Kabul,2015,5,42.23,70.12,56.17
Kandahar,2015,5,15.65,46.63,31.14
Kapisa,2015,5,54.72,71.63,63.18
Kunar,2015,5,80.94,60.84,70.89
Kunduz,2015,5,88.05,100.0,94.02
Laghman,2015,5,46.61,62.69,54.65
Logar,2015,5,40.12,52.5,46.31
Nangarhar,2015,5,40.35,50.26,45.3
Nimroz,2015,5,46.14,41.7,43.92
Nuristan,2015,5,31.48,81.74,56.61
Paktya,2015,5,50.12,35.85,42.99
Samangan,2015,5,97.49,87.24,92.37
Sar-e-Pul,2015,5,72.91,76.05,74.48
Takhar,2015,5,92.64,100.0,96.32
Wardak,2015,5,52.01,90.67,71.34
Zabul,2015,5,0.0,41.9,20.95
Khost,2015,6,31.1,68.41,49.75
Paktika,2015,6,6.44,53.74,30.09
Daykundi,2015,6,68.93,51.99,60.46
Panjsher,2015,6,29.61,76.31,52.96
Parwan,2015,6,87.61,52.92,70.26
Uruzgan,2015,6,31.15,90.35,60.75
Badakhshan,2015,6,76.19,74.96,75.57
Badghis,2015,6,52.96,21.99,37.47
Baghlan,2015,6,100.0,54.3,77.15
Balkh,2015,6,69.13,0.0,34.56
Bamyan,2015,6,91.29,33.89,62.59
Farah,2015,6,69.63,48.52,59.07
Faryab,2015,6,56.33,16.16,36.25
Ghazni,2015,6,37.05,49.1,43.08
Ghor,2015,6,86.06,41.56,63.81
Hilmand,2015,6,40.05,61.36,50.7
Hirat,2015,6,48.37,50.44,49.41
Jawzjan,2015,6,55.78,0.0,27.89
Kabul,2015,6,39.72,63.73,51.72
Kandahar,2015,6,14.39,100.0,57.2
Kapisa,2015,6,45.96,58.22,52.09
Kunar,2015,6,51.48,74.28,62.88
Kunduz,2015,6,56.66,0.0,28.33
Laghman,2015,6,40.73,70.11,55.42
Logar,2015,6,39.28,57.4,48.34
Nangarhar,2015,6,23.92,46.43,35.18
Nimroz,2015,6,51.4,43.1,47.25
Nuristan,2015,6,51.28,63.64,57.46
Paktya,2015,6,42.11,54.23,48.17
Samangan,2015,6,86.3,31.93,59.11
Sar-e-Pul,2015,6,62.44,20.21,41.33
Takhar,2015,6,100.0,54.6,77.3
Wardak,2015,6,69.95,47.8,58.88
Zabul,2015,6,0.0,79.34,39.67
Khost,2015,7,40.59,11.08,25.84
Paktika,2015,7,0.04,40.58,20.31
Daykundi,2015,7,60.19,38.98,49.59
Panjsher,2015,7,95.63,100.0,97.81
Parwan,2015,7,72.39,34.84,53.62
Uruzgan,2015,7,33.3,40.49,36.9
Badakhshan,2015,7,100.0,100.0,100.0
Badghis,2015,7,61.54,48.78,55.16
Baghlan,2015,7,100.0,75.49,87.75
Balkh,2015,7,71.07,58.84,64.95
Bamyan,2015,7,95.43,45.65,70.54
Farah,2015,7,62.9,69.83,66.37
Faryab,2015,7,63.74,49.85,56.79
Ghazni,2015,7,17.89,36.64,27.26
Ghor,2015,7,87.07,48.86,67.96
Hilmand,2015,7,38.86,60.65,49.75
Hirat,2015,7,47.41,76.01,61.71
Jawzjan,2015,7,62.12,55.44,58.78
Kabul,2015,7,53.13,47.22,50.17
Kandahar,2015,7,15.57,52.17,33.87
Kapisa,2015,7,74.9,57.99,66.45
Kunar,2015,7,46.48,37.09,41.79
Kunduz,2015,7,64.11,59.15,61.63
Laghman,2015,7,66.7,45.81,56.25
Logar,2015,7,32.94,35.02,33.98
Nangarhar,2015,7,74.16,34.74,54.45
Nimroz,2015,7,53.25,67.21,60.23
Nuristan,2015,7,62.86,100.0,81.43
Paktya,2015,7,35.94,37.51,36.72
Samangan,2015,7,100.0,55.21,77.6
Sar-e-Pul,2015,7,74.53,43.35,58.94
Takhar,2015,7,88.4,94.44,91.42
Wardak,2015,7,57.45,39.04,48.24
Zabul,2015,7,2.4,36.83,19.62
Khost,2015,8,35.51,26.18,30.84
Paktika,2015,8,12.58,11.3,11.94
Daykundi,2015,8,44.07,49.53,46.8
Panjsher,2015,8,100.0,47.18,73.59
Parwan,2015,8,67.03,19.85,43.44
Uruzgan,2015,8,32.29,30.86,31.57
Badakhshan,2015,8,100.0,88.06,94.03
Badghis,2015,8,61.53,63.72,62.62
Baghlan,2015,8,100.0,62.39,81.19
Balkh,2015,8,77.31,44.12,60.72
Bamyan,2015,8,91.03,60.49,75.76
Farah,2015,8,59.73,45.01,52.37
Faryab,2015,8,60.13,59.62,59.88
Ghazni,2015,8,11.78,20.4,16.09
Ghor,2015,8,83.63,69.22,76.43
Hilmand,2015,8,36.34,47.39,41.86
Hirat,2015,8,46.11,50.17,48.14
Jawzjan,2015,8,61.39,38.31,49.85
Kabul,2015,8,52.35,27.47,39.91
Kandahar,2015,8,21.15,49.09,35.12
Kapisa,2015,8,67.49,24.52,46.0
Kunar,2015,8,100.0,31.8,65.9
Kunduz,2015,8,85.53,42.7,64.12
Laghman,2015,8,95.31,46.91,71.11
Logar,2015,8,30.83,13.07,21.95
Nangarhar,2015,8,80.01,61.85,70.93
Nimroz,2015,8,61.42,28.33,44.87
Nuristan,2015,8,100.0,51.85,75.92
Paktya,2015,8,52.86,21.02,36.94
Samangan,2015,8,99.31,54.31,76.81
Sar-e-Pul,2015,8,68.76,56.11,62.43
Takhar,2015,8,100.0,62.43,81.21
Wardak,2015,8,52.14,24.64,38.39
Zabul,2015,8,5.38,29.38,17.38
Khost,2015,9,30.79,42.2,36.5
Paktika,2015,9,4.7,67.7,36.2
Daykundi,2015,9,29.84,75.42,52.63
Panjsher,2015,9,100.0,96.08,98.04
Parwan,2015,9,62.08,97.65,79.87
Uruzgan,2015,9,31.7,69.92,50.81
Badakhshan,2015,9,100.0,100.0,100.0
Badghis,2015,9,54.69,49.61,52.15
Baghlan,2015,9,84.76,81.92,83.34
Balkh,2015,9,66.13,37.17,51.65
Bamyan,2015,9,77.54,93.78,85.66
Farah,2015,9,53.44,65.45,59.44
Faryab,2015,9,53.65,35.93,44.79
Ghazni,2015,9,7.61,69.91,38.76
Ghor,2015,9,83.96,84.14,84.05
Hilmand,2015,9,13.14,67.13,40.13
Hirat,2015,9,44.8,59.49,52.14
Jawzjan,2015,9,58.45,1.36,29.91
Kabul,2015,9,37.86,68.78,53.32
Kandahar,2015,9,13.92,54.11,34.01
Kapisa,2015,9,48.3,60.4,54.35
Kunar,2015,9,54.46,54.49,54.47
Kunduz,2015,9,68.27,51.21,59.74
Laghman,2015,9,63.6,51.1,57.35
Logar,2015,9,27.96,52.28,40.12
Nangarhar,2015,9,57.14,50.69,53.92
Nimroz,2015,9,49.7,54.75,52.22
Nuristan,2015,9,100.0,91.85,95.93
Paktya,2015,9,50.56,81.52,66.04
Samangan,2015,9,80.59,77.84,79.22
Sar-e-Pul,2015,9,52.18,75.36,63.77
Takhar,2015,9,79.99,74.56,77.27
Wardak,2015,9,52.29,86.75,69.52
Zabul,2015,9,3.35,73.26,38.3
Khost,2015,10,70.38,61.7,66.04
Paktika,2015,10,29.97,52.14,41.05
Daykundi,2015,10,84.78,100.0,92.39
Panjsher,2015,10,60.69,27.06,43.87
Parwan,2015,10,92.21,38.82,65.51
Uruzgan,2015,10,68.28,79.18,73.73
Badakhshan,2015,10,71.27,22.23,46.75
Badghis,2015,10,78.13,93.6,85.86
Baghlan,2015,10,100.0,23.8,61.9
Balkh,2015,10,77.45,71.85,74.65
Bamyan,2015,10,65.96,78.24,72.1
Farah,2015,10,84.39,21.01,52.7
Faryab,2015,10,61.19,79.9,70.54
Ghazni,2015,10,34.24,71.55,52.89
Ghor,2015,10,91.45,100.0,95.73
Hilmand,2015,10,39.17,13.19,26.18
Hirat,2015,10,71.09,33.64,52.36
Jawzjan,2015,10,63.42,98.55,80.99
Kabul,2015,10,80.23,69.7,74.97
Kandahar,2015,10,28.73,18.24,23.48
Kapisa,2015,10,100.0,47.63,73.82
Kunar,2015,10,100.0,51.61,75.81
Kunduz,2015,10,93.8,61.25,77.52
Laghman,2015,10,100.0,58.44,79.22
Logar,2015,10,58.65,53.68,56.17
Nangarhar,2015,10,100.0,46.91,73.46
Nimroz,2015,10,63.6,0.0,31.8
Nuristan,2015,10,72.7,39.29,56.0
Paktya,2015,10,70.76,53.06,61.91
Samangan,2015,10,64.85,33.89,49.37
Sar-e-Pul,2015,10,58.72,56.85,57.79
Takhar,2015,10,100.0,22.3,61.15
Wardak,2015,10,68.66,80.2,74.43
Zabul,2015,10,16.49,44.56,30.53
Khost,2015,11,74.68,68.89,71.78
Paktika,2015,11,21.19,93.83,57.51
Daykundi,2015,11,67.49,78.19,72.84
Panjsher,2015,11,30.63,100.0,65.31
Parwan,2015,11,49.96,99.88,74.92
Uruzgan,2015,11,54.03,71.57,62.8
Badakhshan,2015,11,28.53,85.06,56.8
Badghis,2015,11,100.0,73.42,86.71
Baghlan,2015,11,100.0,68.23,84.11
Balkh,2015,11,100.0,76.59,88.3
Bamyan,2015,11,46.18,75.92,61.05
Farah,2015,11,86.47,87.05,86.76
Faryab,2015,11,100.0,77.68,88.84
Ghazni,2015,11,41.41,72.0,56.71
Ghor,2015,11,57.45,88.27,72.86
Hilmand,2015,11,57.65,61.38,59.52
Hirat,2015,11,84.18,79.19,81.68
Jawzjan,2015,11,100.0,83.31,91.65
Kabul,2015,11,71.81,100.0,85.91
Kandahar,2015,11,34.04,72.39,53.22
Kapisa,2015,11,91.9,99.9,95.9
Kunar,2015,11,83.73,91.77,87.75
Kunduz,2015,11,100.0,80.1,90.05
Laghman,2015,11,75.96,100.0,87.98
Logar,2015,11,59.5,84.29,71.9
Nangarhar,2015,11,88.42,81.03,84.72
Nimroz,2015,11,67.4,48.51,57.95
Nuristan,2015,11,23.88,100.0,61.94
Paktya,2015,11,84.94,75.85,80.39
Samangan,2015,11,100.0,62.32,81.16
Sar-e-Pul,2015,11,86.38,69.61,78.0
Takhar,2015,11,100.0,73.58,86.79
Wardak,2015,11,51.4,93.63,72.52
Zabul,2015,11,22.56,78.72,50.64
Khost,2015,12,90.54,62.29,76.42
Paktika,2015,12,2.92,78.52,40.72
Daykundi,2015,12,57.92,55.25,56.58
Panjsher,2015,12,36.02,45.22,40.62
Parwan,2015,12,46.97,50.91,48.94
Uruzgan,2015,12,87.01,74.23,80.62
Badakhshan,2015,12,29.92,60.48,45.2
Badghis,2015,12,100.0,56.07,78.03
Baghlan,2015,12,80.78,59.97,70.37
Balkh,2015,12,100.0,55.56,77.78
Bamyan,2015,12,32.15,61.5,46.82
Farah,2015,12,100.0,85.33,92.66
Faryab,2015,12,100.0,43.06,71.53
Ghazni,2015,12,25.04,85.24,55.14
Ghor,2015,12,61.51,48.37,54.94
Hilmand,2015,12,57.9,96.93,77.41
Hirat,2015,12,100.0,59.21,79.6
Jawzjan,2015,12,100.0,33.7,66.85
Kabul,2015,12,100.0,66.19,83.09
Kandahar,2015,12,28.23,94.18,61.2
Kapisa,2015,12,99.19,50.08,74.63
Kunar,2015,12,95.92,54.5,75.21
Kunduz,2015,12,100.0,68.4,84.2
Laghman,2015,12,100.0,54.24,77.12
Logar,2015,12,53.04,67.14,60.09
Nangarhar,2015,12,90.95,55.76,73.35
Nimroz,2015,12,77.51,96.68,87.1
Nuristan,2015,12,36.5,45.9,41.2
Paktya,2015,12,89.85,45.64,67.75
Samangan,2015,12,53.7,64.77,59.24
Sar-e-Pul,2015,12,86.27,46.52,66.4
Takhar,2015,12,31.55,67.91,49.73
Wardak,2015,12,29.07,71.15,50.11
Zabul,2015,12,10.17,82.73,46.45
Khost,2016,1,99.76,22.31,61.04
Paktika,2016,1,85.03,16.16,50.6
Daykundi,2016,1,61.65,45.29,53.47
Panjsher,2016,1,50.03,19.4,34.72
Parwan,2016,1,68.55,38.73,53.64
Uruzgan,2016,1,100.0,32.56,66.28
Badakhshan,2016,1,63.76,17.81,40.78
Badghis,2016,1,100.0,40.39,70.2
Baghlan,2016,1,100.0,25.72,62.86
Balkh,2016,1,100.0,41.1,70.55
Bamyan,2016,1,10.6,56.52,33.56
Farah,2016,1,100.0,23.86,61.93
Faryab,2016,1,100.0,30.62,65.31
Ghazni,2016,1,65.71,30.35,48.03
Ghor,2016,1,26.43,59.56,42.99
Hilmand,2016,1,100.0,6.38,53.19
Hirat,2016,1,100.0,25.07,62.54
Jawzjan,2016,1,100.0,5.95,52.98
Kabul,2016,1,100.0,27.11,63.55
Kandahar,2016,1,91.94,5.5,48.72
Kapisa,2016,1,100.0,16.31,58.16
Kunar,2016,1,100.0,10.47,55.23
Kunduz,2016,1,100.0,0.0,50.0
Laghman,2016,1,100.0,12.35,56.18
Logar,2016,1,86.38,32.7,59.54
Nangarhar,2016,1,75.03,19.65,47.34
Nimroz,2016,1,57.77,8.05,32.91
Nuristan,2016,1,84.74,2.49,43.62
Paktya,2016,1,95.88,35.04,65.46
Samangan,2016,1,86.5,50.04,68.27
Sar-e-Pul,2016,1,100.0,43.7,71.85
Takhar,2016,1,65.61,22.64,44.13
Wardak,2016,1,41.78,55.32,48.55
Zabul,2016,1,96.89,17.18,57.03
Khost,2016,2,78.94,20.05,49.5
Paktika,2016,2,80.28,17.26,48.77
Daykundi,2016,2,72.32,29.1,50.71
Panjsher,2016,2,83.92,31.66,57.79
Parwan,2016,2,77.86,40.22,59.04
Uruzgan,2016,2,90.93,27.21,59.07
Badakhshan,2016,2,71.57,2.15,36.86
Badghis,2016,2,100.0,18.74,59.37
Baghlan,2016,2,89.19,41.02,65.11
Balkh,2016,2,100.0,33.01,66.5
Bamyan,2016,2,37.06,44.69,40.87
Farah,2016,2,95.96,33.54,64.75
Faryab,2016,2,100.0,31.21,65.61
Ghazni,2016,2,74.87,20.01,47.44
Ghor,2016,2,52.7,32.56,42.63
Hilmand,2016,2,71.45,36.28,53.87
Hirat,2016,2,99.17,17.86,58.52
Jawzjan,2016,2,100.0,40.69,70.35
Kabul,2016,2,95.08,24.05,59.56
Kandahar,2016,2,22.81,31.51,27.16
Kapisa,2016,2,100.0,35.17,67.58
Kunar,2016,2,86.12,38.92,62.52
Kunduz,2016,2,98.08,28.6,63.34
Laghman,2016,2,74.1,31.89,53.0
Logar,2016,2,100.0,18.28,59.14
Nangarhar,2016,2,54.72,27.64,41.18
Nimroz,2016,2,47.46,52.77,50.12
Nuristan,2016,2,72.68,42.76,57.72
Paktya,2016,2,90.0,7.48,48.74
Samangan,2016,2,79.91,28.79,54.35
Sar-e-Pul,2016,2,100.0,31.58,65.79
Takhar,2016,2,57.08,25.43,41.26
Wardak,2016,2,72.81,30.38,51.59
Zabul,2016,2,91.46,20.65,56.06
Khost,2016,3,70.23,90.82,80.52
Paktika,2016,3,65.41,81.2,73.3
Daykundi,2016,3,84.17,77.01,80.59
Panjsher,2016,3,81.29,65.91,73.6
Parwan,2016,3,79.3,74.18,76.74
Uruzgan,2016,3,100.0,84.36,92.18
Badakhshan,2016,3,86.23,44.24,65.23
Badghis,2016,3,100.0,60.53,80.27
Baghlan,2016,3,92.24,52.61,72.42
Balkh,2016,3,100.0,56.74,78.37
Bamyan,2016,3,44.74,74.5,59.62
Farah,2016,3,78.89,73.23,76.06
Faryab,2016,3,100.0,61.24,80.62
Ghazni,2016,3,69.89,63.9,66.9
Ghor,2016,3,94.87,66.84,80.85
Hilmand,2016,3,44.35,73.27,58.81
Hirat,2016,3,100.0,79.33,89.67
Jawzjan,2016,3,90.76,61.63,76.2
Kabul,2016,3,99.89,94.2,97.04
Kandahar,2016,3,29.69,98.66,64.18
Kapisa,2016,3,92.54,82.4,87.47
Kunar,2016,3,95.47,79.7,87.59
Kunduz,2016,3,100.0,52.01,76.0
Laghman,2016,3,66.51,84.21,75.36
Logar,2016,3,87.69,74.93,81.31
Nangarhar,2016,3,40.68,80.2,60.44
Nimroz,2016,3,61.65,54.59,58.12
Nuristan,2016,3,70.84,78.32,74.58
Paktya,2016,3,81.36,84.25,82.81
Samangan,2016,3,93.85,44.18,69.01
Sar-e-Pul,2016,3,92.24,62.22,77.23
Takhar,2016,3,64.43,45.26,54.84
Wardak,2016,3,73.25,61.61,67.43
Zabul,2016,3,100.0,88.26,94.13
Khost,2016,4,37.55,61.91,49.73
Paktika,2016,4,59.1,76.07,67.58
Daykundi,2016,4,59.62,64.25,61.94
Panjsher,2016,4,25.9,75.29,50.59
Parwan,2016,4,21.81,80.53,51.17
Uruzgan,2016,4,81.6,57.56,69.58
Badakhshan,2016,4,50.35,50.32,50.34
Badghis,2016,4,72.31,61.21,66.76
Baghlan,2016,4,60.74,73.87,67.3
Balkh,2016,4,66.75,37.14,51.95
Bamyan,2016,4,21.23,83.23,52.23
Farah,2016,4,57.38,24.28,40.83
Faryab,2016,4,94.19,60.94,77.56
Ghazni,2016,4,44.05,74.69,59.37
Ghor,2016,4,94.38,62.4,78.39
Hilmand,2016,4,38.93,23.19,31.06
Hirat,2016,4,62.1,48.25,55.18
Jawzjan,2016,4,70.09,48.42,59.26
Kabul,2016,4,83.35,79.76,81.56
Kandahar,2016,4,43.67,56.74,50.21
Kapisa,2016,4,74.96,76.74,75.85
Kunar,2016,4,45.71,53.3,49.51
Kunduz,2016,4,57.46,38.42,47.94
Laghman,2016,4,48.47,53.59,51.03
Logar,2016,4,63.13,86.39,74.76
Nangarhar,2016,4,36.31,53.47,44.89
Nimroz,2016,4,33.39,6.87,20.13
Nuristan,2016,4,13.58,60.41,37.0
Paktya,2016,4,57.07,75.35,66.21
Samangan,2016,4,70.24,59.63,64.93
Sar-e-Pul,2016,4,70.88,57.61,64.24
Takhar,2016,4,49.99,60.32,55.15
Wardak,2016,4,14.7,85.8,50.25
Zabul,2016,4,100.0,67.5,83.75
Khost,2016,5,65.11,0.0,32.55
Paktika,2016,5,56.19,0.0,28.09
Daykundi,2016,5,75.06,6.94,41.0
Panjsher,2016,5,42.79,36.39,39.59
Parwan,2016,5,100.0,25.05,62.52
Uruzgan,2016,5,58.73,0.0,29.37
Badakhshan,2016,5,59.18,61.09,60.13
Badghis,2016,5,37.5,0.0,18.75
Baghlan,2016,5,74.75,22.84,48.8
Balkh,2016,5,38.26,0.0,19.13
Bamyan,2016,5,100.0,26.3,63.15
Farah,2016,5,30.9,0.0,15.45
Faryab,2016,5,54.36,9.96,32.16
Ghazni,2016,5,69.57,0.0,34.79
Ghor,2016,5,89.69,13.82,51.75
Hilmand,2016,5,24.35,0.0,12.17
Hirat,2016,5,41.71,0.0,20.85
Jawzjan,2016,5,44.75,0.0,22.38
Kabul,2016,5,75.54,8.95,42.25
Kandahar,2016,5,32.45,0.0,16.22
Kapisa,2016,5,71.37,12.44,41.9
Kunar,2016,5,100.0,7.81,53.91
Kunduz,2016,5,48.97,9.59,29.28
Laghman,2016,5,62.37,0.0,31.19
Logar,2016,5,75.12,0.0,37.56
Nangarhar,2016,5,49.76,0.0,24.88
Nimroz,2016,5,25.52,3.8,14.66
Nuristan,2016,5,45.31,21.95,33.63
Paktya,2016,5,76.12,0.0,38.06
Samangan,2016,5,76.2,35.45,55.83
Sar-e-Pul,2016,5,59.42,16.82,38.12
Takhar,2016,5,44.51,1.92,23.21
Wardak,2016,5,100.0,14.56,57.28
Zabul,2016,5,58.84,0.0,29.42
Khost,2016,6,32.75,30.19,31.47
Paktika,2016,6,37.89,29.22,33.56
Daykundi,2016,6,61.46,31.56,46.51
Panjsher,2016,6,100.0,45.07,72.54
Parwan,2016,6,87.26,59.52,73.39
Uruzgan,2016,6,53.39,69.57,61.48
Badakhshan,2016,6,100.0,9.6,54.8
Badghis,2016,6,37.05,38.84,37.94
Baghlan,2016,6,77.16,40.34,58.75
Balkh,2016,6,37.13,39.74,38.43
Bamyan,2016,6,88.42,53.02,70.72
Farah,2016,6,36.75,62.74,49.75
Faryab,2016,6,48.33,43.97,46.15
Ghazni,2016,6,59.1,41.55,50.33
Ghor,2016,6,68.4,18.57,43.49
Hilmand,2016,6,32.1,78.58,55.34
Hirat,2016,6,28.25,59.73,43.99
Jawzjan,2016,6,42.91,46.13,44.52
Kabul,2016,6,42.26,56.71,49.48
Kandahar,2016,6,32.19,77.19,54.69
Kapisa,2016,6,38.09,48.19,43.14
Kunar,2016,6,56.07,59.68,57.88
Kunduz,2016,6,77.37,22.13,49.75
Laghman,2016,6,45.9,25.36,35.63
Logar,2016,6,50.52,61.01,55.77
Nangarhar,2016,6,41.87,30.29,36.08
Nimroz,2016,6,44.14,58.95,51.55
Nuristan,2016,6,100.0,38.42,69.21
Paktya,2016,6,53.11,46.72,49.92
Samangan,2016,6,58.8,43.88,51.34
Sar-e-Pul,2016,6,54.92,37.91,46.41
Takhar,2016,6,58.41,3.97,31.19
Wardak,2016,6,81.03,67.41,74.22
Zabul,2016,6,42.94,49.72,46.33
Khost,2016,7,19.59,40.2,29.9
Paktika,2016,7,24.37,4.01,14.19
Daykundi,2016,7,55.11,15.15,35.13
Panjsher,2016,7,58.55,24.8,41.67
Parwan,2016,7,53.48,27.83,40.66
Uruzgan,2016,7,56.16,6.77,31.46
Badakhshan,2016,7,43.38,56.26,49.82
Badghis,2016,7,38.09,19.44,28.76
Baghlan,2016,7,51.86,54.16,53.01
Balkh,2016,7,26.35,36.51,31.43
Bamyan,2016,7,77.07,36.1,56.59
Farah,2016,7,34.41,36.14,35.27
Faryab,2016,7,51.6,40.33,45.96
Ghazni,2016,7,43.2,3.91,23.55
Ghor,2016,7,61.65,14.18,37.92
Hilmand,2016,7,18.18,22.85,20.51
Hirat,2016,7,29.15,40.6,34.88
Jawzjan,2016,7,46.46,1.97,24.21
Kabul,2016,7,46.88,23.17,35.03
Kandahar,2016,7,26.4,26.48,26.44
Kapisa,2016,7,58.97,9.32,34.14
Kunar,2016,7,41.89,48.66,45.28
Kunduz,2016,7,55.48,32.09,43.78
Laghman,2016,7,46.63,6.99,26.81
Logar,2016,7,43.83,19.53,31.68
Nangarhar,2016,7,35.49,10.45,22.97
Nimroz,2016,7,30.07,39.05,34.56
Nuristan,2016,7,50.23,8.36,29.29
Paktya,2016,7,41.9,19.85,30.87
Samangan,2016,7,59.51,57.53,58.52
Sar-e-Pul,2016,7,47.33,42.54,44.94
Takhar,2016,7,33.21,37.51,35.36
Wardak,2016,7,64.89,25.08,44.99
Zabul,2016,7,38.21,6.59,22.4
Khost,2016,8,36.08,3.68,19.88
Paktika,2016,8,39.01,20.91,29.96
Daykundi,2016,8,50.06,73.15,61.61
Panjsher,2016,8,37.0,50.66,43.83
Parwan,2016,8,47.33,36.2,41.76
Uruzgan,2016,8,52.37,49.93,51.15
Badakhshan,2016,8,26.15,100.0,63.07
Badghis,2016,8,39.17,33.48,36.32
Baghlan,2016,8,39.87,38.26,39.07
Balkh,2016,8,25.88,3.65,14.76
Bamyan,2016,8,69.56,69.07,69.32
Farah,2016,8,45.02,44.32,44.67
Faryab,2016,8,51.35,29.04,40.19
Ghazni,2016,8,33.92,24.15,29.03
Ghor,2016,8,67.59,81.48,74.53
Hilmand,2016,8,34.55,57.57,46.06
Hirat,2016,8,30.92,48.31,39.62
Jawzjan,2016,8,45.88,5.42,25.65
Kabul,2016,8,44.76,38.59,41.68
Kandahar,2016,8,38.36,39.16,38.76
Kapisa,2016,8,37.31,22.0,29.66
Kunar,2016,8,64.25,1.52,32.88
Kunduz,2016,8,44.14,6.42,25.28
Laghman,2016,8,55.11,15.16,35.13
Logar,2016,8,40.93,37.04,38.99
Nangarhar,2016,8,34.91,17.55,26.23
Nimroz,2016,8,70.98,18.95,44.96
Nuristan,2016,8,45.3,60.78,53.04
Paktya,2016,8,57.48,35.27,46.37
Samangan,2016,8,56.0,17.33,36.67
Sar-e-Pul,2016,8,41.79,43.24,42.52
Takhar,2016,8,17.78,24.44,21.11
Wardak,2016,8,56.01,42.93,49.47
Zabul,2016,8,43.32,23.25,33.28
Khost,2016,9,14.66,0.0,7.33
Paktika,2016,9,29.05,0.0,14.53
Daykundi,2016,9,43.5,13.08,28.29
Panjsher,2016,9,74.08,15.04,44.56
Parwan,2016,9,46.11,0.0,23.05
Uruzgan,2016,9,55.5,0.0,27.75
Badakhshan,2016,9,64.03,18.46,41.25
Badghis,2016,9,35.37,0.0,17.68
Baghlan,2016,9,42.36,0.0,21.18
Balkh,2016,9,20.47,0.0,10.24
Bamyan,2016,9,70.61,12.74,41.68
Farah,2016,9,47.36,0.0,23.68
Faryab,2016,9,49.15,0.0,24.57
Ghazni,2016,9,36.15,0.0,18.07
Ghor,2016,9,72.04,19.56,45.8
Hilmand,2016,9,23.48,0.0,11.74
Hirat,2016,9,31.7,0.0,15.85
Jawzjan,2016,9,44.6,0.83,22.71
Kabul,2016,9,37.24,0.0,18.62
Kandahar,2016,9,39.94,0.0,19.97
Kapisa,2016,9,19.95,0.0,9.97
Kunar,2016,9,27.25,0.0,13.62
Kunduz,2016,9,32.15,0.0,16.08
Laghman,2016,9,18.03,0.0,9.02
Logar,2016,9,33.74,0.0,16.87
Nangarhar,2016,9,16.96,0.0,8.48
Nimroz,2016,9,69.94,0.0,34.97
Nuristan,2016,9,61.53,0.0,30.76
Paktya,2016,9,38.98,0.0,19.49
Samangan,2016,9,46.01,0.0,23.01
Sar-e-Pul,2016,9,32.33,0.0,16.17
Takhar,2016,9,29.56,0.0,14.78
Wardak,2016,9,49.44,5.21,27.33
Zabul,2016,9,47.7,0.0,23.85
Khost,2016,10,5.09,17.45,11.27
Paktika,2016,10,38.96,46.08,42.52
Daykundi,2016,10,57.33,49.64,53.49
Panjsher,2016,10,100.0,7.7,53.85
Parwan,2016,10,56.89,31.7,44.3
Uruzgan,2016,10,60.83,49.47,55.15
Badakhshan,2016,10,88.04,25.84,56.94
Badghis,2016,10,41.97,80.95,61.46
Baghlan,2016,10,50.21,36.02,43.11
Balkh,2016,10,13.67,69.96,41.82
Bamyan,2016,10,80.23,39.89,60.06
Farah,2016,10,44.12,66.37,55.25
Faryab,2016,10,48.36,93.17,70.77
Ghazni,2016,10,34.37,37.41,35.89
Ghor,2016,10,60.86,51.58,56.22
Hilmand,2016,10,4.28,57.4,30.84
Hirat,2016,10,31.36,75.74,53.55
Jawzjan,2016,10,45.88,94.05,69.97
Kabul,2016,10,26.91,33.86,30.39
Kandahar,2016,10,34.38,62.71,48.54
Kapisa,2016,10,26.48,14.61,20.55
Kunar,2016,10,17.5,24.82,21.16
Kunduz,2016,10,13.64,63.74,38.69
Laghman,2016,10,20.71,12.98,16.85
Logar,2016,10,41.96,30.57,36.27
Nangarhar,2016,10,21.7,9.28,15.49
Nimroz,2016,10,54.04,57.0,55.52
Nuristan,2016,10,100.0,12.05,56.02
Paktya,2016,10,26.72,29.32,28.02
Samangan,2016,10,31.72,50.62,41.17
Sar-e-Pul,2016,10,41.49,59.55,50.52
Takhar,2016,10,44.21,24.16,34.18
Wardak,2016,10,39.8,37.53,38.67
Zabul,2016,10,55.64,50.97,53.31
Khost,2016,11,20.84,0.0,10.42
Paktika,2016,11,25.95,3.7,14.82
Daykundi,2016,11,100.0,12.17,56.08
Panjsher,2016,11,100.0,18.6,59.3
Parwan,2016,11,100.0,0.8,50.4
Uruzgan,2016,11,73.55,18.61,46.08
Badakhshan,2016,11,42.94,52.87,47.91
Badghis,2016,11,27.26,36.93,32.1
Baghlan,2016,11,75.29,39.67,57.48
Balkh,2016,11,11.77,45.2,28.48
Bamyan,2016,11,100.0,8.53,54.26
Farah,2016,11,43.24,31.87,37.55
Faryab,2016,11,12.17,48.34,30.25
Ghazni,2016,11,90.47,8.3,49.39
Ghor,2016,11,100.0,19.48,59.74
Hilmand,2016,11,17.79,27.84,22.81
Hirat,2016,11,26.09,66.16,46.13
Jawzjan,2016,11,27.28,23.47,25.37
Kabul,2016,11,43.55,6.37,24.96
Kandahar,2016,11,24.11,26.32,25.21
Kapisa,2016,11,82.31,0.0,41.15
Kunar,2016,11,47.42,0.0,23.71
Kunduz,2016,11,0.0,97.39,48.7
Laghman,2016,11,29.34,0.0,14.67
Logar,2016,11,73.02,15.01,44.01
Nangarhar,2016,11,22.85,0.0,11.43
Nimroz,2016,11,71.26,15.71,43.49
Nuristan,2016,11,100.0,10.37,55.19
Paktya,2016,11,68.19,12.43,40.31
Samangan,2016,11,71.23,35.38,53.31
Sar-e-Pul,2016,11,92.95,38.49,65.72
Takhar,2016,11,33.65,67.72,50.69
Wardak,2016,11,100.0,13.51,56.75
Zabul,2016,11,50.33,5.95,28.14
Khost,2016,12,24.67,0.0,12.34
Paktika,2016,12,36.08,0.0,18.04
Daykundi,2016,12,82.18,0.0,41.09
Panjsher,2016,12,69.09,0.0,34.55
Parwan,2016,12,73.5,0.0,36.75
Uruzgan,2016,12,90.69,0.0,45.35
Badakhshan,2016,12,86.21,4.1,45.16
Badghis,2016,12,42.78,0.0,21.39
Baghlan,2016,12,100.0,0.0,50.0
Balkh,2016,12,55.26,28.32,41.79
Bamyan,2016,12,69.05,1.14,35.1
Farah,2016,12,26.14,0.0,13.07
Faryab,2016,12,53.32,3.46,28.39
Ghazni,2016,12,97.55,0.0,48.77
Ghor,2016,12,89.46,0.0,44.73
Hilmand,2016,12,31.78,0.0,15.89
Hirat,2016,12,12.35,0.0,6.17
Jawzjan,2016,12,38.44,17.2,27.82
Kabul,2016,12,62.97,0.0,31.48
Kandahar,2016,12,25.03,0.0,12.52
Kapisa,2016,12,87.81,0.0,43.9
Kunar,2016,12,44.73,0.0,22.36
Kunduz,2016,12,27.65,28.74,28.19
Laghman,2016,12,42.73,0.0,21.37
Logar,2016,12,86.56,0.0,43.28
Nangarhar,2016,12,11.01,0.0,5.5
Nimroz,2016,12,61.61,0.0,30.8
Nuristan,2016,12,43.26,10.19,26.73
Paktya,2016,12,79.37,0.0,39.69
Samangan,2016,12,100.0,2.33,51.16
Sar-e-Pul,2016,12,79.38,6.76,43.07
Takhar,2016,12,100.0,8.89,54.44
Wardak,2016,12,89.21,0.0,44.61
Zabul,2016,12,48.41,0.0,24.21
Khost,2017,1,33.89,90.39,62.14
Paktika,2017,1,67.38,36.94,52.16
Daykundi,2017,1,78.54,50.55,64.55
Panjsher,2017,1,0.21,75.01,37.61
Parwan,2017,1,38.06,76.88,57.47
Uruzgan,2017,1,77.01,41.58,59.29
Badakhshan,2017,1,33.16,82.23,57.7
Badghis,2017,1,6.94,70.6,38.77
Baghlan,2017,1,0.0,80.8,40.4
Balkh,2017,1,36.41,94.66,65.53
Bamyan,2017,1,48.56,68.74,58.65
Farah,2017,1,48.98,48.08,48.53
Faryab,2017,1,26.46,61.55,44.01
Ghazni,2017,1,60.71,41.34,51.03
Ghor,2017,1,57.12,56.75,56.93
Hilmand,2017,1,38.89,37.71,38.3
Hirat,2017,1,33.74,52.48,43.11
Jawzjan,2017,1,28.65,56.29,42.47
Kabul,2017,1,42.66,67.56,55.11
Kandahar,2017,1,68.08,55.92,62.0
Kapisa,2017,1,33.69,62.77,48.23
Kunar,2017,1,34.03,62.89,48.46
Kunduz,2017,1,56.31,76.59,66.45
Laghman,2017,1,0.0,87.14,43.57
Logar,2017,1,54.66,57.02,55.84
Nangarhar,2017,1,0.0,96.47,48.23
Nimroz,2017,1,76.28,34.96,55.62
Nuristan,2017,1,35.26,69.89,52.57
Paktya,2017,1,43.5,60.28,51.89
Samangan,2017,1,67.69,72.74,70.22
Sar-e-Pul,2017,1,13.96,81.05,47.5
Takhar,2017,1,0.0,70.35,35.17
Wardak,2017,1,40.09,68.07,54.08
Zabul,2017,1,78.11,34.42,56.26
Khost,2017,2,27.77,68.72,48.25
Paktika,2017,2,57.79,66.61,62.2
Daykundi,2017,2,23.41,80.1,51.75
Panjsher,2017,2,3.78,91.55,47.66
Parwan,2017,2,0.0,87.65,43.82
Uruzgan,2017,2,28.77,78.93,53.85
Badakhshan,2017,2,15.85,91.62,53.74
Badghis,2017,2,0.0,100.0,50.0
Baghlan,2017,2,0.0,94.24,47.12
Balkh,2017,2,0.0,100.0,50.0
Bamyan,2017,2,12.02,91.45,51.74
Farah,2017,2,19.83,68.85,44.34
Faryab,2017,2,16.3,100.0,58.15
Ghazni,2017,2,23.38,78.82,51.1
Ghor,2017,2,7.86,92.41,50.14
Hilmand,2017,2,40.82,80.55,60.68
Hirat,2017,2,15.21,79.84,47.53
Jawzjan,2017,2,34.18,100.0,67.09
Kabul,2017,2,3.7,86.92,45.31
Kandahar,2017,2,41.69,79.33,60.51
Kapisa,2017,2,6.35,85.41,45.88
Kunar,2017,2,35.21,70.95,53.08
Kunduz,2017,2,0.0,100.0,50.0
Laghman,2017,2,32.29,75.13,53.71
Logar,2017,2,21.81,80.66,51.24
Nangarhar,2017,2,0.0,70.41,35.2
Nimroz,2017,2,100.0,87.59,93.79
Nuristan,2017,2,17.75,87.38,52.57
Paktya,2017,2,21.43,78.98,50.21
Samangan,2017,2,0.0,92.16,46.08
Sar-e-Pul,2017,2,0.0,100.0,50.0
Takhar,2017,2,0.0,100.0,50.0
Wardak,2017,2,8.42,87.19,47.81
Zabul,2017,2,42.45,75.05,58.75
Khost,2017,3,76.26,57.0,66.63
Paktika,2017,3,79.45,46.07,62.76
Daykundi,2017,3,48.93,80.93,64.93
Panjsher,2017,3,38.43,91.46,64.94
Parwan,2017,3,36.69,74.09,55.39
Uruzgan,2017,3,36.68,76.19,56.44
Badakhshan,2017,3,25.68,100.0,62.84
Badghis,2017,3,30.9,79.4,55.15
Baghlan,2017,3,31.8,57.97,44.88
Balkh,2017,3,48.6,70.04,59.32
Bamyan,2017,3,18.6,92.55,55.58
Farah,2017,3,54.24,71.89,63.07
Faryab,2017,3,30.53,75.56,53.05
Ghazni,2017,3,51.98,56.84,54.41
Ghor,2017,3,52.5,78.77,65.64
Hilmand,2017,3,31.84,69.05,50.45
Hirat,2017,3,16.08,78.84,47.46
Jawzjan,2017,3,39.63,68.34,53.98
Kabul,2017,3,52.56,61.55,57.06
Kandahar,2017,3,42.39,81.29,61.84
Kapisa,2017,3,40.74,54.36,47.55
Kunar,2017,3,65.57,61.69,63.63
Kunduz,2017,3,21.7,33.11,27.4
Laghman,2017,3,39.1,73.38,56.24
Logar,2017,3,57.02,59.84,58.43
Nangarhar,2017,3,9.4,55.19,32.3
Nimroz,2017,3,45.81,65.83,55.82
Nuristan,2017,3,48.07,82.88,65.47
Paktya,2017,3,63.04,69.34,66.19
Samangan,2017,3,39.73,78.15,58.94
Sar-e-Pul,2017,3,9.87,96.28,53.08
Takhar,2017,3,16.71,67.0,41.85
Wardak,2017,3,46.27,72.03,59.15
Zabul,2017,3,59.5,62.45,60.97
Khost,2017,4,8.28,0.62,4.45
Paktika,2017,4,31.35,6.68,19.02
Daykundi,2017,4,26.25,32.61,29.43
Panjsher,2017,4,11.98,76.35,44.17
Parwan,2017,4,2.43,43.53,22.98
Uruzgan,2017,4,28.51,16.07,22.29
Badakhshan,2017,4,0.0,95.9,47.95
Badghis,2017,4,47.45,48.06,47.76
Baghlan,2017,4,24.97,80.88,52.92
Balkh,2017,4,84.44,65.03,74.73
Bamyan,2017,4,23.09,78.83,50.96
Farah,2017,4,56.91,38.95,47.93
Faryab,2017,4,65.95,57.06,61.5
Ghazni,2017,4,47.51,30.23,38.87
Ghor,2017,4,51.36,35.73,43.55
Hilmand,2017,4,31.4,14.9,23.15
Hirat,2017,4,51.57,53.35,52.46
Jawzjan,2017,4,77.74,74.2,75.97
Kabul,2017,4,1.52,30.34,15.93
Kandahar,2017,4,49.56,22.33,35.95
Kapisa,2017,4,13.43,21.17,17.3
Kunar,2017,4,11.76,14.11,12.93
Kunduz,2017,4,61.49,84.88,73.19
Laghman,2017,4,16.15,10.58,13.37
Logar,2017,4,19.14,36.67,27.91
Nangarhar,2017,4,5.47,5.89,5.68
Nimroz,2017,4,79.55,35.3,57.42
Nuristan,2017,4,16.64,48.51,32.58
Paktya,2017,4,16.13,21.43,18.78
Samangan,2017,4,51.66,55.02,53.34
Sar-e-Pul,2017,4,52.05,68.67,60.36
Takhar,2017,4,0.0,100.0,50.0
Wardak,2017,4,20.78,52.4,36.59
Zabul,2017,4,49.34,29.28,39.31
Khost,2017,5,32.35,3.71,18.03
Paktika,2017,5,31.59,0.62,16.11
Daykundi,2017,5,51.31,7.2,29.26
Panjsher,2017,5,33.82,26.49,30.15
Parwan,2017,5,39.65,0.0,19.83
Uruzgan,2017,5,37.99,12.88,25.44
Badakhshan,2017,5,24.31,49.27,36.79
Badghis,2017,5,38.73,15.05,26.89
Baghlan,2017,5,70.92,0.0,35.46
Balkh,2017,5,93.74,4.65,49.2
Bamyan,2017,5,67.36,30.17,48.77
Farah,2017,5,55.47,14.47,34.97
Faryab,2017,5,52.99,13.71,33.35
Ghazni,2017,5,51.96,13.47,32.72
Ghor,2017,5,63.93,4.23,34.08
Hilmand,2017,5,48.85,13.62,31.23
Hirat,2017,5,52.81,13.96,33.38
Jawzjan,2017,5,76.26,25.34,50.8
Kabul,2017,5,35.26,0.0,17.63
Kandahar,2017,5,57.47,15.02,36.25
Kapisa,2017,5,46.54,0.0,23.27
Kunar,2017,5,54.8,0.0,27.4
Kunduz,2017,5,90.64,0.0,45.32
Laghman,2017,5,44.94,0.9,22.92
Logar,2017,5,39.82,19.79,29.8
Nangarhar,2017,5,22.13,5.43,13.78
Nimroz,2017,5,76.08,0.0,38.04
Nuristan,2017,5,55.38,9.53,32.45
Paktya,2017,5,54.98,25.4,40.19
Samangan,2017,5,60.6,0.0,30.3
Sar-e-Pul,2017,5,69.61,0.0,34.81
Takhar,2017,5,85.71,12.96,49.33
Wardak,2017,5,24.11,20.89,22.5
Zabul,2017,5,47.0,9.66,28.33
Khost,2017,6,16.04,19.54,17.79
Paktika,2017,6,24.15,0.0,12.08
Daykundi,2017,6,47.74,0.0,23.87
Panjsher,2017,6,79.48,0.0,39.74
Parwan,2017,6,53.49,0.0,26.75
Uruzgan,2017,6,45.72,0.0,22.86
Badakhshan,2017,6,97.16,11.06,54.11
Badghis,2017,6,49.08,24.59,36.84
Baghlan,2017,6,70.08,0.0,35.04
Balkh,2017,6,100.0,42.06,71.03
Bamyan,2017,6,73.18,0.0,36.59
Farah,2017,6,57.44,5.5,31.47
Faryab,2017,6,56.86,27.45,42.15
Ghazni,2017,6,51.02,0.0,25.51
Ghor,2017,6,44.93,0.0,22.46
Hilmand,2017,6,58.33,0.0,29.16
Hirat,2017,6,53.46,36.02,44.74
Jawzjan,2017,6,73.01,55.57,64.29
Kabul,2017,6,32.75,0.0,16.38
Kandahar,2017,6,63.6,12.17,37.88
Kapisa,2017,6,33.69,0.0,16.84
Kunar,2017,6,37.74,5.3,21.52
Kunduz,2017,6,100.0,15.08,57.54
Laghman,2017,6,40.01,6.06,23.03
Logar,2017,6,37.64,0.0,18.82
Nangarhar,2017,6,14.57,0.0,7.28
Nimroz,2017,6,67.77,10.99,39.38
Nuristan,2017,6,96.46,0.0,48.23
Paktya,2017,6,49.71,9.66,29.69
Samangan,2017,6,55.96,0.0,27.98
Sar-e-Pul,2017,6,65.58,9.98,37.78
Takhar,2017,6,76.89,0.0,38.44
Wardak,2017,6,56.63,0.0,28.32
Zabul,2017,6,42.97,0.0,21.48
Khost,2017,7,13.06,41.81,27.44
Paktika,2017,7,9.64,4.93,7.28
Daykundi,2017,7,39.05,18.4,28.72
Panjsher,2017,7,47.75,0.0,23.88
Parwan,2017,7,39.78,3.52,21.65
Uruzgan,2017,7,41.8,15.42,28.61
Badakhshan,2017,7,69.66,30.92,50.29
Badghis,2017,7,54.01,51.52,52.76
Baghlan,2017,7,50.71,5.61,28.16
Balkh,2017,7,100.0,62.98,81.49
Bamyan,2017,7,65.98,16.99,41.48
Farah,2017,7,52.55,63.67,58.11
Faryab,2017,7,61.56,68.24,64.9
Ghazni,2017,7,30.42,0.0,15.21
Ghor,2017,7,41.85,16.12,28.98
Hilmand,2017,7,50.25,44.38,47.32
Hirat,2017,7,55.94,79.68,67.81
Jawzjan,2017,7,80.64,78.83,79.74
Kabul,2017,7,42.1,29.79,35.95
Kandahar,2017,7,56.68,32.72,44.7
Kapisa,2017,7,50.52,14.17,32.34
Kunar,2017,7,24.18,63.68,43.93
Kunduz,2017,7,59.24,50.23,54.73
Laghman,2017,7,19.81,40.53,30.17
Logar,2017,7,30.13,29.97,30.05
Nangarhar,2017,7,7.1,40.09,23.59
Nimroz,2017,7,56.43,55.78,56.1
Nuristan,2017,7,6.78,15.9,11.34
Paktya,2017,7,37.28,35.96,36.62
Samangan,2017,7,61.54,15.72,38.63
Sar-e-Pul,2017,7,66.63,52.07,59.35
Takhar,2017,7,57.92,24.92,41.42
Wardak,2017,7,43.98,17.45,30.72
Zabul,2017,7,34.32,1.5,17.91
Khost,2017,8,18.73,35.55,27.14
Paktika,2017,8,13.12,0.0,6.56
Daykundi,2017,8,29.21,37.85,33.53
Panjsher,2017,8,20.52,17.99,19.26
Parwan,2017,8,33.03,4.12,18.57
Uruzgan,2017,8,38.08,28.28,33.18
Badakhshan,2017,8,43.43,34.91,39.17
Badghis,2017,8,50.16,10.55,30.35
Baghlan,2017,8,38.6,9.1,23.85
Balkh,2017,8,100.0,4.05,52.03
Bamyan,2017,8,49.28,30.32,39.8
Farah,2017,8,50.03,26.12,38.07
Faryab,2017,8,60.04,7.07,33.55
Ghazni,2017,8,13.16,1.81,7.49
Ghor,2017,8,40.7,31.57,36.14
Hilmand,2017,8,45.48,43.44,44.46
Hirat,2017,8,52.25,24.55,38.4
Jawzjan,2017,8,78.2,6.37,42.28
Kabul,2017,8,37.23,29.07,33.15
Kandahar,2017,8,57.34,29.26,43.3
Kapisa,2017,8,39.81,19.92,29.86
Kunar,2017,8,16.29,23.08,19.69
Kunduz,2017,8,84.31,7.48,45.9
Laghman,2017,8,35.78,34.79,35.28
Logar,2017,8,21.46,17.37,19.42
Nangarhar,2017,8,10.49,28.43,19.46
Nimroz,2017,8,68.73,3.95,36.34
Nuristan,2017,8,9.04,34.31,21.68
Paktya,2017,8,36.92,18.99,27.95
Samangan,2017,8,58.56,0.0,29.28
Sar-e-Pul,2017,8,60.44,10.0,35.22
Takhar,2017,8,45.6,15.08,30.34
Wardak,2017,8,22.66,17.96,20.31
Zabul,2017,8,35.18,8.38,21.78
Khost,2017,9,1.58,12.37,6.98
Paktika,2017,9,0.62,19.17,9.89
Daykundi,2017,9,18.53,62.68,40.61
Panjsher,2017,9,49.4,81.02,65.21
Parwan,2017,9,31.16,51.91,41.54
Uruzgan,2017,9,37.68,48.55,43.11
Badakhshan,2017,9,41.81,83.28,62.55
Badghis,2017,9,40.29,41.1,40.69
Baghlan,2017,9,42.39,57.93,50.16
Balkh,2017,9,70.56,77.45,74.0
Bamyan,2017,9,47.25,68.83,58.04
Farah,2017,9,44.01,56.46,50.23
Faryab,2017,9,51.05,54.35,52.7
Ghazni,2017,9,14.61,30.04,22.32
Ghor,2017,9,38.84,65.09,51.97
Hilmand,2017,9,30.96,52.07,41.51
Hirat,2017,9,49.28,48.37,48.83
Jawzjan,2017,9,68.89,58.03,63.46
Kabul,2017,9,22.41,43.09,32.75
Kandahar,2017,9,51.75,22.79,37.27
Kapisa,2017,9,16.7,35.49,26.1
Kunar,2017,9,3.18,26.37,14.78
Kunduz,2017,9,66.21,80.73,73.47
Laghman,2017,9,14.62,25.86,20.24
Logar,2017,9,12.08,30.87,21.47
Nangarhar,2017,9,0.0,13.72,6.86
Nimroz,2017,9,55.45,44.32,49.89
Nuristan,2017,9,17.87,73.04,45.45
Paktya,2017,9,19.47,31.32,25.4
Samangan,2017,9,42.27,68.52,55.39
Sar-e-Pul,2017,9,42.44,74.39,58.41
Takhar,2017,9,49.78,73.31,61.54
Wardak,2017,9,18.64,51.12,34.88
Zabul,2017,9,35.08,29.73,32.41
Khost,2017,10,0.0,0.0,0.0
Paktika,2017,10,14.09,0.0,7.05
Daykundi,2017,10,34.67,0.0,17.34
Panjsher,2017,10,89.24,0.0,44.62
Parwan,2017,10,48.05,0.0,24.03
Uruzgan,2017,10,40.25,0.0,20.13
Badakhshan,2017,10,100.0,0.0,50.0
Badghis,2017,10,28.55,0.0,14.27
Baghlan,2017,10,49.66,0.0,24.83
Balkh,2017,10,0.0,0.0,0.0
Bamyan,2017,10,30.33,0.0,15.17
Farah,2017,10,51.62,0.0,25.81
Faryab,2017,10,27.0,0.0,13.5
Ghazni,2017,10,20.72,0.0,10.36
Ghor,2017,10,26.14,0.0,13.07
Hilmand,2017,10,29.98,0.0,14.99
Hirat,2017,10,50.31,0.0,25.16
Jawzjan,2017,10,27.82,12.23,20.02
Kabul,2017,10,23.97,0.0,11.99
Kandahar,2017,10,51.58,0.0,25.79
Kapisa,2017,10,22.25,0.0,11.12
Kunar,2017,10,0.0,0.0,0.0
Kunduz,2017,10,41.96,19.55,30.76
Laghman,2017,10,0.01,0.66,0.34
Logar,2017,10,23.09,0.0,11.54
Nangarhar,2017,10,0.0,0.37,0.19
Nimroz,2017,10,48.35,3.79,26.07
Nuristan,2017,10,80.49,0.0,40.24
Paktya,2017,10,19.83,0.0,9.91
Samangan,2017,10,13.97,0.0,6.98
Sar-e-Pul,2017,10,24.84,0.0,12.42
Takhar,2017,10,62.54,0.0,31.27
Wardak,2017,10,5.81,0.0,2.9
Zabul,2017,10,45.93,0.0,22.97
Khost,2017,11,0.0,40.18,20.09
Paktika,2017,11,10.21,2.94,6.58
Daykundi,2017,11,59.77,0.0,29.89
Panjsher,2017,11,87.02,0.0,43.51
Parwan,2017,11,69.26,3.93,36.6
Uruzgan,2017,11,0.0,0.0,0.0
Badakhshan,2017,11,100.0,0.0,50.0
Badghis,2017,11,18.53,0.0,9.26
Baghlan,2017,11,80.14,0.0,40.07
Balkh,2017,11,23.31,0.0,11.66
Bamyan,2017,11,58.36,14.66,36.51
Farah,2017,11,36.2,0.0,18.1
Faryab,2017,11,14.27,0.0,7.13
Ghazni,2017,11,15.04,20.9,17.97
Ghor,2017,11,57.75,0.0,28.87
Hilmand,2017,11,25.24,0.0,12.62
Hirat,2017,11,39.19,0.0,19.59
Jawzjan,2017,11,34.06,0.0,17.03
Kabul,2017,11,29.88,18.39,24.13
Kandahar,2017,11,41.27,0.0,20.63
Kapisa,2017,11,66.72,7.05,36.89
Kunar,2017,11,0.0,21.6,10.8
Kunduz,2017,11,28.93,0.0,14.47
Laghman,2017,11,0.0,33.76,16.88
Logar,2017,11,45.82,14.53,30.17
Nangarhar,2017,11,0.0,47.38,23.69
Nimroz,2017,11,22.74,0.0,11.37
Nuristan,2017,11,66.76,0.0,33.38
Paktya,2017,11,32.68,13.67,23.17
Samangan,2017,11,73.03,0.0,36.51
Sar-e-Pul,2017,11,69.5,0.0,34.75
Takhar,2017,11,94.06,0.0,47.03
Wardak,2017,11,66.77,9.27,38.02
Zabul,2017,11,32.85,0.0,16.42
Khost,2017,12,0.0,79.33,39.67
Paktika,2017,12,0.0,60.37,30.18
Daykundi,2017,12,86.75,13.2,49.98
Panjsher,2017,12,21.28,73.67,47.47
Parwan,2017,12,37.25,54.9,46.08
Uruzgan,2017,12,0.0,31.15,15.58
Badakhshan,2017,12,60.96,47.5,54.23
Badghis,2017,12,32.65,8.12,20.39
Baghlan,2017,12,34.06,43.22,38.64
Balkh,2017,12,14.53,15.85,15.19
Bamyan,2017,12,43.32,39.73,41.53
Farah,2017,12,40.19,30.58,35.39
Faryab,2017,12,38.27,5.51,21.89
Ghazni,2017,12,20.38,59.78,40.08
Ghor,2017,12,88.94,5.4,47.17
Hilmand,2017,12,3.05,67.97,35.51
Hirat,2017,12,22.57,13.08,17.82
Jawzjan,2017,12,27.37,7.82,17.59
Kabul,2017,12,0.0,73.79,36.89
Kandahar,2017,12,17.38,67.91,42.64
Kapisa,2017,12,0.0,70.48,35.24
Kunar,2017,12,0.0,74.44,37.22
Kunduz,2017,12,0.0,44.58,22.29
Laghman,2017,12,0.0,92.04,46.02
Logar,2017,12,33.18,67.91,50.55
Nangarhar,2017,12,0.0,81.57,40.78
Nimroz,2017,12,5.95,78.04,42.0
Nuristan,2017,12,23.7,78.51,51.1
Paktya,2017,12,27.32,53.07,40.19
Samangan,2017,12,72.52,18.91,45.72
Sar-e-Pul,2017,12,62.57,18.42,40.49
Takhar,2017,12,36.83,43.92,40.37
Wardak,2017,12,59.83,36.3,48.06
Zabul,2017,12,5.78,55.25,30.52
Khost,2018,1,35.98,0.0,17.99
Paktika,2018,1,83.81,0.0,41.91
Daykundi,2018,1,100.0,0.0,50.0
Panjsher,2018,1,100.0,0.0,50.0
Parwan,2018,1,100.0,0.0,50.0
Uruzgan,2018,1,83.0,0.0,41.5
Badakhshan,2018,1,100.0,0.0,50.0
Badghis,2018,1,17.95,0.0,8.98
Baghlan,2018,1,59.3,0.0,29.65
Balkh,2018,1,0.0,0.0,0.0
Bamyan,2018,1,100.0,0.0,50.0
Farah,2018,1,53.85,0.0,26.92
Faryab,2018,1,11.71,0.0,5.85
Ghazni,2018,1,89.54,0.0,44.77
Ghor,2018,1,100.0,0.0,50.0
Hilmand,2018,1,8.14,0.0,4.07
Hirat,2018,1,50.64,0.0,25.32
Jawzjan,2018,1,0.0,0.0,0.0
Kabul,2018,1,86.36,0.0,43.18
Kandahar,2018,1,15.14,0.0,7.57
Kapisa,2018,1,66.58,0.0,33.29
Kunar,2018,1,83.5,0.0,41.75
Kunduz,2018,1,0.0,50.83,25.42
Laghman,2018,1,66.17,0.0,33.08
Logar,2018,1,100.0,0.0,50.0
Nangarhar,2018,1,51.41,0.0,25.71
Nimroz,2018,1,27.67,3.49,15.58
Nuristan,2018,1,100.0,0.0,50.0
Paktya,2018,1,100.0,0.0,50.0
Samangan,2018,1,100.0,0.0,50.0
Sar-e-Pul,2018,1,47.53,0.0,23.76
Takhar,2018,1,43.66,0.0,21.83
Wardak,2018,1,100.0,0.0,50.0
Zabul,2018,1,89.73,0.0,44.87
Khost,2018,2,71.53,49.72,60.63
Paktika,2018,2,89.74,42.27,66.01
Daykundi,2018,2,78.96,34.24,56.6
Panjsher,2018,2,46.98,59.8,53.39
Parwan,2018,2,56.74,53.22,54.98
Uruzgan,2018,2,55.87,35.38,45.63
Badakhshan,2018,2,93.85,34.18,64.02
Badghis,2018,2,8.08,34.61,21.35
Baghlan,2018,2,64.1,44.12,54.11
Balkh,2018,2,23.54,63.89,43.71
Bamyan,2018,2,100.0,39.25,69.62
Farah,2018,2,52.41,24.63,38.52
Faryab,2018,2,0.0,34.49,17.25
Ghazni,2018,2,74.55,40.7,57.62
Ghor,2018,2,85.99,40.89,63.44
Hilmand,2018,2,15.98,28.73,22.35
Hirat,2018,2,51.7,33.86,42.78
Jawzjan,2018,2,0.0,31.38,15.69
Kabul,2018,2,67.09,45.17,56.13
Kandahar,2018,2,0.0,40.02,20.01
Kapisa,2018,2,62.45,49.95,56.2
Kunar,2018,2,64.23,55.22,59.72
Kunduz,2018,2,12.5,84.09,48.29
Laghman,2018,2,63.06,47.88,55.47
Logar,2018,2,79.57,34.93,57.25
Nangarhar,2018,2,74.98,47.45,61.21
Nimroz,2018,2,0.0,35.21,17.6
Nuristan,2018,2,52.19,61.95,57.07
Paktya,2018,2,74.81,39.06,56.94
Samangan,2018,2,36.48,71.77,54.13
Sar-e-Pul,2018,2,20.3,61.3,40.8
Takhar,2018,2,13.87,55.97,34.92
Wardak,2018,2,83.13,35.97,59.55
Zabul,2018,2,76.07,45.3,60.68
Khost,2018,3,78.26,41.67,59.97
Paktika,2018,3,80.85,30.29,55.57
Daykundi,2018,3,78.81,29.83,54.32
Panjsher,2018,3,63.38,24.49,43.94
Parwan,2018,3,79.06,11.06,45.06
Uruzgan,2018,3,31.68,20.28,25.98
Badakhshan,2018,3,49.18,21.47,35.33
Badghis,2018,3,0.0,0.0,0.0
Baghlan,2018,3,30.45,0.0,15.22
Balkh,2018,3,0.0,0.0,0.0
Bamyan,2018,3,75.86,18.88,47.37
Farah,2018,3,12.91,0.0,6.46
Faryab,2018,3,0.0,0.0,0.0
Ghazni,2018,3,91.61,21.65,56.63
Ghor,2018,3,88.27,28.12,58.2
Hilmand,2018,3,9.49,0.0,4.75
Hirat,2018,3,0.6,0.0,0.3
Jawzjan,2018,3,0.0,6.18,3.09
Kabul,2018,3,74.54,25.96,50.25
Kandahar,2018,3,0.0,21.78,10.89
Kapisa,2018,3,76.75,16.34,46.54
Kunar,2018,3,100.0,17.54,58.77
Kunduz,2018,3,6.58,0.0,3.29
Laghman,2018,3,83.1,31.66,57.38
Logar,2018,3,77.53,26.69,52.11
Nangarhar,2018,3,65.54,28.53,47.04
Nimroz,2018,3,55.66,0.0,27.83
Nuristan,2018,3,74.84,22.92,48.88
Paktya,2018,3,84.98,30.17,57.57
Samangan,2018,3,44.09,1.56,22.82
Sar-e-Pul,2018,3,0.0,11.52,5.76
Takhar,2018,3,9.67,0.0,4.83
Wardak,2018,3,90.84,15.91,53.38
Zabul,2018,3,46.74,29.71,38.22
Khost,2018,4,29.89,66.53,48.21
Paktika,2018,4,43.99,76.55,60.27
Daykundi,2018,4,63.43,72.93,68.18
Panjsher,2018,4,53.44,73.52,63.48
Parwan,2018,4,53.32,63.21,58.27
Uruzgan,2018,4,0.0,66.92,33.46
Badakhshan,2018,4,52.2,50.67,51.43
Badghis,2018,4,0.0,42.6,21.3
Baghlan,2018,4,0.0,67.85,33.92
Balkh,2018,4,0.0,37.19,18.6
Bamyan,2018,4,64.3,70.12,67.21
Farah,2018,4,7.88,84.18,46.03
Faryab,2018,4,0.0,30.03,15.01
Ghazni,2018,4,85.41,73.93,79.67
Ghor,2018,4,100.0,67.18,83.59
Hilmand,2018,4,0.0,69.33,34.67
Hirat,2018,4,9.04,72.05,40.54
Jawzjan,2018,4,0.0,41.73,20.86
Kabul,2018,4,0.0,66.62,33.31
Kandahar,2018,4,0.0,95.19,47.59
Kapisa,2018,4,35.17,77.56,56.37
Kunar,2018,4,22.23,61.73,41.98
Kunduz,2018,4,0.0,51.13,25.56
Laghman,2018,4,26.49,69.46,47.97
Logar,2018,4,13.95,71.97,42.96
Nangarhar,2018,4,2.25,66.54,34.39
Nimroz,2018,4,1.77,91.75,46.76
Nuristan,2018,4,50.05,52.07,51.06
Paktya,2018,4,47.64,68.32,57.98
Samangan,2018,4,42.53,63.98,53.25
Sar-e-Pul,2018,4,0.0,52.87,26.44
Takhar,2018,4,20.33,72.62,46.47
Wardak,2018,4,63.18,61.63,62.41
Zabul,2018,4,13.13,93.52,53.33
Khost,2018,5,48.13,60.98,54.55
Paktika,2018,5,24.58,59.39,41.99
Daykundi,2018,5,63.74,100.0,81.87
Panjsher,2018,5,4.77,94.86,49.81
Parwan,2018,5,0.0,100.0,50.0
Uruzgan,2018,5,6.45,89.27,47.86
Badakhshan,2018,5,13.46,99.52,56.49
Badghis,2018,5,0.72,54.71,27.72
Baghlan,2018,5,37.4,91.47,64.43
Balkh,2018,5,12.91,83.96,48.43
Bamyan,2018,5,29.18,100.0,64.59
Farah,2018,5,2.52,100.0,51.26
Faryab,2018,5,0.0,36.44,18.22
Ghazni,2018,5,42.89,68.81,55.85
Ghor,2018,5,67.27,100.0,83.63
Hilmand,2018,5,11.18,100.0,55.59
Hirat,2018,5,3.88,100.0,51.94
Jawzjan,2018,5,0.0,86.37,43.19
Kabul,2018,5,13.37,72.27,42.82
Kandahar,2018,5,0.0,100.0,50.0
Kapisa,2018,5,39.72,76.01,57.86
Kunar,2018,5,50.41,67.54,58.98
Kunduz,2018,5,39.67,78.3,58.98
Laghman,2018,5,37.74,62.59,50.17
Logar,2018,5,12.32,74.25,43.28
Nangarhar,2018,5,26.34,64.7,45.52
Nimroz,2018,5,0.0,100.0,50.0
Nuristan,2018,5,27.48,82.69,55.09
Paktya,2018,5,36.49,62.75,49.62
Samangan,2018,5,69.05,100.0,84.52
Sar-e-Pul,2018,5,9.29,79.4,44.34
Takhar,2018,5,61.83,63.78,62.8
Wardak,2018,5,0.0,89.92,44.96
Zabul,2018,5,5.0,81.38,43.19
Khost,2018,6,20.0,0.0,10.0
Paktika,2018,6,17.84,12.56,15.2
Daykundi,2018,6,72.04,57.36,64.7
Panjsher,2018,6,56.97,35.73,46.35
Parwan,2018,6,54.27,32.36,43.32
Uruzgan,2018,6,0.86,50.05,25.46
Badakhshan,2018,6,68.56,12.83,40.7
Badghis,2018,6,0.0,39.66,19.83
Baghlan,2018,6,52.17,37.14,44.65
Balkh,2018,6,4.12,90.59,47.35
Bamyan,2018,6,92.48,31.61,62.05
Farah,2018,6,7.02,78.94,42.98
Faryab,2018,6,0.0,40.07,20.03
Ghazni,2018,6,46.12,19.71,32.92
Ghor,2018,6,73.02,35.84,54.43
Hilmand,2018,6,2.0,58.04,30.02
Hirat,2018,6,0.0,89.05,44.53
Jawzjan,2018,6,0.0,75.53,37.77
Kabul,2018,6,6.57,33.81,20.19
Kandahar,2018,6,0.0,43.45,21.72
Kapisa,2018,6,29.12,42.26,35.69
Kunar,2018,6,48.67,0.82,24.75
Kunduz,2018,6,0.0,54.6,27.3
Laghman,2018,6,34.42,6.3,20.36
Logar,2018,6,15.86,18.19,17.02
Nangarhar,2018,6,32.04,5.15,18.59
Nimroz,2018,6,12.18,45.99,29.09
Nuristan,2018,6,67.8,25.91,46.86
Paktya,2018,6,29.24,0.0,14.62
Samangan,2018,6,75.48,52.74,64.11
Sar-e-Pul,2018,6,38.12,34.45,36.29
Takhar,2018,6,66.46,31.9,49.18
Wardak,2018,6,60.49,23.29,41.89
Zabul,2018,6,5.29,29.49,17.39
Khost,2018,7,0.0,34.98,17.49
Paktika,2018,7,0.0,4.07,2.03
Daykundi,2018,7,47.63,24.68,36.16
Panjsher,2018,7,17.61,13.59,15.6
Parwan,2018,7,21.46,2.8,12.13
Uruzgan,2018,7,0.0,26.61,13.31
Badakhshan,2018,7,47.87,15.17,31.52
Badghis,2018,7,0.0,0.0,0.0
Baghlan,2018,7,35.29,0.0,17.65
Balkh,2018,7,0.0,27.63,13.82
Bamyan,2018,7,76.03,10.76,43.39
Farah,2018,7,0.77,35.22,18.0
Faryab,2018,7,0.0,0.0,0.0
Ghazni,2018,7,18.29,5.26,11.77
Ghor,2018,7,51.88,7.57,29.73
Hilmand,2018,7,0.0,31.12,15.56
Hirat,2018,7,0.0,45.99,23.0
Jawzjan,2018,7,0.0,15.14,7.57
Kabul,2018,7,0.0,11.71,5.86
Kandahar,2018,7,0.0,28.78,14.39
Kapisa,2018,7,0.0,0.63,0.32
Kunar,2018,7,15.15,33.26,24.21
Kunduz,2018,7,0.0,14.47,7.23
Laghman,2018,7,0.0,11.37,5.69
Logar,2018,7,0.0,10.98,5.49
Nangarhar,2018,7,0.0,17.88,8.94
Nimroz,2018,7,6.38,18.78,12.58
Nuristan,2018,7,5.94,0.0,2.97
Paktya,2018,7,0.0,9.13,4.57
Samangan,2018,7,69.59,22.61,46.1
Sar-e-Pul,2018,7,35.84,5.13,20.48
Takhar,2018,7,24.62,0.0,12.31
Wardak,2018,7,30.53,6.67,18.6
Zabul,2018,7,0.0,15.16,7.58
Khost,2018,8,0.0,11.31,5.65
Paktika,2018,8,0.0,14.48,7.24
Daykundi,2018,8,28.59,30.91,29.75
Panjsher,2018,8,0.0,0.0,0.0
Parwan,2018,8,9.27,0.0,4.64
Uruzgan,2018,8,0.0,34.31,17.15
Badakhshan,2018,8,27.58,9.26,18.42
Badghis,2018,8,0.0,64.03,32.02
Baghlan,2018,8,14.94,68.44,41.69
Balkh,2018,8,0.0,49.88,24.94
Bamyan,2018,8,54.88,29.63,42.26
Farah,2018,8,0.0,50.63,25.31
Faryab,2018,8,0.0,74.5,37.25
Ghazni,2018,8,0.0,0.0,0.0
Ghor,2018,8,39.83,39.54,39.68
Hilmand,2018,8,0.0,94.64,47.32
Hirat,2018,8,0.0,87.61,43.8
Jawzjan,2018,8,0.0,72.68,36.34
Kabul,2018,8,0.0,0.0,0.0
Kandahar,2018,8,0.0,71.6,35.8
Kapisa,2018,8,0.0,0.0,0.0
Kunar,2018,8,0.0,4.86,2.43
Kunduz,2018,8,3.7,55.73,29.72
Laghman,2018,8,0.0,0.0,0.0
Logar,2018,8,0.0,0.0,0.0
Nangarhar,2018,8,0.0,0.0,0.0
Nimroz,2018,8,13.53,47.11,30.32
Nuristan,2018,8,0.0,0.0,0.0
Paktya,2018,8,0.0,0.0,0.0
Samangan,2018,8,62.07,72.03,67.05
Sar-e-Pul,2018,8,30.43,51.77,41.1
Takhar,2018,8,0.0,58.05,29.02
Wardak,2018,8,0.0,0.0,0.0
Zabul,2018,8,0.0,24.24,12.12
Khost,2018,9,0.0,33.08,16.54
Paktika,2018,9,0.0,53.86,26.93
Daykundi,2018,9,9.99,73.82,41.9
Panjsher,2018,9,42.8,77.42,60.11
Parwan,2018,9,22.46,62.84,42.65
Uruzgan,2018,9,0.0,70.71,35.35
Badakhshan,2018,9,32.05,61.67,46.86
Badghis,2018,9,0.0,30.03,15.01
Baghlan,2018,9,47.46,53.56,50.51
Balkh,2018,9,3.93,26.5,15.21
Bamyan,2018,9,55.75,61.33,58.54
Farah,2018,9,0.0,45.32,22.66
Faryab,2018,9,0.0,19.1,9.55
Ghazni,2018,9,0.0,47.7,23.85
Ghor,2018,9,34.73,65.58,50.15
Hilmand,2018,9,0.0,51.33,25.66
Hirat,2018,9,0.0,37.99,18.99
Jawzjan,2018,9,0.49,0.0,0.24
Kabul,2018,9,0.0,59.98,29.99
Kandahar,2018,9,0.0,44.58,22.29
Kapisa,2018,9,0.0,55.41,27.7
Kunar,2018,9,0.0,17.52,8.76
Kunduz,2018,9,50.3,38.43,44.36
Laghman,2018,9,0.0,36.24,18.12
Logar,2018,9,0.0,45.65,22.83
Nangarhar,2018,9,5.75,38.01,21.88
Nimroz,2018,9,5.84,35.82,20.83
Nuristan,2018,9,0.0,69.64,34.82
Paktya,2018,9,0.0,48.5,24.25
Samangan,2018,9,59.73,71.0,65.36
Sar-e-Pul,2018,9,22.59,48.97,35.78
Takhar,2018,9,60.92,61.41,61.16
Wardak,2018,9,0.0,48.08,24.04
Zabul,2018,9,0.0,55.53,27.77
Khost,2018,10,6.14,93.01,49.57
Paktika,2018,10,0.0,88.24,44.12
Daykundi,2018,10,38.83,98.81,68.82
Panjsher,2018,10,0.0,100.0,50.0
Parwan,2018,10,17.32,100.0,58.66
Uruzgan,2018,10,0.0,100.0,50.0
Badakhshan,2018,10,0.0,100.0,50.0
Badghis,2018,10,0.0,85.6,42.8
Baghlan,2018,10,18.94,100.0,59.47
Balkh,2018,10,29.08,83.62,56.35
Bamyan,2018,10,52.78,95.24,74.01
Farah,2018,10,0.0,55.18,27.59
Faryab,2018,10,0.0,88.3,44.15
Ghazni,2018,10,0.48,85.64,43.06
Ghor,2018,10,31.17,79.5,55.33
Hilmand,2018,10,0.0,62.42,31.21
Hirat,2018,10,0.0,66.74,33.37
Jawzjan,2018,10,1.52,100.0,50.76
Kabul,2018,10,0.0,92.42,46.21
Kandahar,2018,10,0.0,82.8,41.4
Kapisa,2018,10,0.0,100.0,50.0
Kunar,2018,10,33.31,100.0,66.66
Kunduz,2018,10,76.42,98.0,87.21
Laghman,2018,10,0.0,100.0,50.0
Logar,2018,10,0.0,83.23,41.61
Nangarhar,2018,10,33.36,100.0,66.68
Nimroz,2018,10,0.0,39.2,19.6
Nuristan,2018,10,0.0,100.0,50.0
Paktya,2018,10,0.0,100.0,50.0
Samangan,2018,10,37.62,100.0,68.81
Sar-e-Pul,2018,10,25.58,100.0,62.79
Takhar,2018,10,0.0,100.0,50.0
Wardak,2018,10,5.46,83.05,44.26
Zabul,2018,10,0.0,100.0,50.0
Khost,2018,11,19.32,34.93,27.13
Paktika,2018,11,6.31,19.3,12.81
Daykundi,2018,11,84.84,47.5,66.17
Panjsher,2018,11,45.66,76.37,61.02
Parwan,2018,11,67.87,46.34,57.11
Uruzgan,2018,11,2.65,22.81,12.73
Badakhshan,2018,11,27.07,100.0,63.54
Badghis,2018,11,31.02,73.53,52.27
Baghlan,2018,11,51.52,100.0,75.76
Balkh,2018,11,36.6,67.93,52.26
Bamyan,2018,11,61.02,60.96,60.99
Farah,2018,11,4.73,55.24,29.98
Faryab,2018,11,14.03,73.96,44.0
Ghazni,2018,11,62.37,26.32,44.35
Ghor,2018,11,72.37,62.42,67.4
Hilmand,2018,11,0.0,31.78,15.89
Hirat,2018,11,0.0,76.0,38.0
Jawzjan,2018,11,21.21,73.93,47.57
Kabul,2018,11,26.59,32.47,29.53
Kandahar,2018,11,0.0,25.76,12.88
Kapisa,2018,11,57.47,22.02,39.75
Kunar,2018,11,72.7,54.57,63.64
Kunduz,2018,11,52.02,100.0,76.01
Laghman,2018,11,35.77,45.49,40.63
Logar,2018,11,60.22,32.11,46.17
Nangarhar,2018,11,37.35,39.98,38.66
Nimroz,2018,11,0.0,36.71,18.36
Nuristan,2018,11,52.71,58.61,55.66
Paktya,2018,11,58.45,42.3,50.38
Samangan,2018,11,71.88,81.0,76.44
Sar-e-Pul,2018,11,71.74,70.8,71.27
Takhar,2018,11,76.15,100.0,88.07
Wardak,2018,11,77.43,38.92,58.18
Zabul,2018,11,0.0,24.32,12.16
Khost,2018,12,9.71,67.23,38.47
Paktika,2018,12,4.95,56.03,30.49
Daykundi,2018,12,87.8,10.92,49.36
Panjsher,2018,12,42.46,35.16,38.81
Parwan,2018,12,43.17,36.37,39.77
Uruzgan,2018,12,7.26,26.95,17.1
Badakhshan,2018,12,39.47,55.73,47.6
Badghis,2018,12,51.47,22.26,36.86
Baghlan,2018,12,83.26,22.14,52.7
Balkh,2018,12,41.86,6.3,24.08
Bamyan,2018,12,43.55,29.71,36.63
Farah,2018,12,5.74,7.85,6.8
Faryab,2018,12,44.09,5.75,24.92
Ghazni,2018,12,80.71,31.28,55.99
Ghor,2018,12,54.98,14.97,34.98
Hilmand,2018,12,10.5,19.42,14.96
Hirat,2018,12,0.21,18.77,9.49
Jawzjan,2018,12,27.29,8.18,17.74
Kabul,2018,12,21.42,55.53,38.48
Kandahar,2018,12,0.0,42.01,21.01
Kapisa,2018,12,61.85,41.91,51.88
Kunar,2018,12,53.35,49.77,51.56
Kunduz,2018,12,45.73,25.47,35.6
Laghman,2018,12,56.74,49.67,53.21
Logar,2018,12,48.95,55.89,52.42
Nangarhar,2018,12,11.08,62.35,36.72
Nimroz,2018,12,0.0,10.09,5.05
Nuristan,2018,12,42.65,44.73,43.69
Paktya,2018,12,44.46,40.21,42.33
Samangan,2018,12,75.18,9.85,42.52
Sar-e-Pul,2018,12,66.25,17.52,41.89
Takhar,2018,12,99.57,21.6,60.58
Wardak,2018,12,54.96,35.77,45.36
Zabul,2018,12,0.0,48.93,24.46
Khost,2019,1,27.83,75.47,51.65
Paktika,2019,1,78.17,35.81,56.99
Daykundi,2019,1,58.58,58.48,58.53
Panjsher,2019,1,0.8,100.0,50.4
Parwan,2019,1,33.46,89.7,61.58
Uruzgan,2019,1,53.38,41.29,47.33
Badakhshan,2019,1,0.0,100.0,50.0
Badghis,2019,1,24.25,67.17,45.71
Baghlan,2019,1,13.54,94.77,54.15
Balkh,2019,1,27.45,72.23,49.84
Bamyan,2019,1,22.45,78.99,50.72
Farah,2019,1,12.99,16.7,14.84
Faryab,2019,1,15.29,55.97,35.63
Ghazni,2019,1,58.1,51.91,55.0
Ghor,2019,1,31.27,72.13,51.7
Hilmand,2019,1,0.0,13.05,6.52
Hirat,2019,1,26.31,39.23,32.77
Jawzjan,2019,1,10.32,33.57,21.95
Kabul,2019,1,36.81,76.12,56.47
Kandahar,2019,1,0.0,16.2,8.1
Kapisa,2019,1,31.33,81.89,56.61
Kunar,2019,1,23.99,85.34,54.67
Kunduz,2019,1,71.75,34.56,53.16
Laghman,2019,1,13.09,83.67,48.38
Logar,2019,1,22.67,74.72,48.7
Nangarhar,2019,1,9.65,68.82,39.23
Nimroz,2019,1,0.0,1.83,0.91
Nuristan,2019,1,16.71,100.0,58.36
Paktya,2019,1,21.9,78.85,50.37
Samangan,2019,1,38.4,80.32,59.36
Sar-e-Pul,2019,1,28.04,75.94,51.99
Takhar,2019,1,43.34,87.93,65.64
Wardak,2019,1,15.64,90.03,52.84
Zabul,2019,1,80.56,30.68,55.62
Khost,2019,2,0.0,100.0,50.0
Paktika,2019,2,0.0,100.0,50.0
Daykundi,2019,2,0.0,100.0,50.0
Panjsher,2019,2,0.0,100.0,50.0
Parwan,2019,2,5.79,100.0,52.9
Uruzgan,2019,2,0.0,100.0,50.0
Badakhshan,2019,2,0.0,100.0,50.0
Badghis,2019,2,25.74,95.37,60.56
Baghlan,2019,2,50.16,100.0,75.08
Balkh,2019,2,60.67,81.64,71.15
Bamyan,2019,2,0.0,100.0,50.0
Farah,2019,2,14.83,100.0,57.42
Faryab,2019,2,23.92,96.47,60.2
Ghazni,2019,2,0.0,100.0,50.0
Ghor,2019,2,0.0,100.0,50.0
Hilmand,2019,2,20.73,100.0,60.36
Hirat,2019,2,0.0,100.0,50.0
Jawzjan,2019,2,27.28,99.05,63.17
Kabul,2019,2,0.0,100.0,50.0
Kandahar,2019,2,13.95,100.0,56.97
Kapisa,2019,2,0.0,100.0,50.0
Kunar,2019,2,0.0,100.0,50.0
Kunduz,2019,2,64.91,71.3,68.11
Laghman,2019,2,0.0,100.0,50.0
Logar,2019,2,0.0,100.0,50.0
Nangarhar,2019,2,6.68,100.0,53.34
Nimroz,2019,2,39.66,100.0,69.83
Nuristan,2019,2,0.0,100.0,50.0
Paktya,2019,2,0.0,100.0,50.0
Samangan,2019,2,4.81,100.0,52.4
Sar-e-Pul,2019,2,60.33,81.77,71.05
Takhar,2019,2,50.92,91.57,71.24
Wardak,2019,2,0.0,100.0,50.0
Zabul,2019,2,0.0,100.0,50.0
Khost,2019,3,0.0,85.76,42.88
Paktika,2019,3,0.0,92.13,46.07
Daykundi,2019,3,0.0,100.0,50.0
Panjsher,2019,3,5.1,92.97,49.04
Parwan,2019,3,0.0,100.0,50.0
Uruzgan,2019,3,0.0,100.0,50.0
Badakhshan,2019,3,0.0,67.15,33.58
Badghis,2019,3,56.8,86.33,71.57
Baghlan,2019,3,48.49,70.35,59.42
Balkh,2019,3,53.78,41.32,47.55
Bamyan,2019,3,0.0,100.0,50.0
Farah,2019,3,0.0,74.6,37.3
Faryab,2019,3,41.86,75.98,58.92
Ghazni,2019,3,0.0,100.0,50.0
Ghor,2019,3,0.0,100.0,50.0
Hilmand,2019,3,3.17,88.77,45.97
Hirat,2019,3,0.0,92.62,46.31
Jawzjan,2019,3,31.81,47.51,39.66
Kabul,2019,3,0.0,100.0,50.0
Kandahar,2019,3,14.25,96.37,55.31
Kapisa,2019,3,0.0,84.77,42.38
Kunar,2019,3,0.0,88.78,44.39
Kunduz,2019,3,74.06,27.99,51.02
Laghman,2019,3,0.0,85.8,42.9
Logar,2019,3,0.0,100.0,50.0
Nangarhar,2019,3,0.0,85.34,42.67
Nimroz,2019,3,0.0,66.2,33.1
Nuristan,2019,3,0.0,100.0,50.0
Paktya,2019,3,0.0,100.0,50.0
Samangan,2019,3,0.0,78.45,39.23
Sar-e-Pul,2019,3,23.85,92.61,58.23
Takhar,2019,3,29.37,53.34,41.35
Wardak,2019,3,0.0,100.0,50.0
Zabul,2019,3,0.0,97.62,48.81
Khost,2019,4,55.29,100.0,77.65
Paktika,2019,4,34.74,96.55,65.65
Daykundi,2019,4,10.84,85.96,48.4
Panjsher,2019,4,29.26,100.0,64.63
Parwan,2019,4,0.0,100.0,50.0
Uruzgan,2019,4,45.92,77.23,61.58
Badakhshan,2019,4,57.02,59.16,58.09
Badghis,2019,4,100.0,100.0,100.0
Baghlan,2019,4,100.0,100.0,100.0
Balkh,2019,4,100.0,100.0,100.0
Bamyan,2019,4,35.61,91.89,63.75
Farah,2019,4,52.11,100.0,76.05
Faryab,2019,4,100.0,100.0,100.0
Ghazni,2019,4,0.0,91.81,45.9
Ghor,2019,4,18.67,100.0,59.34
Hilmand,2019,4,55.82,100.0,77.91
Hirat,2019,4,82.88,100.0,91.44
Jawzjan,2019,4,77.99,100.0,89.0
Kabul,2019,4,14.7,100.0,57.35
Kandahar,2019,4,53.51,100.0,76.76
Kapisa,2019,4,31.55,100.0,65.77
Kunar,2019,4,43.39,100.0,71.69
Kunduz,2019,4,81.53,100.0,90.76
Laghman,2019,4,31.49,100.0,65.75
Logar,2019,4,0.0,100.0,50.0
Nangarhar,2019,4,46.65,96.58,71.61
Nimroz,2019,4,0.0,100.0,50.0
Nuristan,2019,4,0.0,100.0,50.0
Paktya,2019,4,10.08,100.0,55.04
Samangan,2019,4,100.0,100.0,100.0
Sar-e-Pul,2019,4,100.0,100.0,100.0
Takhar,2019,4,100.0,94.65,97.32
Wardak,2019,4,6.47,96.42,51.44
Zabul,2019,4,30.24,86.57,58.41
Khost,2019,5,95.93,70.32,83.12
Paktika,2019,5,76.03,71.4,73.72
Daykundi,2019,5,82.0,52.34,67.17
Panjsher,2019,5,8.22,87.77,48.0
Parwan,2019,5,41.5,94.39,67.94
Uruzgan,2019,5,64.08,81.74,72.91
Badakhshan,2019,5,26.07,62.77,44.42
Badghis,2019,5,100.0,100.0,100.0
Baghlan,2019,5,99.98,62.35,81.17
Balkh,2019,5,100.0,72.8,86.4
Bamyan,2019,5,23.69,55.24,39.47
Farah,2019,5,76.67,90.04,83.35
Faryab,2019,5,100.0,100.0,100.0
Ghazni,2019,5,65.02,87.11,76.06
Ghor,2019,5,88.25,52.84,70.54
Hilmand,2019,5,79.94,83.02,81.48
Hirat,2019,5,91.74,86.66,89.2
Jawzjan,2019,5,100.0,100.0,100.0
Kabul,2019,5,70.73,77.61,74.17
Kandahar,2019,5,69.03,70.75,69.89
Kapisa,2019,5,67.48,80.14,73.81
Kunar,2019,5,86.73,64.77,75.75
Kunduz,2019,5,74.63,56.56,65.6
Laghman,2019,5,66.44,73.37,69.91
Logar,2019,5,69.4,89.53,79.46
Nangarhar,2019,5,67.76,55.7,61.73
Nimroz,2019,5,54.48,96.46,75.47
Nuristan,2019,5,0.0,100.0,50.0
Paktya,2019,5,73.43,73.03,73.23
Samangan,2019,5,97.08,61.72,79.4
Sar-e-Pul,2019,5,100.0,100.0,100.0
Takhar,2019,5,90.87,45.85,68.36
Wardak,2019,5,20.51,99.83,60.17
Zabul,2019,5,63.47,82.38,72.92
Khost,2019,6,44.06,41.25,42.65
Paktika,2019,6,76.94,51.08,64.01
Daykundi,2019,6,94.17,100.0,97.09
Panjsher,2019,6,0.0,100.0,50.0
Parwan,2019,6,96.09,100.0,98.04
Uruzgan,2019,6,62.32,91.58,76.95
Badakhshan,2019,6,0.0,100.0,50.0
Badghis,2019,6,100.0,100.0,100.0
Baghlan,2019,6,99.39,100.0,99.69
Balkh,2019,6,91.4,100.0,95.7
Bamyan,2019,6,100.0,100.0,100.0
Farah,2019,6,81.76,100.0,90.88
Faryab,2019,6,100.0,100.0,100.0
Ghazni,2019,6,86.25,93.06,89.66
Ghor,2019,6,100.0,100.0,100.0
Hilmand,2019,6,77.8,57.88,67.84
Hirat,2019,6,100.0,100.0,100.0
Jawzjan,2019,6,100.0,100.0,100.0
Kabul,2019,6,87.85,92.59,90.22
Kandahar,2019,6,74.88,52.19,63.54
Kapisa,2019,6,63.12,86.22,74.67
Kunar,2019,6,42.11,67.39,54.75
Kunduz,2019,6,84.2,100.0,92.1
Laghman,2019,6,44.33,65.05,54.69
Logar,2019,6,88.78,92.97,90.87
Nangarhar,2019,6,44.38,36.7,40.54
Nimroz,2019,6,75.24,100.0,87.62
Nuristan,2019,6,0.0,100.0,50.0
Paktya,2019,6,76.45,93.96,85.2
Samangan,2019,6,100.0,100.0,100.0
Sar-e-Pul,2019,6,100.0,100.0,100.0
Takhar,2019,6,89.77,100.0,94.89
Wardak,2019,6,100.0,100.0,100.0
Zabul,2019,6,65.2,66.53,65.86
Khost,2019,7,11.5,12.51,12.01
Paktika,2019,7,72.7,1.79,37.24
Daykundi,2019,7,76.32,0.0,38.16
Panjsher,2019,7,40.14,28.44,34.29
Parwan,2019,7,100.0,0.0,50.0
Uruzgan,2019,7,50.2,0.0,25.1
Badakhshan,2019,7,72.4,38.62,55.51
Badghis,2019,7,100.0,17.93,58.97
Baghlan,2019,7,91.13,0.52,45.82
Balkh,2019,7,82.56,0.0,41.28
Bamyan,2019,7,96.84,0.0,48.42
Farah,2019,7,71.92,0.0,35.96
Faryab,2019,7,100.0,15.37,57.68
Ghazni,2019,7,86.11,5.55,45.83
Ghor,2019,7,100.0,3.77,51.88
Hilmand,2019,7,55.01,1.71,28.36
Hirat,2019,7,96.99,0.0,48.5
Jawzjan,2019,7,100.0,0.0,50.0
Kabul,2019,7,82.13,0.0,41.07
Kandahar,2019,7,52.72,25.6,39.16
Kapisa,2019,7,64.92,0.0,32.46
Kunar,2019,7,0.0,29.68,14.84
Kunduz,2019,7,72.19,0.0,36.09
Laghman,2019,7,26.14,14.35,20.25
Logar,2019,7,82.88,0.0,41.44
Nangarhar,2019,7,23.42,1.68,12.55
Nimroz,2019,7,66.7,0.0,33.35
Nuristan,2019,7,0.0,4.72,2.36
Paktya,2019,7,57.84,0.0,28.92
Samangan,2019,7,99.23,0.0,49.62
Sar-e-Pul,2019,7,99.65,0.0,49.83
Takhar,2019,7,86.4,4.01,45.2
Wardak,2019,7,100.0,0.0,50.0
Zabul,2019,7,59.16,13.62,36.39
Khost,2019,8,40.68,0.0,20.34
Paktika,2019,8,74.57,13.83,44.2
Daykundi,2019,8,73.6,43.99,58.79
Panjsher,2019,8,60.59,28.08,44.34
Parwan,2019,8,96.56,20.76,58.66
Uruzgan,2019,8,59.32,34.88,47.1
Badakhshan,2019,8,57.39,53.67,55.53
Badghis,2019,8,100.0,94.64,97.32
Baghlan,2019,8,89.48,55.92,72.7
Balkh,2019,8,94.24,53.51,73.88
Bamyan,2019,8,85.93,31.17,58.55
Farah,2019,8,63.17,40.72,51.95
Faryab,2019,8,100.0,93.4,96.7
Ghazni,2019,8,74.29,16.91,45.6
Ghor,2019,8,95.47,60.78,78.12
Hilmand,2019,8,64.24,53.92,59.08
Hirat,2019,8,89.97,53.19,71.58
Jawzjan,2019,8,100.0,63.21,81.61
Kabul,2019,8,82.47,36.78,59.63
Kandahar,2019,8,65.06,30.1,47.58
Kapisa,2019,8,76.2,26.37,51.28
Kunar,2019,8,74.38,20.84,47.61
Kunduz,2019,8,90.02,56.66,73.34
Laghman,2019,8,82.51,49.34,65.93
Logar,2019,8,74.6,17.54,46.07
Nangarhar,2019,8,49.62,30.45,40.04
Nimroz,2019,8,79.83,19.87,49.85
Nuristan,2019,8,73.95,54.34,64.15
Paktya,2019,8,74.01,21.93,47.97
Samangan,2019,8,100.0,56.47,78.23
Sar-e-Pul,2019,8,100.0,73.06,86.53
Takhar,2019,8,76.96,59.3,68.13
Wardak,2019,8,87.18,23.38,55.28
Zabul,2019,8,62.46,22.48,42.47
Khost,2019,9,27.32,51.65,39.49
Paktika,2019,9,67.96,30.47,49.22
Daykundi,2019,9,78.53,21.42,49.97
Panjsher,2019,9,72.09,13.28,42.68
Parwan,2019,9,86.12,15.06,50.59
Uruzgan,2019,9,67.78,5.58,36.68
Badakhshan,2019,9,75.7,34.86,55.28
Badghis,2019,9,100.0,56.35,78.18
Baghlan,2019,9,100.0,35.3,67.65
Balkh,2019,9,90.57,47.49,69.03
Bamyan,2019,9,100.0,33.84,66.92
Farah,2019,9,67.96,19.96,43.96
Faryab,2019,9,100.0,52.18,76.09
Ghazni,2019,9,80.42,29.48,54.95
Ghor,2019,9,99.61,44.32,71.97
Hilmand,2019,9,62.5,12.44,37.47
Hirat,2019,9,91.39,26.35,58.87
Jawzjan,2019,9,100.0,40.03,70.01
Kabul,2019,9,78.19,34.39,56.29
Kandahar,2019,9,61.67,12.15,36.91
Kapisa,2019,9,65.37,36.07,50.72
Kunar,2019,9,75.21,51.36,63.28
Kunduz,2019,9,79.62,56.28,67.95
Laghman,2019,9,74.61,58.8,66.71
Logar,2019,9,71.82,13.4,42.61
Nangarhar,2019,9,47.2,49.43,48.32
Nimroz,2019,9,57.98,21.0,39.49
Nuristan,2019,9,79.65,31.98,55.81
Paktya,2019,9,66.33,24.0,45.16
Samangan,2019,9,96.83,46.88,71.85
Sar-e-Pul,2019,9,91.94,42.48,67.21
Takhar,2019,9,99.51,45.09,72.3
Wardak,2019,9,90.04,17.75,53.9
Zabul,2019,9,66.13,22.52,44.32
Khost,2019,10,67.39,64.13,65.76
Paktika,2019,10,100.0,57.97,78.99
Daykundi,2019,10,100.0,52.57,76.29
Panjsher,2019,10,43.14,54.52,48.83
Parwan,2019,10,100.0,98.05,99.03
Uruzgan,2019,10,91.51,44.67,68.09
Badakhshan,2019,10,97.56,23.45,60.5
Badghis,2019,10,100.0,96.15,98.08
Baghlan,2019,10,97.74,34.5,66.12
Balkh,2019,10,100.0,10.3,55.15
Bamyan,2019,10,100.0,57.36,78.68
Farah,2019,10,70.33,43.19,56.76
Faryab,2019,10,100.0,66.27,83.14
Ghazni,2019,10,100.0,58.03,79.02
Ghor,2019,10,100.0,59.98,79.99
Hilmand,2019,10,78.13,36.36,57.24
Hirat,2019,10,94.09,54.82,74.45
Jawzjan,2019,10,100.0,0.0,50.0
Kabul,2019,10,100.0,100.0,100.0
Kandahar,2019,10,67.68,37.91,52.8
Kapisa,2019,10,93.86,64.73,79.29
Kunar,2019,10,64.62,66.08,65.35
Kunduz,2019,10,100.0,0.0,50.0
Laghman,2019,10,74.48,75.24,74.86
Logar,2019,10,98.29,67.85,83.07
Nangarhar,2019,10,82.28,64.21,73.24
Nimroz,2019,10,59.08,33.39,46.23
Nuristan,2019,10,37.0,66.99,51.99
Paktya,2019,10,91.99,75.41,83.7
Samangan,2019,10,100.0,51.51,75.75
Sar-e-Pul,2019,10,100.0,62.05,81.02
Takhar,2019,10,84.84,27.95,56.4
Wardak,2019,10,100.0,66.98,83.49
Zabul,2019,10,85.9,46.55,66.23
Khost,2019,11,73.63,100.0,86.81
Paktika,2019,11,69.53,100.0,84.76
Daykundi,2019,11,71.98,100.0,85.99
Panjsher,2019,11,42.81,92.85,67.83
Parwan,2019,11,66.7,99.12,82.91
Uruzgan,2019,11,100.0,100.0,100.0
Badakhshan,2019,11,45.89,82.04,63.96
Badghis,2019,11,62.72,77.84,70.28
Baghlan,2019,11,78.75,75.8,77.28
Balkh,2019,11,52.89,55.09,53.99
Bamyan,2019,11,47.93,86.63,67.28
Farah,2019,11,79.15,96.3,87.72
Faryab,2019,11,60.74,70.02,65.38
Ghazni,2019,11,32.39,100.0,66.19
Ghor,2019,11,67.48,100.0,83.74
Hilmand,2019,11,100.0,100.0,100.0
Hirat,2019,11,100.0,100.0,100.0
Jawzjan,2019,11,56.84,63.84,60.34
Kabul,2019,11,100.0,88.39,94.19
Kandahar,2019,11,76.52,100.0,88.26
Kapisa,2019,11,88.03,85.8,86.92
Kunar,2019,11,100.0,100.0,100.0
Kunduz,2019,11,50.75,64.82,57.79
Laghman,2019,11,83.95,90.5,87.22
Logar,2019,11,60.37,100.0,80.18
Nangarhar,2019,11,93.75,98.09,95.92
Nimroz,2019,11,89.04,82.94,85.99
Nuristan,2019,11,32.84,99.25,66.04
Paktya,2019,11,81.5,100.0,90.75
Samangan,2019,11,99.94,70.29,85.11
Sar-e-Pul,2019,11,97.3,73.46,85.38
Takhar,2019,11,85.84,70.27,78.06
Wardak,2019,11,51.98,100.0,75.99
Zabul,2019,11,85.1,100.0,92.55
Khost,2019,12,61.92,89.97,75.95
Paktika,2019,12,71.36,86.49,78.92
Daykundi,2019,12,51.98,42.3,47.14
Panjsher,2019,12,41.01,43.47,42.24
Parwan,2019,12,43.07,50.17,46.62
Uruzgan,2019,12,100.0,74.93,87.47
Badakhshan,2019,12,54.37,39.82,47.1
Badghis,2019,12,63.35,24.14,43.74
Baghlan,2019,12,76.43,14.47,45.45
Balkh,2019,12,62.84,0.0,31.42
Bamyan,2019,12,32.63,49.34,40.98
Farah,2019,12,78.54,47.59,63.07
Faryab,2019,12,58.86,5.97,32.42
Ghazni,2019,12,0.0,88.39,44.19
Ghor,2019,12,36.06,44.32,40.19
Hilmand,2019,12,100.0,73.31,86.65
Hirat,2019,12,80.23,26.86,53.55
Jawzjan,2019,12,56.57,0.0,28.28
Kabul,2019,12,79.2,70.6,74.9
Kandahar,2019,12,83.89,80.75,82.32
Kapisa,2019,12,86.89,58.07,72.48
Kunar,2019,12,96.69,70.32,83.5
Kunduz,2019,12,21.89,0.0,10.95
Laghman,2019,12,96.32,67.43,81.88
Logar,2019,12,5.36,75.94,40.65
Nangarhar,2019,12,98.77,79.68,89.22
Nimroz,2019,12,97.28,61.17,79.23
Nuristan,2019,12,33.15,60.54,46.84
Paktya,2019,12,24.42,62.61,43.51
Samangan,2019,12,85.3,1.85,43.58
Sar-e-Pul,2019,12,64.07,23.55,43.81
Takhar,2019,12,74.93,0.0,37.46
Wardak,2019,12,13.67,68.07,40.87
Zabul,2019,12,52.3,86.57,69.43
Khost,2020,1,40.48,100.0,70.24
Paktika,2020,1,0.0,100.0,50.0
Daykundi,2020,1,0.0,100.0,50.0
Panjsher,2020,1,4.51,80.29,42.4
Parwan,2020,1,0.0,100.0,50.0
Uruzgan,2020,1,0.0,100.0,50.0
Badakhshan,2020,1,25.68,78.03,51.85
Badghis,2020,1,5.75,88.7,47.23
Baghlan,2020,1,7.4,75.94,41.67
Balkh,2020,1,8.69,71.47,40.08
Bamyan,2020,1,8.65,85.29,46.97
Farah,2020,1,21.79,96.39,59.09
Faryab,2020,1,20.63,72.82,46.73
Ghazni,2020,1,0.0,100.0,50.0
Ghor,2020,1,0.0,100.0,50.0
Hilmand,2020,1,66.38,91.48,78.93
Hirat,2020,1,42.77,100.0,71.39
Jawzjan,2020,1,29.54,43.5,36.52
Kabul,2020,1,0.0,100.0,50.0
Kandahar,2020,1,100.0,92.26,96.13
Kapisa,2020,1,0.0,100.0,50.0
Kunar,2020,1,4.09,100.0,52.05
Kunduz,2020,1,16.93,45.66,31.3
Laghman,2020,1,21.57,100.0,60.78
Logar,2020,1,0.0,100.0,50.0
Nangarhar,2020,1,38.52,100.0,69.26
Nimroz,2020,1,91.0,81.77,86.39
Nuristan,2020,1,0.0,95.21,47.61
Paktya,2020,1,0.0,100.0,50.0
Samangan,2020,1,45.78,74.61,60.2
Sar-e-Pul,2020,1,0.21,87.92,44.07
Takhar,2020,1,14.31,61.19,37.75
Wardak,2020,1,0.25,100.0,50.13
Zabul,2020,1,0.0,100.0,50.0
Khost,2020,2,86.3,36.5,61.4
Paktika,2020,2,40.48,64.8,52.64
Daykundi,2020,2,19.05,71.43,45.24
Panjsher,2020,2,52.39,26.84,39.62
Parwan,2020,2,43.42,54.01,48.71
Uruzgan,2020,2,63.42,65.14,64.28
Badakhshan,2020,2,77.95,0.0,38.98
Badghis,2020,2,68.98,41.13,55.05
Baghlan,2020,2,54.54,20.93,37.73
Balkh,2020,2,50.4,29.16,39.78
Bamyan,2020,2,48.75,48.65,48.7
Farah,2020,2,89.54,40.7,65.12
Faryab,2020,2,50.95,46.34,48.64
Ghazni,2020,2,21.95,73.58,47.76
Ghor,2020,2,21.32,66.12,43.72
Hilmand,2020,2,100.0,52.61,76.3
Hirat,2020,2,92.23,40.42,66.32
Jawzjan,2020,2,46.55,44.21,45.38
Kabul,2020,2,55.53,55.99,55.76
Kandahar,2020,2,100.0,59.48,79.74
Kapisa,2020,2,53.84,52.98,53.41
Kunar,2020,2,80.69,41.65,61.17
Kunduz,2020,2,28.24,27.42,27.83
Laghman,2020,2,82.51,38.92,60.71
Logar,2020,2,37.52,64.01,50.77
Nangarhar,2020,2,100.0,42.15,71.07
Nimroz,2020,2,28.91,59.74,44.32
Nuristan,2020,2,52.64,34.8,43.72
Paktya,2020,2,46.54,55.43,50.98
Samangan,2020,2,79.4,18.04,48.72
Sar-e-Pul,2020,2,63.84,42.87,53.36
Takhar,2020,2,35.93,0.0,17.97
Wardak,2020,2,14.17,67.37,40.77
Zabul,2020,2,34.77,67.39,51.08
Khost,2020,3,87.44,100.0,93.72
Paktika,2020,3,94.03,100.0,97.01
Daykundi,2020,3,53.83,81.99,67.91
Panjsher,2020,3,81.77,57.84,69.8
Parwan,2020,3,61.3,77.28,69.29
Uruzgan,2020,3,79.77,93.47,86.62
Badakhshan,2020,3,79.32,43.84,61.58
Badghis,2020,3,52.44,66.6,59.52
Baghlan,2020,3,0.0,68.17,34.09
Balkh,2020,3,18.59,63.52,41.06
Bamyan,2020,3,24.42,86.15,55.29
Farah,2020,3,100.0,81.8,90.9
Faryab,2020,3,59.76,72.66,66.21
Ghazni,2020,3,53.25,77.51,65.38
Ghor,2020,3,51.32,75.59,63.46
Hilmand,2020,3,100.0,77.76,88.88
Hirat,2020,3,99.78,74.59,87.18
Jawzjan,2020,3,58.81,49.69,54.25
Kabul,2020,3,88.94,94.53,91.74
Kandahar,2020,3,100.0,100.0,100.0
Kapisa,2020,3,81.78,80.81,81.29
Kunar,2020,3,92.42,88.22,90.32
Kunduz,2020,3,0.0,41.46,20.73
Laghman,2020,3,100.0,98.95,99.48
Logar,2020,3,67.74,80.35,74.05
Nangarhar,2020,3,100.0,100.0,100.0
Nimroz,2020,3,100.0,74.23,87.12
Nuristan,2020,3,66.43,84.99,75.71
Paktya,2020,3,66.12,88.44,77.28
Samangan,2020,3,15.8,93.31,54.56
Sar-e-Pul,2020,3,38.42,94.49,66.45
Takhar,2020,3,0.0,49.16,24.58
Wardak,2020,3,40.17,72.85,56.51
Zabul,2020,3,80.69,100.0,90.34
Khost,2020,4,100.0,98.06,99.03
Paktika,2020,4,100.0,100.0,100.0
Daykundi,2020,4,0.0,100.0,50.0
Panjsher,2020,4,31.82,77.5,54.66
Parwan,2020,4,21.33,93.17,57.25
Uruzgan,2020,4,100.0,100.0,100.0
Badakhshan,2020,4,64.26,31.76,48.01
Badghis,2020,4,76.21,66.12,71.16
Baghlan,2020,4,35.03,81.43,58.23
Balkh,2020,4,61.29,58.75,60.02
Bamyan,2020,4,0.0,100.0,50.0
Farah,2020,4,100.0,81.19,90.6
Faryab,2020,4,86.77,65.42,76.1
Ghazni,2020,4,31.16,100.0,65.58
Ghor,2020,4,18.49,94.47,56.48
Hilmand,2020,4,100.0,68.25,84.12
Hirat,2020,4,100.0,74.1,87.05
Jawzjan,2020,4,82.97,71.07,77.02
Kabul,2020,4,100.0,94.02,97.01
Kandahar,2020,4,100.0,95.4,97.7
Kapisa,2020,4,100.0,98.6,99.3
Kunar,2020,4,100.0,90.87,95.43
Kunduz,2020,4,40.46,45.27,42.87
Laghman,2020,4,100.0,92.55,96.28
Logar,2020,4,73.84,98.78,86.31
Nangarhar,2020,4,100.0,100.0,100.0
Nimroz,2020,4,100.0,63.2,81.6
Nuristan,2020,4,5.29,82.89,44.09
Paktya,2020,4,70.35,98.43,84.39
Samangan,2020,4,57.43,76.72,67.08
Sar-e-Pul,2020,4,68.2,81.22,74.71
Takhar,2020,4,22.2,67.9,45.05
Wardak,2020,4,0.0,100.0,50.0
Zabul,2020,4,89.88,100.0,94.94
Khost,2020,5,100.0,55.54,77.77
Paktika,2020,5,100.0,53.67,76.84
Daykundi,2020,5,100.0,38.02,69.01
Panjsher,2020,5,0.0,95.06,47.53
Parwan,2020,5,49.87,90.09,69.98
Uruzgan,2020,5,100.0,58.32,79.16
Badakhshan,2020,5,45.94,56.51,51.22
Badghis,2020,5,71.41,50.13,60.77
Baghlan,2020,5,100.0,100.0,100.0
Balkh,2020,5,79.34,71.29,75.32
Bamyan,2020,5,0.0,59.79,29.9
Farah,2020,5,100.0,63.48,81.74
Faryab,2020,5,84.42,80.34,82.38
Ghazni,2020,5,88.07,68.61,78.34
Ghor,2020,5,88.84,33.25,61.04
Hilmand,2020,5,100.0,40.42,70.21
Hirat,2020,5,100.0,65.55,82.77
Jawzjan,2020,5,85.1,77.05,81.07
Kabul,2020,5,100.0,74.74,87.37
Kandahar,2020,5,100.0,48.85,74.43
Kapisa,2020,5,100.0,71.66,85.83
Kunar,2020,5,94.84,61.63,78.23
Kunduz,2020,5,100.0,81.63,90.81
Laghman,2020,5,100.0,66.54,83.27
Logar,2020,5,100.0,67.46,83.73
Nangarhar,2020,5,100.0,62.51,81.26
Nimroz,2020,5,100.0,46.75,73.38
Nuristan,2020,5,9.17,78.99,44.08
Paktya,2020,5,100.0,73.1,86.55
Samangan,2020,5,100.0,86.14,93.07
Sar-e-Pul,2020,5,99.35,89.7,94.52
Takhar,2020,5,100.0,82.39,91.2
Wardak,2020,5,0.95,100.0,50.48
Zabul,2020,5,100.0,65.79,82.89
Khost,2020,6,80.7,87.6,84.15
Paktika,2020,6,100.0,47.35,73.67
Daykundi,2020,6,100.0,53.48,76.74
Panjsher,2020,6,34.11,81.5,57.81
Parwan,2020,6,100.0,80.16,90.08
Uruzgan,2020,6,100.0,53.4,76.7
Badakhshan,2020,6,76.84,54.36,65.6
Badghis,2020,6,58.27,26.61,42.44
Baghlan,2020,6,97.94,62.09,80.01
Balkh,2020,6,73.35,28.0,50.67
Bamyan,2020,6,88.4,37.8,63.1
Farah,2020,6,100.0,18.31,59.15
Faryab,2020,6,69.99,34.72,52.35
Ghazni,2020,6,100.0,70.66,85.33
Ghor,2020,6,89.28,27.19,58.24
Hilmand,2020,6,100.0,11.23,55.62
Hirat,2020,6,97.99,32.61,65.3
Jawzjan,2020,6,66.77,28.31,47.54
Kabul,2020,6,100.0,100.0,100.0
Kandahar,2020,6,100.0,0.0,50.0
Kapisa,2020,6,100.0,100.0,100.0
Kunar,2020,6,100.0,99.06,99.53
Kunduz,2020,6,74.53,44.93,59.73
Laghman,2020,6,100.0,100.0,100.0
Logar,2020,6,100.0,90.93,95.46
Nangarhar,2020,6,100.0,85.84,92.92
Nimroz,2020,6,100.0,32.78,66.39
Nuristan,2020,6,54.71,82.54,68.63
Paktya,2020,6,100.0,100.0,100.0
Samangan,2020,6,93.19,47.75,70.47
Sar-e-Pul,2020,6,89.46,36.31,62.88
Takhar,2020,6,95.92,44.66,70.29
Wardak,2020,6,94.57,68.53,81.55
Zabul,2020,6,100.0,46.9,73.45
Khost,2020,7,72.46,6.24,39.35
Paktika,2020,7,100.0,0.0,50.0
Daykundi,2020,7,100.0,33.31,66.65
Panjsher,2020,7,100.0,91.32,95.66
Parwan,2020,7,95.18,64.14,79.66
Uruzgan,2020,7,100.0,11.93,55.97
Badakhshan,2020,7,71.69,97.65,84.67
Badghis,2020,7,67.16,39.33,53.25
Baghlan,2020,7,97.45,71.45,84.45
Balkh,2020,7,82.7,35.22,58.96
Bamyan,2020,7,100.0,75.18,87.59
Farah,2020,7,100.0,31.88,65.94
Faryab,2020,7,78.4,52.49,65.45
Ghazni,2020,7,100.0,31.84,65.92
Ghor,2020,7,99.26,29.94,64.6
Hilmand,2020,7,100.0,0.0,50.0
Hirat,2020,7,100.0,29.71,64.85
Jawzjan,2020,7,75.33,13.51,44.42
Kabul,2020,7,100.0,53.26,76.63
Kandahar,2020,7,100.0,0.0,50.0
Kapisa,2020,7,100.0,24.14,62.07
Kunar,2020,7,73.29,0.0,36.64
Kunduz,2020,7,100.0,32.63,66.32
Laghman,2020,7,100.0,0.0,50.0
Logar,2020,7,100.0,43.9,71.95
Nangarhar,2020,7,100.0,0.0,50.0
Nimroz,2020,7,100.0,29.38,64.69
Nuristan,2020,7,55.68,59.89,57.78
Paktya,2020,7,100.0,37.03,68.51
Samangan,2020,7,98.98,85.34,92.16
Sar-e-Pul,2020,7,100.0,70.54,85.27
Takhar,2020,7,100.0,55.23,77.62
Wardak,2020,7,98.03,59.87,78.95
Zabul,2020,7,100.0,0.0,50.0
Khost,2020,8,63.0,64.49,63.75
Paktika,2020,8,100.0,12.06,56.03
Daykundi,2020,8,100.0,0.0,50.0
Panjsher,2020,8,92.29,13.16,52.72
Parwan,2020,8,100.0,24.68,62.34
Uruzgan,2020,8,100.0,0.0,50.0
Badakhshan,2020,8,60.95,0.0,30.47
Badghis,2020,8,68.17,34.48,51.33
Baghlan,2020,8,87.82,0.0,43.91
Balkh,2020,8,85.91,16.62,51.27
Bamyan,2020,8,100.0,0.0,50.0
Farah,2020,8,100.0,0.0,50.0
Faryab,2020,8,84.85,30.49,57.67
Ghazni,2020,8,100.0,0.01,50.01
Ghor,2020,8,100.0,0.0,50.0
Hilmand,2020,8,100.0,0.0,50.0
Hirat,2020,8,100.0,6.73,53.37
Jawzjan,2020,8,80.4,6.51,43.46
Kabul,2020,8,100.0,48.99,74.49
Kandahar,2020,8,100.0,0.0,50.0
Kapisa,2020,8,100.0,44.96,72.48
Kunar,2020,8,36.76,24.68,30.72
Kunduz,2020,8,100.0,4.1,52.05
Laghman,2020,8,88.01,59.33,73.67
Logar,2020,8,100.0,25.22,62.61
Nangarhar,2020,8,71.97,47.22,59.59
Nimroz,2020,8,100.0,0.0,50.0
Nuristan,2020,8,65.81,34.18,50.0
Paktya,2020,8,100.0,28.26,64.13
Samangan,2020,8,96.16,3.52,49.84
Sar-e-Pul,2020,8,99.5,2.17,50.84
Takhar,2020,8,86.06,0.0,43.03
Wardak,2020,8,100.0,16.12,58.06
Zabul,2020,8,100.0,0.0,50.0
Khost,2020,9,74.08,12.43,43.25
Paktika,2020,9,87.68,38.6,63.14
Daykundi,2020,9,100.0,56.92,78.46
Panjsher,2020,9,97.49,86.76,92.12
Parwan,2020,9,100.0,86.9,93.45
Uruzgan,2020,9,100.0,52.17,76.09
Badakhshan,2020,9,29.32,91.38,60.35
Badghis,2020,9,65.52,66.59,66.05
Baghlan,2020,9,83.55,85.93,84.74
Balkh,2020,9,100.0,67.14,83.57
Bamyan,2020,9,93.95,68.95,81.45
Farah,2020,9,100.0,77.77,88.89
Faryab,2020,9,84.64,60.84,72.74
Ghazni,2020,9,100.0,46.88,73.44
Ghor,2020,9,100.0,72.96,86.48
Hilmand,2020,9,100.0,72.17,86.09
Hirat,2020,9,100.0,79.64,89.82
Jawzjan,2020,9,83.19,41.06,62.13
Kabul,2020,9,100.0,68.11,84.06
Kandahar,2020,9,100.0,42.82,71.41
Kapisa,2020,9,100.0,70.22,85.11
Kunar,2020,9,78.07,13.29,45.68
Kunduz,2020,9,100.0,77.5,88.75
Laghman,2020,9,95.75,31.12,63.43
Logar,2020,9,84.37,49.37,66.87
Nangarhar,2020,9,78.85,14.95,46.9
Nimroz,2020,9,100.0,67.92,83.96
Nuristan,2020,9,53.91,80.9,67.41
Paktya,2020,9,99.1,47.96,73.53
Samangan,2020,9,100.0,96.05,98.02
Sar-e-Pul,2020,9,100.0,85.13,92.56
Takhar,2020,9,100.0,83.49,91.75
Wardak,2020,9,100.0,57.49,78.75
Zabul,2020,9,100.0,53.67,76.84
Khost,2020,10,52.74,29.63,41.18
Paktika,2020,10,96.42,82.22,89.32
Daykundi,2020,10,82.35,75.34,78.85
Panjsher,2020,10,78.45,25.22,51.84
Parwan,2020,10,64.83,58.19,61.51
Uruzgan,2020,10,100.0,87.31,93.66
Badakhshan,2020,10,65.89,50.39,58.14
Badghis,2020,10,61.68,100.0,80.84
Baghlan,2020,10,68.31,55.59,61.95
Balkh,2020,10,58.12,77.97,68.04
Bamyan,2020,10,55.3,56.51,55.91
Farah,2020,10,100.0,100.0,100.0
Faryab,2020,10,79.45,77.39,78.42
Ghazni,2020,10,71.75,68.76,70.25
Ghor,2020,10,59.22,66.2,62.71
Hilmand,2020,10,100.0,100.0,100.0
Hirat,2020,10,100.0,100.0,100.0
Jawzjan,2020,10,87.84,68.32,78.08
Kabul,2020,10,68.79,53.96,61.37
Kandahar,2020,10,100.0,100.0,100.0
Kapisa,2020,10,77.58,47.53,62.56
Kunar,2020,10,46.97,29.55,38.26
Kunduz,2020,10,48.75,86.0,67.37
Laghman,2020,10,71.44,35.49,53.47
Logar,2020,10,79.91,56.56,68.24
Nangarhar,2020,10,86.64,23.15,54.9
Nimroz,2020,10,100.0,100.0,100.0
Nuristan,2020,10,61.14,44.43,52.78
Paktya,2020,10,67.57,48.39,57.98
Samangan,2020,10,39.07,71.6,55.34
Sar-e-Pul,2020,10,79.85,67.39,73.62
Takhar,2020,10,57.3,43.05,50.17
Wardak,2020,10,43.85,54.71,49.28
Zabul,2020,10,100.0,89.89,94.95
Khost,2020,11,76.66,83.03,79.85
Paktika,2020,11,100.0,92.31,96.16
Daykundi,2020,11,0.0,91.57,45.78
Panjsher,2020,11,0.0,82.47,41.24
Parwan,2020,11,0.0,100.0,50.0
Uruzgan,2020,11,8.17,70.97,39.57
Badakhshan,2020,11,0.0,87.51,43.75
Badghis,2020,11,0.0,100.0,50.0
Baghlan,2020,11,0.0,84.0,42.0
Balkh,2020,11,31.16,100.0,65.58
Bamyan,2020,11,0.0,100.0,50.0
Farah,2020,11,100.0,100.0,100.0
Faryab,2020,11,0.0,100.0,50.0
Ghazni,2020,11,0.0,74.31,37.16
Ghor,2020,11,0.0,90.7,45.35
Hilmand,2020,11,97.81,89.44,93.62
Hirat,2020,11,65.71,97.04,81.38
Jawzjan,2020,11,41.27,100.0,70.64
Kabul,2020,11,0.0,93.52,46.76
Kandahar,2020,11,100.0,83.99,92.0
Kapisa,2020,11,0.0,100.0,50.0
Kunar,2020,11,2.54,75.51,39.02
Kunduz,2020,11,54.17,90.63,72.4
Laghman,2020,11,21.57,99.16,60.37
Logar,2020,11,0.0,87.87,43.94
Nangarhar,2020,11,79.74,100.0,89.87
Nimroz,2020,11,100.0,100.0,100.0
Nuristan,2020,11,0.0,73.82,36.91
Paktya,2020,11,0.0,95.59,47.8
Samangan,2020,11,0.0,100.0,50.0
Sar-e-Pul,2020,11,0.0,100.0,50.0
Takhar,2020,11,0.0,81.75,40.88
Wardak,2020,11,0.0,90.39,45.2
Zabul,2020,11,100.0,84.43,92.21
Khost,2020,12,79.21,100.0,89.6
Paktika,2020,12,100.0,100.0,100.0
Daykundi,2020,12,0.0,100.0,50.0
Panjsher,2020,12,0.0,100.0,50.0
Parwan,2020,12,0.0,100.0,50.0
Uruzgan,2020,12,87.87,100.0,93.94
Badakhshan,2020,12,0.0,100.0,50.0
Badghis,2020,12,0.0,100.0,50.0
Baghlan,2020,12,0.0,100.0,50.0
Balkh,2020,12,0.0,100.0,50.0
Bamyan,2020,12,0.0,100.0,50.0
Farah,2020,12,97.41,100.0,98.71
Faryab,2020,12,0.0,100.0,50.0
Ghazni,2020,12,20.95,100.0,60.47
Ghor,2020,12,0.0,100.0,50.0
Hilmand,2020,12,82.05,97.06,89.55
Hirat,2020,12,34.36,100.0,67.18
Jawzjan,2020,12,0.0,100.0,50.0
Kabul,2020,12,44.96,100.0,72.48
Kandahar,2020,12,100.0,97.24,98.62
Kapisa,2020,12,1.4,100.0,50.7
Kunar,2020,12,22.77,100.0,61.38
Kunduz,2020,12,23.89,100.0,61.95
Laghman,2020,12,54.58,100.0,77.29
Logar,2020,12,0.0,100.0,50.0
Nangarhar,2020,12,100.0,100.0,100.0
Nimroz,2020,12,100.0,95.54,97.77
Nuristan,2020,12,0.0,100.0,50.0
Paktya,2020,12,0.0,100.0,50.0
Samangan,2020,12,0.0,100.0,50.0
Sar-e-Pul,2020,12,0.0,100.0,50.0
Takhar,2020,12,0.0,100.0,50.0
Wardak,2020,12,0.0,100.0,50.0
Zabul,2020,12,100.0,99.58,99.79
Khost,2021,1,100.0,11.78,55.89
Paktika,2021,1,100.0,5.17,52.59
Daykundi,2021,1,67.13,28.43,47.78
Panjsher,2021,1,43.69,12.53,28.11
Parwan,2021,1,70.64,24.66,47.65
Uruzgan,2021,1,92.32,15.48,53.9
Badakhshan,2021,1,52.72,27.72,40.22
Badghis,2021,1,31.49,45.33,38.41
Baghlan,2021,1,19.59,27.93,23.76
Balkh,2021,1,14.77,33.88,24.32
Bamyan,2021,1,0.65,51.05,25.85
Farah,2021,1,93.05,18.19,55.62
Faryab,2021,1,18.01,46.99,32.5
Ghazni,2021,1,80.81,14.74,47.77
Ghor,2021,1,43.18,40.7,41.94
Hilmand,2021,1,49.59,15.79,32.69
Hirat,2021,1,69.73,18.83,44.28
Jawzjan,2021,1,17.15,50.89,34.02
Kabul,2021,1,91.9,19.77,55.84
Kandahar,2021,1,82.94,11.73,47.33
Kapisa,2021,1,69.14,12.91,41.02
Kunar,2021,1,87.41,13.37,50.39
Kunduz,2021,1,30.84,25.39,28.11
Laghman,2021,1,93.93,3.3,48.61
Logar,2021,1,82.34,17.54,49.94
Nangarhar,2021,1,100.0,16.29,58.14
Nimroz,2021,1,68.49,19.47,43.98
Nuristan,2021,1,71.64,16.09,43.87
Paktya,2021,1,85.51,22.41,53.96
Samangan,2021,1,27.27,41.35,34.31
Sar-e-Pul,2021,1,11.34,51.52,31.43
Takhar,2021,1,40.33,3.89,22.11
Wardak,2021,1,50.18,38.44,44.31
Zabul,2021,1,100.0,5.37,52.68
Khost,2021,2,92.29,0.0,46.14
Paktika,2021,2,100.0,0.0,50.0
Daykundi,2021,2,100.0,0.0,50.0
Panjsher,2021,2,100.0,0.0,50.0
Parwan,2021,2,100.0,0.0,50.0
Uruzgan,2021,2,100.0,0.0,50.0
Badakhshan,2021,2,100.0,3.65,51.82
Badghis,2021,2,70.31,0.0,35.15
Baghlan,2021,2,100.0,0.0,50.0
Balkh,2021,2,58.05,0.0,29.03
Bamyan,2021,2,83.34,0.0,41.67
Farah,2021,2,100.0,0.0,50.0
Faryab,2021,2,43.51,0.0,21.75
Ghazni,2021,2,100.0,0.0,50.0
Ghor,2021,2,100.0,0.0,50.0
Hilmand,2021,2,38.26,0.0,19.13
Hirat,2021,2,100.0,0.0,50.0
Jawzjan,2021,2,27.45,0.0,13.72
Kabul,2021,2,100.0,0.0,50.0
Kandahar,2021,2,29.71,0.0,14.85
Kapisa,2021,2,95.97,0.0,47.98
Kunar,2021,2,100.0,0.0,50.0
Kunduz,2021,2,43.4,0.0,21.7
Laghman,2021,2,100.0,0.0,50.0
Logar,2021,2,97.29,0.0,48.64
Nangarhar,2021,2,96.08,0.0,48.04
Nimroz,2021,2,73.43,0.0,36.72
Nuristan,2021,2,100.0,0.0,50.0
Paktya,2021,2,100.0,0.0,50.0
Samangan,2021,2,100.0,0.0,50.0
Sar-e-Pul,2021,2,77.36,0.0,38.68
Takhar,2021,2,63.08,3.06,33.07
Wardak,2021,2,100.0,0.0,50.0
Zabul,2021,2,100.0,0.0,50.0
Khost,2021,3,71.0,52.91,61.95
Paktika,2021,3,85.53,23.2,54.36
Daykundi,2021,3,100.0,34.59,67.29
Panjsher,2021,3,79.17,64.02,71.6
Parwan,2021,3,87.18,59.05,73.11
Uruzgan,2021,3,55.09,30.94,43.02
Badakhshan,2021,3,38.9,87.16,63.03
Badghis,2021,3,38.99,41.29,40.14
Baghlan,2021,3,84.59,75.96,80.27
Balkh,2021,3,45.0,88.27,66.64
Bamyan,2021,3,69.06,52.92,60.99
Farah,2021,3,28.38,16.02,22.2
Faryab,2021,3,24.58,53.97,39.28
Ghazni,2021,3,100.0,21.01,60.51
Ghor,2021,3,100.0,23.63,61.82
Hilmand,2021,3,16.22,28.78,22.5
Hirat,2021,3,12.33,1.99,7.16
Jawzjan,2021,3,34.24,61.36,47.8
Kabul,2021,3,100.0,60.93,80.46
Kandahar,2021,3,8.52,35.86,22.19
Kapisa,2021,3,100.0,58.45,79.23
Kunar,2021,3,79.49,66.92,73.21
Kunduz,2021,3,69.79,100.0,84.9
Laghman,2021,3,82.36,70.07,76.21
Logar,2021,3,86.3,39.25,62.78
Nangarhar,2021,3,60.24,66.91,63.58
Nimroz,2021,3,92.45,35.17,63.81
Nuristan,2021,3,67.96,68.63,68.3
Paktya,2021,3,95.76,41.36,68.56
Samangan,2021,3,53.36,87.09,70.22
Sar-e-Pul,2021,3,28.51,72.89,50.7
Takhar,2021,3,34.7,100.0,67.35
Wardak,2021,3,100.0,27.4,63.7
Zabul,2021,3,54.38,29.8,42.09
Khost,2021,4,34.64,64.67,49.65
Paktika,2021,4,30.94,37.05,34.0
Daykundi,2021,4,70.78,23.44,47.11
Panjsher,2021,4,27.95,87.92,57.94
Parwan,2021,4,39.82,51.88,45.85
Uruzgan,2021,4,15.33,18.65,16.99
Badakhshan,2021,4,1.08,100.0,50.54
Badghis,2021,4,14.45,0.0,7.22
Baghlan,2021,4,57.04,68.08,62.56
Balkh,2021,4,39.6,12.0,25.8
Bamyan,2021,4,63.65,42.06,52.86
Farah,2021,4,0.0,0.0,0.0
Faryab,2021,4,29.1,0.0,14.55
Ghazni,2021,4,47.29,27.62,37.46
Ghor,2021,4,0.0,0.19,0.1
Hilmand,2021,4,21.79,22.87,22.33
Hirat,2021,4,0.0,0.0,0.0
Jawzjan,2021,4,39.13,0.0,19.56
Kabul,2021,4,44.57,46.26,45.41
Kandahar,2021,4,12.24,36.63,24.44
Kapisa,2021,4,48.44,58.41,53.43
Kunar,2021,4,0.0,53.36,26.68
Kunduz,2021,4,100.0,38.62,69.31
Laghman,2021,4,45.5,49.64,47.57
Logar,2021,4,29.86,41.99,35.92
Nangarhar,2021,4,33.72,48.17,40.95
Nimroz,2021,4,65.45,13.95,39.7
Nuristan,2021,4,4.51,75.56,40.03
Paktya,2021,4,51.43,46.24,48.83
Samangan,2021,4,36.79,32.84,34.82
Sar-e-Pul,2021,4,23.27,9.55,16.41
Takhar,2021,4,26.87,82.65,54.76
Wardak,2021,4,57.49,35.68,46.59
Zabul,2021,4,1.08,31.39,16.24
Khost,2021,5,63.52,73.01,68.27
Paktika,2021,5,25.22,45.73,35.48
Daykundi,2021,5,43.78,46.41,45.1
Panjsher,2021,5,26.82,89.14,57.98
Parwan,2021,5,54.99,81.4,68.19
Uruzgan,2021,5,18.91,69.21,44.06
Badakhshan,2021,5,13.1,80.41,46.76
Badghis,2021,5,0.0,28.75,14.38
Baghlan,2021,5,73.99,49.48,61.73
Balkh,2021,5,43.83,16.79,30.31
Bamyan,2021,5,59.23,45.03,52.13
Farah,2021,5,2.71,65.87,34.29
Faryab,2021,5,15.87,0.0,7.93
Ghazni,2021,5,29.33,45.72,37.52
Ghor,2021,5,0.0,40.11,20.06
Hilmand,2021,5,21.56,64.72,43.14
Hirat,2021,5,0.0,57.6,28.8
Jawzjan,2021,5,38.4,2.97,20.69
Kabul,2021,5,43.38,54.43,48.91
Kandahar,2021,5,16.09,59.66,37.87
Kapisa,2021,5,56.36,55.29,55.83
Kunar,2021,5,46.1,75.81,60.95
Kunduz,2021,5,85.58,29.63,57.6
Laghman,2021,5,57.97,52.2,55.08
Logar,2021,5,37.02,51.67,44.34
Nangarhar,2021,5,44.95,40.75,42.85
Nimroz,2021,5,35.8,38.6,37.2
Nuristan,2021,5,37.57,86.64,62.1
Paktya,2021,5,60.63,65.15,62.89
Samangan,2021,5,55.15,51.29,53.22
Sar-e-Pul,2021,5,25.21,19.06,22.13
Takhar,2021,5,81.9,41.48,61.69
Wardak,2021,5,42.3,61.77,52.04
Zabul,2021,5,6.31,35.43,20.87
Khost,2021,6,9.31,4.15,6.73
Paktika,2021,6,22.58,13.85,18.22
Daykundi,2021,6,36.96,14.36,25.66
Panjsher,2021,6,92.18,33.58,62.88
Parwan,2021,6,60.66,22.89,41.77
Uruzgan,2021,6,15.03,48.66,31.85
Badakhshan,2021,6,49.91,16.59,33.25
Badghis,2021,6,3.71,0.0,1.86
Baghlan,2021,6,64.55,9.26,36.91
Balkh,2021,6,41.76,22.35,32.06
Bamyan,2021,6,56.76,6.01,31.39
Farah,2021,6,14.79,0.0,7.4
Faryab,2021,6,14.08,0.0,7.04
Ghazni,2021,6,29.65,19.95,24.8
Ghor,2021,6,6.42,2.45,4.43
Hilmand,2021,6,23.79,31.96,27.88
Hirat,2021,6,3.89,0.0,1.95
Jawzjan,2021,6,35.88,28.86,32.37
Kabul,2021,6,27.06,29.57,28.32
Kandahar,2021,6,23.94,17.08,20.51
Kapisa,2021,6,42.88,25.8,34.34
Kunar,2021,6,29.06,0.0,14.53
Kunduz,2021,6,73.77,31.17,52.47
Laghman,2021,6,34.71,0.0,17.35
Logar,2021,6,32.43,26.01,29.22
Nangarhar,2021,6,13.34,1.35,7.34
Nimroz,2021,6,42.3,0.0,21.15
Nuristan,2021,6,75.19,22.29,48.74
Paktya,2021,6,34.99,6.97,20.98
Samangan,2021,6,55.07,20.76,37.91
Sar-e-Pul,2021,6,36.7,0.0,18.35
Takhar,2021,6,54.78,7.1,30.94
Wardak,2021,6,40.22,8.42,24.32
Zabul,2021,6,17.0,15.67,16.33
Khost,2021,7,34.38,0.0,17.19
Paktika,2021,7,15.33,21.85,18.59
Daykundi,2021,7,21.08,35.49,28.28
Panjsher,2021,7,70.91,42.89,56.9
Parwan,2021,7,44.95,38.21,41.58
Uruzgan,2021,7,19.59,37.74,28.66
Badakhshan,2021,7,44.79,42.07,43.43
Badghis,2021,7,11.95,38.35,25.15
Baghlan,2021,7,51.68,54.28,52.98
Balkh,2021,7,35.57,58.79,47.18
Bamyan,2021,7,53.05,42.02,47.53
Farah,2021,7,11.9,52.87,32.38
Faryab,2021,7,19.42,51.1,35.26
Ghazni,2021,7,24.79,33.02,28.91
Ghor,2021,7,2.33,29.45,15.89
Hilmand,2021,7,14.06,49.17,31.62
Hirat,2021,7,13.95,44.1,29.02
Jawzjan,2021,7,34.23,58.07,46.15
Kabul,2021,7,39.65,39.56,39.6
Kandahar,2021,7,23.17,52.6,37.89
Kapisa,2021,7,61.78,20.43,41.1
Kunar,2021,7,71.07,33.22,52.14
Kunduz,2021,7,77.34,65.84,71.59
Laghman,2021,7,70.98,28.65,49.82
Logar,2021,7,40.33,47.77,44.05
Nangarhar,2021,7,65.14,27.44,46.29
Nimroz,2021,7,32.9,38.35,35.62
Nuristan,2021,7,53.73,8.79,31.26
Paktya,2021,7,31.62,34.88,33.25
Samangan,2021,7,61.03,67.55,64.29
Sar-e-Pul,2021,7,35.48,44.76,40.12
Takhar,2021,7,55.95,55.77,55.86
Wardak,2021,7,39.28,47.91,43.59
Zabul,2021,7,17.11,29.01,23.06
Khost,2021,8,45.87,29.19,37.53
Paktika,2021,8,26.81,9.8,18.31
Daykundi,2021,8,9.15,41.5,25.33
Panjsher,2021,8,46.29,24.15,35.22
Parwan,2021,8,40.27,13.9,27.08
Uruzgan,2021,8,27.49,35.15,31.32
Badakhshan,2021,8,44.08,38.37,41.22
Badghis,2021,8,16.43,0.0,8.22
Baghlan,2021,8,51.99,20.63,36.31
Balkh,2021,8,43.99,0.0,22.0
Bamyan,2021,8,39.8,27.34,33.57
Farah,2021,8,23.06,19.43,21.24
Faryab,2021,8,23.75,0.0,11.87
Ghazni,2021,8,11.27,12.36,11.82
Ghor,2021,8,0.0,48.91,24.46
Hilmand,2021,8,47.22,37.73,42.47
Hirat,2021,8,18.3,0.0,9.15
Jawzjan,2021,8,35.02,0.0,17.51
Kabul,2021,8,43.65,25.22,34.43
Kandahar,2021,8,35.59,29.93,32.76
Kapisa,2021,8,57.14,17.4,37.27
Kunar,2021,8,48.96,0.0,24.48
Kunduz,2021,8,67.29,0.0,33.65
Laghman,2021,8,69.72,17.89,43.81
Logar,2021,8,46.98,23.4,35.19
Nangarhar,2021,8,39.32,6.32,22.82
Nimroz,2021,8,64.54,1.01,32.77
Nuristan,2021,8,45.77,32.79,39.28
Paktya,2021,8,44.34,18.01,31.18
Samangan,2021,8,60.26,18.36,39.31
Sar-e-Pul,2021,8,37.39,0.0,18.69
Takhar,2021,8,48.59,18.3,33.44
Wardak,2021,8,15.92,22.15,19.03
Zabul,2021,8,21.98,14.5,18.24
Khost,2021,9,36.04,78.59,57.32
Paktika,2021,9,17.67,31.77,24.72
Daykundi,2021,9,0.0,0.0,0.0
Panjsher,2021,9,68.03,0.0,34.02
Parwan,2021,9,36.74,11.89,24.31
Uruzgan,2021,9,29.12,14.45,21.79
Badakhshan,2021,9,59.6,0.0,29.8
Badghis,2021,9,6.84,11.42,9.13
Baghlan,2021,9,48.07,12.99,30.53
Balkh,2021,9,18.31,41.54,29.93
Bamyan,2021,9,33.11,0.0,16.56
Farah,2021,9,24.3,48.87,36.58
Faryab,2021,9,18.48,22.62,20.55
Ghazni,2021,9,6.93,8.85,7.89
Ghor,2021,9,0.0,0.0,0.0
Hilmand,2021,9,31.47,38.85,35.16
Hirat,2021,9,15.9,30.08,22.99
Jawzjan,2021,9,29.32,33.47,31.39
Kabul,2021,9,33.78,46.42,40.1
Kandahar,2021,9,26.47,29.18,27.82
Kapisa,2021,9,41.08,56.43,48.75
Kunar,2021,9,30.53,69.71,50.12
Kunduz,2021,9,39.29,44.25,41.77
Laghman,2021,9,37.25,79.32,58.29
Logar,2021,9,35.41,17.92,26.67
Nangarhar,2021,9,30.56,62.88,46.72
Nimroz,2021,9,53.36,36.97,45.17
Nuristan,2021,9,71.17,21.88,46.52
Paktya,2021,9,30.94,22.08,26.51
Samangan,2021,9,42.04,34.3,38.17
Sar-e-Pul,2021,9,22.46,9.12,15.79
Takhar,2021,9,44.25,26.82,35.53
Wardak,2021,9,7.53,0.0,3.76
Zabul,2021,9,18.57,24.12,21.35
Khost,2021,10,41.96,21.43,31.69
Paktika,2021,10,27.61,74.88,51.25
Daykundi,2021,10,26.2,50.36,38.28
Panjsher,2021,10,95.17,25.31,60.24
Parwan,2021,10,48.76,31.59,40.18
Uruzgan,2021,10,20.23,63.97,42.1
Badakhshan,2021,10,85.87,28.8,57.33
Badghis,2021,10,21.51,85.54,53.53
Baghlan,2021,10,60.97,57.14,59.05
Balkh,2021,10,20.21,100.0,60.11
Bamyan,2021,10,36.38,51.86,44.12
Farah,2021,10,10.33,93.39,51.86
Faryab,2021,10,21.29,100.0,60.64
Ghazni,2021,10,0.0,62.93,31.46
Ghor,2021,10,4.89,45.94,25.41
Hilmand,2021,10,18.72,85.48,52.1
Hirat,2021,10,15.03,85.93,50.48
Jawzjan,2021,10,28.24,92.53,60.39
Kabul,2021,10,29.71,23.89,26.8
Kandahar,2021,10,23.07,84.16,53.62
Kapisa,2021,10,43.06,23.16,33.11
Kunar,2021,10,50.47,28.41,39.44
Kunduz,2021,10,57.76,100.0,78.88
Laghman,2021,10,41.55,21.61,31.58
Logar,2021,10,41.28,41.1,41.19
Nangarhar,2021,10,50.15,4.99,27.57
Nimroz,2021,10,25.29,85.06,55.18
Nuristan,2021,10,91.04,20.6,55.82
Paktya,2021,10,31.11,36.73,33.92
Samangan,2021,10,25.17,84.82,55.0
Sar-e-Pul,2021,10,31.21,80.3,55.75
Takhar,2021,10,62.42,58.09,60.25
Wardak,2021,10,0.0,48.11,24.05
Zabul,2021,10,19.69,72.67,46.18
Khost,2021,11,16.21,9.62,12.91
Paktika,2021,11,0.0,0.0,0.0
Daykundi,2021,11,87.49,11.79,49.64
Panjsher,2021,11,66.34,46.59,56.46
Parwan,2021,11,94.01,0.0,47.01
Uruzgan,2021,11,5.71,1.87,3.79
Badakhshan,2021,11,34.81,72.32,53.57
Badghis,2021,11,24.31,51.18,37.74
Baghlan,2021,11,76.15,50.61,63.38
Balkh,2021,11,41.75,46.36,44.05
Bamyan,2021,11,76.08,31.53,53.81
Farah,2021,11,2.78,42.43,22.61
Faryab,2021,11,21.33,45.72,33.53
Ghazni,2021,11,75.57,0.0,37.78
Ghor,2021,11,67.43,31.12,49.27
Hilmand,2021,11,4.41,33.89,19.15
Hirat,2021,11,12.44,35.83,24.14
Jawzjan,2021,11,29.87,33.21,31.54
Kabul,2021,11,38.37,0.0,19.18
Kandahar,2021,11,8.4,30.09,19.24
Kapisa,2021,11,75.54,3.47,39.51
Kunar,2021,11,68.26,13.19,40.72
Kunduz,2021,11,53.35,64.15,58.75
Laghman,2021,11,26.65,8.66,17.66
Logar,2021,11,70.45,0.0,35.22
Nangarhar,2021,11,40.01,4.3,22.16
Nimroz,2021,11,3.1,50.64,26.87
Nuristan,2021,11,69.76,25.42,47.59
Paktya,2021,11,52.34,0.0,26.17
Samangan,2021,11,87.0,53.38,70.19
Sar-e-Pul,2021,11,83.02,51.2,67.11
Takhar,2021,11,72.68,63.31,68.0
Wardak,2021,11,91.55,0.0,45.77
Zabul,2021,11,10.02,4.48,7.25
Khost,2021,12,4.81,92.23,48.52
Paktika,2021,12,3.68,57.47,30.58
Daykundi,2021,12,99.68,23.46,61.57
Panjsher,2021,12,55.98,59.52,57.75
Parwan,2021,12,67.46,52.99,60.22
Uruzgan,2021,12,64.13,25.1,44.61
Badakhshan,2021,12,48.55,59.56,54.06
Badghis,2021,12,44.0,21.25,32.62
Baghlan,2021,12,75.74,45.29,60.51
Balkh,2021,12,50.85,25.69,38.27
Bamyan,2021,12,65.44,35.32,50.38
Farah,2021,12,2.88,37.45,20.17
Faryab,2021,12,54.15,10.7,32.42
Ghazni,2021,12,97.55,36.06,66.8
Ghor,2021,12,68.4,33.57,50.98
Hilmand,2021,12,0.0,55.74,27.87
Hirat,2021,12,6.79,23.42,15.1
Jawzjan,2021,12,33.74,13.79,23.77
Kabul,2021,12,38.59,75.03,56.81
Kandahar,2021,12,7.67,59.84,33.76
Kapisa,2021,12,58.15,64.84,61.5
Kunar,2021,12,46.01,65.53,55.77
Kunduz,2021,12,58.84,43.55,51.2
Laghman,2021,12,40.69,68.59,54.64
Logar,2021,12,55.95,69.49,62.72
Nangarhar,2021,12,9.04,75.49,42.26
Nimroz,2021,12,6.69,57.9,32.29
Nuristan,2021,12,72.08,43.5,57.79
Paktya,2021,12,49.77,55.62,52.7
Samangan,2021,12,87.52,38.99,63.26
Sar-e-Pul,2021,12,71.13,32.17,51.65
Takhar,2021,12,77.23,45.54,61.39
Wardak,2021,12,99.27,35.01,67.14
Zabul,2021,12,19.06,45.3,32.18
Khost,2022,1,0.0,77.4,38.7
Paktika,2022,1,56.21,58.29,57.25
Daykundi,2022,1,19.43,74.77,47.1
Panjsher,2022,1,0.0,62.36,31.18
Parwan,2022,1,29.18,76.69,52.94
Uruzgan,2022,1,34.08,67.31,50.69
Badakhshan,2022,1,44.06,57.42,50.74
Badghis,2022,1,25.61,70.56,48.09
Baghlan,2022,1,82.33,50.46,66.39
Balkh,2022,1,53.69,68.15,60.92
Bamyan,2022,1,0.0,68.64,34.32
Farah,2022,1,0.0,65.31,32.65
Faryab,2022,1,34.78,58.83,46.81
Ghazni,2022,1,25.0,67.68,46.34
Ghor,2022,1,7.67,78.9,43.29
Hilmand,2022,1,10.75,55.57,33.16
Hirat,2022,1,20.06,60.89,40.47
Jawzjan,2022,1,33.67,30.64,32.16
Kabul,2022,1,8.63,80.14,44.38
Kandahar,2022,1,46.53,66.96,56.75
Kapisa,2022,1,33.81,71.76,52.79
Kunar,2022,1,0.0,62.04,31.02
Kunduz,2022,1,99.62,43.1,71.36
Laghman,2022,1,7.5,76.15,41.83
Logar,2022,1,14.0,76.61,45.31
Nangarhar,2022,1,6.89,82.32,44.6
Nimroz,2022,1,73.04,48.37,60.7
Nuristan,2022,1,14.21,63.8,39.0
Paktya,2022,1,24.04,71.83,47.94
Samangan,2022,1,93.73,58.03,75.88
Sar-e-Pul,2022,1,57.44,65.1,61.27
Takhar,2022,1,100.0,46.87,73.43
Wardak,2022,1,0.0,84.96,42.48
Zabul,2022,1,72.58,49.31,60.95
Khost,2022,2,67.32,54.64,60.98
Paktika,2022,2,79.06,35.7,57.38
Daykundi,2022,2,38.01,57.46,47.73
Panjsher,2022,2,45.86,59.16,52.51
Parwan,2022,2,42.76,56.42,49.59
Uruzgan,2022,2,45.58,48.46,47.02
Badakhshan,2022,2,37.17,73.29,55.23
Badghis,2022,2,50.01,53.42,51.72
Baghlan,2022,2,84.64,70.42,77.53
Balkh,2022,2,72.7,57.29,64.99
Bamyan,2022,2,31.05,66.55,48.8
Farah,2022,2,56.55,40.97,48.76
Faryab,2022,2,59.5,61.72,60.61
Ghazni,2022,2,59.91,41.98,50.94
Ghor,2022,2,17.14,68.6,42.87
Hilmand,2022,2,30.34,41.71,36.03
Hirat,2022,2,49.38,46.27,47.82
Jawzjan,2022,2,49.37,60.56,54.97
Kabul,2022,2,49.23,55.73,52.48
Kandahar,2022,2,37.17,37.34,37.26
Kapisa,2022,2,57.94,47.15,52.55
Kunar,2022,2,56.66,57.97,57.32
Kunduz,2022,2,100.0,42.26,71.13
Laghman,2022,2,55.98,51.72,53.85
Logar,2022,2,54.52,54.73,54.62
Nangarhar,2022,2,38.12,51.65,44.89
Nimroz,2022,2,14.68,55.39,35.04
Nuristan,2022,2,61.16,61.05,61.11
Paktya,2022,2,58.57,47.91,53.24
Samangan,2022,2,47.76,67.85,57.81
Sar-e-Pul,2022,2,83.36,62.09,72.73
Takhar,2022,2,93.57,67.12,80.34
Wardak,2022,2,25.74,64.67,45.21
Zabul,2022,2,74.74,29.94,52.34
Khost,2022,3,94.7,0.0,47.35
Paktika,2022,3,87.24,0.0,43.62
Daykundi,2022,3,97.23,0.0,48.62
Panjsher,2022,3,98.06,0.0,49.03
Parwan,2022,3,100.0,0.0,50.0
Uruzgan,2022,3,64.02,0.0,32.01
Badakhshan,2022,3,100.0,0.0,50.0
Badghis,2022,3,43.57,10.62,27.1
Baghlan,2022,3,100.0,12.89,56.44
Balkh,2022,3,63.47,50.77,57.12
Bamyan,2022,3,100.0,0.0,50.0
Farah,2022,3,91.18,6.5,48.84
Faryab,2022,3,81.34,42.72,62.03
Ghazni,2022,3,98.07,0.0,49.03
Ghor,2022,3,96.4,0.0,48.2
Hilmand,2022,3,42.19,4.18,23.18
Hirat,2022,3,56.58,5.88,31.23
Jawzjan,2022,3,58.89,41.59,50.24
Kabul,2022,3,93.81,0.0,46.91
Kandahar,2022,3,27.34,0.0,13.67
Kapisa,2022,3,96.51,0.0,48.25
Kunar,2022,3,84.55,0.0,42.27
Kunduz,2022,3,81.05,49.8,65.42
Laghman,2022,3,57.6,0.0,28.8
Logar,2022,3,92.51,0.0,46.26
Nangarhar,2022,3,42.85,0.0,21.43
Nimroz,2022,3,79.95,23.34,51.64
Nuristan,2022,3,100.0,0.0,50.0
Paktya,2022,3,91.18,0.0,45.59
Samangan,2022,3,100.0,0.0,50.0
Sar-e-Pul,2022,3,85.28,0.0,42.64
Takhar,2022,3,72.53,16.21,44.37
Wardak,2022,3,97.28,0.0,48.64
Zabul,2022,3,59.25,0.0,29.62
Khost,2022,4,0.0,0.0,0.0
Paktika,2022,4,11.91,0.0,5.96
Daykundi,2022,4,100.0,0.0,50.0
Panjsher,2022,4,100.0,0.0,50.0
Parwan,2022,4,100.0,0.0,50.0
Uruzgan,2022,4,8.02,0.0,4.01
Badakhshan,2022,4,100.0,0.0,50.0
Badghis,2022,4,28.11,23.42,25.76
Baghlan,2022,4,19.17,0.0,9.59
Balkh,2022,4,12.07,0.0,6.04
Bamyan,2022,4,100.0,0.0,50.0
Farah,2022,4,32.17,4.63,18.4
Faryab,2022,4,40.63,20.9,30.76
Ghazni,2022,4,85.71,0.0,42.86
Ghor,2022,4,84.33,0.0,42.16
Hilmand,2022,4,12.7,0.0,6.35
Hirat,2022,4,44.95,29.31,37.13
Jawzjan,2022,4,26.0,11.56,18.78
Kabul,2022,4,13.1,0.0,6.55
Kandahar,2022,4,14.96,0.0,7.48
Kapisa,2022,4,46.36,0.0,23.18
Kunar,2022,4,40.27,0.0,20.14
Kunduz,2022,4,12.87,0.0,6.43
Laghman,2022,4,0.0,0.0,0.0
Logar,2022,4,32.2,0.0,16.1
Nangarhar,2022,4,0.0,0.0,0.0
Nimroz,2022,4,5.46,0.0,2.73
Nuristan,2022,4,100.0,0.0,50.0
Paktya,2022,4,42.18,0.0,21.09
Samangan,2022,4,23.22,0.0,11.61
Sar-e-Pul,2022,4,21.13,0.0,10.57
Takhar,2022,4,11.86,0.0,5.93
Wardak,2022,4,100.0,0.0,50.0
Zabul,2022,4,5.63,0.0,2.82
Khost,2022,5,0.0,7.13,3.57
Paktika,2022,5,0.0,11.96,5.98
Daykundi,2022,5,0.0,0.0,0.0
Panjsher,2022,5,100.0,0.0,50.0
Parwan,2022,5,13.18,17.9,15.54
Uruzgan,2022,5,0.0,37.66,18.83
Badakhshan,2022,5,100.0,0.0,50.0
Badghis,2022,5,15.87,70.16,43.01
Baghlan,2022,5,4.46,2.09,3.27
Balkh,2022,5,0.0,93.06,46.53
Bamyan,2022,5,14.55,0.0,7.27
Farah,2022,5,20.63,75.57,48.1
Faryab,2022,5,22.75,75.65,49.2
Ghazni,2022,5,0.0,2.67,1.33
Ghor,2022,5,18.74,0.0,9.37
Hilmand,2022,5,0.0,67.06,33.53
Hirat,2022,5,35.84,94.45,65.14
Jawzjan,2022,5,14.54,92.08,53.31
Kabul,2022,5,0.0,16.15,8.08
Kandahar,2022,5,13.47,59.07,36.27
Kapisa,2022,5,0.0,21.6,10.8
Kunar,2022,5,0.0,16.05,8.02
Kunduz,2022,5,0.0,95.19,47.59
Laghman,2022,5,0.0,18.02,9.01
Logar,2022,5,0.0,11.44,5.72
Nangarhar,2022,5,0.0,30.88,15.44
Nimroz,2022,5,1.96,67.56,34.76
Nuristan,2022,5,100.0,0.0,50.0
Paktya,2022,5,0.0,1.86,0.93
Samangan,2022,5,9.05,34.86,21.95
Sar-e-Pul,2022,5,0.0,1.8,0.9
Takhar,2022,5,0.0,0.0,0.0
Wardak,2022,5,9.37,0.0,4.69
Zabul,2022,5,1.84,39.57,20.7
Khost,2022,6,0.0,23.85,11.93
Paktika,2022,6,0.0,39.33,19.66
Daykundi,2022,6,0.0,32.5,16.25
Panjsher,2022,6,89.38,8.38,48.88
Parwan,2022,6,0.0,37.88,18.94
Uruzgan,2022,6,0.0,84.13,42.07
Badakhshan,2022,6,74.22,0.0,37.11
Badghis,2022,6,14.03,21.05,17.54
Baghlan,2022,6,11.81,26.04,18.92
Balkh,2022,6,6.85,13.83,10.34
Bamyan,2022,6,0.0,9.8,4.9
Farah,2022,6,20.91,84.28,52.6
Faryab,2022,6,16.3,33.12,24.71
Ghazni,2022,6,0.0,44.09,22.05
Ghor,2022,6,0.0,15.38,7.69
Hilmand,2022,6,0.0,100.0,50.0
Hirat,2022,6,22.39,50.23,36.31
Jawzjan,2022,6,11.68,35.71,23.7
Kabul,2022,6,0.0,62.57,31.29
Kandahar,2022,6,18.36,98.75,58.55
Kapisa,2022,6,0.0,47.35,23.68
Kunar,2022,6,0.0,53.47,26.73
Kunduz,2022,6,39.64,6.61,23.12
Laghman,2022,6,0.0,49.15,24.58
Logar,2022,6,0.0,75.39,37.7
Nangarhar,2022,6,0.0,64.72,32.36
Nimroz,2022,6,0.0,96.61,48.3
Nuristan,2022,6,97.6,30.55,64.07
Paktya,2022,6,0.0,46.62,23.31
Samangan,2022,6,22.78,29.52,26.15
Sar-e-Pul,2022,6,0.0,16.63,8.32
Takhar,2022,6,10.28,3.71,7.0
Wardak,2022,6,0.0,32.71,16.35
Zabul,2022,6,7.02,61.82,34.42
Khost,2022,7,63.05,100.0,81.53
Paktika,2022,7,8.91,100.0,54.46
Daykundi,2022,7,0.0,41.88,20.94
Panjsher,2022,7,0.0,18.57,9.29
Parwan,2022,7,0.0,38.79,19.39
Uruzgan,2022,7,11.81,79.51,45.66
Badakhshan,2022,7,0.0,0.0,0.0
Badghis,2022,7,16.93,62.74,39.84
Baghlan,2022,7,6.56,72.18,39.37
Balkh,2022,7,13.36,90.06,51.71
Bamyan,2022,7,0.0,23.81,11.9
Farah,2022,7,26.83,92.34,59.58
Faryab,2022,7,20.25,75.06,47.65
Ghazni,2022,7,0.0,92.66,46.33
Ghor,2022,7,0.0,0.0,0.0
Hilmand,2022,7,37.87,91.16,64.51
Hirat,2022,7,26.34,75.19,50.77
Jawzjan,2022,7,10.48,77.62,44.05
Kabul,2022,7,25.5,100.0,62.75
Kandahar,2022,7,17.99,86.72,52.36
Kapisa,2022,7,50.15,100.0,75.08
Kunar,2022,7,49.6,92.42,71.01
Kunduz,2022,7,50.94,100.0,75.47
Laghman,2022,7,43.24,100.0,71.62
Logar,2022,7,38.92,100.0,69.46
Nangarhar,2022,7,74.15,100.0,87.07
Nimroz,2022,7,15.23,91.31,53.27
Nuristan,2022,7,15.81,62.89,39.35
Paktya,2022,7,29.81,100.0,64.9
Samangan,2022,7,23.17,69.62,46.4
Sar-e-Pul,2022,7,0.0,53.96,26.98
Takhar,2022,7,0.0,57.22,28.61
Wardak,2022,7,0.0,49.7,24.85
Zabul,2022,7,8.23,100.0,54.11
Khost,2022,8,100.0,100.0,100.0
Paktika,2022,8,75.18,100.0,87.59
Daykundi,2022,8,0.0,100.0,50.0
Panjsher,2022,8,21.62,100.0,60.81
Parwan,2022,8,0.0,100.0,50.0
Uruzgan,2022,8,29.96,100.0,64.98
Badakhshan,2022,8,0.0,95.87,47.94
Badghis,2022,8,20.76,81.24,51.0
Baghlan,2022,8,21.93,100.0,60.96
Balkh,2022,8,22.42,71.95,47.19
Bamyan,2022,8,0.0,100.0,50.0
Farah,2022,8,30.97,97.81,64.39
Faryab,2022,8,21.69,80.78,51.23
Ghazni,2022,8,28.37,100.0,64.18
Ghor,2022,8,3.13,74.88,39.01
Hilmand,2022,8,48.25,99.63,73.94
Hirat,2022,8,28.42,76.27,52.35
Jawzjan,2022,8,9.68,62.57,36.13
Kabul,2022,8,52.79,100.0,76.39
Kandahar,2022,8,35.59,100.0,67.8
Kapisa,2022,8,55.69,100.0,77.85
Kunar,2022,8,72.67,100.0,86.33
Kunduz,2022,8,0.0,74.13,37.07
Laghman,2022,8,100.0,100.0,100.0
Logar,2022,8,75.97,100.0,87.99
Nangarhar,2022,8,100.0,100.0,100.0
Nimroz,2022,8,20.52,65.84,43.18
Nuristan,2022,8,39.05,100.0,69.52
Paktya,2022,8,87.05,100.0,93.52
Samangan,2022,8,23.62,91.38,57.5
Sar-e-Pul,2022,8,0.0,94.98,47.49
Takhar,2022,8,2.5,81.25,41.87
Wardak,2022,8,4.66,100.0,52.33
Zabul,2022,8,23.37,100.0,61.68
Khost,2022,9,100.0,100.0,100.0
Paktika,2022,9,100.0,90.97,95.49
Daykundi,2022,9,10.71,69.0,39.85
Panjsher,2022,9,93.57,97.85,95.71
Parwan,2022,9,32.9,97.33,65.11
Uruzgan,2022,9,39.15,76.89,58.02
Badakhshan,2022,9,18.72,67.47,43.1
Badghis,2022,9,16.43,33.45,24.94
Baghlan,2022,9,23.94,58.99,41.46
Balkh,2022,9,19.7,49.73,34.72
Bamyan,2022,9,0.0,64.04,32.02
Farah,2022,9,51.09,52.27,51.68
Faryab,2022,9,21.73,29.24,25.48
Ghazni,2022,9,74.86,100.0,87.43
Ghor,2022,9,20.44,59.83,40.13
Hilmand,2022,9,52.93,49.96,51.45
Hirat,2022,9,32.96,32.95,32.96
Jawzjan,2022,9,14.28,23.62,18.95
Kabul,2022,9,74.35,100.0,87.18
Kandahar,2022,9,44.67,50.45,47.56
Kapisa,2022,9,64.45,100.0,82.23
Kunar,2022,9,100.0,100.0,100.0
Kunduz,2022,9,0.0,47.58,23.79
Laghman,2022,9,100.0,100.0,100.0
Logar,2022,9,100.0,100.0,100.0
Nangarhar,2022,9,100.0,100.0,100.0
Nimroz,2022,9,46.1,52.05,49.07
Nuristan,2022,9,89.13,100.0,94.56
Paktya,2022,9,100.0,100.0,100.0
Samangan,2022,9,14.37,57.56,35.97
Sar-e-Pul,2022,9,0.0,52.71,26.36
Takhar,2022,9,11.14,63.36,37.25
Wardak,2022,9,80.17,100.0,90.09
Zabul,2022,9,44.63,81.0,62.82
Khost,2022,10,79.44,27.47,53.45
Paktika,2022,10,97.46,70.44,83.95
Daykundi,2022,10,0.0,25.61,12.8
Panjsher,2022,10,79.87,9.83,44.85
Parwan,2022,10,0.0,12.22,6.11
Uruzgan,2022,10,22.54,56.77,39.66
Badakhshan,2022,10,11.47,58.51,34.99
Badghis,2022,10,6.36,62.65,34.51
Baghlan,2022,10,9.8,37.91,23.85
Balkh,2022,10,8.33,85.09,46.71
Bamyan,2022,10,0.0,18.2,9.1
Farah,2022,10,30.64,53.65,42.14
Faryab,2022,10,11.86,81.41,46.63
Ghazni,2022,10,43.67,71.1,57.38
Ghor,2022,10,0.0,21.21,10.61
Hilmand,2022,10,28.53,71.45,49.99
Hirat,2022,10,25.75,44.1,34.92
Jawzjan,2022,10,3.96,75.22,39.59
Kabul,2022,10,32.46,6.69,19.58
Kandahar,2022,10,37.45,71.04,54.25
Kapisa,2022,10,36.58,4.84,20.71
Kunar,2022,10,16.59,12.8,14.69
Kunduz,2022,10,51.45,67.42,59.43
Laghman,2022,10,44.54,0.0,22.27
Logar,2022,10,79.52,42.5,61.01
Nangarhar,2022,10,88.17,0.0,44.09
Nimroz,2022,10,21.07,77.24,49.15
Nuristan,2022,10,90.15,4.89,47.52
Paktya,2022,10,55.31,31.09,43.2
Samangan,2022,10,12.33,55.85,34.09
Sar-e-Pul,2022,10,0.0,47.87,23.94
Takhar,2022,10,14.7,54.71,34.7
Wardak,2022,10,26.36,28.16,27.26
Zabul,2022,10,40.24,74.87,57.55
Khost,2022,11,100.0,57.22,78.61
Paktika,2022,11,67.7,52.44,60.07
Daykundi,2022,11,64.41,47.6,56.0
Panjsher,2022,11,42.58,88.97,65.78
Parwan,2022,11,69.65,52.56,61.1
Uruzgan,2022,11,18.04,25.75,21.89
Badakhshan,2022,11,27.51,94.82,61.16
Badghis,2022,11,44.27,53.37,48.82
Baghlan,2022,11,69.09,73.18,71.14
Balkh,2022,11,77.24,51.13,64.19
Bamyan,2022,11,63.72,59.56,61.64
Farah,2022,11,75.89,15.6,45.74
Faryab,2022,11,69.77,63.36,66.57
Ghazni,2022,11,78.95,39.05,59.0
Ghor,2022,11,61.41,59.33,60.37
Hilmand,2022,11,66.8,24.33,45.56
Hirat,2022,11,55.47,37.5,46.48
Jawzjan,2022,11,51.05,57.34,54.2
Kabul,2022,11,73.01,40.2,56.6
Kandahar,2022,11,40.71,47.0,43.86
Kapisa,2022,11,92.33,54.5,73.42
Kunar,2022,11,69.51,64.32,66.92
Kunduz,2022,11,84.31,62.61,73.46
Laghman,2022,11,64.76,61.77,63.27
Logar,2022,11,100.0,44.64,72.32
Nangarhar,2022,11,100.0,51.44,75.72
Nimroz,2022,11,77.09,29.28,53.19
Nuristan,2022,11,44.68,71.12,57.9
Paktya,2022,11,95.4,50.97,73.18
Samangan,2022,11,89.0,55.67,72.34
Sar-e-Pul,2022,11,96.77,57.67,77.22
Takhar,2022,11,95.87,75.29,85.58
Wardak,2022,11,79.51,45.06,62.29
Zabul,2022,11,47.22,49.12,48.17
Khost,2022,12,98.64,85.84,92.24
Paktika,2022,12,55.76,94.34,75.05
Daykundi,2022,12,53.41,57.54,55.47
Panjsher,2022,12,38.8,65.57,52.18
Parwan,2022,12,64.47,51.52,58.0
Uruzgan,2022,12,9.24,79.03,44.14
Badakhshan,2022,12,30.55,66.67,48.61
Badghis,2022,12,76.01,53.34,64.67
Baghlan,2022,12,79.87,52.56,66.22
Balkh,2022,12,98.11,34.45,66.28
Bamyan,2022,12,50.21,51.53,50.87
Farah,2022,12,89.92,86.97,88.45
Faryab,2022,12,86.05,28.07,57.06
Ghazni,2022,12,78.93,72.24,75.58
Ghor,2022,12,46.42,56.12,51.27
Hilmand,2022,12,60.98,100.0,80.49
Hirat,2022,12,44.21,82.14,63.17
Jawzjan,2022,12,53.14,23.28,38.21
Kabul,2022,12,58.25,70.63,64.44
Kandahar,2022,12,42.23,100.0,71.12
Kapisa,2022,12,79.91,60.69,70.3
Kunar,2022,12,75.72,56.43,66.08
Kunduz,2022,12,93.12,58.85,75.99
Laghman,2022,12,67.19,62.68,64.93
Logar,2022,12,83.36,74.14,78.75
Nangarhar,2022,12,97.25,65.21,81.23
Nimroz,2022,12,87.41,100.0,93.7
Nuristan,2022,12,39.37,70.4,54.89
Paktya,2022,12,91.26,65.07,78.17
Samangan,2022,12,78.0,34.81,56.41
Sar-e-Pul,2022,12,73.61,47.82,60.72
Takhar,2022,12,97.4,55.84,76.62
Wardak,2022,12,76.2,51.33,63.77
Zabul,2022,12,16.06,100.0,58.03
Khost,2023,1,99.48,92.0,95.74
Paktika,2023,1,71.62,64.87,68.25
Daykundi,2023,1,45.21,83.75,64.48
Panjsher,2023,1,60.02,86.37,73.2
Parwan,2023,1,76.52,77.98,77.25
Uruzgan,2023,1,43.41,84.14,63.78
Badakhshan,2023,1,67.01,94.7,80.86
Badghis,2023,1,0.0,100.0,50.0
Baghlan,2023,1,7.48,100.0,53.74
Balkh,2023,1,1.74,100.0,50.87
Bamyan,2023,1,16.32,100.0,58.16
Farah,2023,1,41.99,100.0,71.0
Faryab,2023,1,0.0,100.0,50.0
Ghazni,2023,1,45.04,75.8,60.42
Ghor,2023,1,23.1,94.79,58.94
Hilmand,2023,1,33.39,100.0,66.7
Hirat,2023,1,0.0,91.3,45.65
Jawzjan,2023,1,0.57,100.0,50.29
Kabul,2023,1,48.83,82.12,65.47
Kandahar,2023,1,63.11,100.0,81.55
Kapisa,2023,1,67.66,84.92,76.29
Kunar,2023,1,46.85,85.06,65.96
Kunduz,2023,1,47.36,100.0,73.68
Laghman,2023,1,49.56,89.66,69.61
Logar,2023,1,45.24,80.0,62.62
Nangarhar,2023,1,33.94,94.11,64.02
Nimroz,2023,1,100.0,100.0,100.0
Nuristan,2023,1,57.07,99.53,78.3
Paktya,2023,1,35.96,93.87,64.92
Samangan,2023,1,0.0,100.0,50.0
Sar-e-Pul,2023,1,0.0,100.0,50.0
Takhar,2023,1,25.64,100.0,62.82
Wardak,2023,1,31.26,88.25,59.75
Zabul,2023,1,70.49,68.43,69.46
Khost,2023,2,100.0,54.14,77.07
Paktika,2023,2,86.64,41.81,64.22
Daykundi,2023,2,46.98,68.56,57.77
Panjsher,2023,2,47.08,80.33,63.71
Parwan,2023,2,51.94,65.78,58.86
Uruzgan,2023,2,49.17,52.84,51.0
Badakhshan,2023,2,68.67,80.12,74.39
Badghis,2023,2,63.73,72.02,67.87
Baghlan,2023,2,95.57,51.84,73.71
Balkh,2023,2,71.9,65.92,68.91
Bamyan,2023,2,48.11,68.86,58.48
Farah,2023,2,42.37,34.24,38.31
Faryab,2023,2,64.49,69.23,66.86
Ghazni,2023,2,60.13,53.93,57.03
Ghor,2023,2,45.33,70.63,57.98
Hilmand,2023,2,14.34,37.15,25.74
Hirat,2023,2,65.8,64.09,64.95
Jawzjan,2023,2,45.07,78.38,61.73
Kabul,2023,2,66.0,60.4,63.2
Kandahar,2023,2,12.54,35.87,24.21
Kapisa,2023,2,71.37,61.38,66.37
Kunar,2023,2,68.88,59.71,64.3
Kunduz,2023,2,78.38,33.28,55.83
Laghman,2023,2,61.61,55.11,58.36
Logar,2023,2,68.53,59.2,63.86
Nangarhar,2023,2,53.23,48.79,51.01
Nimroz,2023,2,14.33,50.13,32.23
Nuristan,2023,2,47.4,82.75,65.08
Paktya,2023,2,58.68,55.79,57.23
Samangan,2023,2,87.28,50.47,68.87
Sar-e-Pul,2023,2,91.6,72.12,81.86
Takhar,2023,2,100.0,58.7,79.35
Wardak,2023,2,39.01,69.82,54.41
Zabul,2023,2,74.82,44.26,59.54
Khost,2023,3,100.0,91.55,95.78
Paktika,2023,3,100.0,58.65,79.33
Daykundi,2023,3,80.62,48.25,64.43
Panjsher,2023,3,100.0,45.09,72.55
Parwan,2023,3,95.52,43.65,69.59
Uruzgan,2023,3,41.08,47.11,44.1
Badakhshan,2023,3,80.25,48.69,64.47
Badghis,2023,3,66.76,31.09,48.92
Baghlan,2023,3,89.63,35.15,62.39
Balkh,2023,3,65.95,4.31,35.13
Bamyan,2023,3,79.06,43.46,61.26
Farah,2023,3,36.75,13.41,25.08
Faryab,2023,3,65.69,19.33,42.51
Ghazni,2023,3,96.4,44.73,70.57
Ghor,2023,3,95.13,35.24,65.18
Hilmand,2023,3,14.78,48.78,31.78
Hirat,2023,3,59.91,1.93,30.92
Jawzjan,2023,3,47.92,0.0,23.96
Kabul,2023,3,97.96,62.73,80.34
Kandahar,2023,3,20.28,72.26,46.27
Kapisa,2023,3,88.64,56.78,72.71
Kunar,2023,3,75.41,74.49,74.95
Kunduz,2023,3,92.46,10.3,51.38
Laghman,2023,3,50.58,76.75,63.66
Logar,2023,3,100.0,54.88,77.44
Nangarhar,2023,3,27.57,71.88,49.72
Nimroz,2023,3,90.57,41.28,65.92
Nuristan,2023,3,87.04,57.32,72.18
Paktya,2023,3,100.0,67.36,83.68
Samangan,2023,3,73.52,12.49,43.01
Sar-e-Pul,2023,3,100.0,35.87,67.94
Takhar,2023,3,100.0,44.9,72.45
Wardak,2023,3,95.18,41.18,68.18
Zabul,2023,3,61.83,56.38,59.11
Khost,2023,4,78.75,84.08,81.41
Paktika,2023,4,75.75,89.74,82.75
Daykundi,2023,4,67.55,57.23,62.39
Panjsher,2023,4,48.33,72.14,60.24
Parwan,2023,4,64.54,62.05,63.3
Uruzgan,2023,4,11.21,60.18,35.69
Badakhshan,2023,4,50.89,53.77,52.33
Badghis,2023,4,24.18,25.28,24.73
Baghlan,2023,4,13.01,35.47,24.24
Balkh,2023,4,6.59,36.73,21.66
Bamyan,2023,4,54.38,54.13,54.25
Farah,2023,4,2.75,34.94,18.85
Faryab,2023,4,19.29,18.93,19.11
Ghazni,2023,4,100.0,79.84,89.92
Ghor,2023,4,33.81,37.7,35.75
Hilmand,2023,4,7.45,73.17,40.31
Hirat,2023,4,22.89,30.43,26.66
Jawzjan,2023,4,10.65,33.29,21.97
Kabul,2023,4,74.64,72.6,73.62
Kandahar,2023,4,25.7,96.9,61.3
Kapisa,2023,4,64.07,75.21,69.64
Kunar,2023,4,60.25,75.23,67.74
Kunduz,2023,4,24.94,51.18,38.06
Laghman,2023,4,36.81,72.14,54.48
Logar,2023,4,100.0,72.58,86.29
Nangarhar,2023,4,25.75,73.35,49.55
Nimroz,2023,4,0.48,78.36,39.42
Nuristan,2023,4,30.97,65.78,48.38
Paktya,2023,4,100.0,73.79,86.9
Samangan,2023,4,0.0,37.42,18.71
Sar-e-Pul,2023,4,13.26,39.27,26.26
Takhar,2023,4,74.48,59.35,66.92
Wardak,2023,4,67.96,59.0,63.48
Zabul,2023,4,34.52,81.69,58.11
Khost,2023,5,97.75,100.0,98.87
Paktika,2023,5,83.45,100.0,91.72
Daykundi,2023,5,67.46,56.23,61.85
Panjsher,2023,5,32.13,88.13,60.13
Parwan,2023,5,12.64,94.03,53.33
Uruzgan,2023,5,27.72,100.0,63.86
Badakhshan,2023,5,7.08,96.18,51.63
Badghis,2023,5,13.81,24.51,19.16
Baghlan,2023,5,0.0,18.56,9.28
Balkh,2023,5,3.61,71.13,37.37
Bamyan,2023,5,3.1,43.27,23.19
Farah,2023,5,0.0,81.08,40.54
Faryab,2023,5,11.07,24.82,17.94
Ghazni,2023,5,100.0,100.0,100.0
Ghor,2023,5,40.21,38.17,39.19
Hilmand,2023,5,4.01,77.58,40.8
Hirat,2023,5,11.82,52.72,32.27
Jawzjan,2023,5,6.45,93.88,50.17
Kabul,2023,5,49.19,100.0,74.59
Kandahar,2023,5,33.27,86.8,60.03
Kapisa,2023,5,47.23,100.0,73.61
Kunar,2023,5,73.97,100.0,86.99
Kunduz,2023,5,18.56,90.19,54.37
Laghman,2023,5,66.21,100.0,83.11
Logar,2023,5,76.38,100.0,88.19
Nangarhar,2023,5,47.6,100.0,73.8
Nimroz,2023,5,5.45,82.44,43.95
Nuristan,2023,5,38.03,82.82,60.42
Paktya,2023,5,89.03,100.0,94.51
Samangan,2023,5,0.0,17.38,8.69
Sar-e-Pul,2023,5,13.25,8.53,10.89
Takhar,2023,5,7.02,36.68,21.85
Wardak,2023,5,43.24,99.21,71.23
Zabul,2023,5,55.3,100.0,77.65
Khost,2023,6,100.0,100.0,100.0
Paktika,2023,6,80.83,100.0,90.41
Daykundi,2023,6,52.32,55.89,54.1
Panjsher,2023,6,72.98,42.91,57.94
Parwan,2023,6,16.02,57.55,36.78
Uruzgan,2023,6,18.89,100.0,59.44
Badakhshan,2023,6,27.17,18.18,22.68
Badghis,2023,6,10.94,43.01,26.97
Baghlan,2023,6,0.0,9.12,4.56
Balkh,2023,6,0.0,51.77,25.89
Bamyan,2023,6,42.08,23.74,32.91
Farah,2023,6,0.0,69.68,34.84
Faryab,2023,6,4.81,29.74,17.28
Ghazni,2023,6,77.42,100.0,88.71
Ghor,2023,6,21.5,12.85,17.17
Hilmand,2023,6,10.87,81.49,46.18
Hirat,2023,6,2.82,39.84,21.33
Jawzjan,2023,6,5.47,54.59,30.03
Kabul,2023,6,24.69,83.15,53.92
Kandahar,2023,6,35.13,88.76,61.94
Kapisa,2023,6,13.24,92.11,52.67
Kunar,2023,6,95.88,100.0,97.94
Kunduz,2023,6,3.18,46.64,24.91
Laghman,2023,6,74.16,95.9,85.03
Logar,2023,6,55.88,100.0,77.94
Nangarhar,2023,6,45.81,100.0,72.9
Nimroz,2023,6,0.89,94.66,47.78
Nuristan,2023,6,97.39,50.3,73.85
Paktya,2023,6,74.35,96.36,85.36
Samangan,2023,6,0.0,10.53,5.27
Sar-e-Pul,2023,6,11.9,12.48,12.19
Takhar,2023,6,0.0,7.19,3.6
Wardak,2023,6,60.58,68.4,64.49
Zabul,2023,6,47.42,100.0,73.71
Khost,2023,7,100.0,89.59,94.79
Paktika,2023,7,82.02,89.66,85.84
Daykundi,2023,7,38.97,100.0,69.48
Panjsher,2023,7,17.29,95.64,56.46
Parwan,2023,7,10.23,100.0,55.11
Uruzgan,2023,7,18.84,100.0,59.42
Badakhshan,2023,7,19.18,65.91,42.55
Badghis,2023,7,13.6,100.0,56.8
Baghlan,2023,7,0.0,100.0,50.0
Balkh,2023,7,7.26,100.0,53.63
Bamyan,2023,7,31.53,100.0,65.77
Farah,2023,7,0.0,100.0,50.0
Faryab,2023,7,7.83,100.0,53.91
Ghazni,2023,7,66.27,100.0,83.14
Ghor,2023,7,14.43,100.0,57.22
Hilmand,2023,7,15.97,100.0,57.99
Hirat,2023,7,6.5,100.0,53.25
Jawzjan,2023,7,5.86,100.0,52.93
Kabul,2023,7,36.22,99.3,67.76
Kandahar,2023,7,20.76,100.0,60.38
Kapisa,2023,7,35.54,93.41,64.47
Kunar,2023,7,100.0,100.0,100.0
Kunduz,2023,7,66.53,79.04,72.78
Laghman,2023,7,79.54,76.03,77.78
Logar,2023,7,66.76,93.31,80.04
Nangarhar,2023,7,61.96,72.78,67.37
Nimroz,2023,7,0.0,100.0,50.0
Nuristan,2023,7,100.0,75.1,87.55
Paktya,2023,7,71.32,87.03,79.17
Samangan,2023,7,0.0,100.0,50.0
Sar-e-Pul,2023,7,12.49,100.0,56.25
Takhar,2023,7,10.25,100.0,55.13
Wardak,2023,7,40.51,100.0,70.25
Zabul,2023,7,38.19,89.33,63.76
Khost,2023,8,57.47,41.38,49.42
Paktika,2023,8,77.66,34.69,56.17
Daykundi,2023,8,29.24,76.27,52.75
Panjsher,2023,8,8.53,43.94,26.23
Parwan,2023,8,8.28,41.03,24.65
Uruzgan,2023,8,23.01,61.7,42.35
Badakhshan,2023,8,44.99,76.6,60.8
Badghis,2023,8,16.77,100.0,58.38
Baghlan,2023,8,0.0,96.73,48.37
Balkh,2023,8,22.82,100.0,61.41
Bamyan,2023,8,21.12,83.62,52.37
Farah,2023,8,6.23,100.0,53.12
Faryab,2023,8,11.45,100.0,55.72
Ghazni,2023,8,57.09,34.36,45.73
Ghor,2023,8,8.81,100.0,54.41
Hilmand,2023,8,40.35,100.0,70.18
Hirat,2023,8,10.03,100.0,55.02
Jawzjan,2023,8,4.36,100.0,52.18
Kabul,2023,8,40.67,34.0,37.33
Kandahar,2023,8,36.47,83.71,60.09
Kapisa,2023,8,23.12,33.42,28.27
Kunar,2023,8,58.01,29.44,43.72
Kunduz,2023,8,28.58,100.0,64.29
Laghman,2023,8,62.1,31.08,46.59
Logar,2023,8,67.94,30.91,49.42
Nangarhar,2023,8,35.01,29.64,32.33
Nimroz,2023,8,0.0,100.0,50.0
Nuristan,2023,8,59.58,33.77,46.67
Paktya,2023,8,53.36,27.36,40.36
Samangan,2023,8,0.0,100.0,50.0
Sar-e-Pul,2023,8,11.43,100.0,55.72
Takhar,2023,8,32.8,100.0,66.4
Wardak,2023,8,28.33,34.48,31.41
Zabul,2023,8,34.88,49.72,42.3
Khost,2023,9,41.42,84.89,63.15
Paktika,2023,9,57.13,100.0,78.56
Daykundi,2023,9,19.87,100.0,59.94
Panjsher,2023,9,0.0,100.0,50.0
Parwan,2023,9,0.0,100.0,50.0
Uruzgan,2023,9,27.11,100.0,63.55
Badakhshan,2023,9,0.0,96.05,48.02
Badghis,2023,9,9.7,100.0,54.85
Baghlan,2023,9,0.0,100.0,50.0
Balkh,2023,9,0.0,100.0,50.0
Bamyan,2023,9,22.19,100.0,61.09
Farah,2023,9,10.77,100.0,55.39
Faryab,2023,9,10.73,100.0,55.37
Ghazni,2023,9,54.35,94.05,74.2
Ghor,2023,9,18.03,100.0,59.02
Hilmand,2023,9,17.29,100.0,58.64
Hirat,2023,9,10.02,100.0,55.01
Jawzjan,2023,9,0.0,100.0,50.0
Kabul,2023,9,29.14,95.59,62.36
Kandahar,2023,9,26.75,100.0,63.38
Kapisa,2023,9,0.43,96.97,48.7
Kunar,2023,9,17.46,75.49,46.47
Kunduz,2023,9,3.69,100.0,51.84
Laghman,2023,9,15.44,95.57,55.51
Logar,2023,9,46.93,89.08,68.01
Nangarhar,2023,9,21.3,98.06,59.68
Nimroz,2023,9,0.0,100.0,50.0
Nuristan,2023,9,13.57,91.88,52.72
Paktya,2023,9,35.12,94.13,64.63
Samangan,2023,9,0.0,100.0,50.0
Sar-e-Pul,2023,9,18.74,100.0,59.37
Takhar,2023,9,0.0,100.0,50.0
Wardak,2023,9,16.22,93.9,55.06
Zabul,2023,9,34.98,100.0,67.49
Khost,2023,10,100.0,100.0,100.0
Paktika,2023,10,93.61,100.0,96.8
Daykundi,2023,10,78.13,92.11,85.12
Panjsher,2023,10,61.43,50.92,56.17
Parwan,2023,10,34.96,98.79,66.87
Uruzgan,2023,10,53.95,85.17,69.56
Badakhshan,2023,10,71.22,47.97,59.6
Badghis,2023,10,21.03,43.36,32.2
Baghlan,2023,10,0.0,39.15,19.58
Balkh,2023,10,15.62,50.93,33.28
Bamyan,2023,10,41.58,100.0,70.79
Farah,2023,10,19.05,40.76,29.9
Faryab,2023,10,10.94,31.79,21.36
Ghazni,2023,10,78.99,100.0,89.49
Ghor,2023,10,30.19,81.07,55.63
Hilmand,2023,10,37.15,49.17,43.16
Hirat,2023,10,13.99,27.18,20.58
Jawzjan,2023,10,0.0,54.82,27.41
Kabul,2023,10,82.46,87.21,84.83
Kandahar,2023,10,34.83,77.54,56.18
Kapisa,2023,10,66.88,89.49,78.18
Kunar,2023,10,65.64,60.92,63.28
Kunduz,2023,10,0.0,65.9,32.95
Laghman,2023,10,85.82,90.08,87.95
Logar,2023,10,100.0,100.0,100.0
Nangarhar,2023,10,82.91,81.69,82.3
Nimroz,2023,10,14.65,35.6,25.12
Nuristan,2023,10,31.67,56.7,44.19
Paktya,2023,10,100.0,97.41,98.7
Samangan,2023,10,0.0,58.22,29.11
Sar-e-Pul,2023,10,24.13,79.34,51.73
Takhar,2023,10,17.79,37.4,27.6
Wardak,2023,10,52.01,100.0,76.0
Zabul,2023,10,49.68,89.83,69.76
Khost,2023,11,87.84,56.76,72.3
Paktika,2023,11,51.65,30.89,41.27
Daykundi,2023,11,98.74,16.91,57.83
Panjsher,2023,11,87.8,35.31,61.56
Parwan,2023,11,93.01,9.03,51.02
Uruzgan,2023,11,20.39,12.46,16.42
Badakhshan,2023,11,69.66,36.48,53.07
Badghis,2023,11,18.57,29.86,24.21
Baghlan,2023,11,64.74,27.99,46.36
Balkh,2023,11,0.0,31.18,15.59
Bamyan,2023,11,91.34,0.0,45.67
Farah,2023,11,0.0,38.8,19.4
Faryab,2023,11,6.97,19.8,13.38
Ghazni,2023,11,100.0,17.9,58.95
Ghor,2023,11,92.27,23.36,57.81
Hilmand,2023,11,28.61,44.38,36.49
Hirat,2023,11,6.43,29.86,18.14
Jawzjan,2023,11,0.0,28.45,14.23
Kabul,2023,11,73.52,28.47,50.99
Kandahar,2023,11,29.72,37.73,33.72
Kapisa,2023,11,100.0,30.42,65.21
Kunar,2023,11,87.13,32.65,59.89
Kunduz,2023,11,28.96,50.72,39.84
Laghman,2023,11,100.0,44.46,72.23
Logar,2023,11,96.55,36.09,66.32
Nangarhar,2023,11,86.13,49.42,67.78
Nimroz,2023,11,20.17,40.0,30.08
Nuristan,2023,11,82.93,24.2,53.56
Paktya,2023,11,100.0,31.63,65.81
Samangan,2023,11,70.29,19.44,44.87
Sar-e-Pul,2023,11,100.0,11.52,55.76
Takhar,2023,11,75.94,31.33,53.63
Wardak,2023,11,97.78,6.07,51.93
Zabul,2023,11,43.05,23.71,33.38
Khost,2023,12,100.0,60.97,80.49
Paktika,2023,12,78.54,56.7,67.62
Daykundi,2023,12,100.0,21.23,60.62
Panjsher,2023,12,100.0,1.06,50.53
Parwan,2023,12,100.0,12.44,56.22
Uruzgan,2023,12,42.67,40.85,41.76
Badakhshan,2023,12,100.0,0.0,50.0
Badghis,2023,12,35.52,2.13,18.82
Baghlan,2023,12,87.49,10.49,48.99
Balkh,2023,12,49.72,12.02,30.87
Bamyan,2023,12,100.0,0.0,50.0
Farah,2023,12,0.0,35.69,17.85
Faryab,2023,12,50.01,0.0,25.01
Ghazni,2023,12,100.0,44.18,72.09
Ghor,2023,12,100.0,1.24,50.62
Hilmand,2023,12,37.01,67.39,52.2
Hirat,2023,12,0.0,15.95,7.97
Jawzjan,2023,12,27.03,11.7,19.36
Kabul,2023,12,85.0,42.43,63.71
Kandahar,2023,12,31.99,77.07,54.53
Kapisa,2023,12,100.0,33.69,66.85
Kunar,2023,12,100.0,29.21,64.61
Kunduz,2023,12,25.77,25.7,25.74
Laghman,2023,12,99.58,38.33,68.96
Logar,2023,12,100.0,46.16,73.08
Nangarhar,2023,12,92.6,48.18,70.39
Nimroz,2023,12,24.62,59.45,42.03
Nuristan,2023,12,100.0,0.0,50.0
Paktya,2023,12,100.0,28.12,64.06
Samangan,2023,12,80.66,0.0,40.33
Sar-e-Pul,2023,12,100.0,0.0,50.0
Takhar,2023,12,90.65,10.55,50.6
Wardak,2023,12,100.0,25.95,62.97
Zabul,2023,12,37.41,66.72,52.06
