province,year,month,lst_day_c
Khost,2015,1,12.917163739704085
Paktika,2015,1,14.171437649047249
Daykundi,2015,1,1.5963711547546255
Panjsher,2015,1,-10.16655537106174
Parwan,2015,1,0.17823997131470784
Uruzgan,2015,1,9.2860806108649
Badakhshan,2015,1,-11.651921909897034
Badghis,2015,1,6.297271954819214
Baghlan,2015,1,1.4878303708453704
Balkh,2015,1,9.530380900232146
Bamyan,2015,1,-5.754069284902675
Farah,2015,1,18.231166835067505
Faryab,2015,1,7.710156432343446
Ghazni,2015,1,5.791588620816608
Ghor,2015,1,-0.3431241242672588
Hilmand,2015,1,21.45397194827394
Hirat,2015,1,13.058068463271416
Jawzjan,2015,1,10.635443500693256
Kabul,2015,1,6.561700033015932
Kandahar,2015,1,20.945363725732054
Kapisa,2015,1,4.4115785668791325
Kunar,2015,1,5.96373813911221
Kunduz,2015,1,10.500293457473541
Laghman,2015,1,8.40849512317415
Logar,2015,1,6.418195523153552
Nangarhar,2015,1,11.537018115145647
Nimroz,2015,1,24.21585259520145
Nuristan,2015,1,-8.136271281408495
Paktya,2015,1,7.941512064699816
Samangan,2015,1,2.976870880326279
Sar-e-Pul,2015,1,0.6235747992124053
Takhar,2015,1,0.8794005023689501
Wardak,2015,1,-1.9655116116717655
Zabul,2015,1,14.207988358244267
Khost,2015,2,13.838686192113578
Paktika,2015,2,15.12256352935273
Daykundi,2015,2,3.728357483061602
Panjsher,2015,2,-7.54242830294452
Parwan,2015,2,1.184512102982868
Uruzgan,2015,2,9.683595410569874
Badakhshan,2015,2,-8.127134677938686
Badghis,2015,2,7.389722942898915
Baghlan,2015,2,2.865995633379153
Balkh,2015,2,14.541636548280177
Bamyan,2015,2,-2.596966764436966
Farah,2015,2,19.938747466581223
Faryab,2015,2,9.649955681531205
Ghazni,2015,2,5.223962468212284
Ghor,2015,2,0.3334268420347801
Hilmand,2015,2,24.383858078955647
Hirat,2015,2,14.243951549677465
Jawzjan,2015,2,15.489062918139
Kabul,2015,2,8.617628172938819
Kandahar,2015,2,24.3927860173188
Kapisa,2015,2,6.465455777817918
Kunar,2015,2,6.883663913622305
Kunduz,2015,2,14.306000201130114
Laghman,2015,2,9.590212561260454
Logar,2015,2,7.539389046205332
Nangarhar,2015,2,13.15089346085467
Nimroz,2015,2,27.406786462106815
Nuristan,2015,2,-5.968584798234528
Paktya,2015,2,6.760217095516368
Samangan,2015,2,5.0210102627018545
Sar-e-Pul,2015,2,3.86943837609726
Takhar,2015,2,4.038207431757063
Wardak,2015,2,-0.22146856967493417
Zabul,2015,2,15.611192006419614
Khost,2015,3,19.64418516531426
Paktika,2015,3,21.995490823680388
Daykundi,2015,3,12.518215004171669
Panjsher,2015,3,-1.969774639959447
Parwan,2015,3,7.9966474322889525
Uruzgan,2015,3,18.039176315707866
Badakhshan,2015,3,0.11913865030859142
Badghis,2015,3,15.366712794543538
Baghlan,2015,3,11.212629586461585
Balkh,2015,3,21.88090977938284
Bamyan,2015,3,4.008816608756742
Farah,2015,3,25.633348064023885
Faryab,2015,3,16.827969082111373
Ghazni,2015,3,13.702524668538898
Ghor,2015,3,8.78849553589885
Hilmand,2015,3,30.573845276627733
Hirat,2015,3,20.65939179579428
Jawzjan,2015,3,21.604851159674315
Kabul,2015,3,15.42020376021607
Kandahar,2015,3,30.80897740383692
Kapisa,2015,3,12.073842946283513
Kunar,2015,3,12.76812468334594
Kunduz,2015,3,23.74566520166386
Laghman,2015,3,16.19153354088045
Logar,2015,3,13.667981245145086
Nangarhar,2015,3,19.038649880026604
Nimroz,2015,3,32.58589495208928
Nuristan,2015,3,-0.23674255451520884
Paktya,2015,3,13.389590611894675
Samangan,2015,3,13.62944360866985
Sar-e-Pul,2015,3,10.661777941954798
Takhar,2015,3,13.045600453247166
Wardak,2015,3,6.162640599280885
Zabul,2015,3,23.186972436869624
Khost,2015,4,30.825168494684547
Paktika,2015,4,35.78672306950696
Daykundi,2015,4,24.301573068279758
Panjsher,2015,4,7.861745524957519
Parwan,2015,4,21.330092973165474
Uruzgan,2015,4,29.33729617810253
Badakhshan,2015,4,8.602700853814016
Badghis,2015,4,27.84846594809998
Baghlan,2015,4,20.964655012368727
Balkh,2015,4,32.77504023742419
Bamyan,2015,4,15.948679744680495
Farah,2015,4,38.330035787241
Faryab,2015,4,29.857694889761984
Ghazni,2015,4,28.242276944813227
Ghor,2015,4,22.739172107407924
Hilmand,2015,4,42.98726984448095
Hirat,2015,4,33.62232541073361
Jawzjan,2015,4,34.08211248103841
Kabul,2015,4,27.831197204530792
Kandahar,2015,4,42.981810654970296
Kapisa,2015,4,23.77726771731324
Kunar,2015,4,23.17678516200138
Kunduz,2015,4,32.48468470356296
Laghman,2015,4,26.703670484259835
Logar,2015,4,28.34893055132676
Nangarhar,2015,4,29.624718453809308
Nimroz,2015,4,46.18916250518064
Nuristan,2015,4,9.285311102809375
Paktya,2015,4,28.827498518691264
Samangan,2015,4,24.439850631170692
Sar-e-Pul,2015,4,23.184808246499884
Takhar,2015,4,21.30511144130504
Wardak,2015,4,22.220101693004274
Zabul,2015,4,36.096233285092985
Khost,2015,5,35.49494893946504
Paktika,2015,5,40.58285399334548
Daykundi,2015,5,31.356677800469374
Panjsher,2015,5,13.906069743784245
Parwan,2015,5,26.20073789615735
Uruzgan,2015,5,36.6593760157116
Badakhshan,2015,5,13.157271331656156
Badghis,2015,5,38.437648725117924
Baghlan,2015,5,24.962391160910453
Balkh,2015,5,40.60021016386427
Bamyan,2015,5,24.69915576647678
Farah,2015,5,44.85551804784458
Faryab,2015,5,39.30195602127726
Ghazni,2015,5,33.38013578037032
Ghor,2015,5,30.161940391862622
Hilmand,2015,5,49.53396886360265
Hirat,2015,5,40.82268558165228
Jawzjan,2015,5,44.534879813625544
Kabul,2015,5,32.34931493157965
Kandahar,2015,5,49.24096421906482
Kapisa,2015,5,28.86164310262022
Kunar,2015,5,27.406965507685065
Kunduz,2015,5,40.43397422810078
Laghman,2015,5,32.30841128912017
Logar,2015,5,33.00997510746963
Nangarhar,2015,5,35.999756196438085
Nimroz,2015,5,51.32037722976975
Nuristan,2015,5,13.987385457196151
Paktya,2015,5,32.72785312407098
Samangan,2015,5,28.99229305875025
Sar-e-Pul,2015,5,30.142005072430766
Takhar,2015,5,24.46842965197072
Wardak,2015,5,27.743079894480097
Zabul,2015,5,41.745635336197786
Khost,2015,6,36.09457597274135
Paktika,2015,6,43.82072732446205
Daykundi,2015,6,38.931047944911576
Panjsher,2015,6,21.857286850574017
Parwan,2015,6,33.79469085600813
Uruzgan,2015,6,41.762693115824426
Badakhshan,2015,6,18.89140326718628
Badghis,2015,6,46.050626052645406
Baghlan,2015,6,34.159844130772655
Balkh,2015,6,50.103742293910216
Bamyan,2015,6,34.07362939210113
Farah,2015,6,49.08886423892709
Faryab,2015,6,48.40689222526994
Ghazni,2015,6,39.90734749416585
Ghor,2015,6,38.42649979255548
Hilmand,2015,6,52.359881521410664
Hirat,2015,6,44.90317053926952
Jawzjan,2015,6,54.38914685374445
Kabul,2015,6,38.69691911496174
Kandahar,2015,6,51.66485842725355
Kapisa,2015,6,35.366760551027376
Kunar,2015,6,31.29007848722994
Kunduz,2015,6,49.16625481143483
Laghman,2015,6,36.82804706829294
Logar,2015,6,39.09112599535104
Nangarhar,2015,6,40.17191625940615
Nimroz,2015,6,53.8771459999762
Nuristan,2015,6,21.38741111284952
Paktya,2015,6,37.298087640642116
Samangan,2015,6,39.88074153324628
Sar-e-Pul,2015,6,40.03072361655832
Takhar,2015,6,33.35152560720233
Wardak,2015,6,36.00879227715975
Zabul,2015,6,45.66169317294067
Khost,2015,7,33.907971203636556
Paktika,2015,7,41.47194985673191
Daykundi,2015,7,40.05137463036977
Panjsher,2015,7,25.854696217279134
Parwan,2015,7,35.85775832843193
Uruzgan,2015,7,41.65958070236162
Badakhshan,2015,7,24.30319319278108
Badghis,2015,7,45.812161004086526
Baghlan,2015,7,36.52357302928301
Balkh,2015,7,48.78934057602617
Bamyan,2015,7,35.89150079616034
Farah,2015,7,47.575614354863205
Faryab,2015,7,48.353760934058094
Ghazni,2015,7,40.03969019971955
Ghor,2015,7,40.008284014512064
Hilmand,2015,7,49.09613695715618
Hirat,2015,7,43.569988442501206
Jawzjan,2015,7,52.187061449841124
Kabul,2015,7,39.205428113869836
Kandahar,2015,7,49.6198153617803
Kapisa,2015,7,34.405180587676234
Kunar,2015,7,29.380175655124027
Kunduz,2015,7,47.026035957596214
Laghman,2015,7,33.72424291941745
Logar,2015,7,39.76574713715626
Nangarhar,2015,7,37.124516313751485
Nimroz,2015,7,50.6637014128811
Nuristan,2015,7,22.52242277139224
Paktya,2015,7,36.252280272873364
Samangan,2015,7,41.66007628499954
Sar-e-Pul,2015,7,41.32163710195968
Takhar,2015,7,35.697324102132384
Wardak,2015,7,37.573564587415675
Zabul,2015,7,44.42385003005815
Khost,2015,8,31.74259391327943
Paktika,2015,8,42.617766280827865
Daykundi,2015,8,38.578645101477875
Panjsher,2015,8,26.741926760228953
Parwan,2015,8,34.80439949416606
Uruzgan,2015,8,40.76752006291014
Badakhshan,2015,8,24.984674203796352
Badghis,2015,8,43.107009232924966
Baghlan,2015,8,34.89266705001284
Balkh,2015,8,45.69186054024659
Bamyan,2015,8,34.27679655689547
Farah,2015,8,45.904177585099916
Faryab,2015,8,45.32583813223299
Ghazni,2015,8,38.97920004321224
Ghor,2015,8,38.91672424568949
Hilmand,2015,8,48.48124189748716
Hirat,2015,8,41.95658505284743
Jawzjan,2015,8,49.40281331458861
Kabul,2015,8,37.80159282471323
Kandahar,2015,8,49.113298117492874
Kapisa,2015,8,33.80451010228307
Kunar,2015,8,27.050030607142467
Kunduz,2015,8,43.92099768398881
Laghman,2015,8,32.3531466582241
Logar,2015,8,38.81702648715645
Nangarhar,2015,8,34.16041090874953
Nimroz,2015,8,49.43238353727872
Nuristan,2015,8,22.67232425531546
Paktya,2015,8,35.766221256339044
Samangan,2015,8,38.967126793271746
Sar-e-Pul,2015,8,38.859905727933196
Takhar,2015,8,34.559929059505734
Wardak,2015,8,36.6839568421089
Zabul,2015,8,43.56301627109571
Khost,2015,9,31.137267304948846
Paktika,2015,9,37.764841508266365
Daykundi,2015,9,33.017726317138695
Panjsher,2015,9,21.67943324954242
Parwan,2015,9,29.34297911199309
Uruzgan,2015,9,34.88549290882906
Badakhshan,2015,9,19.785776548467894
Badghis,2015,9,37.64132801688013
Baghlan,2015,9,29.22840337241453
Balkh,2015,9,40.18151075901608
Bamyan,2015,9,28.73867855494304
Farah,2015,9,41.2233223414549
Faryab,2015,9,39.35757858307783
Ghazni,2015,9,33.6267428233393
Ghor,2015,9,33.764463636189184
Hilmand,2015,9,43.84579199635064
Hirat,2015,9,37.6833655123384
Jawzjan,2015,9,43.38256814792401
Kabul,2015,9,32.87011781627487
Kandahar,2015,9,45.163995755945244
Kapisa,2015,9,29.906106423090154
Kunar,2015,9,24.971888974946882
Kunduz,2015,9,38.97370006595487
Laghman,2015,9,30.346041039544485
Logar,2015,9,33.311675507268724
Nangarhar,2015,9,32.6584484960645
Nimroz,2015,9,45.84357719836152
Nuristan,2015,9,18.255947815233878
Paktya,2015,9,30.926308142654676
Samangan,2015,9,33.15602229426021
Sar-e-Pul,2015,9,32.954121377798096
Takhar,2015,9,29.575529008635492
Wardak,2015,9,30.784688672457627
Zabul,2015,9,38.89062164614744
Khost,2015,10,26.115659824047064
Paktika,2015,10,31.298664962932502
Daykundi,2015,10,23.44985436887208
Panjsher,2015,10,12.953499229709923
Parwan,2015,10,22.104279083445377
Uruzgan,2015,10,26.69720116687817
Badakhshan,2015,10,11.284359203188219
Badghis,2015,10,28.186588102259815
Baghlan,2015,10,22.450998330935356
Balkh,2015,10,29.656343792261012
Bamyan,2015,10,19.44561576176914
Farah,2015,10,35.893656625821954
Faryab,2015,10,29.12617075871171
Ghazni,2015,10,25.403423667624537
Ghor,2015,10,23.603979779708915
Hilmand,2015,10,39.740010075447486
Hirat,2015,10,31.588219772165314
Jawzjan,2015,10,30.39696261347881
Kabul,2015,10,24.552998055935273
Kandahar,2015,10,39.64128088361049
Kapisa,2015,10,22.490191697008694
Kunar,2015,10,20.027421406943034
Kunduz,2015,10,29.69030086229837
Laghman,2015,10,23.82362590937951
Logar,2015,10,25.093693073956604
Nangarhar,2015,10,26.43880549899468
Nimroz,2015,10,42.25921310492099
Nuristan,2015,10,10.657183101623033
Paktya,2015,10,24.75932900515681
Samangan,2015,10,25.823687379220623
Sar-e-Pul,2015,10,24.505558739812024
Takhar,2015,10,22.182016609728656
Wardak,2015,10,21.93766361077886
Zabul,2015,10,32.48306253938435
Khost,2015,11,18.242533387493065
Paktika,2015,11,17.8583274436394
Daykundi,2015,11,10.660326798984432
Panjsher,2015,11,-2.6143839373085225
Parwan,2015,11,6.917912863644607
Uruzgan,2015,11,14.381554652599608
Badakhshan,2015,11,-3.8512023284677754
Badghis,2015,11,14.941868647282151
Baghlan,2015,11,9.55858046077441
Balkh,2015,11,15.663010095013878
Bamyan,2015,11,4.134399687161326
Farah,2015,11,23.22967809101212
Faryab,2015,11,14.536765709458665
Ghazni,2015,11,11.281125668598857
Ghor,2015,11,8.988672841817882
Hilmand,2015,11,27.516363641743773
Hirat,2015,11,18.53623728566035
Jawzjan,2015,11,16.751225834262133
Kabul,2015,11,11.825519741064978
Kandahar,2015,11,26.55918644790734
Kapisa,2015,11,10.579349561927883
Kunar,2015,11,10.929538229550138
Kunduz,2015,11,16.850482967610855
Laghman,2015,11,13.876136665030566
Logar,2015,11,11.517309705887504
Nangarhar,2015,11,17.157404333788346
Nimroz,2015,11,30.00117919006632
Nuristan,2015,11,-2.449535006435024
Paktya,2015,11,12.956476321058107
Samangan,2015,11,11.431225951798247
Sar-e-Pul,2015,11,9.225155336126765
Takhar,2015,11,8.764436475884619
Wardak,2015,11,5.415380886053798
Zabul,2015,11,18.401913727126693
Khost,2015,12,14.774867246419639
Paktika,2015,12,13.414199592436397
Daykundi,2015,12,4.024116064352905
Panjsher,2015,12,-5.357130472141841
Parwan,2015,12,3.9589523053928537
Uruzgan,2015,12,8.643979375745191
Badakhshan,2015,12,-10.08229170263035
Badghis,2015,12,6.743287940409622
Baghlan,2015,12,2.334015619402671
Balkh,2015,12,9.104277518471132
Bamyan,2015,12,-3.569430771442299
Farah,2015,12,16.630209551808075
Faryab,2015,12,7.277929069213342
Ghazni,2015,12,4.151983564267293
Ghor,2015,12,2.329325233744074
Hilmand,2015,12,20.152087911800706
Hirat,2015,12,12.272098020660332
Jawzjan,2015,12,10.989691160813921
Kabul,2015,12,9.02772186823893
Kandahar,2015,12,19.752614623311068
Kapisa,2015,12,7.946124185533249
Kunar,2015,12,8.494810999654751
Kunduz,2015,12,9.690649900671694
Laghman,2015,12,11.16006647285558
Logar,2015,12,7.818361522505282
Nangarhar,2015,12,13.571663721257197
Nimroz,2015,12,22.39053642373831
Nuristan,2015,12,-4.717174490609104
Paktya,2015,12,9.682744309039883
Samangan,2015,12,2.7989460732514755
Sar-e-Pul,2015,12,1.913605374462123
Takhar,2015,12,0.8989570879983406
Wardak,2015,12,0.19380190534857286
Zabul,2015,12,13.168667458863718
Khost,2016,1,13.192778318020295
Paktika,2016,1,12.951454961046878
Daykundi,2016,1,0.7583917943971699
Panjsher,2016,1,-7.9284891750820385
Parwan,2016,1,0.4265013992981494
Uruzgan,2016,1,7.833847132479252
Badakhshan,2016,1,-10.49115028626543
Badghis,2016,1,8.371347254275102
Baghlan,2016,1,2.853840939426482
Balkh,2016,1,11.070668908199801
Bamyan,2016,1,-7.136507409436152
Farah,2016,1,17.42653025094883
Faryab,2016,1,8.932168788684155
Ghazni,2016,1,2.510625834853408
Ghor,2016,1,-2.861183252868219
Hilmand,2016,1,21.82046697566736
Hirat,2016,1,13.4632939612113
Jawzjan,2016,1,12.404916790287317
Kabul,2016,1,7.193006530093381
Kandahar,2016,1,21.45575693406853
Kapisa,2016,1,6.186295125631419
Kunar,2016,1,7.427000281764285
Kunduz,2016,1,12.1321965085082
Laghman,2016,1,9.54965395838671
Logar,2016,1,4.5348903298435514
Nangarhar,2016,1,12.048955145976944
Nimroz,2016,1,23.64938132600176
Nuristan,2016,1,-6.223894132483662
Paktya,2016,1,5.816471790782067
Samangan,2016,1,2.4849598909919113
Sar-e-Pul,2016,1,1.5213743310232348
Takhar,2016,1,2.08358704602084
Wardak,2016,1,-3.8889277031654483
Zabul,2016,1,12.88265903287743
Khost,2016,2,18.63989290243318
Paktika,2016,2,20.51988430682457
Daykundi,2016,2,8.383593584419772
Panjsher,2016,2,-4.116620268326073
Parwan,2016,2,5.164721502796136
Uruzgan,2016,2,14.694191776278469
Badakhshan,2016,2,-5.219455147760763
Badghis,2016,2,15.158381974542321
Baghlan,2016,2,7.09406196624474
Balkh,2016,2,17.704658243595578
Bamyan,2016,2,-1.873099438339845
Farah,2016,2,22.649766914952444
Faryab,2016,2,15.19732874281115
Ghazni,2016,2,10.014329843697242
Ghor,2016,2,5.024744081739971
Hilmand,2016,2,26.80939969617727
Hirat,2016,2,20.39150064498783
Jawzjan,2016,2,19.15846601619513
Kabul,2016,2,14.24815679970788
Kandahar,2016,2,27.15029314204722
Kapisa,2016,2,10.799923466520463
Kunar,2016,2,10.21668033377821
Kunduz,2016,2,17.469780783046986
Laghman,2016,2,14.09177480109369
Logar,2016,2,12.780634928475298
Nangarhar,2016,2,17.399554620892626
Nimroz,2016,2,28.636821679325063
Nuristan,2016,2,-3.7816253766098895
Paktya,2016,2,14.340860449199448
Samangan,2016,2,9.016072433789299
Sar-e-Pul,2016,2,7.089691049244575
Takhar,2016,2,7.375309986256449
Wardak,2016,2,2.9369508490765233
Zabul,2016,2,20.28985728596228
Khost,2016,3,20.288547025482554
Paktika,2016,3,20.64386552839611
Daykundi,2016,3,12.145318070900483
Panjsher,2016,3,0.8694060509413912
Parwan,2016,3,10.047394323661138
Uruzgan,2016,3,16.828578197784452
Badakhshan,2016,3,1.6026656800283936
Badghis,2016,3,19.14487674915581
Baghlan,2016,3,14.764659953830973
Balkh,2016,3,24.60551725047331
Bamyan,2016,3,5.823761999335633
Farah,2016,3,27.848571759627006
Faryab,2016,3,20.72771647887713
Ghazni,2016,3,12.510701588956785
Ghor,2016,3,10.92700223019334
Hilmand,2016,3,32.62594970802483
Hirat,2016,3,22.144244404691175
Jawzjan,2016,3,25.103925872446116
Kabul,2016,3,15.824664975062895
Kandahar,2016,3,30.18264400083326
Kapisa,2016,3,13.681877959697609
Kunar,2016,3,14.075318012234435
Kunduz,2016,3,25.187325480153177
Laghman,2016,3,17.548743223451186
Logar,2016,3,14.521172418648655
Nangarhar,2016,3,20.345853017779664
Nimroz,2016,3,37.345260326050486
Nuristan,2016,3,0.8940393938953253
Paktya,2016,3,14.53478701329088
Samangan,2016,3,17.570573658193506
Sar-e-Pul,2016,3,13.742081858743013
Takhar,2016,3,14.750987256697739
Wardak,2016,3,7.8286315171898835
Zabul,2016,3,20.224809727119528
Khost,2016,4,28.963223093384453
Paktika,2016,4,32.09078470488334
Daykundi,2016,4,23.293310069107704
Panjsher,2016,4,8.686262139792227
Parwan,2016,4,19.41770784153436
Uruzgan,2016,4,27.584507144161403
Badakhshan,2016,4,8.606769993401407
Badghis,2016,4,27.887642416426356
Baghlan,2016,4,20.71878572206002
Balkh,2016,4,34.95047028907447
Bamyan,2016,4,16.591600702974464
Farah,2016,4,39.96557600061099
Faryab,2016,4,28.950585225375733
Ghazni,2016,4,24.699427159270453
Ghor,2016,4,23.149816713278618
Hilmand,2016,4,44.20093478191706
Hirat,2016,4,33.69763663661633
Jawzjan,2016,4,36.41730225981112
Kabul,2016,4,25.039272808638717
Kandahar,2016,4,42.97659891474418
Kapisa,2016,4,22.31709463993163
Kunar,2016,4,22.372752765501083
Kunduz,2016,4,34.31455529675384
Laghman,2016,4,26.453379767594033
Logar,2016,4,24.412061114793254
Nangarhar,2016,4,29.61453049968569
Nimroz,2016,4,48.28264303345925
Nuristan,2016,4,8.843131188260827
Paktya,2016,4,24.941757984573073
Samangan,2016,4,24.624969248098814
Sar-e-Pul,2016,4,23.011683635867755
Takhar,2016,4,21.310426534930812
Wardak,2016,4,19.030482307383057
Zabul,2016,4,33.122820259061946
Khost,2016,5,37.20881673180082
Paktika,2016,5,42.75341226895087
Daykundi,2016,5,33.861253467186806
Panjsher,2016,5,17.25721307582789
Parwan,2016,5,28.90682628563274
Uruzgan,2016,5,39.051484955630904
Badakhshan,2016,5,14.919695759250315
Badghis,2016,5,41.681821482190124
Baghlan,2016,5,28.73176195013557
Balkh,2016,5,44.58402795393474
Bamyan,2016,5,27.220537736127326
Farah,2016,5,48.08158772148809
Faryab,2016,5,42.21088205242498
Ghazni,2016,5,35.79915801846754
Ghor,2016,5,33.40170873199146
Hilmand,2016,5,51.79862883784195
Hirat,2016,5,43.67373564434609
Jawzjan,2016,5,48.618702041689694
Kabul,2016,5,35.32756852643948
Kandahar,2016,5,51.71490863606901
Kapisa,2016,5,31.962697155170844
Kunar,2016,5,30.245411677917406
Kunduz,2016,5,44.23942725459578
Laghman,2016,5,35.82008260005048
Logar,2016,5,35.688874359747516
Nangarhar,2016,5,38.90456992561455
Nimroz,2016,5,52.90137051030374
Nuristan,2016,5,16.93754914924037
Paktya,2016,5,34.72514394291717
Samangan,2016,5,32.33565684119364
Sar-e-Pul,2016,5,32.89219890603125
Takhar,2016,5,28.90654657898747
Wardak,2016,5,30.465037544593777
Zabul,2016,5,43.99871673611476
Khost,2016,6,37.852320508247985
Paktika,2016,6,45.07553680398755
Daykundi,2016,6,39.45023373760988
Panjsher,2016,6,23.469312743482604
Parwan,2016,6,33.49713846401665
Uruzgan,2016,6,42.21506659072368
Badakhshan,2016,6,22.861837499870614
Badghis,2016,6,45.28566402901336
Baghlan,2016,6,34.930848977585875
Balkh,2016,6,48.94094533649075
Bamyan,2016,6,33.39679100468813
Farah,2016,6,48.77001216678125
Faryab,2016,6,47.15734303706857
Ghazni,2016,6,40.198075507938036
Ghor,2016,6,39.22443667844266
Hilmand,2016,6,51.948657685015
Hirat,2016,6,44.665340874123
Jawzjan,2016,6,52.68344719316926
Kabul,2016,6,38.99082764316274
Kandahar,2016,6,52.25046576291142
Kapisa,2016,6,35.78013569620938
Kunar,2016,6,31.796098063895567
Kunduz,2016,6,48.59692587112819
Laghman,2016,6,38.41383490543126
Logar,2016,6,38.956894526887204
Nangarhar,2016,6,40.75267730260764
Nimroz,2016,6,53.41051406567906
Nuristan,2016,6,22.73950691228541
Paktya,2016,6,37.570342076447524
Samangan,2016,6,39.16925588383415
Sar-e-Pul,2016,6,39.236963240965125
Takhar,2016,6,35.73833046309014
Wardak,2016,6,35.30682214982983
Zabul,2016,6,46.72904724173518
Khost,2016,7,32.55124929378978
Paktika,2016,7,43.94097701826195
Daykundi,2016,7,41.1815409015532
Panjsher,2016,7,28.52178768520915
Parwan,2016,7,36.141636020834184
Uruzgan,2016,7,43.61791824918605
Badakhshan,2016,7,26.219129741082536
Badghis,2016,7,46.75163975755261
Baghlan,2016,7,37.10978670572108
Balkh,2016,7,49.614703525249666
Bamyan,2016,7,36.276804572361904
Farah,2016,7,49.1061540050404
Faryab,2016,7,48.621822892101605
Ghazni,2016,7,41.97371763201318
Ghor,2016,7,41.15655039295615
Hilmand,2016,7,51.32308875026082
Hirat,2016,7,44.800482454011686
Jawzjan,2016,7,53.836808503466685
Kabul,2016,7,40.10929489032821
Kandahar,2016,7,51.63858892792501
Kapisa,2016,7,36.307075974890736
Kunar,2016,7,29.00830831297267
Kunduz,2016,7,48.02517064673353
Laghman,2016,7,35.874584286056404
Logar,2016,7,40.662161606451015
Nangarhar,2016,7,38.410653997164864
Nimroz,2016,7,52.3278670272481
Nuristan,2016,7,25.328569178022214
Paktya,2016,7,37.37793065275031
Samangan,2016,7,41.59654282301433
Sar-e-Pul,2016,7,41.34160168471427
Takhar,2016,7,37.2299128348242
Wardak,2016,7,38.27164302431247
Zabul,2016,7,46.65756426484918
Khost,2016,8,32.547456725561474
Paktika,2016,8,41.73854673098638
Daykundi,2016,8,37.62243639036106
Panjsher,2016,8,26.597750947879618
Parwan,2016,8,34.09443830018251
Uruzgan,2016,8,39.61197837417674
Badakhshan,2016,8,24.567127384587312
Badghis,2016,8,43.89326714615627
Baghlan,2016,8,35.47173727310729
Balkh,2016,8,46.92441592237626
Bamyan,2016,8,34.01638808680347
Farah,2016,8,45.925773656891685
Faryab,2016,8,46.12931704072745
Ghazni,2016,8,38.64713677262037
Ghor,2016,8,38.541386612669505
Hilmand,2016,8,48.019158405935286
Hirat,2016,8,42.006941621855276
Jawzjan,2016,8,50.55954556391517
Kabul,2016,8,37.16916439912911
Kandahar,2016,8,49.723909930656724
Kapisa,2016,8,33.95015309250436
Kunar,2016,8,27.82296593959132
Kunduz,2016,8,44.910775905426554
Laghman,2016,8,33.73152909344307
Logar,2016,8,36.90237620269667
Nangarhar,2016,8,35.93573803566361
Nimroz,2016,8,49.86904109909252
Nuristan,2016,8,22.11163023822877
Paktya,2016,8,34.66571958608889
Samangan,2016,8,39.75518142342753
Sar-e-Pul,2016,8,39.09362016046053
Takhar,2016,8,35.52945971237806
Wardak,2016,8,35.3684994189509
Zabul,2016,8,44.14232688132342
Khost,2016,9,32.83296704766461
Paktika,2016,9,40.81608622833559
Daykundi,2016,9,35.118588072217655
Panjsher,2016,9,24.442339142325924
Parwan,2016,9,32.05258944960191
Uruzgan,2016,9,37.50945419921409
Badakhshan,2016,9,23.453945471725966
Badghis,2016,9,39.51093470573932
Baghlan,2016,9,32.31034671286785
Balkh,2016,9,41.66111754004387
Bamyan,2016,9,31.490993264279794
Farah,2016,9,44.510018189972975
Faryab,2016,9,40.57821231411579
Ghazni,2016,9,37.041507499846894
Ghor,2016,9,35.97538852358962
Hilmand,2016,9,47.4744125210955
Hirat,2016,9,40.319550047347924
Jawzjan,2016,9,43.40304920934977
Kabul,2016,9,35.029386270826265
Kandahar,2016,9,48.06356860389469
Kapisa,2016,9,32.03827135495258
Kunar,2016,9,26.818087217293193
Kunduz,2016,9,41.00879963992237
Laghman,2016,9,32.323955786107625
Logar,2016,9,35.530800070184284
Nangarhar,2016,9,34.43045896177389
Nimroz,2016,9,49.231348427317656
Nuristan,2016,9,21.803527793358494
Paktya,2016,9,34.23587648351898
Samangan,2016,9,36.19811289110938
Sar-e-Pul,2016,9,35.263340070746935
Takhar,2016,9,32.586096159594405
Wardak,2016,9,33.56317728239968
Zabul,2016,9,42.749695217102996
Khost,2016,10,28.19777733491458
Paktika,2016,10,31.509793219174224
Daykundi,2016,10,25.039948884411306
Panjsher,2016,10,14.217544711988946
Parwan,2016,10,22.336243500801928
Uruzgan,2016,10,27.65579077525513
Badakhshan,2016,10,10.966345811108187
Badghis,2016,10,28.582863414727413
Baghlan,2016,10,21.704699163994988
Balkh,2016,10,29.716344369965956
Bamyan,2016,10,20.98107548093251
Farah,2016,10,33.679065233786545
Faryab,2016,10,28.725169948166375
Ghazni,2016,10,26.678994549787745
Ghor,2016,10,25.316949065030887
Hilmand,2016,10,37.40145112119016
Hirat,2016,10,29.913794956487344
Jawzjan,2016,10,30.533271609970463
Kabul,2016,10,25.747051553222928
Kandahar,2016,10,37.833699916711915
Kapisa,2016,10,23.712860247209573
Kunar,2016,10,21.413192498587907
Kunduz,2016,10,29.590501882584437
Laghman,2016,10,25.647544646072742
Logar,2016,10,25.963585556508274
Nangarhar,2016,10,27.89290677910698
Nimroz,2016,10,38.791401502602504
Nuristan,2016,10,12.580106447102697
Paktya,2016,10,25.603486613327295
Samangan,2016,10,24.980581930400717
Sar-e-Pul,2016,10,24.417575337150062
Takhar,2016,10,22.04430607841446
Wardak,2016,10,23.39234414926149
Zabul,2016,10,32.224448361351605
Khost,2016,11,21.716232220264537
Paktika,2016,11,22.56267713335251
Daykundi,2016,11,15.101002899522419
Panjsher,2016,11,4.7968527320885554
Parwan,2016,11,13.376214307197491
Uruzgan,2016,11,17.84963898924253
Badakhshan,2016,11,-0.21179447956177014
Badghis,2016,11,18.418328841062547
Baghlan,2016,11,11.997947229043998
Balkh,2016,11,18.422697328418277
Bamyan,2016,11,10.180125760260468
Farah,2016,11,25.80236360521742
Faryab,2016,11,17.070520900962837
Ghazni,2016,11,16.536577411421405
Ghor,2016,11,14.354487111326197
Hilmand,2016,11,29.133392653557863
Hirat,2016,11,19.397918587662865
Jawzjan,2016,11,20.91354917846214
Kabul,2016,11,17.560438959316713
Kandahar,2016,11,29.011331198023832
Kapisa,2016,11,15.950455193116195
Kunar,2016,11,15.862350765239233
Kunduz,2016,11,15.500526467428978
Laghman,2016,11,18.75594097778861
Logar,2016,11,16.4977009298668
Nangarhar,2016,11,20.937756272193916
Nimroz,2016,11,31.494505576650198
Nuristan,2016,11,3.72903630556706
Paktya,2016,11,17.072751471954273
Samangan,2016,11,14.007388452286564
Sar-e-Pul,2016,11,11.937372502395858
Takhar,2016,11,9.309653517015315
Wardak,2016,11,12.410495787864713
Zabul,2016,11,23.30676431841691
Khost,2016,12,18.25327336895892
Paktika,2016,12,19.0595637554182
Daykundi,2016,12,9.310569742863002
Panjsher,2016,12,-1.6454046692307644
Parwan,2016,12,8.12452901857285
Uruzgan,2016,12,13.47745447244252
Badakhshan,2016,12,-5.991609231401475
Badghis,2016,12,13.595543746447715
Baghlan,2016,12,7.632587725354783
Balkh,2016,12,11.640512209988763
Bamyan,2016,12,3.9220040071645097
Farah,2016,12,21.37861443485945
Faryab,2016,12,11.82199132572497
Ghazni,2016,12,12.435992191566992
Ghor,2016,12,7.624400756921451
Hilmand,2016,12,24.941194954218993
Hirat,2016,12,16.902691708877224
Jawzjan,2016,12,12.895890387130368
Kabul,2016,12,13.898151826572468
Kandahar,2016,12,25.705954899308747
Kapisa,2016,12,12.097773677296901
Kunar,2016,12,11.839579708208596
Kunduz,2016,12,13.00438505837979
Laghman,2016,12,14.68507371494744
Logar,2016,12,13.465884003683211
Nangarhar,2016,12,16.668093796520175
Nimroz,2016,12,26.660553469204938
Nuristan,2016,12,-2.2895616507318564
Paktya,2016,12,13.984191338013522
Samangan,2016,12,8.570209034636255
Sar-e-Pul,2016,12,6.738012549752138
Takhar,2016,12,6.212347013156447
Wardak,2016,12,8.403520537880159
Zabul,2016,12,19.58659259614581
Khost,2017,1,8.54138030470694
Paktika,2017,1,9.427187449798806
Daykundi,2017,1,-0.08268285939331084
Panjsher,2017,1,-12.277670764251344
Parwan,2017,1,-4.36414954279658
Uruzgan,2017,1,6.761022589945082
Badakhshan,2017,1,-14.659507540568873
Badghis,2017,1,4.230857851780666
Baghlan,2017,1,-1.4319331172849659
Balkh,2017,1,7.998951387783394
Bamyan,2017,1,-8.640831400520126
Farah,2017,1,15.347245236727732
Faryab,2017,1,5.744437270076994
Ghazni,2017,1,0.6875213542544748
Ghor,2017,1,-2.3857370185725753
Hilmand,2017,1,19.24871095939238
Hirat,2017,1,10.365350800021506
Jawzjan,2017,1,9.566671837549638
Kabul,2017,1,2.107279661513264
Kandahar,2017,1,17.003449760732593
Kapisa,2017,1,1.7686932257482437
Kunar,2017,1,3.87017964458017
Kunduz,2017,1,8.15233681578787
Laghman,2017,1,5.141844331039001
Logar,2017,1,0.5647870354875208
Nangarhar,2017,1,7.668618219799819
Nimroz,2017,1,21.756122327412534
Nuristan,2017,1,-10.120041942253991
Paktya,2017,1,2.2630118882996824
Samangan,2017,1,0.3275766919899974
Sar-e-Pul,2017,1,-2.189799578258984
Takhar,2017,1,-1.2193996218611662
Wardak,2017,1,-5.940917270024649
Zabul,2017,1,9.894991868870509
Khost,2017,2,13.773973549880822
Paktika,2017,2,11.807457983189623
Daykundi,2017,2,1.0709161020297289
Panjsher,2017,2,-9.02957176367823
Parwan,2017,2,-1.4800862919612294
Uruzgan,2017,2,8.366894173996714
Badakhshan,2017,2,-10.396181497589986
Badghis,2017,2,4.57808330387054
Baghlan,2017,2,2.0328595072587006
Balkh,2017,2,11.07145891068735
Bamyan,2017,2,-6.353069013261936
Farah,2017,2,19.069991830319317
Faryab,2017,2,6.964686538838812
Ghazni,2017,2,-0.4093415148337694
Ghor,2017,2,-2.788010539281067
Hilmand,2017,2,22.25241793641693
Hirat,2017,2,12.750021435917782
Jawzjan,2017,2,12.990874941354583
Kabul,2017,2,5.015119046301611
Kandahar,2017,2,21.626217314569704
Kapisa,2017,2,4.7716768024423954
Kunar,2017,2,7.3082899685297456
Kunduz,2017,2,10.219903315765212
Laghman,2017,2,10.149291165597107
Logar,2017,2,1.4609275333577956
Nangarhar,2017,2,13.404275672775261
Nimroz,2017,2,25.93751618246815
Nuristan,2017,2,-7.220556665414291
Paktya,2017,2,3.4257206623763454
Samangan,2017,2,2.614514507172798
Sar-e-Pul,2017,2,-0.42433358202885313
Takhar,2017,2,1.475894209305754
Wardak,2017,2,-5.367380314111427
Zabul,2017,2,11.202205744658901
Khost,2017,3,23.02729432892747
Paktika,2017,3,24.743798308762024
Daykundi,2017,3,11.718276186418697
Panjsher,2017,3,-1.2581670568653514
Parwan,2017,3,10.056650526872168
Uruzgan,2017,3,17.55196851494036
Badakhshan,2017,3,-2.596293157364453
Badghis,2017,3,17.33914271949075
Baghlan,2017,3,14.362989614616433
Balkh,2017,3,23.767761118310606
Bamyan,2017,3,3.8140852841165214
Farah,2017,3,27.959710110739604
Faryab,2017,3,19.2871013045527
Ghazni,2017,3,13.531417468613451
Ghor,2017,3,9.367223622132116
Hilmand,2017,3,32.94951350463514
Hirat,2017,3,22.180022000138177
Jawzjan,2017,3,24.492194057989806
Kabul,2017,3,18.68114663048754
Kandahar,2017,3,31.74674027000426
Kapisa,2017,3,16.244424891943734
Kunar,2017,3,15.235533007430394
Kunduz,2017,3,26.278339470631515
Laghman,2017,3,18.47896612995897
Logar,2017,3,16.378238918898212
Nangarhar,2017,3,22.665544543175642
Nimroz,2017,3,36.16666384375676
Nuristan,2017,3,0.6187250318737063
Paktya,2017,3,16.23044348904653
Samangan,2017,3,15.172109698030932
Sar-e-Pul,2017,3,10.965091414359076
Takhar,2017,3,13.45948389642554
Wardak,2017,3,6.302313977036633
Zabul,2017,3,23.32740198873819
Khost,2017,4,33.94964639182398
Paktika,2017,4,38.20344441556643
Daykundi,2017,4,26.433084617862544
Panjsher,2017,4,8.601515294906843
Parwan,2017,4,22.417512115594267
Uruzgan,2017,4,31.51374092817526
Badakhshan,2017,4,5.697482746378742
Badghis,2017,4,29.767055173699163
Baghlan,2017,4,20.179136099756402
Balkh,2017,4,32.52500567124744
Bamyan,2017,4,17.04482056182059
Farah,2017,4,38.87114469223305
Faryab,2017,4,29.47255434172761
Ghazni,2017,4,28.99568363719001
Ghor,2017,4,25.87527320268784
Hilmand,2017,4,44.743102102669226
Hirat,2017,4,33.09462804369322
Jawzjan,2017,4,34.08594401767593
Kabul,2017,4,29.591795862130045
Kandahar,2017,4,45.197738207974325
Kapisa,2017,4,26.505414485388734
Kunar,2017,4,25.196222466800172
Kunduz,2017,4,31.902935732002774
Laghman,2017,4,29.692396356284224
Logar,2017,4,29.288938361037143
Nangarhar,2017,4,33.55269130573331
Nimroz,2017,4,46.45794723603309
Nuristan,2017,4,9.658881802822236
Paktya,2017,4,29.895034990137646
Samangan,2017,4,25.09939387653994
Sar-e-Pul,2017,4,21.753187384040253
Takhar,2017,4,19.09664142516154
Wardak,2017,4,22.379326570147605
Zabul,2017,4,36.706691625864565
Khost,2017,5,36.954008827375844
Paktika,2017,5,42.714165169602005
Daykundi,2017,5,33.84559744836273
Panjsher,2017,5,17.7787173366952
Parwan,2017,5,30.000594951061753
Uruzgan,2017,5,38.441415852659
Badakhshan,2017,5,15.454703844734357
Badghis,2017,5,40.574257988072475
Baghlan,2017,5,29.901997122052375
Balkh,2017,5,44.398672783598705
Bamyan,2017,5,26.97122191377619
Farah,2017,5,47.368239068476164
Faryab,2017,5,41.99667691585083
Ghazni,2017,5,35.10135451354316
Ghor,2017,5,34.07540727138971
Hilmand,2017,5,51.08800240560687
Hirat,2017,5,42.94119432847766
Jawzjan,2017,5,47.53209986181031
Kabul,2017,5,35.763090162690965
Kandahar,2017,5,50.91787167668366
Kapisa,2017,5,32.61445495866781
Kunar,2017,5,30.663483446678406
Kunduz,2017,5,44.64290756816807
Laghman,2017,5,35.7698427734588
Logar,2017,5,34.67933532802879
Nangarhar,2017,5,38.59047009115119
Nimroz,2017,5,53.059767230934206
Nuristan,2017,5,17.55041333635125
Paktya,2017,5,33.30993663164575
Samangan,2017,5,34.62402535919359
Sar-e-Pul,2017,5,33.673399186969796
Takhar,2017,5,28.40685782341534
Wardak,2017,5,30.238700323252655
Zabul,2017,5,43.4792583602506
Khost,2017,6,38.34249747364673
Paktika,2017,6,46.571107917833885
Daykundi,2017,6,40.25220255780244
Panjsher,2017,6,25.79508353896709
Parwan,2017,6,36.17900607413474
Uruzgan,2017,6,43.7296010476346
Badakhshan,2017,6,22.773094602356018
Badghis,2017,6,45.932456650840855
Baghlan,2017,6,37.15900346169556
Balkh,2017,6,48.872829126323474
Bamyan,2017,6,35.27232489990343
Farah,2017,6,50.052894658931436
Faryab,2017,6,47.8994501813855
Ghazni,2017,6,41.7978423337428
Ghor,2017,6,39.869241669593755
Hilmand,2017,6,53.82438476997656
Hirat,2017,6,45.27258541189868
Jawzjan,2017,6,52.33451200509757
Kabul,2017,6,41.36800782352358
Kandahar,2017,6,53.920307258062365
Kapisa,2017,6,37.76553965980572
Kunar,2017,6,33.68160668262013
Kunduz,2017,6,48.77834644837533
Laghman,2017,6,39.09784062260785
Logar,2017,6,41.22140064625488
Nangarhar,2017,6,41.842588159365924
Nimroz,2017,6,54.82242913711314
Nuristan,2017,6,24.798779430917307
Paktya,2017,6,38.915005196402376
Samangan,2017,6,41.780969212630076
Sar-e-Pul,2017,6,40.48976469318876
Takhar,2017,6,35.9256884840786
Wardak,2017,6,37.72003014831324
Zabul,2017,6,48.52106015592692
Khost,2017,7,32.47652675826071
Paktika,2017,7,43.87889013248015
Daykundi,2017,7,41.02751728794278
Panjsher,2017,7,29.401363592880216
Parwan,2017,7,37.12561454467492
Uruzgan,2017,7,43.11593212478964
Badakhshan,2017,7,27.329224186412784
Badghis,2017,7,45.724458848402215
Baghlan,2017,7,38.44405796206918
Balkh,2017,7,48.636224477279995
Bamyan,2017,7,37.04839272175221
Farah,2017,7,47.855681923609424
Faryab,2017,7,47.83604079665295
Ghazni,2017,7,42.20443853750133
Ghor,2017,7,41.09233027496382
Hilmand,2017,7,50.05452787142105
Hirat,2017,7,43.44253397753156
Jawzjan,2017,7,51.465207871724466
Kabul,2017,7,39.8603120279326
Kandahar,2017,7,51.14838285720408
Kapisa,2017,7,36.11751765174708
Kunar,2017,7,28.52579583531213
Kunduz,2017,7,47.35525324872091
Laghman,2017,7,34.016709863762685
Logar,2017,7,40.05829396777286
Nangarhar,2017,7,36.84118387252318
Nimroz,2017,7,51.339424602531174
Nuristan,2017,7,25.097707931770724
Paktya,2017,7,36.35138360819272
Samangan,2017,7,42.74021224683865
Sar-e-Pul,2017,7,41.1080324151939
Takhar,2017,7,37.56904874524889
Wardak,2017,7,38.653264018515706
Zabul,2017,7,47.0336182251603
Khost,2017,8,31.407425101054155
Paktika,2017,8,43.650441193584655
Daykundi,2017,8,39.05155474449847
Panjsher,2017,8,27.95386400927258
Parwan,2017,8,35.487541302510905
Uruzgan,2017,8,40.92333708807929
Badakhshan,2017,8,26.844106017203433
Badghis,2017,8,44.48943479680606
Baghlan,2017,8,36.1713722773637
Balkh,2017,8,46.91233441664743
Bamyan,2017,8,35.192042623356684
Farah,2017,8,46.50006098414928
Faryab,2017,8,46.706722375079806
Ghazni,2017,8,40.62451952098204
Ghor,2017,8,40.069987292434675
Hilmand,2017,8,48.66061348764983
Hirat,2017,8,42.649269175279386
Jawzjan,2017,8,50.526186501779
Kabul,2017,8,37.71076715282124
Kandahar,2017,8,50.33249045981742
Kapisa,2017,8,34.07099091611975
Kunar,2017,8,27.272540134876387
Kunduz,2017,8,44.88197475692774
Laghman,2017,8,32.8795438319656
Logar,2017,8,38.47314572949166
Nangarhar,2017,8,35.499875084073764
Nimroz,2017,8,50.56642832486685
Nuristan,2017,8,23.77325817336782
Paktya,2017,8,35.92302755666089
Samangan,2017,8,40.124519054761734
Sar-e-Pul,2017,8,39.697767194099555
Takhar,2017,8,35.76838621132488
Wardak,2017,8,37.16456896138578
Zabul,2017,8,45.54743098711764
Khost,2017,9,32.33585463141906
Paktika,2017,9,39.952198216733144
Daykundi,2017,9,33.446938479858325
Panjsher,2017,9,22.192600909998674
Parwan,2017,9,30.612100532203314
Uruzgan,2017,9,35.68758338791347
Badakhshan,2017,9,20.53812133315265
Badghis,2017,9,37.962224518777525
Baghlan,2017,9,30.13096303291068
Balkh,2017,9,38.57787480590986
Bamyan,2017,9,29.585804328549287
Farah,2017,9,41.67500560431868
Faryab,2017,9,38.731533488502826
Ghazni,2017,9,35.574340377739375
Ghor,2017,9,34.4164299199525
Hilmand,2017,9,44.65985669805081
Hirat,2017,9,38.17597132152181
Jawzjan,2017,9,41.20150356306789
Kabul,2017,9,33.67642609325985
Kandahar,2017,9,46.842174582101805
Kapisa,2017,9,30.785630941392505
Kunar,2017,9,25.924429146201323
Kunduz,2017,9,37.80076357471224
Laghman,2017,9,31.322797366882455
Logar,2017,9,34.22066693403499
Nangarhar,2017,9,33.950710208564054
Nimroz,2017,9,46.48841130665399
Nuristan,2017,9,18.982749869294505
Paktya,2017,9,32.964209807600504
Samangan,2017,9,33.520452334532685
Sar-e-Pul,2017,9,32.9838756253577
Takhar,2017,9,29.62620741376491
Wardak,2017,9,31.998899517120126
Zabul,2017,9,41.183465107536826
Khost,2017,10,29.018536442488156
Paktika,2017,10,33.11608690705125
Daykundi,2017,10,26.60730831963808
Panjsher,2017,10,14.720822082200575
Parwan,2017,10,23.37049173204554
Uruzgan,2017,10,29.251476402480925
Badakhshan,2017,10,13.244588892210082
Badghis,2017,10,31.119097632452267
Baghlan,2017,10,23.905448326657226
Balkh,2017,10,31.93577316445978
Bamyan,2017,10,22.578022550668642
Farah,2017,10,36.91914949531538
Faryab,2017,10,31.539225701025625
Ghazni,2017,10,28.076768156292957
Ghor,2017,10,27.14159407270995
Hilmand,2017,10,40.438016820651825
Hirat,2017,10,32.92610601508593
Jawzjan,2017,10,33.01420329096626
Kabul,2017,10,26.874909695054797
Kandahar,2017,10,40.38289134948981
Kapisa,2017,10,24.253826287961598
Kunar,2017,10,22.696700698854897
Kunduz,2017,10,31.35955020390542
Laghman,2017,10,26.141658221281865
Logar,2017,10,27.114783926839426
Nangarhar,2017,10,28.23709664672295
Nimroz,2017,10,42.02881305785937
Nuristan,2017,10,13.430594518870622
Paktya,2017,10,26.645952727232437
Samangan,2017,10,27.531241697350325
Sar-e-Pul,2017,10,26.363614699503746
Takhar,2017,10,23.831901721925156
Wardak,2017,10,24.67212424957373
Zabul,2017,10,34.282122882155434
Khost,2017,11,19.690484232964106
Paktika,2017,11,22.602214508498584
Daykundi,2017,11,15.919268215656572
Panjsher,2017,11,6.490721345164891
Parwan,2017,11,13.172394302642047
Uruzgan,2017,11,19.068636976214126
Badakhshan,2017,11,5.766286845449711
Badghis,2017,11,21.937596479792514
Baghlan,2017,11,15.386781151890352
Balkh,2017,11,22.39571485213902
Bamyan,2017,11,9.63006178435103
Farah,2017,11,27.28843875942912
Faryab,2017,11,21.244522718923605
Ghazni,2017,11,15.497326237161088
Ghor,2017,11,15.874498908035108
Hilmand,2017,11,30.47562426701021
Hirat,2017,11,23.774873206612853
Jawzjan,2017,11,22.545814180943935
Kabul,2017,11,16.824314394379556
Kandahar,2017,11,30.41190425626232
Kapisa,2017,11,15.571225225393974
Kunar,2017,11,14.701112171953014
Kunduz,2017,11,23.10399362106538
Laghman,2017,11,17.108295102961165
Logar,2017,11,16.53226248515409
Nangarhar,2017,11,18.727314389846278
Nimroz,2017,11,32.210120486308845
Nuristan,2017,11,4.44420578815289
Paktya,2017,11,16.992031864278037
Samangan,2017,11,17.390882407576793
Sar-e-Pul,2017,11,15.291870663666417
Takhar,2017,11,15.613059324835968
Wardak,2017,11,12.780404674420671
Zabul,2017,11,23.70761263775875
Khost,2017,12,13.823595602849688
Paktika,2017,12,14.718994237921805
Daykundi,2017,12,8.047388140099022
Panjsher,2017,12,-7.691693717612261
Parwan,2017,12,3.632205963001077
Uruzgan,2017,12,11.448943406893044
Badakhshan,2017,12,-9.140517722999121
Badghis,2017,12,12.603061305976183
Baghlan,2017,12,3.814075357167768
Balkh,2017,12,12.80192552642553
Bamyan,2017,12,-0.8681637755747692
Farah,2017,12,19.676711796186375
Faryab,2017,12,11.58769996995924
Ghazni,2017,12,6.625782911405907
Ghor,2017,12,7.0334350293440755
Hilmand,2017,12,21.582596769467322
Hirat,2017,12,15.879834905214839
Jawzjan,2017,12,13.979832723606677
Kabul,2017,12,8.46846395479776
Kandahar,2017,12,21.413401131970343
Kapisa,2017,12,6.254618448076815
Kunar,2017,12,7.271169639302007
Kunduz,2017,12,11.68099906413292
Laghman,2017,12,8.703699849071919
Logar,2017,12,7.7533801485909475
Nangarhar,2017,12,12.13834213665614
Nimroz,2017,12,23.213554688443743
Nuristan,2017,12,-6.934624618807557
Paktya,2017,12,8.982997722834709
Samangan,2017,12,7.037738707367597
Sar-e-Pul,2017,12,5.323337289411578
Takhar,2017,12,3.05852917847528
Wardak,2017,12,4.215319868012636
Zabul,2017,12,15.300695675027365
Khost,2018,1,14.717420368428483
Paktika,2018,1,15.692155353041896
Daykundi,2018,1,7.990228679167179
Panjsher,2018,1,-6.4108261906043
Parwan,2018,1,5.290614180662522
Uruzgan,2018,1,11.708343872865104
Badakhshan,2018,1,-9.338421804812699
Badghis,2018,1,13.90772750141122
Baghlan,2018,1,4.854977766280574
Balkh,2018,1,13.428432143171547
Bamyan,2018,1,-0.17938050923027726
Farah,2018,1,19.474537723577285
Faryab,2018,1,12.087544525036913
Ghazni,2018,1,7.544706018875098
Ghor,2018,1,7.2310014359285475
Hilmand,2018,1,22.343736243188953
Hirat,2018,1,16.297418954968613
Jawzjan,2018,1,12.740502388674189
Kabul,2018,1,10.60086334736973
Kandahar,2018,1,21.94164189514073
Kapisa,2018,1,7.7371621786553435
Kunar,2018,1,8.13734907751959
Kunduz,2018,1,9.490666011647404
Laghman,2018,1,10.27783976829769
Logar,2018,1,9.873701050772256
Nangarhar,2018,1,13.169745190639283
Nimroz,2018,1,23.970394023263577
Nuristan,2018,1,-6.079829277470708
Paktya,2018,1,10.74908210870937
Samangan,2018,1,7.23967169586127
Sar-e-Pul,2018,1,5.863115389348171
Takhar,2018,1,3.651219362785679
Wardak,2018,1,5.011950513298164
Zabul,2018,1,15.86086789571951
Khost,2018,2,15.673256690454231
Paktika,2018,2,16.104765133611256
Daykundi,2018,2,7.646242270200661
Panjsher,2018,2,-6.425418991701454
Parwan,2018,2,3.3439779630133066
Uruzgan,2018,2,13.69513925969527
Badakhshan,2018,2,-7.072640058251832
Badghis,2018,2,13.092344021342488
Baghlan,2018,2,6.79946889429173
Balkh,2018,2,14.64684088820644
Bamyan,2018,2,-1.3521743505563204
Farah,2018,2,23.552520990287938
Faryab,2018,2,14.804350479139641
Ghazni,2018,2,6.347012666250727
Ghor,2018,2,3.9379736218283283
Hilmand,2018,2,27.58660612661264
Hirat,2018,2,18.41976064911483
Jawzjan,2018,2,20.126361117935446
Kabul,2018,2,11.146844147885432
Kandahar,2018,2,26.16774137055527
Kapisa,2018,2,9.026798579345183
Kunar,2018,2,8.736753503203268
Kunduz,2018,2,11.83594835396877
Laghman,2018,2,12.633505793673525
Logar,2018,2,9.758572081194464
Nangarhar,2018,2,15.548798051379165
Nimroz,2018,2,29.9990994973782
Nuristan,2018,2,-5.260124132113499
Paktya,2018,2,9.519765862750857
Samangan,2018,2,4.673936088087846
Sar-e-Pul,2018,2,3.8257719717430376
Takhar,2018,2,4.959743778183673
Wardak,2018,2,2.1194931416263185
Zabul,2018,2,16.172717958772346
Khost,2018,3,24.268723437090472
Paktika,2018,3,26.585537389613677
Daykundi,2018,3,17.281189267556503
Panjsher,2018,3,4.3188727855404805
Parwan,2018,3,16.015768420652385
Uruzgan,2018,3,22.508536766382395
Badakhshan,2018,3,3.3171114282401946
Badghis,2018,3,24.940017257938827
Baghlan,2018,3,18.707411134286488
Balkh,2018,3,28.178873103381044
Bamyan,2018,3,12.013852931951487
Farah,2018,3,33.9091585503367
Faryab,2018,3,26.88938061144145
Ghazni,2018,3,18.62021545437085
Ghor,2018,3,15.987736611316452
Hilmand,2018,3,38.24962317269238
Hirat,2018,3,27.844586714839984
Jawzjan,2018,3,30.159540567843774
Kabul,2018,3,21.795958959759343
Kandahar,2018,3,37.1083519103533
Kapisa,2018,3,19.719557267274567
Kunar,2018,3,18.078658880227238
Kunduz,2018,3,28.18937136794548
Laghman,2018,3,22.06397955742279
Logar,2018,3,20.458242173763345
Nangarhar,2018,3,25.13878530305041
Nimroz,2018,3,43.06566925222643
Nuristan,2018,3,4.239981701817313
Paktya,2018,3,20.687275030212138
Samangan,2018,3,20.57933493931188
Sar-e-Pul,2018,3,17.875561395133307
Takhar,2018,3,17.440209618556455
Wardak,2018,3,14.525548505058952
Zabul,2018,3,27.263043463334853
Khost,2018,4,28.587288355352882
Paktika,2018,4,32.04830597692135
Daykundi,2018,4,22.43257123342457
Panjsher,2018,4,8.827662657058244
Parwan,2018,4,20.82226178014872
Uruzgan,2018,4,26.69821611107022
Badakhshan,2018,4,8.584374509040316
Badghis,2018,4,30.547287137809967
Baghlan,2018,4,21.181876705233588
Balkh,2018,4,34.946198532048484
Bamyan,2018,4,17.93992981088494
Farah,2018,4,35.496786715994986
Faryab,2018,4,33.10012524978092
Ghazni,2018,4,24.773169041924785
Ghor,2018,4,22.66114473963689
Hilmand,2018,4,41.18251689895001
Hirat,2018,4,30.881351031102295
Jawzjan,2018,4,37.02255395093944
Kabul,2018,4,26.249961353873314
Kandahar,2018,4,40.495262895505334
Kapisa,2018,4,22.254713740263032
Kunar,2018,4,21.7659158993109
Kunduz,2018,4,33.65491904457261
Laghman,2018,4,25.258562749069053
Logar,2018,4,25.8266052186462
Nangarhar,2018,4,28.533020688503427
Nimroz,2018,4,42.83564839804975
Nuristan,2018,4,9.414907485556798
Paktya,2018,4,25.58769326196738
Samangan,2018,4,24.176663460593907
Sar-e-Pul,2018,4,23.5504812626791
Takhar,2018,4,20.624287111216617
Wardak,2018,4,21.45358714408645
Zabul,2018,4,30.682424777834143
Khost,2018,5,33.01805186149936
Paktika,2018,5,39.01126428868982
Daykundi,2018,5,28.31889472137214
Panjsher,2018,5,14.176910997112186
Parwan,2018,5,25.63341650873702
Uruzgan,2018,5,34.824320602927386
Badakhshan,2018,5,13.178894987789354
Badghis,2018,5,37.65529072774481
Baghlan,2018,5,25.215413396183983
Balkh,2018,5,41.239282004346585
Bamyan,2018,5,22.476007709892862
Farah,2018,5,43.15042699535713
Faryab,2018,5,40.6978056993428
Ghazni,2018,5,32.23585318712581
Ghor,2018,5,27.34557734362349
Hilmand,2018,5,46.57925193626887
Hirat,2018,5,38.42477116656507
Jawzjan,2018,5,44.914581939280176
Kabul,2018,5,32.24446462710478
Kandahar,2018,5,46.40907806679742
Kapisa,2018,5,28.632285530846737
Kunar,2018,5,27.048264311002573
Kunduz,2018,5,41.3472177024348
Laghman,2018,5,32.31413638891532
Logar,2018,5,31.900295879407086
Nangarhar,2018,5,35.16497273010064
Nimroz,2018,5,48.88897534905018
Nuristan,2018,5,13.940360138816846
Paktya,2018,5,31.229040667014534
Samangan,2018,5,28.168719341469764
Sar-e-Pul,2018,5,29.986388013791156
Takhar,2018,5,26.107524940647437
Wardak,2018,5,27.769723698714092
Zabul,2018,5,39.62303256545996
Khost,2018,6,39.24105794761033
Paktika,2018,6,45.928412657446906
Daykundi,2018,6,38.79461674248149
Panjsher,2018,6,23.951511529581804
Parwan,2018,6,34.72076254581689
Uruzgan,2018,6,42.639862921489126
Badakhshan,2018,6,22.66506528407932
Badghis,2018,6,45.24865646681298
Baghlan,2018,6,35.10774480678835
Balkh,2018,6,47.45270986564839
Bamyan,2018,6,34.154097363720474
Farah,2018,6,48.40698841233113
Faryab,2018,6,47.33271411725286
Ghazni,2018,6,41.038808173117516
Ghor,2018,6,38.62492115881625
Hilmand,2018,6,52.43902944538158
Hirat,2018,6,43.914649296130214
Jawzjan,2018,6,51.596287591474564
Kabul,2018,6,39.95087743676722
Kandahar,2018,6,53.117053002978984
Kapisa,2018,6,36.02430934239796
Kunar,2018,6,33.83679170673777
Kunduz,2018,6,47.76182529496449
Laghman,2018,6,39.08910834325839
Logar,2018,6,40.54642386896197
Nangarhar,2018,6,41.657236342345556
Nimroz,2018,6,53.792082674595086
Nuristan,2018,6,23.409613508394067
Paktya,2018,6,39.265458655757016
Samangan,2018,6,38.64194515286433
Sar-e-Pul,2018,6,39.39204063131173
Takhar,2018,6,34.42158054239958
Wardak,2018,6,36.88639599831635
Zabul,2018,6,47.45809297676417
Khost,2018,7,32.79458467589526
Paktika,2018,7,43.936899613919046
Daykundi,2018,7,40.729509760757246
Panjsher,2018,7,28.919330193522004
Parwan,2018,7,37.154856851401554
Uruzgan,2018,7,42.46563682006912
Badakhshan,2018,7,28.018771820961014
Badghis,2018,7,47.37392383857919
Baghlan,2018,7,38.598309648516675
Balkh,2018,7,49.94299848036396
Bamyan,2018,7,37.29955747607172
Farah,2018,7,49.14792459412829
Faryab,2018,7,49.75703774378947
Ghazni,2018,7,41.89360565071284
Ghor,2018,7,41.37534460100837
Hilmand,2018,7,50.835945666010495
Hirat,2018,7,44.61308938132655
Jawzjan,2018,7,53.43027827979808
Kabul,2018,7,40.539958686317554
Kandahar,2018,7,51.45739654451625
Kapisa,2018,7,36.64639568013302
Kunar,2018,7,29.503135138168023
Kunduz,2018,7,48.67562855547063
Laghman,2018,7,35.631700462165085
Logar,2018,7,41.15720758741151
Nangarhar,2018,7,38.01721092246759
Nimroz,2018,7,53.52560615851405
Nuristan,2018,7,25.584492214491593
Paktya,2018,7,38.06126164847359
Samangan,2018,7,42.55178383869656
Sar-e-Pul,2018,7,42.258887232191036
Takhar,2018,7,38.23992285988242
Wardak,2018,7,39.19257424745211
Zabul,2018,7,46.02437510871156
Khost,2018,8,32.2745765595563
Paktika,2018,8,42.326357909058444
Daykundi,2018,8,39.332855499384344
Panjsher,2018,8,28.700734810650477
Parwan,2018,8,35.66626732211834
Uruzgan,2018,8,40.55829081386255
Badakhshan,2018,8,27.741402305054514
Badghis,2018,8,43.098877743050664
Baghlan,2018,8,34.74754291581532
Balkh,2018,8,45.51623084795307
Bamyan,2018,8,35.212940159864175
Farah,2018,8,45.72690168775477
Faryab,2018,8,44.93485373518067
Ghazni,2018,8,40.78507241192542
Ghor,2018,8,39.825970893167266
Hilmand,2018,8,46.336566929652875
Hirat,2018,8,40.94458244135546
Jawzjan,2018,8,48.1939748722118
Kabul,2018,8,39.36317071964524
Kandahar,2018,8,47.728442263265215
Kapisa,2018,8,35.22437317990298
Kunar,2018,8,27.737845217481006
Kunduz,2018,8,43.56552745246
Laghman,2018,8,34.38959022016064
Logar,2018,8,39.86087087732456
Nangarhar,2018,8,36.63908853251478
Nimroz,2018,8,48.55904156987586
Nuristan,2018,8,25.926380919133273
Paktya,2018,8,37.38947391745214
Samangan,2018,8,38.589535893386206
Sar-e-Pul,2018,8,38.938791367764665
Takhar,2018,8,34.671715344105884
Wardak,2018,8,38.456879416820186
Zabul,2018,8,44.04800045258431
Khost,2018,9,31.50391000237774
Paktika,2018,9,38.38850693923877
Daykundi,2018,9,33.07179768906525
Panjsher,2018,9,22.315385677472353
Parwan,2018,9,30.308982043582997
Uruzgan,2018,9,34.85603079739594
Badakhshan,2018,9,21.51012650389046
Badghis,2018,9,38.37925190685373
Baghlan,2018,9,30.29533229641005
Balkh,2018,9,40.606102964460504
Bamyan,2018,9,29.84048627460275
Farah,2018,9,42.23432375180709
Faryab,2018,9,39.92927633562044
Ghazni,2018,9,34.711600010071834
Ghor,2018,9,34.39998290406543
Hilmand,2018,9,44.69973875712723
Hirat,2018,9,38.6362253167911
Jawzjan,2018,9,43.4349953076331
Kabul,2018,9,33.14621042933581
Kandahar,2018,9,45.6749078957469
Kapisa,2018,9,30.082497828656354
Kunar,2018,9,26.22426353361524
Kunduz,2018,9,39.48180799222024
Laghman,2018,9,30.921118685434667
Logar,2018,9,33.59314177425905
Nangarhar,2018,9,33.1018976655949
Nimroz,2018,9,47.0147292587894
Nuristan,2018,9,19.113900681064173
Paktya,2018,9,32.26690420239386
Samangan,2018,9,33.42359882933818
Sar-e-Pul,2018,9,33.76265350961672
Takhar,2018,9,30.10669602979694
Wardak,2018,9,32.10225787865626
Zabul,2018,9,39.824352325973756
Khost,2018,10,24.642779257940614
Paktika,2018,10,30.04010377977363
Daykundi,2018,10,23.487395301180467
Panjsher,2018,10,8.18878851059122
Parwan,2018,10,20.108372809094288
Uruzgan,2018,10,26.02572038688822
Badakhshan,2018,10,4.427314726179307
Badghis,2018,10,28.437056676212308
Baghlan,2018,10,17.795552780213843
Balkh,2018,10,29.283091320160512
Bamyan,2018,10,18.76490250108762
Farah,2018,10,34.22521714591285
Faryab,2018,10,28.872506480561523
Ghazni,2018,10,24.8768122257969
Ghor,2018,10,24.329167911902363
Hilmand,2018,10,37.13586539333918
Hirat,2018,10,30.27156857854144
Jawzjan,2018,10,30.3530255082176
Kabul,2018,10,23.796173724507252
Kandahar,2018,10,37.01687312873968
Kapisa,2018,10,20.55137276607055
Kunar,2018,10,17.525015616091522
Kunduz,2018,10,28.21922494690266
Laghman,2018,10,22.156677716859363
Logar,2018,10,23.981058264912367
Nangarhar,2018,10,24.387603878697814
Nimroz,2018,10,39.873936447334785
Nuristan,2018,10,6.372196366120253
Paktya,2018,10,23.09041371381492
Samangan,2018,10,22.492024732608055
Sar-e-Pul,2018,10,23.095501714798203
Takhar,2018,10,16.43179825483783
Wardak,2018,10,21.840226482468697
Zabul,2018,10,30.245054728414058
Khost,2018,11,19.954891115314506
Paktika,2018,11,21.74828503732408
Daykundi,2018,11,12.724000654184945
Panjsher,2018,11,-0.4631512524652274
Parwan,2018,11,10.407933994517503
Uruzgan,2018,11,17.57502082067246
Badakhshan,2018,11,-5.539877891317461
Badghis,2018,11,14.931118122321378
Baghlan,2018,11,6.844428931863318
Balkh,2018,11,16.42486718276236
Bamyan,2018,11,5.476834973201905
Farah,2018,11,24.71297648312372
Faryab,2018,11,14.858131773181348
Ghazni,2018,11,15.05003204344374
Ghor,2018,11,11.004910242227842
Hilmand,2018,11,28.943648637947238
Hirat,2018,11,18.747476198063403
Jawzjan,2018,11,17.403247344682462
Kabul,2018,11,15.961587671742626
Kandahar,2018,11,29.041031127337106
Kapisa,2018,11,14.766611432223982
Kunar,2018,11,12.928980162074
Kunduz,2018,11,15.297152516087587
Laghman,2018,11,16.536177550464355
Logar,2018,11,15.267969612903267
Nangarhar,2018,11,19.07251566412329
Nimroz,2018,11,30.53825774799197
Nuristan,2018,11,0.40404917921896266
Paktya,2018,11,15.134064012276465
Samangan,2018,11,9.64456788832508
Sar-e-Pul,2018,11,9.122215380896078
Takhar,2018,11,6.30567452028667
Wardak,2018,11,10.191863627099593
Zabul,2018,11,22.068391288451586
Khost,2018,12,14.499451289773873
Paktika,2018,12,15.030986832401235
Daykundi,2018,12,8.26553251390971
Panjsher,2018,12,-4.531131852428837
Parwan,2018,12,5.148984962370114
Uruzgan,2018,12,11.722512726015264
Badakhshan,2018,12,-9.737500872986308
Badghis,2018,12,10.875656073147063
Baghlan,2018,12,5.67663577356775
Balkh,2018,12,13.690761371286529
Bamyan,2018,12,0.375926095289967
Farah,2018,12,20.941518771141585
Faryab,2018,12,11.559109863297788
Ghazni,2018,12,9.396042138493213
Ghor,2018,12,5.985219044366976
Hilmand,2018,12,23.98157608313372
Hirat,2018,12,15.43509012093917
Jawzjan,2018,12,13.937391454729317
Kabul,2018,12,9.811477133030122
Kandahar,2018,12,23.050266793768298
Kapisa,2018,12,8.623453560492829
Kunar,2018,12,8.785192829958543
Kunduz,2018,12,13.277068905111845
Laghman,2018,12,11.457039309147996
Logar,2018,12,8.764573638467438
Nangarhar,2018,12,13.205460251670203
Nimroz,2018,12,26.2147973172439
Nuristan,2018,12,-4.638079081663682
Paktya,2018,12,10.19492041023516
Samangan,2018,12,7.8749599110145585
Sar-e-Pul,2018,12,5.432216702481765
Takhar,2018,12,5.068171955144774
Wardak,2018,12,4.27618496063204
Zabul,2018,12,15.790884732370609
Khost,2019,1,9.56128401749374
Paktika,2019,1,9.618642939984447
Daykundi,2019,1,-1.3480546717729855
Panjsher,2019,1,-14.232026671597904
Parwan,2019,1,-5.973437420820105
Uruzgan,2019,1,6.795554567916017
Badakhshan,2019,1,-15.809263578483746
Badghis,2019,1,4.700841476949182
Baghlan,2019,1,-2.5190100410135905
Balkh,2019,1,9.285259217398648
Bamyan,2019,1,-9.903683406055185
Farah,2019,1,18.04110713196969
Faryab,2019,1,6.319844598304103
Ghazni,2019,1,-1.0642584310727325
Ghor,2019,1,-4.99183195373424
Hilmand,2019,1,21.27299276029216
Hirat,2019,1,11.862933314537251
Jawzjan,2019,1,10.847507661488747
Kabul,2019,1,1.0304063134611106
Kandahar,2019,1,20.51093900823439
Kapisa,2019,1,-0.048880863905257255
Kunar,2019,1,2.346842743996222
Kunduz,2019,1,10.336369742798746
Laghman,2019,1,5.346142152436846
Logar,2019,1,-2.3252994569742333
Nangarhar,2019,1,9.245435991528817
Nimroz,2019,1,24.087298511992543
Nuristan,2019,1,-11.860503078217159
Paktya,2019,1,-0.3521664351671653
Samangan,2019,1,-0.3920486023404982
Sar-e-Pul,2019,1,-1.6824699293272547
Takhar,2019,1,-2.4365889659944955
Wardak,2019,1,-9.474665246324431
Zabul,2019,1,10.543441298712418
Khost,2019,2,10.646562860091116
Paktika,2019,2,5.913734469448281
Daykundi,2019,2,-1.7825024359485147
Panjsher,2019,2,-9.722866961173436
Parwan,2019,2,-3.2111531168061096
Uruzgan,2019,2,5.789839685465338
Badakhshan,2019,2,-10.881124186647659
Badghis,2019,2,5.180480933843744
Baghlan,2019,2,1.4845680973327349
Balkh,2019,2,12.889479489492912
Bamyan,2019,2,-7.171911733101968
Farah,2019,2,15.912051647040864
Faryab,2019,2,7.386672935831631
Ghazni,2019,2,-4.162452531334611
Ghor,2019,2,-3.778460748396467
Hilmand,2019,2,20.25010756574612
Hirat,2019,2,10.265057331819081
Jawzjan,2019,2,13.089256024198304
Kabul,2019,2,3.0946214330376947
Kandahar,2019,2,19.2386653759149
Kapisa,2019,2,3.020695000289543
Kunar,2019,2,4.66957918238087
Kunduz,2019,2,13.134390337259104
Laghman,2019,2,7.881648945318011
Logar,2019,2,-2.0480494904151345
Nangarhar,2019,2,10.639581405252814
Nimroz,2019,2,24.97488377336009
Nuristan,2019,2,-8.192772707432102
Paktya,2019,2,0.2172672700456012
Samangan,2019,2,1.8224457219155694
Sar-e-Pul,2019,2,1.5773900860457526
Takhar,2019,2,2.142988984784314
Wardak,2019,2,-7.239265756626026
Zabul,2019,2,7.034977877161038
Khost,2019,3,20.698512633290907
Paktika,2019,3,19.367598303216965
Daykundi,2019,3,9.642214086537638
Panjsher,2019,3,-1.3844354461005903
Parwan,2019,3,7.606724774895114
Uruzgan,2019,3,15.44179480545016
Badakhshan,2019,3,-0.12291770339013369
Badghis,2019,3,16.675145588757747
Baghlan,2019,3,13.43453410211603
Balkh,2019,3,25.576570519500887
Bamyan,2019,3,2.9852218174841405
Farah,2019,3,27.735485275776906
Faryab,2019,3,19.245151899191548
Ghazni,2019,3,7.290780322372883
Ghor,2019,3,6.5921101056095885
Hilmand,2019,3,31.435839448255667
Hirat,2019,3,21.190013847687148
Jawzjan,2019,3,26.391112198208457
Kabul,2019,3,15.31678103840543
Kandahar,2019,3,30.38917461338959
Kapisa,2019,3,13.465948905586
Kunar,2019,3,13.490817887005894
Kunduz,2019,3,26.573868891173202
Laghman,2019,3,17.41184033867522
Logar,2019,3,11.435904797221557
Nangarhar,2019,3,19.869093562671686
Nimroz,2019,3,36.12764122023782
Nuristan,2019,3,-0.41538374386278415
Paktya,2019,3,12.74258097033229
Samangan,2019,3,15.150813672335316
Sar-e-Pul,2019,3,11.264151129617268
Takhar,2019,3,14.271082688037826
Wardak,2019,3,2.2039577263250125
Zabul,2019,3,19.099612184220874
Khost,2019,4,25.86464207835179
Paktika,2019,4,30.286600341035047
Daykundi,2019,4,21.139753877738258
Panjsher,2019,4,6.71496260441485
Parwan,2019,4,17.839567581914256
Uruzgan,2019,4,25.721341439547455
Badakhshan,2019,4,8.042260003064102
Badghis,2019,4,22.342293156402235
Baghlan,2019,4,18.707091557005338
Balkh,2019,4,29.4836885898098
Bamyan,2019,4,15.701110600026878
Farah,2019,4,34.316794197363194
Faryab,2019,4,23.708442526568696
Ghazni,2019,4,23.04553104491157
Ghor,2019,4,19.30638097520499
Hilmand,2019,4,39.17645934514459
Hirat,2019,4,27.57296572624242
Jawzjan,2019,4,31.7527600963465
Kabul,2019,4,23.174922518689105
Kandahar,2019,4,40.18457716953269
Kapisa,2019,4,20.563490686212788
Kunar,2019,4,19.00930928944689
Kunduz,2019,4,31.118395243065763
Laghman,2019,4,22.958720508856107
Logar,2019,4,23.077651510962724
Nangarhar,2019,4,26.04708081258799
Nimroz,2019,4,42.306393632763566
Nuristan,2019,4,6.129239794650738
Paktya,2019,4,22.6777004002104
Samangan,2019,4,20.469684403285598
Sar-e-Pul,2019,4,18.189273936060996
Takhar,2019,4,19.395368178695886
Wardak,2019,4,17.96581781198096
Zabul,2019,4,31.334427311643886
Khost,2019,5,32.37614875661243
Paktika,2019,5,38.255002205032476
Daykundi,2019,5,31.157376893458608
Panjsher,2019,5,14.55026992042
Parwan,2019,5,25.87861413594919
Uruzgan,2019,5,35.18081986091079
Badakhshan,2019,5,14.843643465598348
Badghis,2019,5,34.32227613111212
Baghlan,2019,5,26.707159352180305
Balkh,2019,5,41.684006472419256
Bamyan,2019,5,25.357419807187252
Farah,2019,5,43.64175251884108
Faryab,2019,5,37.06604453810322
Ghazni,2019,5,31.28839009029714
Ghor,2019,5,30.65984322309934
Hilmand,2019,5,47.465489128621
Hirat,2019,5,39.12512219516922
Jawzjan,2019,5,44.33019980993589
Kabul,2019,5,31.98439170392488
Kandahar,2019,5,47.961130342138325
Kapisa,2019,5,28.416092058161347
Kunar,2019,5,27.196730404263473
Kunduz,2019,5,42.26252664766586
Laghman,2019,5,31.710086180614383
Logar,2019,5,31.120746790658806
Nangarhar,2019,5,35.68506334897159
Nimroz,2019,5,49.03666822808588
Nuristan,2019,5,13.086374716459732
Paktya,2019,5,30.65634141093794
Samangan,2019,5,30.639525173105977
Sar-e-Pul,2019,5,29.029839024830167
Takhar,2019,5,26.91862155640847
Wardak,2019,5,27.415431991003405
Zabul,2019,5,39.56925576896953
Khost,2019,6,37.34375856597634
Paktika,2019,6,43.9568166498154
Daykundi,2019,6,37.711240987585356
Panjsher,2019,6,20.635064098786202
Parwan,2019,6,31.67333477791799
Uruzgan,2019,6,41.73572294001477
Badakhshan,2019,6,17.370027116345394
Badghis,2019,6,42.50924249350333
Baghlan,2019,6,31.63566882441477
Balkh,2019,6,47.17741471078709
Bamyan,2019,6,31.735146782045216
Farah,2019,6,47.934961972730875
Faryab,2019,6,44.639985096200576
Ghazni,2019,6,38.21469593745966
Ghor,2019,6,36.39759086025401
Hilmand,2019,6,52.4427749922769
Hirat,2019,6,43.63441545518849
Jawzjan,2019,6,50.69155286747808
Kabul,2019,6,37.486820008466076
Kandahar,2019,6,52.89249148630557
Kapisa,2019,6,34.21324150962038
Kunar,2019,6,31.52879003070311
Kunduz,2019,6,46.594029659867374
Laghman,2019,6,37.00756182440407
Logar,2019,6,37.77095974657034
Nangarhar,2019,6,40.52195243207616
Nimroz,2019,6,52.202023812143786
Nuristan,2019,6,19.43824029677746
Paktya,2019,6,35.856746364368774
Samangan,2019,6,35.8290338459292
Sar-e-Pul,2019,6,36.451556029085836
Takhar,2019,6,31.210977117916073
Wardak,2019,6,34.14003721034147
Zabul,2019,6,46.1232063402211
Khost,2019,7,33.84141649671882
Paktika,2019,7,44.090624321392404
Daykundi,2019,7,41.899830905116026
Panjsher,2019,7,28.39270532836905
Parwan,2019,7,37.26830896169902
Uruzgan,2019,7,44.01120947334543
Badakhshan,2019,7,26.991855136281792
Badghis,2019,7,46.79971271773596
Baghlan,2019,7,38.584084002719734
Balkh,2019,7,50.964417511299125
Bamyan,2019,7,37.733852394235385
Farah,2019,7,50.74760052694228
Faryab,2019,7,49.32442445355901
Ghazni,2019,7,41.87675468631115
Ghor,2019,7,41.50133906821972
Hilmand,2019,7,52.56849972215
Hirat,2019,7,46.21114508963418
Jawzjan,2019,7,53.897488328318225
Kabul,2019,7,40.98013181575474
Kandahar,2019,7,51.70740835655253
Kapisa,2019,7,36.67116555175974
Kunar,2019,7,29.61816589302753
Kunduz,2019,7,49.20965766274327
Laghman,2019,7,35.46656214351391
Logar,2019,7,41.792473207262276
Nangarhar,2019,7,38.87565146124635
Nimroz,2019,7,54.63570898670771
Nuristan,2019,7,25.439996940053923
Paktya,2019,7,38.643590162053755
Samangan,2019,7,43.17036004818195
Sar-e-Pul,2019,7,42.38461478747034
Takhar,2019,7,38.13199349077741
Wardak,2019,7,39.52623619378819
Zabul,2019,7,46.13813249824935
Khost,2019,8,32.67898162811476
Paktika,2019,8,42.38624624869218
Daykundi,2019,8,38.803295188604025
Panjsher,2019,8,27.53483555281103
Parwan,2019,8,34.76473239068438
Uruzgan,2019,8,40.52351684957429
Badakhshan,2019,8,26.187956469413397
Badghis,2019,8,42.303070426924386
Baghlan,2019,8,35.047862548615335
Balkh,2019,8,45.405726111614285
Bamyan,2019,8,35.166439272139385
Farah,2019,8,46.03944040118508
Faryab,2019,8,44.43850026185615
Ghazni,2019,8,39.28821059248219
Ghor,2019,8,39.17545041698282
Hilmand,2019,8,48.185086624967994
Hirat,2019,8,41.87509148311781
Jawzjan,2019,8,48.52696545870573
Kabul,2019,8,37.272126157170426
Kandahar,2019,8,50.2813088879443
Kapisa,2019,8,33.697299470021754
Kunar,2019,8,27.329933944131465
Kunduz,2019,8,43.540092303091164
Laghman,2019,8,32.247582997890895
Logar,2019,8,38.459696110601975
Nangarhar,2019,8,35.4187347740685
Nimroz,2019,8,49.825960436539425
Nuristan,2019,8,22.516113486930188
Paktya,2019,8,35.69580251882121
Samangan,2019,8,38.92116379337788
Sar-e-Pul,2019,8,38.551806680454106
Takhar,2019,8,34.63961932276189
Wardak,2019,8,36.77496880009003
Zabul,2019,8,44.21465896650641
Khost,2019,9,30.75750855835543
Paktika,2019,9,39.44269429894565
Daykundi,2019,9,34.83764984603837
Panjsher,2019,9,24.502260229939754
Parwan,2019,9,31.634585292408076
Uruzgan,2019,9,37.299976608537804
Badakhshan,2019,9,22.716184002266644
Badghis,2019,9,37.38728097636764
Baghlan,2019,9,30.982425326294205
Balkh,2019,9,39.77034025892812
Bamyan,2019,9,30.77440510411721
Farah,2019,9,43.50758010979644
Faryab,2019,9,38.805417584233275
Ghazni,2019,9,35.60137606028704
Ghor,2019,9,35.12782373047324
Hilmand,2019,9,46.80178900636918
Hirat,2019,9,39.15178455137735
Jawzjan,2019,9,41.8943204064518
Kabul,2019,9,33.94962942994082
Kandahar,2019,9,47.41252927517257
Kapisa,2019,9,30.76486167547121
Kunar,2019,9,25.07783191414968
Kunduz,2019,9,38.77237130720622
Laghman,2019,9,30.047819891630958
Logar,2019,9,34.96220045595148
Nangarhar,2019,9,32.7024403960421
Nimroz,2019,9,47.93168582456002
Nuristan,2019,9,20.56842182106478
Paktya,2019,9,33.26154052207028
Samangan,2019,9,34.366099430017
Sar-e-Pul,2019,9,33.96175197576537
Takhar,2019,9,30.765556562800118
Wardak,2019,9,33.13586557034022
Zabul,2019,9,41.563602564948546
Khost,2019,10,26.001734533992643
Paktika,2019,10,31.09531060527067
Daykundi,2019,10,24.947346592342345
Panjsher,2019,10,11.159680415726154
Parwan,2019,10,20.171956101440344
Uruzgan,2019,10,27.81046082846057
Badakhshan,2019,10,11.176953678738622
Badghis,2019,10,28.1064332461068
Baghlan,2019,10,21.797359379862748
Balkh,2019,10,31.609082027566785
Bamyan,2019,10,20.281610933638117
Farah,2019,10,34.81084802341596
Faryab,2019,10,29.537683022446515
Ghazni,2019,10,25.908413953195094
Ghor,2019,10,25.0197993105688
Hilmand,2019,10,38.51463005976255
Hirat,2019,10,30.745578625155687
Jawzjan,2019,10,33.3848441354623
Kabul,2019,10,23.543717336852573
Kandahar,2019,10,38.841617951178314
Kapisa,2019,10,21.85738140489626
Kunar,2019,10,19.279283820424006
Kunduz,2019,10,32.14215545005423
Laghman,2019,10,23.15003586706041
Logar,2019,10,24.559984874522446
Nangarhar,2019,10,25.770404797829343
Nimroz,2019,10,40.22783530919084
Nuristan,2019,10,8.702473906493468
Paktya,2019,10,23.964593710204706
Samangan,2019,10,24.935598999489496
Sar-e-Pul,2019,10,24.335911741685756
Takhar,2019,10,21.763436860677185
Wardak,2019,10,22.388394692749177
Zabul,2019,10,32.402721212495656
Khost,2019,11,16.673977428957308
Paktika,2019,11,17.536067743066152
Daykundi,2019,11,9.193020015731326
Panjsher,2019,11,-1.9631109115275083
Parwan,2019,11,6.967330451425108
Uruzgan,2019,11,12.519461045064944
Badakhshan,2019,11,-3.5088560325291613
Badghis,2019,11,14.520309486644212
Baghlan,2019,11,8.911518721473572
Balkh,2019,11,17.553232386627318
Bamyan,2019,11,3.173885249058783
Farah,2019,11,22.798455880587188
Faryab,2019,11,15.198057016644897
Ghazni,2019,11,8.97077692516224
Ghor,2019,11,8.07337005311055
Hilmand,2019,11,25.654681148192417
Hirat,2019,11,17.159451298851057
Jawzjan,2019,11,18.105574394446805
Kabul,2019,11,12.53693944671623
Kandahar,2019,11,25.089992903372618
Kapisa,2019,11,11.337266090934193
Kunar,2019,11,10.487222279177752
Kunduz,2019,11,18.04329773621099
Laghman,2019,11,14.33973427190175
Logar,2019,11,10.388079296575619
Nangarhar,2019,11,16.361056108441385
Nimroz,2019,11,28.432957345749113
Nuristan,2019,11,-2.3975386975284056
Paktya,2019,11,11.38881715592007
Samangan,2019,11,10.669308327600302
Sar-e-Pul,2019,11,8.890014684284772
Takhar,2019,11,9.072444338330918
Wardak,2019,11,4.859588443141521
Zabul,2019,11,16.96739939205341
Khost,2019,12,13.229395344193806
Paktika,2019,12,12.840971068910276
Daykundi,2019,12,5.263295638923536
Panjsher,2019,12,-5.213398384483359
Parwan,2019,12,4.0195983758358675
Uruzgan,2019,12,8.597944546034531
Badakhshan,2019,12,-8.582845583283254
Badghis,2019,12,10.645609059962567
Baghlan,2019,12,6.353658398357023
Balkh,2019,12,14.277758556417757
Bamyan,2019,12,-2.0600379571728356
Farah,2019,12,18.730104899960526
Faryab,2019,12,11.534189839340561
Ghazni,2019,12,3.8457008775345476
Ghor,2019,12,2.7726874744335825
Hilmand,2019,12,21.319133431636732
Hirat,2019,12,14.801627542159336
Jawzjan,2019,12,14.882861972099233
Kabul,2019,12,8.702501563183052
Kandahar,2019,12,20.602051314439784
Kapisa,2019,12,7.283470292612012
Kunar,2019,12,7.5242713681177795
Kunduz,2019,12,15.404981690428508
Laghman,2019,12,10.303119529693989
Logar,2019,12,7.07789886474141
Nangarhar,2019,12,12.243163510150094
Nimroz,2019,12,23.95868568051168
Nuristan,2019,12,-5.712602222602999
Paktya,2019,12,8.084124253537592
Samangan,2019,12,8.614338083273559
Sar-e-Pul,2019,12,4.700723053834101
Takhar,2019,12,7.012310130702141
Wardak,2019,12,0.5494666942133769
Zabul,2019,12,12.87116844839472
Khost,2020,1,7.885034362977921
Paktika,2020,1,-1.2669340796955184
Daykundi,2020,1,-7.979260294062836
Panjsher,2020,1,-12.69077316998796
Parwan,2020,1,-7.267491535039355
Uruzgan,2020,1,-0.19107152074580813
Badakhshan,2020,1,-14.387677881995147
Badghis,2020,1,1.7498841093657733
Baghlan,2020,1,-1.053661288391161
Balkh,2020,1,9.329025577887219
Bamyan,2020,1,-10.678553823117248
Farah,2020,1,11.20064305854546
Faryab,2020,1,4.583004972056413
Ghazni,2020,1,-9.040897395549946
Ghor,2020,1,-9.714283607022981
Hilmand,2020,1,14.836365666204971
Hirat,2020,1,4.9931021408182055
Jawzjan,2020,1,10.2878784399538
Kabul,2020,1,-1.9718016329959605
Kandahar,2020,1,13.79447092585571
Kapisa,2020,1,-1.7712672188975296
Kunar,2020,1,1.3524679465556408
Kunduz,2020,1,9.759399453376988
Laghman,2020,1,4.383923574991377
Logar,2020,1,-6.451761314557573
Nangarhar,2020,1,7.467292709497379
Nimroz,2020,1,18.462409418802874
Nuristan,2020,1,-11.583746154076334
Paktya,2020,1,-3.3295120017878204
Samangan,2020,1,0.14979338216147936
Sar-e-Pul,2020,1,-2.8729122408128047
Takhar,2020,1,-0.5850611012975122
Wardak,2020,1,-11.078266373033564
Zabul,2020,1,-1.47150664807248
Khost,2020,2,16.99461963711965
Paktika,2020,2,12.126799243285593
Daykundi,2020,2,2.314297511895797
Panjsher,2020,2,-3.721847873466838
Parwan,2020,2,3.233249009523208
Uruzgan,2020,2,10.05367035812706
Badakhshan,2020,2,-5.094986830662822
Badghis,2020,2,12.243296405567445
Baghlan,2020,2,9.00556452583545
Balkh,2020,2,18.08602840389297
Bamyan,2020,2,-2.252816532213786
Farah,2020,2,21.923812265511938
Faryab,2020,2,13.38709876942937
Ghazni,2020,2,0.5199183463246243
Ghor,2020,2,0.6441074403667207
Hilmand,2020,2,25.12837161299457
Hirat,2020,2,17.611055616874275
Jawzjan,2020,2,18.792379747102075
Kabul,2020,2,9.557237401390388
Kandahar,2020,2,23.919477749413012
Kapisa,2020,2,8.66323296900175
Kunar,2020,2,9.969265742753167
Kunduz,2020,2,17.589919638100046
Laghman,2020,2,13.450803549741776
Logar,2020,2,4.481853098314661
Nangarhar,2020,2,16.0441708511516
Nimroz,2020,2,28.096720895468632
Nuristan,2020,2,-3.1681419025072
Paktya,2020,2,7.020284197467842
Samangan,2020,2,10.102080443740752
Sar-e-Pul,2020,2,5.849686003474386
Takhar,2020,2,9.38753217736031
Wardak,2020,2,-2.469508817385717
Zabul,2020,2,12.481297945055738
Khost,2020,3,19.545338022011393
Paktika,2020,3,18.449325400057347
Daykundi,2020,3,11.602898617239827
Panjsher,2020,3,1.541741046427267
Parwan,2020,3,9.754553564092356
Uruzgan,2020,3,16.020849846393553
Badakhshan,2020,3,1.632322537522102
Badghis,2020,3,18.5644357664782
Baghlan,2020,3,13.598093831253692
Balkh,2020,3,24.178260114910643
Bamyan,2020,3,4.526415614141178
Farah,2020,3,27.139549299335467
Faryab,2020,3,19.57847749805196
Ghazni,2020,3,10.543491984000203
Ghor,2020,3,9.78243212005115
Hilmand,2020,3,32.28131215501156
Hirat,2020,3,22.485478359448113
Jawzjan,2020,3,26.1928576031817
Kabul,2020,3,15.795149415397232
Kandahar,2020,3,30.061725535043728
Kapisa,2020,3,13.828054680395255
Kunar,2020,3,13.526581884937013
Kunduz,2020,3,25.79608256039427
Laghman,2020,3,16.281328336178206
Logar,2020,3,13.853990125557448
Nangarhar,2020,3,18.50912164497174
Nimroz,2020,3,35.28630482521082
Nuristan,2020,3,0.490938022223449
Paktya,2020,3,14.057294601785964
Samangan,2020,3,14.101617704795155
Sar-e-Pul,2020,3,11.111256924091483
Takhar,2020,3,14.519373842291513
Wardak,2020,3,6.182396575956642
Zabul,2020,3,18.81304022741212
Khost,2020,4,26.02233315779692
Paktika,2020,4,29.982593753085595
Daykundi,2020,4,19.747234753426337
Panjsher,2020,4,8.510438105886392
Parwan,2020,4,18.393139587009316
Uruzgan,2020,4,23.5650087171678
Badakhshan,2020,4,9.79154951007643
Badghis,2020,4,27.185629910113967
Baghlan,2020,4,20.13665660917004
Balkh,2020,4,33.070907484479825
Bamyan,2020,4,14.867638530935356
Farah,2020,4,35.719775314253326
Faryab,2020,4,28.34941341138342
Ghazni,2020,4,22.253757633860776
Ghor,2020,4,19.87166892581858
Hilmand,2020,4,41.25338592237373
Hirat,2020,4,30.63864131851618
Jawzjan,2020,4,34.36912631094578
Kabul,2020,4,23.72606980165559
Kandahar,2020,4,40.481767986417935
Kapisa,2020,4,20.669048332691844
Kunar,2020,4,19.66694975490033
Kunduz,2020,4,33.95903553110148
Laghman,2020,4,23.519622425693143
Logar,2020,4,23.197775709441444
Nangarhar,2020,4,25.76391557526376
Nimroz,2020,4,44.667984507656236
Nuristan,2020,4,7.301898396540879
Paktya,2020,4,22.821724835534656
Samangan,2020,4,22.86520041632356
Sar-e-Pul,2020,4,20.325677313849187
Takhar,2020,4,20.887264531008967
Wardak,2020,4,17.606405778622598
Zabul,2020,4,30.07519468683137
Khost,2020,5,33.39183465836706
Paktika,2020,5,39.37180617050642
Daykundi,2020,5,32.010484743553235
Panjsher,2020,5,14.166430147313257
Parwan,2020,5,26.0660000749044
Uruzgan,2020,5,36.28981886983983
Badakhshan,2020,5,15.127142579712574
Badghis,2020,5,37.99276487978375
Baghlan,2020,5,24.778194890746654
Balkh,2020,5,41.74384877360176
Bamyan,2020,5,25.064504022874093
Farah,2020,5,44.95104279162745
Faryab,2020,5,38.18952294217571
Ghazni,2020,5,32.245986548061104
Ghor,2020,5,32.03642797820916
Hilmand,2020,5,49.688898294307776
Hirat,2020,5,40.23315886272066
Jawzjan,2020,5,45.314511741354686
Kabul,2020,5,32.1243839998303
Kandahar,2020,5,49.12275541995312
Kapisa,2020,5,28.86031989427688
Kunar,2020,5,27.36460457534071
Kunduz,2020,5,41.20728096559467
Laghman,2020,5,32.0925308068091
Logar,2020,5,32.246805410669566
Nangarhar,2020,5,35.29126089849034
Nimroz,2020,5,51.1098442817169
Nuristan,2020,5,14.123028377024669
Paktya,2020,5,30.652835227064788
Samangan,2020,5,29.063161274367797
Sar-e-Pul,2020,5,29.508266586489686
Takhar,2020,5,25.265090158053535
Wardak,2020,5,27.409274926426484
Zabul,2020,5,40.46112571959548
Khost,2020,6,35.21197866050698
Paktika,2020,6,44.147953467095014
Daykundi,2020,6,38.89317524943723
Panjsher,2020,6,21.589426672679824
Parwan,2020,6,32.56731689602314
Uruzgan,2020,6,42.56706533137005
Badakhshan,2020,6,20.142331980160534
Badghis,2020,6,45.84068446044835
Baghlan,2020,6,33.72971579021638
Balkh,2020,6,49.28435338072958
Bamyan,2020,6,33.935191367570226
Farah,2020,6,49.76597486236222
Faryab,2020,6,47.57312734768703
Ghazni,2020,6,39.07729590802846
Ghor,2020,6,38.925280445258906
Hilmand,2020,6,53.556238804788386
Hirat,2020,6,45.359853290085425
Jawzjan,2020,6,53.34240203502328
Kabul,2020,6,37.17643040584656
Kandahar,2020,6,54.23271029748202
Kapisa,2020,6,33.64554616532189
Kunar,2020,6,30.4307898197105
Kunduz,2020,6,48.010444596952475
Laghman,2020,6,35.76890886187494
Logar,2020,6,37.84661341785902
Nangarhar,2020,6,38.753963311663775
Nimroz,2020,6,54.181038429028035
Nuristan,2020,6,20.37397408252169
Paktya,2020,6,35.637580909681915
Samangan,2020,6,38.93890522830914
Sar-e-Pul,2020,6,39.308630401968344
Takhar,2020,6,33.820280573054
Wardak,2020,6,35.26660324984572
Zabul,2020,6,46.83085283501147
Khost,2020,7,34.133786142475735
Paktika,2020,7,44.21138139607143
Daykundi,2020,7,40.320317401097654
Panjsher,2020,7,26.162570075616973
Parwan,2020,7,34.671783517517966
Uruzgan,2020,7,43.31815968087069
Badakhshan,2020,7,24.406248029565724
Badghis,2020,7,46.11464464115995
Baghlan,2020,7,36.634609142631305
Balkh,2020,7,49.662401392359754
Bamyan,2020,7,34.69973560542031
Farah,2020,7,49.299404274105555
Faryab,2020,7,48.27942665035972
Ghazni,2020,7,40.32357496348989
Ghor,2020,7,40.63473624251598
Hilmand,2020,7,52.668982615806634
Hirat,2020,7,45.17898751605706
Jawzjan,2020,7,53.48063692502263
Kabul,2020,7,38.97816595055362
Kandahar,2020,7,53.71861953230437
Kapisa,2020,7,35.72777410872722
Kunar,2020,7,30.571892821095634
Kunduz,2020,7,48.00501701159274
Laghman,2020,7,36.261551175681554
Logar,2020,7,39.252236597364735
Nangarhar,2020,7,38.96438894892345
Nimroz,2020,7,52.89911627184283
Nuristan,2020,7,23.750667056447686
Paktya,2020,7,36.283121131995536
Samangan,2020,7,40.83578140974664
Sar-e-Pul,2020,7,40.65509679547265
Takhar,2020,7,36.75285997151485
Wardak,2020,7,36.53134490812018
Zabul,2020,7,47.14437822320786
Khost,2020,8,30.372196944293687
Paktika,2020,8,42.547606595073596
Daykundi,2020,8,40.58408332827674
Panjsher,2020,8,28.154322788145574
Parwan,2020,8,34.59466242577875
Uruzgan,2020,8,42.63672129065135
Badakhshan,2020,8,28.065271560155203
Badghis,2020,8,43.86710582283115
Baghlan,2020,8,36.38973908046428
Balkh,2020,8,46.52934383938898
Bamyan,2020,8,36.11200248947145
Farah,2020,8,47.324020648414916
Faryab,2020,8,46.091360012442806
Ghazni,2020,8,40.78387746249381
Ghor,2020,8,41.03709669942347
Hilmand,2020,8,50.63221076769911
Hirat,2020,8,43.1311053314191
Jawzjan,2020,8,50.52112527393309
Kabul,2020,8,36.57823218524692
Kandahar,2020,8,52.1325846946985
Kapisa,2020,8,32.62067883016514
Kunar,2020,8,27.231681724961824
Kunduz,2020,8,44.97420804886621
Laghman,2020,8,31.813943289730066
Logar,2020,8,37.84669132697017
Nangarhar,2020,8,34.74669949906098
Nimroz,2020,8,50.75027320930896
Nuristan,2020,8,23.78124006936584
Paktya,2020,8,35.20674770587314
Samangan,2020,8,40.04954073927156
Sar-e-Pul,2020,8,39.83987341313364
Takhar,2020,8,36.15336703704841
Wardak,2020,8,37.29724611573175
Zabul,2020,8,46.33931297327749
Khost,2020,9,32.33367023125089
Paktika,2020,9,39.07625474257807
Daykundi,2020,9,33.64104787576376
Panjsher,2020,9,21.997112859816312
Parwan,2020,9,29.64136605833586
Uruzgan,2020,9,35.55161689962736
Badakhshan,2020,9,20.17364308580638
Badghis,2020,9,37.001531696168655
Baghlan,2020,9,29.077523830442075
Balkh,2020,9,38.988387492169906
Bamyan,2020,9,29.58188153484045
Farah,2020,9,40.60470127157246
Faryab,2020,9,38.51118281866202
Ghazni,2020,9,34.75162557547024
Ghor,2020,9,34.147217131349166
Hilmand,2020,9,43.572996099234295
Hirat,2020,9,36.79064643430668
Jawzjan,2020,9,41.85474154887331
Kabul,2020,9,32.89096569781593
Kandahar,2020,9,45.769309539538554
Kapisa,2020,9,29.559390746499446
Kunar,2020,9,26.367744738084863
Kunduz,2020,9,37.92902320104745
Laghman,2020,9,31.119353299897888
Logar,2020,9,33.4353575485964
Nangarhar,2020,9,33.90787210546617
Nimroz,2020,9,45.02848297086567
Nuristan,2020,9,18.678874531089058
Paktya,2020,9,32.28887049639989
Samangan,2020,9,32.44465311281632
Sar-e-Pul,2020,9,32.65477730813549
Takhar,2020,9,29.215015646728972
Wardak,2020,9,31.781722356516482
Zabul,2020,9,39.92234100049937
Khost,2020,10,27.624798261350694
Paktika,2020,10,30.250085285569863
Daykundi,2020,10,24.228373228427127
Panjsher,2020,10,13.073668433024059
Parwan,2020,10,21.472107855445184
Uruzgan,2020,10,26.434946499410906
Badakhshan,2020,10,8.801240300313335
Badghis,2020,10,27.985948025727367
Baghlan,2020,10,20.50909867569169
Balkh,2020,10,29.46238619662535
Bamyan,2020,10,20.315510180063747
Farah,2020,10,32.037255100923176
Faryab,2020,10,29.202006738283906
Ghazni,2020,10,25.507564732204123
Ghor,2020,10,24.799524411732886
Hilmand,2020,10,35.14761224614597
Hirat,2020,10,28.948817406851884
Jawzjan,2020,10,31.31344857394065
Kabul,2020,10,25.077552895761958
Kandahar,2020,10,36.317658165006925
Kapisa,2020,10,22.493995766305485
Kunar,2020,10,21.1683869027226
Kunduz,2020,10,28.699598901545258
Laghman,2020,10,24.74445689336036
Logar,2020,10,24.98494679051128
Nangarhar,2020,10,27.356900438433126
Nimroz,2020,10,36.174887711037485
Nuristan,2020,10,10.29458771378679
Paktya,2020,10,24.92548581890984
Samangan,2020,10,23.922960796750264
Sar-e-Pul,2020,10,24.161374075176315
Takhar,2020,10,20.646455553156688
Wardak,2020,10,22.806651852229532
Zabul,2020,10,30.65307726410319
Khost,2020,11,17.529402479967004
Paktika,2020,11,17.93735971153062
Daykundi,2020,11,9.76029352451937
Panjsher,2020,11,-1.0185014291152017
Parwan,2020,11,6.910292474898461
Uruzgan,2020,11,14.420446328277247
Badakhshan,2020,11,-4.127707429378266
Badghis,2020,11,12.408670236571547
Baghlan,2020,11,8.21086273702229
Balkh,2020,11,13.605412670249098
Bamyan,2020,11,1.9746038620620745
Farah,2020,11,22.62576608723767
Faryab,2020,11,12.609109478793947
Ghazni,2020,11,11.08999792885484
Ghor,2020,11,8.799215059991353
Hilmand,2020,11,26.16384119176776
Hirat,2020,11,17.35513609311288
Jawzjan,2020,11,15.590141577758066
Kabul,2020,11,12.222202790028128
Kandahar,2020,11,25.941900730171565
Kapisa,2020,11,10.574072015949332
Kunar,2020,11,11.803665839452586
Kunduz,2020,11,16.028387051198568
Laghman,2020,11,13.916998733611125
Logar,2020,11,11.259765521922393
Nangarhar,2020,11,16.272118198374724
Nimroz,2020,11,27.656284462502768
Nuristan,2020,11,-0.6447439490228734
Paktya,2020,11,11.674880987478911
Samangan,2020,11,7.827877708142641
Sar-e-Pul,2020,11,6.5771092683664705
Takhar,2020,11,8.003878638651669
Wardak,2020,11,5.69825310826421
Zabul,2020,11,18.01697273217128
Khost,2020,12,12.669441157687139
Paktika,2020,12,11.86939857250137
Daykundi,2020,12,-0.25739935440181255
Panjsher,2020,12,-9.853127648361617
Parwan,2020,12,-0.05767532500286618
Uruzgan,2020,12,6.9657212554256125
Badakhshan,2020,12,-12.949077404076732
Badghis,2020,12,1.3744052576468655
Baghlan,2020,12,-1.203136977990418
Balkh,2020,12,4.966414849126391
Bamyan,2020,12,-8.348384464807609
Farah,2020,12,15.813660179953168
Faryab,2020,12,0.7428767645087752
Ghazni,2020,12,2.716972678162866
Ghor,2020,12,-3.3236885753276915
Hilmand,2020,12,20.145521013325375
Hirat,2020,12,9.081782302822084
Jawzjan,2020,12,3.329328053585812
Kabul,2020,12,6.539384569308499
Kandahar,2020,12,19.559136861647126
Kapisa,2020,12,3.807028426721023
Kunar,2020,12,5.702570398081363
Kunduz,2020,12,7.050841954444448
Laghman,2020,12,8.186530090138065
Logar,2020,12,5.054030098103058
Nangarhar,2020,12,11.114784521507735
Nimroz,2020,12,22.441036728746084
Nuristan,2020,12,-8.39576722505561
Paktya,2020,12,4.559957111947498
Samangan,2020,12,-0.45684748655501173
Sar-e-Pul,2020,12,-4.575866908099941
Takhar,2020,12,-1.9892114435241182
Wardak,2020,12,-3.13497682366538
Zabul,2020,12,11.861563465531836
Khost,2021,1,13.91274640518593
Paktika,2021,1,14.815027012010928
Daykundi,2021,1,3.449959642889941
Panjsher,2021,1,-7.390485983168346
Parwan,2021,1,2.1939615079324413
Uruzgan,2021,1,9.866806497648618
Badakhshan,2021,1,-11.132174639798365
Badghis,2021,1,7.694441693460067
Baghlan,2021,1,2.6820171939458235
Balkh,2021,1,11.48508491983766
Bamyan,2021,1,-6.463352755401752
Farah,2021,1,17.913522489798698
Faryab,2021,1,7.244785460578087
Ghazni,2021,1,5.099956161801473
Ghor,2021,1,0.33481205851739865
Hilmand,2021,1,21.04760543347174
Hirat,2021,1,14.168456296920672
Jawzjan,2021,1,9.871098360873072
Kabul,2021,1,8.114685284914353
Kandahar,2021,1,20.905947160430458
Kapisa,2021,1,6.509292882761099
Kunar,2021,1,7.230231301367436
Kunduz,2021,1,10.812693293607857
Laghman,2021,1,10.08341317781544
Logar,2021,1,7.009633317138906
Nangarhar,2021,1,12.24082836350332
Nimroz,2021,1,22.84578151264403
Nuristan,2021,1,-7.010206470979112
Paktya,2021,1,7.594388289375174
Samangan,2021,1,3.3103173558456507
Sar-e-Pul,2021,1,0.7438299509836527
Takhar,2021,1,3.3817335020853108
Wardak,2021,1,-1.1732182466241172
Zabul,2021,1,14.930506529951638
Khost,2021,2,20.644285804104324
Paktika,2021,2,23.565746549834365
Daykundi,2021,2,12.555687847724801
Panjsher,2021,2,-1.5199114401250438
Parwan,2021,2,10.800120610401988
Uruzgan,2021,2,18.022852188365906
Badakhshan,2021,2,-5.306099965135051
Badghis,2021,2,17.598913304166174
Baghlan,2021,2,10.996135757262394
Balkh,2021,2,20.9729313659192
Bamyan,2021,2,2.4076755357752853
Farah,2021,2,26.049775498041324
Faryab,2021,2,18.932542333571686
Ghazni,2021,2,13.560498081194346
Ghor,2021,2,9.275101641007444
Hilmand,2021,2,30.543577712821076
Hirat,2021,2,22.594043896175297
Jawzjan,2021,2,23.390089614293192
Kabul,2021,2,17.779326371866055
Kandahar,2021,2,30.790193379455143
Kapisa,2021,2,15.019974934462338
Kunar,2021,2,13.751686488277677
Kunduz,2021,2,20.37423985961968
Laghman,2021,2,16.999171352808258
Logar,2021,2,16.096927853315062
Nangarhar,2021,2,19.981682321649625
Nimroz,2021,2,32.7290787349041
Nuristan,2021,2,-0.4860876192422348
Paktya,2021,2,15.482349449273864
Samangan,2021,2,11.923929634262498
Sar-e-Pul,2021,2,10.55758239983985
Takhar,2021,2,9.145667718947724
Wardak,2021,2,7.376856544212307
Zabul,2021,2,23.73874123916885
Khost,2021,3,23.358650207138147
Paktika,2021,3,27.413598038417124
Daykundi,2021,3,16.76301496829737
Panjsher,2021,3,1.026663106334807
Parwan,2021,3,11.478422954909437
Uruzgan,2021,3,21.5630344187073
Badakhshan,2021,3,-1.6294530523946102
Badghis,2021,3,20.98707090117611
Baghlan,2021,3,13.014649060584794
Balkh,2021,3,22.619378335858602
Bamyan,2021,3,8.225602226113462
Farah,2021,3,32.58308068300571
Faryab,2021,3,21.459396094930636
Ghazni,2021,3,18.71238132806183
Ghor,2021,3,16.574524572549223
Hilmand,2021,3,36.040712565463735
Hirat,2021,3,27.701368265896853
Jawzjan,2021,3,25.128287148705862
Kabul,2021,3,18.736099658912565
Kandahar,2021,3,35.83927486014431
Kapisa,2021,3,15.87094389872286
Kunar,2021,3,14.898531086450472
Kunduz,2021,3,22.41676537708138
Laghman,2021,3,18.763350609379838
Logar,2021,3,18.912224762384966
Nangarhar,2021,3,21.5790327474249
Nimroz,2021,3,39.38015549350866
Nuristan,2021,3,1.4789543977547157
Paktya,2021,3,19.414675413481543
Samangan,2021,3,14.541102746010054
Sar-e-Pul,2021,3,12.871835027719262
Takhar,2021,3,11.498502768910477
Wardak,2021,3,12.842477132734032
Zabul,2021,3,27.252130915698555
Khost,2021,4,28.73896924784035
Paktika,2021,4,35.52779489120652
Daykundi,2021,4,27.342682434531024
Panjsher,2021,4,7.678747207324677
Parwan,2021,4,21.741147548658226
Uruzgan,2021,4,31.268622698590466
Badakhshan,2021,4,5.435665776271695
Badghis,2021,4,36.63780577551945
Baghlan,2021,4,21.164386168798647
Balkh,2021,4,37.136947488137594
Bamyan,2021,4,20.824841799349706
Farah,2021,4,41.77732663860231
Faryab,2021,4,37.13085598372503
Ghazni,2021,4,29.24814682222225
Ghor,2021,4,29.508011727487542
Hilmand,2021,4,44.221716978374644
Hirat,2021,4,39.40918911960864
Jawzjan,2021,4,40.79624491307637
Kabul,2021,4,28.125709496037228
Kandahar,2021,4,44.27464292643418
Kapisa,2021,4,23.69811430861575
Kunar,2021,4,22.368756259775147
Kunduz,2021,4,34.30377721263928
Laghman,2021,4,26.75140275467513
Logar,2021,4,28.767501777335863
Nangarhar,2021,4,30.053192086764135
Nimroz,2021,4,47.828460971170315
Nuristan,2021,4,7.804528550096431
Paktya,2021,4,27.616297414730784
Samangan,2021,4,27.381395773541385
Sar-e-Pul,2021,4,28.479088244081115
Takhar,2021,4,20.064592746279562
Wardak,2021,4,24.056031718025952
Zabul,2021,4,36.50861484333541
Khost,2021,5,32.190709192725365
Paktika,2021,5,39.872278489319655
Daykundi,2021,5,31.510337735664404
Panjsher,2021,5,14.477899918088193
Parwan,2021,5,26.445564866056763
Uruzgan,2021,5,35.77422779711166
Badakhshan,2021,5,14.044327120882961
Badghis,2021,5,39.56594524584489
Baghlan,2021,5,27.366894665981878
Balkh,2021,5,43.91504319461242
Bamyan,2021,5,26.01463832165418
Farah,2021,5,44.83360486001872
Faryab,2021,5,42.77975289106372
Ghazni,2021,5,33.43176405270136
Ghor,2021,5,31.553971096926563
Hilmand,2021,5,48.42048825547356
Hirat,2021,5,40.650568364510576
Jawzjan,2021,5,48.49116265114548
Kabul,2021,5,33.11312295149251
Kandahar,2021,5,48.549466123512595
Kapisa,2021,5,29.717735978228674
Kunar,2021,5,26.605703699710702
Kunduz,2021,5,43.395738264298686
Laghman,2021,5,32.89591933526873
Logar,2021,5,33.052618539633286
Nangarhar,2021,5,36.549181636117865
Nimroz,2021,5,51.44988812018085
Nuristan,2021,5,13.74567157807251
Paktya,2021,5,31.095682764103675
Samangan,2021,5,31.3130949340782
Sar-e-Pul,2021,5,32.788227576628714
Takhar,2021,5,27.11631332208662
Wardak,2021,5,28.776608020949926
Zabul,2021,5,42.09351595697582
Khost,2021,6,39.049970354405886
Paktika,2021,6,45.86210063992938
Daykundi,2021,6,39.887331759657066
Panjsher,2021,6,24.062549554951424
Parwan,2021,6,35.14783500320449
Uruzgan,2021,6,42.67018730278121
Badakhshan,2021,6,22.437087944924087
Badghis,2021,6,47.04889527012721
Baghlan,2021,6,36.647370193541775
Balkh,2021,6,49.44978771070567
Bamyan,2021,6,35.059808374792944
Farah,2021,6,50.17626625272523
Faryab,2021,6,49.13292603732216
Ghazni,2021,6,41.0297310031869
Ghor,2021,6,39.78409083897177
Hilmand,2021,6,53.06149714734588
Hirat,2021,6,46.194701047201185
Jawzjan,2021,6,53.32193310718238
Kabul,2021,6,40.12847671618125
Kandahar,2021,6,53.79418905341769
Kapisa,2021,6,36.70278611498063
Kunar,2021,6,33.8652714891574
Kunduz,2021,6,48.36450725007993
Laghman,2021,6,39.31249812386818
Logar,2021,6,40.25596289453721
Nangarhar,2021,6,41.794142433946604
Nimroz,2021,6,55.146033233859114
Nuristan,2021,6,23.603728509864773
Paktya,2021,6,39.01262740900281
Samangan,2021,6,40.54511479219676
Sar-e-Pul,2021,6,40.937386204603904
Takhar,2021,6,35.591040965124925
Wardak,2021,6,37.41870359658275
Zabul,2021,6,47.9564831685621
Khost,2021,7,34.42429235433267
Paktika,2021,7,42.7361111220629
Daykundi,2021,7,40.216680383701345
Panjsher,2021,7,27.880324841493366
Parwan,2021,7,35.72139369748334
Uruzgan,2021,7,41.81949093062285
Badakhshan,2021,7,26.840549683986758
Badghis,2021,7,46.14589147730382
Baghlan,2021,7,37.1066362813057
Balkh,2021,7,48.7913293546279
Bamyan,2021,7,36.03806216209888
Farah,2021,7,48.346345427853706
Faryab,2021,7,48.31843657683687
Ghazni,2021,7,40.25373363149601
Ghor,2021,7,40.6510463698767
Hilmand,2021,7,49.77237311450093
Hirat,2021,7,44.67893167607157
Jawzjan,2021,7,52.10580948058462
Kabul,2021,7,39.49331401372834
Kandahar,2021,7,49.586637628006436
Kapisa,2021,7,35.873075320933104
Kunar,2021,7,29.504655030550857
Kunduz,2021,7,46.77900449205878
Laghman,2021,7,34.674329797997615
Logar,2021,7,39.028173747872295
Nangarhar,2021,7,37.51120186306662
Nimroz,2021,7,52.369526090770734
Nuristan,2021,7,25.315438872563234
Paktya,2021,7,36.4201784601872
Samangan,2021,7,41.322494850097605
Sar-e-Pul,2021,7,41.287157702552626
Takhar,2021,7,36.73846991133139
Wardak,2021,7,37.12989362695794
Zabul,2021,7,45.00207029491799
Khost,2021,8,31.634773066406225
Paktika,2021,8,42.7543199841672
Daykundi,2021,8,38.903992982236666
Panjsher,2021,8,27.69825134462678
Parwan,2021,8,35.062653074385906
Uruzgan,2021,8,40.507124311163054
Badakhshan,2021,8,26.72310101745001
Badghis,2021,8,44.76372488964446
Baghlan,2021,8,35.89482141619743
Balkh,2021,8,47.035731412081766
Bamyan,2021,8,35.28242573821907
Farah,2021,8,46.71109074441961
Faryab,2021,8,46.89235560628914
Ghazni,2021,8,39.691041222320244
Ghor,2021,8,39.538921228211834
Hilmand,2021,8,48.91980712749928
Hirat,2021,8,43.313153798216966
Jawzjan,2021,8,50.75018908109996
Kabul,2021,8,37.92964448652899
Kandahar,2021,8,50.29180376902386
Kapisa,2021,8,34.21689915939203
Kunar,2021,8,27.861843006358974
Kunduz,2021,8,45.086064667423294
Laghman,2021,8,33.61288689354468
Logar,2021,8,37.991855088832416
Nangarhar,2021,8,36.38599080268854
Nimroz,2021,8,50.70351045752299
Nuristan,2021,8,23.868505800771096
Paktya,2021,8,35.99851660443318
Samangan,2021,8,39.73333685486484
Sar-e-Pul,2021,8,39.87937695204611
Takhar,2021,8,35.68633520790256
Wardak,2021,8,36.863516638273126
Zabul,2021,8,44.968955181964084
Khost,2021,9,29.67486486105453
Paktika,2021,9,39.38426813722245
Daykundi,2021,9,35.55931758294541
Panjsher,2021,9,24.95499081374583
Parwan,2021,9,31.72257778400717
Uruzgan,2021,9,36.96700906771171
Badakhshan,2021,9,24.284610809803805
Badghis,2021,9,39.0806258096453
Baghlan,2021,9,31.821662944537945
Balkh,2021,9,40.00742004308908
Bamyan,2021,9,31.923623944923786
Farah,2021,9,42.05620995231195
Faryab,2021,9,39.80984566519173
Ghazni,2021,9,36.608998261112625
Ghor,2021,9,36.64526157815727
Hilmand,2021,9,45.37419542730838
Hirat,2021,9,38.9866847280665
Jawzjan,2021,9,42.14687208102172
Kabul,2021,9,33.572027787307505
Kandahar,2021,9,46.49994544578066
Kapisa,2021,9,30.04649165352502
Kunar,2021,9,24.456072051407137
Kunduz,2021,9,39.2503160523759
Laghman,2021,9,29.253492565828026
Logar,2021,9,34.770348108381434
Nangarhar,2021,9,32.232416690907144
Nimroz,2021,9,46.94335246075133
Nuristan,2021,9,20.958489222071268
Paktya,2021,9,33.33929576874063
Samangan,2021,9,34.85787777188822
Sar-e-Pul,2021,9,34.98392684435128
Takhar,2021,9,31.50336804273689
Wardak,2021,9,33.740859157483314
Zabul,2021,9,41.47903493728276
Khost,2021,10,28.010385047239957
Paktika,2021,10,30.505781638414902
Daykundi,2021,10,25.01731064657662
Panjsher,2021,10,13.067845075310805
Parwan,2021,10,22.340005847128552
Uruzgan,2021,10,27.187869674177943
Badakhshan,2021,10,10.705648611807215
Badghis,2021,10,28.439080475957194
Baghlan,2021,10,20.414553747426933
Balkh,2021,10,28.763347412358883
Bamyan,2021,10,20.501693868143068
Farah,2021,10,32.360049507776864
Faryab,2021,10,28.51902250335141
Ghazni,2021,10,25.72543131432622
Ghor,2021,10,25.51646789742003
Hilmand,2021,10,35.915896614923504
Hirat,2021,10,29.508323080816858
Jawzjan,2021,10,30.579481417501942
Kabul,2021,10,26.079088286179637
Kandahar,2021,10,36.96161743556213
Kapisa,2021,10,23.396356241151437
Kunar,2021,10,21.22745834055386
Kunduz,2021,10,28.139243125083812
Laghman,2021,10,25.30101642787865
Logar,2021,10,25.567318556319265
Nangarhar,2021,10,28.05870467648846
Nimroz,2021,10,37.08392793461564
Nuristan,2021,10,11.97687229505196
Paktya,2021,10,25.33997465841486
Samangan,2021,10,23.25689224408248
Sar-e-Pul,2021,10,23.73926909406582
Takhar,2021,10,19.533460252903886
Wardak,2021,10,23.031754763193412
Zabul,2021,10,31.348331006520716
Khost,2021,11,21.23117001786355
Paktika,2021,11,22.755663290900287
Daykundi,2021,11,15.126175550865902
Panjsher,2021,11,2.24890608695755
Parwan,2021,11,13.428682137480921
Uruzgan,2021,11,18.946230257681595
Badakhshan,2021,11,-2.4104360541754697
Badghis,2021,11,17.060659297882864
Baghlan,2021,11,11.063648393410238
Balkh,2021,11,18.320964011876296
Bamyan,2021,11,8.11627490975097
Farah,2021,11,25.309971119867264
Faryab,2021,11,17.296032538111916
Ghazni,2021,11,17.22158798049329
Ghor,2021,11,13.447162665233456
Hilmand,2021,11,28.841666982545323
Hirat,2021,11,21.404317560060292
Jawzjan,2021,11,20.236144754238243
Kabul,2021,11,17.950694980107485
Kandahar,2021,11,28.81072218877943
Kapisa,2021,11,15.763631823554046
Kunar,2021,11,15.15325809807783
Kunduz,2021,11,18.09612971446651
Laghman,2021,11,18.33312922583317
Logar,2021,11,17.576381043340938
Nangarhar,2021,11,20.737153997384226
Nimroz,2021,11,29.904187118180793
Nuristan,2021,11,2.6917436537307102
Paktya,2021,11,17.879503550823642
Samangan,2021,11,12.28594837397439
Sar-e-Pul,2021,11,10.829786683860117
Takhar,2021,11,9.720226087234051
Wardak,2021,11,13.58985970113903
Zabul,2021,11,23.405699151895583
Khost,2021,12,13.103385707216354
Paktika,2021,12,14.92766422623069
Daykundi,2021,12,7.066384103252784
Panjsher,2021,12,-6.53081228239053
Parwan,2021,12,3.7890353508602113
Uruzgan,2021,12,11.843124407454138
Badakhshan,2021,12,-10.015491748592357
Badghis,2021,12,10.99907026114596
Baghlan,2021,12,3.631199865186409
Balkh,2021,12,11.885445097949212
Bamyan,2021,12,-0.3202782629787094
Farah,2021,12,19.29450408006317
Faryab,2021,12,10.991419393161495
Ghazni,2021,12,8.930850337415155
Ghor,2021,12,3.949494387692078
Hilmand,2021,12,22.187106081079072
Hirat,2021,12,15.071386153133101
Jawzjan,2021,12,13.28908137028215
Kabul,2021,12,8.376571955758717
Kandahar,2021,12,21.923293248738513
Kapisa,2021,12,6.721727248575474
Kunar,2021,12,7.818181581874995
Kunduz,2021,12,11.766363988479265
Laghman,2021,12,10.22762237571885
Logar,2021,12,7.6204708999819255
Nangarhar,2021,12,12.476116062294754
Nimroz,2021,12,24.103488790712873
Nuristan,2021,12,-4.554379001212256
Paktya,2021,12,8.742035907294978
Samangan,2021,12,5.181501254397423
Sar-e-Pul,2021,12,3.6549344133190913
Takhar,2021,12,2.9126371873518644
Wardak,2021,12,4.363579869907269
Zabul,2021,12,16.072628420350924
Khost,2022,1,9.429072466330602
Paktika,2022,1,5.8073102534914485
Daykundi,2022,1,-3.950951133395213
Panjsher,2022,1,-11.288421155802435
Parwan,2022,1,-4.340559105870845
Uruzgan,2022,1,3.6990275424753123
Badakhshan,2022,1,-13.054107477004099
Badghis,2022,1,4.235914388428773
Baghlan,2022,1,0.9288174891991497
Balkh,2022,1,9.519314103735717
Bamyan,2022,1,-8.628777017973626
Farah,2022,1,13.86894896873511
Faryab,2022,1,6.024504710686023
Ghazni,2022,1,-3.679951783179969
Ghor,2022,1,-6.1392683183807115
Hilmand,2022,1,17.78329763073452
Hirat,2022,1,9.41383805628915
Jawzjan,2022,1,11.013072267852783
Kabul,2022,1,0.5251245243589392
Kandahar,2022,1,16.028484603576764
Kapisa,2022,1,0.9136588049832701
Kunar,2022,1,3.9282852647416013
Kunduz,2022,1,9.892473449055773
Laghman,2022,1,5.7893732044833115
Logar,2022,1,-2.633996301077329
Nangarhar,2022,1,8.475698500049537
Nimroz,2022,1,20.812823822149728
Nuristan,2022,1,-9.767724827995572
Paktya,2022,1,0.636011364855944
Samangan,2022,1,1.7256022942339677
Sar-e-Pul,2022,1,-0.6049801564282546
Takhar,2022,1,0.4063858593764458
Wardak,2022,1,-8.658562841876973
Zabul,2022,1,7.313992761260438
Khost,2022,2,15.18166179559327
Paktika,2022,2,17.263423935363427
Daykundi,2022,2,4.317369371158265
Panjsher,2022,2,-6.372754479740285
Parwan,2022,2,2.895156803363389
Uruzgan,2022,2,12.094236896314804
Badakhshan,2022,2,-9.335868787887568
Badghis,2022,2,10.643380231358146
Baghlan,2022,2,4.298558794814793
Balkh,2022,2,15.300126744049686
Bamyan,2022,2,-3.967400177419261
Farah,2022,2,21.896266783702472
Faryab,2022,2,11.546412786629459
Ghazni,2022,2,6.120778442209426
Ghor,2022,2,0.32034421047482714
Hilmand,2022,2,26.249762610355006
Hirat,2022,2,16.8894808151556
Jawzjan,2022,2,17.091973051569365
Kabul,2022,2,9.595562216759555
Kandahar,2022,2,26.47658977782468
Kapisa,2022,2,9.362680908410754
Kunar,2022,2,8.486405851702058
Kunduz,2022,2,16.083378863888793
Laghman,2022,2,12.283925881070004
Logar,2022,2,6.166573684912848
Nangarhar,2022,2,15.15641357497388
Nimroz,2022,2,28.433789763026056
Nuristan,2022,2,-5.191054339204738
Paktya,2022,2,8.169085809411373
Samangan,2022,2,5.069833970622073
Sar-e-Pul,2022,2,3.7383967336874098
Takhar,2022,2,4.077536889668108
Wardak,2022,2,-2.0751464843044185
Zabul,2022,2,18.73728535693558
Khost,2022,3,27.643330580891167
Paktika,2022,3,30.120857645901093
Daykundi,2022,3,20.527885436185503
Panjsher,2022,3,6.3587409180218435
Parwan,2022,3,17.061170862650215
Uruzgan,2022,3,24.30587694062081
Badakhshan,2022,3,4.933856478398164
Badghis,2022,3,23.92299364840142
Baghlan,2022,3,17.74165053862942
Balkh,2022,3,24.981165698987326
Bamyan,2022,3,14.11586382917927
Farah,2022,3,33.371403329644544
Faryab,2022,3,22.59099192766375
Ghazni,2022,3,21.75086834880227
Ghor,2022,3,19.66381368535365
Hilmand,2022,3,37.929099848523826
Hirat,2022,3,27.422375281500592
Jawzjan,2022,3,26.930680770283576
Kabul,2022,3,24.067626301960864
Kandahar,2022,3,39.07005615427817
Kapisa,2022,3,21.212781525356164
Kunar,2022,3,19.208350432104716
Kunduz,2022,3,25.314854017995977
Laghman,2022,3,24.784289743143127
Logar,2022,3,23.743262767021253
Nangarhar,2022,3,27.785352888278222
Nimroz,2022,3,40.619975348388465
Nuristan,2022,3,5.624121224248121
Paktya,2022,3,24.120274851139246
Samangan,2022,3,20.68945398447904
Sar-e-Pul,2022,3,18.8148734492372
Takhar,2022,3,16.477146185674417
Wardak,2022,3,16.856708181584406
Zabul,2022,3,30.83486636084966
Khost,2022,4,34.000258254532525
Paktika,2022,4,38.79160130391774
Daykundi,2022,4,29.6676630243405
Panjsher,2022,4,14.693557846353713
Parwan,2022,4,25.947044794355016
Uruzgan,2022,4,33.03530417228
Badakhshan,2022,4,11.818786282324345
Badghis,2022,4,33.29000740335753
Baghlan,2022,4,26.404586042097137
Balkh,2022,4,38.1806400878635
Bamyan,2022,4,25.150078079802416
Farah,2022,4,41.43208351873558
Faryab,2022,4,34.32533527539707
Ghazni,2022,4,31.91737847062542
Ghor,2022,4,29.527920000587194
Hilmand,2022,4,45.71769926549577
Hirat,2022,4,35.93942243330346
Jawzjan,2022,4,39.75068621861976
Kabul,2022,4,32.38704722564992
Kandahar,2022,4,46.639205038952866
Kapisa,2022,4,28.101232074351344
Kunar,2022,4,26.21222164752302
Kunduz,2022,4,36.30832414125029
Laghman,2022,4,30.489249357452845
Logar,2022,4,32.88574589001089
Nangarhar,2022,4,34.04033061563016
Nimroz,2022,4,48.72336962036498
Nuristan,2022,4,12.984485111277449
Paktya,2022,4,31.864040701965656
Samangan,2022,4,30.761759247227527
Sar-e-Pul,2022,4,29.56516237312761
Takhar,2022,4,24.67514395007575
Wardak,2022,4,27.633203727993923
Zabul,2022,4,39.45254992729657
Khost,2022,5,36.718705226769664
Paktika,2022,5,41.99975197056623
Daykundi,2022,5,34.27461036438527
Panjsher,2022,5,19.173945865587715
Parwan,2022,5,29.218790335155013
Uruzgan,2022,5,37.26809429832726
Badakhshan,2022,5,17.686309272881957
Badghis,2022,5,36.51866440275304
Baghlan,2022,5,29.795160297364067
Balkh,2022,5,40.876732754754514
Bamyan,2022,5,28.913741215438513
Farah,2022,5,44.354913383076884
Faryab,2022,5,38.45746135965584
Ghazni,2022,5,35.660953356717535
Ghor,2022,5,34.37256220300799
Hilmand,2022,5,48.29867101436686
Hirat,2022,5,38.715947733398245
Jawzjan,2022,5,44.669870255413144
Kabul,2022,5,34.97665628233579
Kandahar,2022,5,48.580918473523944
Kapisa,2022,5,31.482920040054907
Kunar,2022,5,29.804569697639046
Kunduz,2022,5,40.63649429678913
Laghman,2022,5,34.81092482825852
Logar,2022,5,35.10502651443384
Nangarhar,2022,5,37.11977467178938
Nimroz,2022,5,50.241774906529706
Nuristan,2022,5,18.02075327183643
Paktya,2022,5,34.62161063495414
Samangan,2022,5,32.37393808299571
Sar-e-Pul,2022,5,33.58990502392091
Takhar,2022,5,28.99334666485724
Wardak,2022,5,30.985877736707593
Zabul,2022,5,41.87103091723728
Khost,2022,6,38.14405536486174
Paktika,2022,6,44.55847062839345
Daykundi,2022,6,39.42635649717428
Panjsher,2022,6,25.36271836251498
Parwan,2022,6,34.472048401039636
Uruzgan,2022,6,41.89791097133777
Badakhshan,2022,6,23.444722624839283
Badghis,2022,6,46.09314619954492
Baghlan,2022,6,35.720988105398135
Balkh,2022,6,49.69906789673217
Bamyan,2022,6,34.9256631364143
Farah,2022,6,48.287230321969744
Faryab,2022,6,47.64473091183181
Ghazni,2022,6,40.10025189968875
Ghor,2022,6,39.33527562425886
Hilmand,2022,6,51.437454062614
Hirat,2022,6,44.90874548063529
Jawzjan,2022,6,53.068731565851536
Kabul,2022,6,38.74523497891782
Kandahar,2022,6,51.6969830653609
Kapisa,2022,6,35.81460339342697
Kunar,2022,6,32.011539408638875
Kunduz,2022,6,48.99625055507026
Laghman,2022,6,37.57065728265752
Logar,2022,6,38.423264268510536
Nangarhar,2022,6,39.51404713956724
Nimroz,2022,6,52.301908753500236
Nuristan,2022,6,23.161401943181264
Paktya,2022,6,37.57414004319955
Samangan,2022,6,40.02386099872554
Sar-e-Pul,2022,6,40.1912496347157
Takhar,2022,6,35.75063570665604
Wardak,2022,6,36.54901523700899
Zabul,2022,6,46.29295242202127
Khost,2022,7,29.765227700771963
Paktika,2022,7,37.46049250043899
Daykundi,2022,7,39.91401923976403
Panjsher,2022,7,28.742622848533134
Parwan,2022,7,35.69814534815067
Uruzgan,2022,7,39.3937350230295
Badakhshan,2022,7,28.683405545891308
Badghis,2022,7,45.36499311990788
Baghlan,2022,7,36.61459670792445
Balkh,2022,7,47.63535203399949
Bamyan,2022,7,36.773106991795245
Farah,2022,7,46.55358653489283
Faryab,2022,7,47.64406223329346
Ghazni,2022,7,36.730198585670614
Ghor,2022,7,41.6261368095171
Hilmand,2022,7,47.298883232195784
Hirat,2022,7,43.598516343877364
Jawzjan,2022,7,51.50272216532053
Kabul,2022,7,37.22159972992439
Kandahar,2022,7,46.90555288662404
Kapisa,2022,7,32.76385007339993
Kunar,2022,7,27.602439061306033
Kunduz,2022,7,45.51799047517192
Laghman,2022,7,30.72231552069065
Logar,2022,7,36.005783066001875
Nangarhar,2022,7,33.66794068495244
Nimroz,2022,7,49.239236171946814
Nuristan,2022,7,23.658680193461887
Paktya,2022,7,32.268492261009726
Samangan,2022,7,41.26583829649366
Sar-e-Pul,2022,7,41.061625622181325
Takhar,2022,7,36.69926228047337
Wardak,2022,7,37.04041466789529
Zabul,2022,7,39.75856583659207
Khost,2022,8,29.10209601463631
Paktika,2022,8,34.50797070300912
Daykundi,2022,8,36.53548612512976
Panjsher,2022,8,24.54934101687407
Parwan,2022,8,31.32371054382499
Uruzgan,2022,8,36.57875842963213
Badakhshan,2022,8,24.711548755049378
Badghis,2022,8,42.65132628404704
Baghlan,2022,8,33.99019493005518
Balkh,2022,8,44.84399461713672
Bamyan,2022,8,33.07803728384175
Farah,2022,8,44.238541877752475
Faryab,2022,8,44.770060676856026
Ghazni,2022,8,31.9334325143439
Ghor,2022,8,38.743358039065534
Hilmand,2022,8,46.110057761180464
Hirat,2022,8,41.25116485321144
Jawzjan,2022,8,48.549562649378025
Kabul,2022,8,33.678083458065174
Kandahar,2022,8,45.98148836113722
Kapisa,2022,8,29.43323501261935
Kunar,2022,8,25.3088917546683
Kunduz,2022,8,43.06352067674023
Laghman,2022,8,30.048645963329445
Logar,2022,8,31.873430960857345
Nangarhar,2022,8,32.63136550513126
Nimroz,2022,8,47.687654097290874
Nuristan,2022,8,19.65047050974623
Paktya,2022,8,29.66588446778348
Samangan,2022,8,38.177022059382345
Sar-e-Pul,2022,8,38.153672414643985
Takhar,2022,8,34.07954277162983
Wardak,2022,8,31.262120155621886
Zabul,2022,8,36.888134656590616
Khost,2022,9,28.814660907241606
Paktika,2022,9,36.71609473086807
Daykundi,2022,9,33.23397370965351
Panjsher,2022,9,21.618905046332763
Parwan,2022,9,29.351870390370465
Uruzgan,2022,9,34.624067578464334
Badakhshan,2022,9,21.249178703732973
Badghis,2022,9,38.25037981259009
Baghlan,2022,9,30.090976605008795
Balkh,2022,9,39.68116793927213
Bamyan,2022,9,29.748750967035782
Farah,2022,9,41.88506924558102
Faryab,2022,9,39.584881130126256
Ghazni,2022,9,32.15694254132959
Ghor,2022,9,34.59681308765244
Hilmand,2022,9,44.7735209585508
Hirat,2022,9,38.85923474216712
Jawzjan,2022,9,42.52604560664946
Kabul,2022,9,31.889787642277348
Kandahar,2022,9,45.360312019258984
Kapisa,2022,9,28.508351873486436
Kunar,2022,9,23.42963519791634
Kunduz,2022,9,39.11796006860895
Laghman,2022,9,28.4532098855392
Logar,2022,9,31.286422685709784
Nangarhar,2022,9,30.934829696396235
Nimroz,2022,9,46.01033553727464
Nuristan,2022,9,17.941374798058355
Paktya,2022,9,30.17605074649325
Samangan,2022,9,33.948548306110105
Sar-e-Pul,2022,9,33.648055466396926
Takhar,2022,9,30.027940230539578
Wardak,2022,9,30.33308012952483
Zabul,2022,9,38.48254049989068
Khost,2022,10,27.726151575103096
Paktika,2022,10,30.66058399445419
Daykundi,2022,10,25.798811224045334
Panjsher,2022,10,14.079022755090449
Parwan,2022,10,22.971999918598843
Uruzgan,2022,10,27.420116000456662
Badakhshan,2022,10,8.085694969377347
Badghis,2022,10,29.156086309983714
Baghlan,2022,10,21.589258046754303
Balkh,2022,10,29.236271978307865
Bamyan,2022,10,21.849247083004038
Farah,2022,10,34.30024963850742
Faryab,2022,10,29.08056452110437
Ghazni,2022,10,25.41999796152275
Ghor,2022,10,26.39110628933372
Hilmand,2022,10,36.65822725578258
Hirat,2022,10,31.17222709581091
Jawzjan,2022,10,31.104262593159802
Kabul,2022,10,26.6519261873275
Kandahar,2022,10,37.49504111675417
Kapisa,2022,10,24.074800832433553
Kunar,2022,10,22.034715881055753
Kunduz,2022,10,29.443570037889376
Laghman,2022,10,26.16807629490784
Logar,2022,10,25.51436436501383
Nangarhar,2022,10,28.251420509263443
Nimroz,2022,10,37.5599688033354
Nuristan,2022,10,13.08512265506122
Paktya,2022,10,25.54038928301363
Samangan,2022,10,24.716677681565546
Sar-e-Pul,2022,10,24.79910876597641
Takhar,2022,10,19.783510007745004
Wardak,2022,10,23.71191138138892
Zabul,2022,10,31.259750247176285
Khost,2022,11,18.830862633443335
Paktika,2022,11,20.018554342110342
Daykundi,2022,11,12.717394629656866
Panjsher,2022,11,-1.6104642951809565
Parwan,2022,11,10.002895374806684
Uruzgan,2022,11,17.382346172748
Badakhshan,2022,11,-4.954106569442759
Badghis,2022,11,16.851986637260225
Baghlan,2022,11,9.13509784029837
Balkh,2022,11,17.900972366908633
Bamyan,2022,11,5.6017853854536845
Farah,2022,11,26.561216725720563
Faryab,2022,11,15.772792336110363
Ghazni,2022,11,13.9999427371864
Ghor,2022,11,11.2462570701377
Hilmand,2022,11,29.30270659053985
Hirat,2022,11,21.294309458956274
Jawzjan,2022,11,18.557223463208736
Kabul,2022,11,15.488655851653485
Kandahar,2022,11,27.910398979316017
Kapisa,2022,11,13.020356392719744
Kunar,2022,11,12.40497613271236
Kunduz,2022,11,18.216308995407022
Laghman,2022,11,15.741570467452789
Logar,2022,11,14.367488948325933
Nangarhar,2022,11,18.537866885919843
Nimroz,2022,11,30.87681270616408
Nuristan,2022,11,-0.45887020045217153
Paktya,2022,11,14.57126643163099
Samangan,2022,11,12.067225582482893
Sar-e-Pul,2022,11,10.265866121813731
Takhar,2022,11,8.605723472698827
Wardak,2022,11,9.655652731663327
Zabul,2022,11,20.396965273655944
Khost,2022,12,13.46014661994506
Paktika,2022,12,12.276505436438772
Daykundi,2022,12,3.8050535846069504
Panjsher,2022,12,-7.026867857448909
Parwan,2022,12,3.908822107419799
Uruzgan,2022,12,8.330958546796234
Badakhshan,2022,12,-10.531130152475363
Badghis,2022,12,7.076516477724231
Baghlan,2022,12,2.9882173969039907
Balkh,2022,12,11.06977347750062
Bamyan,2022,12,-2.332688318868256
Farah,2022,12,16.538533172234022
Faryab,2022,12,8.997525292165578
Ghazni,2022,12,5.415153517785329
Ghor,2022,12,1.480822435754789
Hilmand,2022,12,20.000165794957503
Hirat,2022,12,10.478938749706185
Jawzjan,2022,12,12.193495038295342
Kabul,2022,12,8.700510998306791
Kandahar,2022,12,19.384959750820563
Kapisa,2022,12,7.066504167844598
Kunar,2022,12,8.376351108294935
Kunduz,2022,12,10.488216380598256
Laghman,2022,12,10.612034533666796
Logar,2022,12,7.229439182678703
Nangarhar,2022,12,13.046938393850999
Nimroz,2022,12,22.243844874513236
Nuristan,2022,12,-6.383538354459661
Paktya,2022,12,7.851466589239788
Samangan,2022,12,5.567775336923694
Sar-e-Pul,2022,12,1.7558941642847314
Takhar,2022,12,1.9860796128380012
Wardak,2022,12,2.481229066639086
Zabul,2022,12,11.829065647077792
Khost,2023,1,8.43139906246764
Paktika,2023,1,4.690820174178875
Daykundi,2023,1,-5.383539926881049
Panjsher,2023,1,-13.166048780390598
Parwan,2023,1,-4.502626680141801
Uruzgan,2023,1,1.6956783413025907
Badakhshan,2023,1,-15.466559157753329
Badghis,2023,1,0.201421523347479
Baghlan,2023,1,-2.9261907646517895
Balkh,2023,1,7.692468888974175
Bamyan,2023,1,-12.489444756854576
Farah,2023,1,10.89112193329622
Faryab,2023,1,1.7822945832001036
Ghazni,2023,1,-5.027393214404064
Ghor,2023,1,-8.831051855537117
Hilmand,2023,1,14.137085794274832
Hirat,2023,1,5.976432436393832
Jawzjan,2023,1,7.10219589282693
Kabul,2023,1,0.27600245682573954
Kandahar,2023,1,13.110792477944246
Kapisa,2023,1,-0.33762993150472626
Kunar,2023,1,2.365830032854878
Kunduz,2023,1,6.935601696207728
Laghman,2023,1,4.993383041053227
Logar,2023,1,-3.186360474657361
Nangarhar,2023,1,7.803432047692851
Nimroz,2023,1,17.179902751986365
Nuristan,2023,1,-11.833337049897478
Paktya,2023,1,-2.466775081816323
Samangan,2023,1,-2.2623843724952515
Sar-e-Pul,2023,1,-4.072974111987808
Takhar,2023,1,-3.272325585204518
Wardak,2023,1,-9.187252740403027
Zabul,2023,1,4.000658198721555
Khost,2023,2,15.23104058575826
Paktika,2023,2,16.18571539405642
Daykundi,2023,2,2.7247368914990395
Panjsher,2023,2,-8.109306874131082
Parwan,2023,2,1.5838775997270178
Uruzgan,2023,2,11.559221936377037
Badakhshan,2023,2,-9.730570845977837
Badghis,2023,2,8.221481009254106
Baghlan,2023,2,6.065118728397061
Balkh,2023,2,14.445621113226691
Bamyan,2023,2,-4.188352202459294
Farah,2023,2,22.57841186332737
Faryab,2023,2,10.64718517433288
Ghazni,2023,2,4.001953288818563
Ghor,2023,2,0.055208146715532154
Hilmand,2023,2,26.72002446015553
Hirat,2023,2,14.691931911949709
Jawzjan,2023,2,15.239431872003511
Kabul,2023,2,8.910018498818623
Kandahar,2023,2,26.6461892600149
Kapisa,2023,2,7.655397091932175
Kunar,2023,2,8.328730654059164
Kunduz,2023,2,16.99474570088738
Laghman,2023,2,11.974108369781115
Logar,2023,2,5.355789280840698
Nangarhar,2023,2,15.423929568883608
Nimroz,2023,2,28.841969569827757
Nuristan,2023,2,-6.863549806049636
Paktya,2023,2,6.965585471619547
Samangan,2023,2,6.8261933774289005
Sar-e-Pul,2023,2,2.6372491214250213
Takhar,2023,2,4.74358026377722
Wardak,2023,2,-2.8274499219722067
Zabul,2023,2,16.345200506406133
Khost,2023,3,20.22950614174406
Paktika,2023,3,23.275363389447886
Daykundi,2023,3,15.275592570529511
Panjsher,2023,3,2.6032251339786985
Parwan,2023,3,12.934314076407832
Uruzgan,2023,3,20.130064765331987
Badakhshan,2023,3,1.267577256466767
Badghis,2023,3,21.963913162351115
Baghlan,2023,3,16.07331409298241
Balkh,2023,3,27.907538551280307
Bamyan,2023,3,9.27888295396689
Farah,2023,3,32.79920701836472
Faryab,2023,3,24.944932723556715
Ghazni,2023,3,15.283350738792075
Ghor,2023,3,15.057309714190218
Hilmand,2023,3,34.50549525530402
Hirat,2023,3,27.705776403962478
Jawzjan,2023,3,30.7234800402092
Kabul,2023,3,18.57850502293596
Kandahar,2023,3,32.560337597620645
Kapisa,2023,3,16.023762436264704
Kunar,2023,3,14.41128533573378
Kunduz,2023,3,27.594755273910486
Laghman,2023,3,18.189735323038082
Logar,2023,3,16.988999388837264
Nangarhar,2023,3,21.117732379131812
Nimroz,2023,3,38.73966434234026
Nuristan,2023,3,2.1622337654627994
Paktya,2023,3,16.456019482757
Samangan,2023,3,19.80746172653598
Sar-e-Pul,2023,3,15.890205946920092
Takhar,2023,3,14.772233916496774
Wardak,2023,3,10.822714218674871
Zabul,2023,3,24.056680877070907
Khost,2023,4,27.160014093723756
Paktika,2023,4,30.886308916465296
Daykundi,2023,4,23.989719007372845
Panjsher,2023,4,8.93807975257336
Parwan,2023,4,20.91607602260747
Uruzgan,2023,4,27.336362233472343
Badakhshan,2023,4,8.386731948227542
Badghis,2023,4,33.02353473530266
Baghlan,2023,4,23.67422658723996
Balkh,2023,4,34.9866074373836
Bamyan,2023,4,19.58453377049611
Farah,2023,4,39.17042465963716
Faryab,2023,4,34.58980620595911
Ghazni,2023,4,24.201952596761544
Ghor,2023,4,25.674909223577234
Hilmand,2023,4,40.93174723682689
Hirat,2023,4,35.80701603333769
Jawzjan,2023,4,37.785292957255436
Kabul,2023,4,25.69898743090187
Kandahar,2023,4,40.3845350519673
Kapisa,2023,4,22.43244013619575
Kunar,2023,4,20.7932100713759
Kunduz,2023,4,33.651871086366285
Laghman,2023,4,25.056627921195737
Logar,2023,4,25.766583426162814
Nangarhar,2023,4,27.969767558347797
Nimroz,2023,4,43.694868711175225
Nuristan,2023,4,8.474852031644613
Paktya,2023,4,25.08536306148396
Samangan,2023,4,26.910615667308434
Sar-e-Pul,2023,4,25.09758819405716
Takhar,2023,4,21.364239267607758
Wardak,2023,4,21.7175838705533
Zabul,2023,4,31.79208385909121
Khost,2023,5,30.33599447631711
Paktika,2023,5,36.45277103788821
Daykundi,2023,5,30.925985068030826
Panjsher,2023,5,14.531286477030958
Parwan,2023,5,25.89429705763323
Uruzgan,2023,5,34.3161912037807
Badakhshan,2023,5,13.33047603656517
Badghis,2023,5,39.87781278138117
Baghlan,2023,5,28.951124185619012
Balkh,2023,5,41.750393309482
Bamyan,2023,5,26.127856447661355
Farah,2023,5,44.08327491049431
Faryab,2023,5,41.361717345401544
Ghazni,2023,5,30.62063371158751
Ghor,2023,5,31.69016854840959
Hilmand,2023,5,47.74941128586436
Hirat,2023,5,40.90631419014172
Jawzjan,2023,5,44.59248076298725
Kabul,2023,5,30.894546957049812
Kandahar,2023,5,47.10952883271258
Kapisa,2023,5,27.375609313105986
Kunar,2023,5,25.310882901140356
Kunduz,2023,5,40.84702163041174
Laghman,2023,5,30.21852723657517
Logar,2023,5,30.586331073972868
Nangarhar,2023,5,33.12461004548416
Nimroz,2023,5,49.62140280160124
Nuristan,2023,5,13.934271524075559
Paktya,2023,5,29.153984166546408
Samangan,2023,5,33.50231938197247
Sar-e-Pul,2023,5,33.27749962039535
Takhar,2023,5,27.333569304744376
Wardak,2023,5,27.437460272084103
Zabul,2023,5,38.62161603433284
Khost,2023,6,34.64156366791455
Paktika,2023,6,41.45341992099927
Daykundi,2023,6,38.8321011749733
Panjsher,2023,6,23.58097089439352
Parwan,2023,6,33.58611727734767
Uruzgan,2023,6,41.55251355115091
Badakhshan,2023,6,22.34040932229895
Badghis,2023,6,45.09640326856408
Baghlan,2023,6,36.65503806742882
Balkh,2023,6,48.588724197478705
Bamyan,2023,6,34.43243036221578
Farah,2023,6,48.61444635394952
Faryab,2023,6,47.79655669651398
Ghazni,2023,6,37.947623960369086
Ghor,2023,6,39.42327321751633
Hilmand,2023,6,51.87939406319447
Hirat,2023,6,45.17472811372679
Jawzjan,2023,6,52.37063163182963
Kabul,2023,6,37.8827314997982
Kandahar,2023,6,51.953608609394486
Kapisa,2023,6,33.97070039884603
Kunar,2023,6,30.398344595086147
Kunduz,2023,6,47.9664783520933
Laghman,2023,6,35.914101236571966
Logar,2023,6,37.509960724135695
Nangarhar,2023,6,38.244526263648844
Nimroz,2023,6,52.359119853191544
Nuristan,2023,6,22.102448519287595
Paktya,2023,6,35.76959724334709
Samangan,2023,6,41.153972620808915
Sar-e-Pul,2023,6,40.37768009129662
Takhar,2023,6,35.58662239940436
Wardak,2023,6,35.27118482886424
Zabul,2023,6,44.91701330994042
Khost,2023,7,30.250440343766996
Paktika,2023,7,38.15874647738035
Daykundi,2023,7,37.157886555964296
Panjsher,2023,7,26.009490557931485
Parwan,2023,7,33.220235455840964
Uruzgan,2023,7,38.203701298445516
Badakhshan,2023,7,25.79645130196162
Badghis,2023,7,44.17216408778409
Baghlan,2023,7,35.85004024601868
Balkh,2023,7,47.267756207520435
Bamyan,2023,7,33.698237997851564
Farah,2023,7,46.20543397266816
Faryab,2023,7,46.94203456187311
Ghazni,2023,7,36.29650147714185
Ghor,2023,7,38.314973827107295
Hilmand,2023,7,46.77791519228621
Hirat,2023,7,42.73657475592295
Jawzjan,2023,7,50.812179634872656
Kabul,2023,7,37.24775495100183
Kandahar,2023,7,45.86252460740516
Kapisa,2023,7,33.021273642101214
Kunar,2023,7,27.3589153177036
Kunduz,2023,7,46.29187574545794
Laghman,2023,7,32.05032787217074
Logar,2023,7,36.392699414861625
Nangarhar,2023,7,35.10979742339561
Nimroz,2023,7,48.72580258249231
Nuristan,2023,7,23.28500753545012
Paktya,2023,7,33.09561572588655
Samangan,2023,7,40.43481941997473
Sar-e-Pul,2023,7,39.932764919597744
Takhar,2023,7,35.547521157646614
Wardak,2023,7,34.52431781142135
Zabul,2023,7,40.54668053853903
Khost,2023,8,31.19885485699998
Paktika,2023,8,40.4790452384175
Daykundi,2023,8,37.49636797568316
Panjsher,2023,8,26.87650618267793
Parwan,2023,8,33.88467892098699
Uruzgan,2023,8,38.89921846777898
Badakhshan,2023,8,25.385707979612278
Badghis,2023,8,42.16363830545116
Baghlan,2023,8,34.0686434991537
Balkh,2023,8,43.989721477801474
Bamyan,2023,8,33.574961603143514
Farah,2023,8,44.169486648300435
Faryab,2023,8,44.264964718005196
Ghazni,2023,8,37.74327595944873
Ghor,2023,8,37.974076317849956
Hilmand,2023,8,46.093362534749694
Hirat,2023,8,40.60946781052779
Jawzjan,2023,8,47.23326416687278
Kabul,2023,8,37.430329693284236
Kandahar,2023,8,46.983326610424264
Kapisa,2023,8,33.288827661726785
Kunar,2023,8,27.110337121718135
Kunduz,2023,8,42.357707394269056
Laghman,2023,8,33.04055465657583
Logar,2023,8,37.39224763367991
Nangarhar,2023,8,35.45116060832218
Nimroz,2023,8,46.09876103652844
Nuristan,2023,8,23.807099009570653
Paktya,2023,8,35.27657893844134
Samangan,2023,8,37.9934114702217
Sar-e-Pul,2023,8,38.06238378013482
Takhar,2023,8,33.60086211426741
Wardak,2023,8,35.97577022201978
Zabul,2023,8,41.64000525726159
Khost,2023,9,29.421915421653246
Paktika,2023,9,36.3092704491781
Daykundi,2023,9,32.18943001701253
Panjsher,2023,9,21.54564264488956
Parwan,2023,9,29.277768449123652
Uruzgan,2023,9,33.75668884692055
Badakhshan,2023,9,19.96358401559221
Badghis,2023,9,35.742385284056624
Baghlan,2023,9,28.54802492036027
Balkh,2023,9,37.68007508480686
Bamyan,2023,9,28.52726287586918
Farah,2023,9,39.48846943008711
Faryab,2023,9,37.180744187242645
Ghazni,2023,9,32.44775974677047
Ghor,2023,9,33.22128976789908
Hilmand,2023,9,42.06866598719142
Hirat,2023,9,35.88830351102944
Jawzjan,2023,9,39.58618711247774
Kabul,2023,9,32.02837362910231
Kandahar,2023,9,42.70503398485907
Kapisa,2023,9,28.615141844092356
Kunar,2023,9,24.260121982112544
Kunduz,2023,9,37.0348998714576
Laghman,2023,9,28.624630925519217
Logar,2023,9,31.749841075587362
Nangarhar,2023,9,31.002507143787895
Nimroz,2023,9,43.04310764698516
Nuristan,2023,9,18.25513531821258
Paktya,2023,9,30.414203602756785
Samangan,2023,9,32.29022367322288
Sar-e-Pul,2023,9,32.19905257098904
Takhar,2023,9,28.54842426283886
Wardak,2023,9,30.541122419887163
Zabul,2023,9,37.48191767889355
Khost,2023,10,24.314054938087235
Paktika,2023,10,29.63026140142539
Daykundi,2023,10,23.69907651086909
Panjsher,2023,10,11.39479467518989
Parwan,2023,10,20.14785838025367
Uruzgan,2023,10,26.503958896229832
Badakhshan,2023,10,9.014887909623953
Badghis,2023,10,29.76059625133584
Baghlan,2023,10,21.51318864207117
Balkh,2023,10,30.319932838273413
Bamyan,2023,10,18.574531324592343
Farah,2023,10,34.929457041203285
Faryab,2023,10,30.579225529568166
Ghazni,2023,10,24.340220586749716
Ghor,2023,10,24.273505501134736
Hilmand,2023,10,37.8367321405519
Hirat,2023,10,31.845010626812922
Jawzjan,2023,10,31.722707291349
Kabul,2023,10,23.96982534311638
Kandahar,2023,10,37.230730493597505
Kapisa,2023,10,20.940674938776624
Kunar,2023,10,19.546226128854098
Kunduz,2023,10,29.50404536952868
Laghman,2023,10,22.55468628676115
Logar,2023,10,23.34944959972165
Nangarhar,2023,10,25.09520121577839
Nimroz,2023,10,40.09306622545963
Nuristan,2023,10,9.428285880219704
Paktya,2023,10,23.182643625273514
Samangan,2023,10,24.59747883035792
Sar-e-Pul,2023,10,23.77072331106946
Takhar,2023,10,21.064157020969454
Wardak,2023,10,21.262393313819608
Zabul,2023,10,30.655583979119285
Khost,2023,11,18.854248781406124
Paktika,2023,11,21.14310538177265
Daykundi,2023,11,14.781545636618647
Panjsher,2023,11,3.2753610726037574
Parwan,2023,11,12.84025252429712
Uruzgan,2023,11,18.252814115543824
Badakhshan,2023,11,1.641255707915342
Badghis,2023,11,19.092429055166683
Baghlan,2023,11,12.995998910764447
Balkh,2023,11,19.655012076109397
Bamyan,2023,11,10.944996038498
Farah,2023,11,25.479386852458358
Faryab,2023,11,19.535039930486224
Ghazni,2023,11,15.744672727919692
Ghor,2023,11,14.052276301348797
Hilmand,2023,11,28.33632376551367
Hirat,2023,11,21.79924311130618
Jawzjan,2023,11,20.566876627648654
Kabul,2023,11,16.207045009987763
Kandahar,2023,11,28.403977315047293
Kapisa,2023,11,14.314737446227326
Kunar,2023,11,14.10737499410239
Kunduz,2023,11,19.14446317984151
Laghman,2023,11,16.586153363161532
Logar,2023,11,14.981765146918667
Nangarhar,2023,11,18.631791328123672
Nimroz,2023,11,30.3886446668888
Nuristan,2023,11,2.7761422167208467
Paktya,2023,11,15.826617283882124
Samangan,2023,11,15.532134186117675
Sar-e-Pul,2023,11,14.287926622733313
Takhar,2023,11,12.69716114581935
Wardak,2023,11,13.059913195202322
Zabul,2023,11,22.109584835589917
Khost,2023,12,14.84864045991063
Paktika,2023,12,14.982810737987668
Daykundi,2023,12,7.278979756803955
Panjsher,2023,12,-1.7324953556245972
Parwan,2023,12,7.1070018351576145
Uruzgan,2023,12,10.817458009675715
Badakhshan,2023,12,-5.694320164340879
Badghis,2023,12,13.33576101900305
Baghlan,2023,12,6.7053820837027835
Balkh,2023,12,13.158242451367109
Bamyan,2023,12,4.0637762803724735
Farah,2023,12,19.392285741373744
Faryab,2023,12,12.219565897408902
Ghazni,2023,12,8.142345835693572
Ghor,2023,12,7.488545094779415
Hilmand,2023,12,21.611295876057948
Hirat,2023,12,15.655618605410215
Jawzjan,2023,12,13.531084123927501
Kabul,2023,12,10.776006150364392
Kandahar,2023,12,20.83423066732935
Kapisa,2023,12,9.304281438502425
Kunar,2023,12,10.04680517983309
Kunduz,2023,12,13.257696439861233
Laghman,2023,12,12.194068871903157
Logar,2023,12,9.58323911426385
Nangarhar,2023,12,13.992577574758066
Nimroz,2023,12,24.034867269589796
Nuristan,2023,12,-1.5966361411162953
Paktya,2023,12,11.33424505678728
Samangan,2023,12,8.785293410777534
Sar-e-Pul,2023,12,7.558714388786866
Takhar,2023,12,6.062816219726549
Wardak,2023,12,5.40948259818741
Zabul,2023,12,14.411102174921275
