province,year,month,precip_total_mm
Khost,2001,1,21.83661008052886
Paktika,2001,1,20.370647817513177
Daykundi,2001,1,13.75058166941096
Panjsher,2001,1,15.68834474299744
Parwan,2001,1,21.14580909540406
Uruzgan,2001,1,20.64285949417833
Badakhshan,2001,1,20.766527461331943
Badghis,2001,1,41.40905851794163
Baghlan,2001,1,31.928159943058375
Balkh,2001,1,30.34601403348255
Bamyan,2001,1,15.38548504271355
Farah,2001,1,20.925173295538773
Faryab,2001,1,39.69626474853911
Ghazni,2001,1,12.085865870083527
Ghor,2001,1,21.816773447366714
Hilmand,2001,1,14.696725697688244
Hirat,2001,1,40.11987297622357
Jawzjan,2001,1,30.321321443307287
Kabul,2001,1,13.658982616288872
Kandahar,2001,1,13.068995047506938
Kapisa,2001,1,12.53665911430456
Kunar,2001,1,11.481793311924516
Kunduz,2001,1,39.56491016301168
Laghman,2001,1,6.1278970877356995
Logar,2001,1,14.98027742400879
Nangarhar,2001,1,15.282266554035214
Nimroz,2001,1,12.408183459898195
Nuristan,2001,1,9.090868652155677
Paktya,2001,1,25.933454291983388
Samangan,2001,1,32.526022363769464
Sar-e-Pul,2001,1,26.5932157331409
Takhar,2001,1,36.443609935654614
Wardak,2001,1,12.503089122443813
Zabul,2001,1,12.098122629230325
Khost,2001,2,10.967119019029294
Paktika,2001,2,20.668928398922173
Daykundi,2001,2,22.37944997690961
Panjsher,2001,2,33.481258830062764
Parwan,2001,2,38.33789527493499
Uruzgan,2001,2,28.629591009391326
Badakhshan,2001,2,25.626622726049582
Badghis,2001,2,37.63931204486146
Baghlan,2001,2,48.49280760592236
Balkh,2001,2,36.72298971523129
Bamyan,2001,2,25.63745411326919
Farah,2001,2,15.914736809546364
Faryab,2001,2,47.24653002328979
Ghazni,2001,2,15.990688824781964
Ghor,2001,2,19.26619941877709
Hilmand,2001,2,28.185655337565173
Hirat,2001,2,23.38657048200939
Jawzjan,2001,2,27.67527792731312
Kabul,2001,2,18.582179164201378
Kandahar,2001,2,39.941882234975495
Kapisa,2001,2,26.702067702102493
Kunar,2001,2,11.47766281713021
Kunduz,2001,2,40.43968844852283
Laghman,2001,2,11.866180937679019
Logar,2001,2,17.863960962988305
Nangarhar,2001,2,12.617550771276994
Nimroz,2001,2,16.619832687886657
Nuristan,2001,2,16.33359376584592
Paktya,2001,2,13.3888218917708
Samangan,2001,2,51.96759281076298
Sar-e-Pul,2001,2,47.29987004075849
Takhar,2001,2,47.791796959862026
Wardak,2001,2,15.153355003478149
Zabul,2001,2,48.60669865167769
Khost,2001,3,49.861894205800404
Paktika,2001,3,31.19915728500681
Daykundi,2001,3,38.15686994992934
Panjsher,2001,3,105.57262716808411
Parwan,2001,3,112.37699821041689
Uruzgan,2001,3,52.9579985777022
Badakhshan,2001,3,42.84132366697859
Badghis,2001,3,60.876625122304915
Baghlan,2001,3,109.32822433149917
Balkh,2001,3,45.82092838738492
Bamyan,2001,3,50.3852589272425
Farah,2001,3,20.237241027819977
Faryab,2001,3,61.535655393311124
Ghazni,2001,3,43.239064543453374
Ghor,2001,3,36.19246221434764
Hilmand,2001,3,22.827018547852617
Hirat,2001,3,41.07844777711726
Jawzjan,2001,3,38.88236154151636
Kabul,2001,3,89.79423319111316
Kandahar,2001,3,31.781876216804527
Kapisa,2001,3,93.51227570056265
Kunar,2001,3,70.24854868820982
Kunduz,2001,3,73.2809122251639
Laghman,2001,3,68.81107112015853
Logar,2001,3,74.34810020743754
Nangarhar,2001,3,60.63078923176001
Nimroz,2001,3,10.800278619384187
Nuristan,2001,3,68.20052996173808
Paktya,2001,3,67.91378845353034
Samangan,2001,3,92.1625625259451
Sar-e-Pul,2001,3,76.77200147321506
Takhar,2001,3,96.56550394916053
Wardak,2001,3,62.79790311433418
Zabul,2001,3,41.37904025906877
Khost,2001,4,83.21774883162708
Paktika,2001,4,51.004022306697756
Daykundi,2001,4,59.92568214610155
Panjsher,2001,4,68.8643992995831
Parwan,2001,4,65.01277828574689
Uruzgan,2001,4,52.764838940735665
Badakhshan,2001,4,39.46894978110292
Badghis,2001,4,56.53690474791621
Baghlan,2001,4,49.128080116181245
Balkh,2001,4,14.670598231243845
Bamyan,2001,4,41.41475314877051
Farah,2001,4,17.007932696584586
Faryab,2001,4,43.41515192068697
Ghazni,2001,4,43.4664486130488
Ghor,2001,4,50.58314286525105
Hilmand,2001,4,15.34737448441303
Hirat,2001,4,26.59698610874512
Jawzjan,2001,4,15.909957814957819
Kabul,2001,4,64.96508265243837
Kandahar,2001,4,30.232928286924942
Kapisa,2001,4,62.91983054784543
Kunar,2001,4,69.34446608452795
Kunduz,2001,4,21.44069902116562
Laghman,2001,4,77.9087350452397
Logar,2001,4,59.98931660555812
Nangarhar,2001,4,77.93176987891106
Nimroz,2001,4,3.7287992861071557
Nuristan,2001,4,59.764139037299515
Paktya,2001,4,73.4943689046661
Samangan,2001,4,24.514853978395948
Sar-e-Pul,2001,4,47.07344277537852
Takhar,2001,4,45.587416295908206
Wardak,2001,4,40.06088937300654
Zabul,2001,4,49.64419466728942
Khost,2001,5,21.485387480896268
Paktika,2001,5,11.08452641929022
Daykundi,2001,5,18.344980886512694
Panjsher,2001,5,28.235716493709724
Parwan,2001,5,38.33166885034079
Uruzgan,2001,5,9.245060284873938
Badakhshan,2001,5,26.445240767837085
Badghis,2001,5,9.632085945497312
Baghlan,2001,5,23.553651646462185
Balkh,2001,5,9.599625188484817
Bamyan,2001,5,17.906351207249703
Farah,2001,5,3.228680044894127
Faryab,2001,5,10.369883505526925
Ghazni,2001,5,14.052429715929343
Ghor,2001,5,12.631539763786776
Hilmand,2001,5,2.4956545732948094
Hirat,2001,5,5.18654264118612
Jawzjan,2001,5,8.966911185728208
Kabul,2001,5,20.21296316960032
Kandahar,2001,5,2.2560743499439377
Kapisa,2001,5,25.350210267390153
Kunar,2001,5,14.429292651691409
Kunduz,2001,5,17.939037812099233
Laghman,2001,5,19.541523785243008
Logar,2001,5,18.156040150814366
Nangarhar,2001,5,18.226689358971903
Nimroz,2001,5,0.5752397448897852
Nuristan,2001,5,14.996985028045422
Paktya,2001,5,20.11029603377294
Samangan,2001,5,15.172845860416382
Sar-e-Pul,2001,5,12.734633402961586
Takhar,2001,5,26.309829910558793
Wardak,2001,5,20.75603509455094
Zabul,2001,5,6.746412241216979
Khost,2001,6,33.0692942736226
Paktika,2001,6,8.910458835900254
Daykundi,2001,6,0.21347934046941439
Panjsher,2001,6,14.412745721576451
Parwan,2001,6,3.0206241201987916
Uruzgan,2001,6,0.087769394976838
Badakhshan,2001,6,30.313929423653057
Badghis,2001,6,0
Baghlan,2001,6,3.28100285849418
Balkh,2001,6,0
Bamyan,2001,6,0.26057635512883986
Farah,2001,6,0
Faryab,2001,6,0
Ghazni,2001,6,0.27005750536846723
Ghor,2001,6,0.09263877673010913
Hilmand,2001,6,0
Hirat,2001,6,0.018407945319633367
Jawzjan,2001,6,0
Kabul,2001,6,3.96169741348419
Kandahar,2001,6,0.010959578113630039
Kapisa,2001,6,4.3418934169848
Kunar,2001,6,37.02917585546899
Kunduz,2001,6,0
Laghman,2001,6,20.10559012943322
Logar,2001,6,4.100231582489185
Nangarhar,2001,6,31.674133494619454
Nimroz,2001,6,0
Nuristan,2001,6,21.4149332645903
Paktya,2001,6,13.02836991078497
Samangan,2001,6,0
Sar-e-Pul,2001,6,0
Takhar,2001,6,8.191848279173277
Wardak,2001,6,0.7614655308137024
Zabul,2001,6,0.15482484387598483
Khost,2001,7,77.27560677495558
Paktika,2001,7,36.43192980295675
Daykundi,2001,7,0.6667703221074486
Panjsher,2001,7,8.166633357430356
Parwan,2001,7,2.127773076218071
Uruzgan,2001,7,0.7800437035365615
Badakhshan,2001,7,26.76648308040283
Badghis,2001,7,0
Baghlan,2001,7,2.499620205412251
Balkh,2001,7,0
Bamyan,2001,7,0.07751100751749186
Farah,2001,7,0
Faryab,2001,7,0
Ghazni,2001,7,3.046554379165396
Ghor,2001,7,0.12376889207122459
Hilmand,2001,7,0.25404185941259533
Hirat,2001,7,0.007547039917823964
Jawzjan,2001,7,0
Kabul,2001,7,5.08291674962828
Kandahar,2001,7,0.7355920731433794
Kapisa,2001,7,4.149450776595476
Kunar,2001,7,29.952346019113385
Kunduz,2001,7,0
Laghman,2001,7,8.099311422006535
Logar,2001,7,10.708623554607154
Nangarhar,2001,7,25.50066902420845
Nimroz,2001,7,0.006020869308597766
Nuristan,2001,7,11.734207715622468
Paktya,2001,7,32.91809756479762
Samangan,2001,7,0
Sar-e-Pul,2001,7,0
Takhar,2001,7,7.301779409589705
Wardak,2001,7,2.236330502665495
Zabul,2001,7,3.383846084510973
Khost,2001,8,31.63824823995875
Paktika,2001,8,3.403303651732529
Daykundi,2001,8,0.43805138920883174
Panjsher,2001,8,1.1508811085563293
Parwan,2001,8,0.32001110157528784
Uruzgan,2001,8,0.09659309709317704
Badakhshan,2001,8,13.601524311472646
Badghis,2001,8,0
Baghlan,2001,8,0.6228679070021096
Balkh,2001,8,0
Bamyan,2001,8,0.012253034015790186
Farah,2001,8,0
Faryab,2001,8,0
Ghazni,2001,8,0.06761859696485502
Ghor,2001,8,0.05780463601562172
Hilmand,2001,8,0
Hirat,2001,8,0.0006593193075694231
Jawzjan,2001,8,0
Kabul,2001,8,0.48882283602492715
Kandahar,2001,8,0.03100885052428009
Kapisa,2001,8,0.36487572168371823
Kunar,2001,8,29.502667642951625
Kunduz,2001,8,0
Laghman,2001,8,5.147108141231896
Logar,2001,8,2.2487859626746602
Nangarhar,2001,8,17.351903105000645
Nimroz,2001,8,0
Nuristan,2001,8,8.563082575392388
Paktya,2001,8,10.793984791080135
Samangan,2001,8,0
Sar-e-Pul,2001,8,0
Takhar,2001,8,1.6247130557276748
Wardak,2001,8,0
Zabul,2001,8,0.14710261785747702
Khost,2001,9,25.838951845167873
Paktika,2001,9,1.84480077879659
Daykundi,2001,9,0.4182447498453861
Panjsher,2001,9,4.339235093638408
Parwan,2001,9,2.5521285364580444
Uruzgan,2001,9,0
Badakhshan,2001,9,2.9388030496914856
Badghis,2001,9,0
Baghlan,2001,9,0.48285320833150575
Balkh,2001,9,0
Bamyan,2001,9,0.00019127108009643116
Farah,2001,9,0
Faryab,2001,9,0
Ghazni,2001,9,0.4228550973795314
Ghor,2001,9,0.037281082918645715
Hilmand,2001,9,0
Hirat,2001,9,0
Jawzjan,2001,9,0
Kabul,2001,9,0.4174816843118892
Kandahar,2001,9,0
Kapisa,2001,9,3.8874724510631653
Kunar,2001,9,29.94192436154305
Kunduz,2001,9,0
Laghman,2001,9,11.325503554408497
Logar,2001,9,1.0998359532782802
Nangarhar,2001,9,12.180779060970908
Nimroz,2001,9,0.0054522535808282846
Nuristan,2001,9,9.94120557938128
Paktya,2001,9,7.687699132388356
Samangan,2001,9,0.042426090962827935
Sar-e-Pul,2001,9,0
Takhar,2001,9,0.9458976068348706
Wardak,2001,9,0
Zabul,2001,9,0.22958481879358505
Khost,2001,10,5.499894075198929
Paktika,2001,10,0.20305873711778136
Daykundi,2001,10,7.8389488990717195
Panjsher,2001,10,16.933096076789344
Parwan,2001,10,12.164618195058843
Uruzgan,2001,10,0.14665840052097173
Badakhshan,2001,10,20.818069034790803
Badghis,2001,10,8.246011755009247
Baghlan,2001,10,17.81578261820989
Balkh,2001,10,5.392002139354248
Bamyan,2001,10,11.42906748817013
Farah,2001,10,0.12462581192523942
Faryab,2001,10,8.278442303935504
Ghazni,2001,10,2.258119541766088
Ghor,2001,10,9.157388607554257
Hilmand,2001,10,0.02471057277662471
Hirat,2001,10,3.831736077080972
Jawzjan,2001,10,4.631075029206587
Kabul,2001,10,4.297672613155973
Kandahar,2001,10,0
Kapisa,2001,10,9.400605204170661
Kunar,2001,10,13.039763516926838
Kunduz,2001,10,7.371189653151823
Laghman,2001,10,5.836901149341354
Logar,2001,10,5.056544932778979
Nangarhar,2001,10,6.272924716292635
Nimroz,2001,10,0
Nuristan,2001,10,9.397198336816567
Paktya,2001,10,4.361630571289699
Samangan,2001,10,8.972174243735017
Sar-e-Pul,2001,10,8.665862272519961
Takhar,2001,10,18.166713464678384
Wardak,2001,10,7.071539682738368
Zabul,2001,10,0.1004819404566304
Khost,2001,11,5.249038817516727
Paktika,2001,11,1.294733238280231
Daykundi,2001,11,13.597482258213157
Panjsher,2001,11,30.123326309207982
Parwan,2001,11,22.993856553733313
Uruzgan,2001,11,10.879628818990902
Badakhshan,2001,11,22.788696424586817
Badghis,2001,11,29.080552327036333
Baghlan,2001,11,35.26872863262147
Balkh,2001,11,20.155113132577732
Bamyan,2001,11,18.608290192238762
Farah,2001,11,7.369331916956717
Faryab,2001,11,32.40635699412421
Ghazni,2001,11,10.673762769850883
Ghor,2001,11,23.04850296237425
Hilmand,2001,11,3.405017954867525
Hirat,2001,11,14.70770621899013
Jawzjan,2001,11,20.601941328749103
Kabul,2001,11,10.96273100925526
Kandahar,2001,11,2.9521429987088075
Kapisa,2001,11,16.42396558920069
Kunar,2001,11,13.3732196949707
Kunduz,2001,11,23.495950757033427
Laghman,2001,11,9.922482767417375
Logar,2001,11,9.239381970746441
Nangarhar,2001,11,12.423031734934776
Nimroz,2001,11,2.8234224973053603
Nuristan,2001,11,15.841605428247274
Paktya,2001,11,8.360551198981636
Samangan,2001,11,29.636326508990873
Sar-e-Pul,2001,11,44.52678801544365
Takhar,2001,11,32.05110297133965
Wardak,2001,11,9.891939937991024
Zabul,2001,11,6.599649254209602
Khost,2001,12,14.050922883105375
Paktika,2001,12,21.959010800235045
Daykundi,2001,12,30.71061024481541
Panjsher,2001,12,23.76936513472322
Parwan,2001,12,31.693417491358655
Uruzgan,2001,12,40.51106213868678
Badakhshan,2001,12,25.795485205911103
Badghis,2001,12,43.23786040946394
Baghlan,2001,12,38.825021788788575
Balkh,2001,12,38.95852791120659
Bamyan,2001,12,32.9752219391546
Farah,2001,12,23.233272110873123
Faryab,2001,12,43.326256305053604
Ghazni,2001,12,23.76432648974527
Ghor,2001,12,37.761604579050314
Hilmand,2001,12,16.32027973044804
Hirat,2001,12,40.400152145392546
Jawzjan,2001,12,36.55862189888887
Kabul,2001,12,22.702501522006564
Kandahar,2001,12,19.880200889853388
Kapisa,2001,12,22.35046358381542
Kunar,2001,12,12.410388844819256
Kunduz,2001,12,39.720151595209664
Laghman,2001,12,14.057211897911142
Logar,2001,12,22.520793739163302
Nangarhar,2001,12,14.614542794604002
Nimroz,2001,12,8.373252978725834
Nuristan,2001,12,11.589911897526068
Paktya,2001,12,23.798577982224852
Samangan,2001,12,43.848565723047564
Sar-e-Pul,2001,12,40.46155634703181
Takhar,2001,12,43.60623658068587
Wardak,2001,12,22.504760855945012
Zabul,2001,12,34.1228516757582
Khost,2002,1,18.164113955668025
Paktika,2002,1,16.476056590048117
Daykundi,2002,1,22.243512084640404
Panjsher,2002,1,26.28586844094208
Parwan,2002,1,35.32842338902992
Uruzgan,2002,1,22.470584615014996
Badakhshan,2002,1,21.256019921345263
Badghis,2002,1,55.76954174301266
Baghlan,2002,1,42.23044934883648
Balkh,2002,1,34.043263661603525
Bamyan,2002,1,28.718016111910845
Farah,2002,1,25.3283092069443
Faryab,2002,1,45.24304085923679
Ghazni,2002,1,14.320413879722793
Ghor,2002,1,35.02972948379963
Hilmand,2002,1,16.16687671071884
Hirat,2002,1,47.55508543093355
Jawzjan,2002,1,39.90247860750074
Kabul,2002,1,22.375362027119156
Kandahar,2002,1,14.769934924290295
Kapisa,2002,1,25.82125645441372
Kunar,2002,1,19.92777645915705
Kunduz,2002,1,39.689084596819825
Laghman,2002,1,12.514850201574067
Logar,2002,1,19.14989220054974
Nangarhar,2002,1,18.219233914714582
Nimroz,2002,1,13.274186682377191
Nuristan,2002,1,15.827951600900219
Paktya,2002,1,23.503075513957775
Samangan,2002,1,36.79677014375058
Sar-e-Pul,2002,1,33.31212488059888
Takhar,2002,1,41.07783044652478
Wardak,2002,1,22.31537119990465
Zabul,2002,1,12.904390988007734
Khost,2002,2,74.5536428030438
Paktika,2002,2,57.48245737714607
Daykundi,2002,2,47.3712818371976
Panjsher,2002,2,120.90707066683169
Parwan,2002,2,110.60369437074635
Uruzgan,2002,2,68.78145696664896
Badakhshan,2002,2,58.59041828752513
Badghis,2002,2,55.00873382427221
Baghlan,2002,2,132.86812706721045
Balkh,2002,2,58.14400400486714
Bamyan,2002,2,47.98159600116
Farah,2002,2,29.488112536416832
Faryab,2002,2,73.41496964358691
Ghazni,2002,2,52.52832102547819
Ghor,2002,2,40.079011506983676
Hilmand,2002,2,23.36784778506413
Hirat,2002,2,39.92074555468532
Jawzjan,2002,2,51.22970952012503
Kabul,2002,2,92.21894169031529
Kandahar,2002,2,35.355079941512976
Kapisa,2002,2,104.00297844119561
Kunar,2002,2,63.62460747670138
Kunduz,2002,2,92.6852286086635
Laghman,2002,2,63.05872237902576
Logar,2002,2,104.09889460231723
Nangarhar,2002,2,59.1718135562001
Nimroz,2002,2,14.092773926107224
Nuristan,2002,2,67.8299293610979
Paktya,2002,2,97.97939748863791
Samangan,2002,2,89.51501327999418
Sar-e-Pul,2002,2,80.14130497612395
Takhar,2002,2,133.88187687355665
Wardak,2002,2,47.60735845107173
Zabul,2002,2,74.35210254618508
Khost,2002,3,36.13855041363974
Paktika,2002,3,33.19786523079974
Daykundi,2002,3,33.04781773535114
Panjsher,2002,3,121.89351818463527
Parwan,2002,3,124.17316089756982
Uruzgan,2002,3,39.37683227003072
Badakhshan,2002,3,70.8441764784892
Badghis,2002,3,94.31257122260708
Baghlan,2002,3,164.67402864648415
Balkh,2002,3,52.857120084270925
Bamyan,2002,3,53.57708819145385
Farah,2002,3,16.170824054748877
Faryab,2002,3,84.26967861440805
Ghazni,2002,3,29.88569624280662
Ghor,2002,3,40.86697193293106
Hilmand,2002,3,18.240482651903466
Hirat,2002,3,36.3238929195028
Jawzjan,2002,3,44.65307029672288
Kabul,2002,3,90.71974811538034
Kandahar,2002,3,26.56172739821761
Kapisa,2002,3,100.65265406274622
Kunar,2002,3,57.12512496313303
Kunduz,2002,3,97.00910220020518
Laghman,2002,3,60.17657903294616
Logar,2002,3,63.06844333727921
Nangarhar,2002,3,47.055624921436944
Nimroz,2002,3,8.78947703558396
Nuristan,2002,3,62.708559752657756
Paktya,2002,3,48.21416444347637
Samangan,2002,3,110.0444546481964
Sar-e-Pul,2002,3,87.49933585300846
Takhar,2002,3,155.0901375991504
Wardak,2002,3,57.19972580621342
Zabul,2002,3,35.039756643439034
Khost,2002,4,92.64474825941618
Paktika,2002,4,42.06651601375706
Daykundi,2002,4,76.30065382789067
Panjsher,2002,4,123.38566608308521
Parwan,2002,4,135.9273422752713
Uruzgan,2002,4,48.487041685368155
Badakhshan,2002,4,92.84636443334962
Badghis,2002,4,86.69967231164208
Baghlan,2002,4,146.31373789916282
Balkh,2002,4,70.01715030202335
Bamyan,2002,4,89.90452021499755
Farah,2002,4,24.79964444031395
Faryab,2002,4,101.08962557818725
Ghazni,2002,4,50.164233439913836
Ghor,2002,4,75.45320044457449
Hilmand,2002,4,17.0098157907444
Hirat,2002,4,58.48273141978246
Jawzjan,2002,4,70.35479258167814
Kabul,2002,4,117.54034644724355
Kandahar,2002,4,21.527945976211797
Kapisa,2002,4,112.09194312908106
Kunar,2002,4,82.48266345554825
Kunduz,2002,4,101.80367033641038
Laghman,2002,4,96.57757494886185
Logar,2002,4,106.54774650962239
Nangarhar,2002,4,81.30699874896435
Nimroz,2002,4,6.906103777804183
Nuristan,2002,4,79.71285547520992
Paktya,2002,4,108.7064173480536
Samangan,2002,4,104.99729718423592
Sar-e-Pul,2002,4,118.86078793170375
Takhar,2002,4,140.64856806193535
Wardak,2002,4,82.55915480876969
Zabul,2002,4,36.06108651098552
Khost,2002,5,13.848707885982623
Paktika,2002,5,6.146479714829931
Daykundi,2002,5,19.704722450058725
Panjsher,2002,5,32.17600182069005
Parwan,2002,5,34.293937027898835
Uruzgan,2002,5,8.399759082706204
Badakhshan,2002,5,38.6912020095182
Badghis,2002,5,25.48016309623118
Baghlan,2002,5,40.41309091596714
Balkh,2002,5,23.624313319340125
Bamyan,2002,5,34.18826371828494
Farah,2002,5,2.9784661252578086
Faryab,2002,5,25.981641681808842
Ghazni,2002,5,10.97719134498105
Ghor,2002,5,23.627421669129014
Hilmand,2002,5,1.448725786642537
Hirat,2002,5,11.139554687363606
Jawzjan,2002,5,20.507503916465446
Kabul,2002,5,12.781758025728882
Kandahar,2002,5,0.5569485123570019
Kapisa,2002,5,19.977440630883986
Kunar,2002,5,15.057399523382022
Kunduz,2002,5,40.35912479482458
Laghman,2002,5,12.569561134547385
Logar,2002,5,10.718506815888787
Nangarhar,2002,5,11.261849876599603
Nimroz,2002,5,0
Nuristan,2002,5,15.868122646744016
Paktya,2002,5,12.408734052873927
Samangan,2002,5,37.0006631219015
Sar-e-Pul,2002,5,34.36384914730206
Takhar,2002,5,42.53867792223592
Wardak,2002,5,16.16379790979127
Zabul,2002,5,5.847652182910476
Khost,2002,6,25.72925002356672
Paktika,2002,6,5.7610307964910215
Daykundi,2002,6,0.21347934016476436
Panjsher,2002,6,16.631459343845847
Parwan,2002,6,4.552002103501636
Uruzgan,2002,6,0.08776939548950013
Badakhshan,2002,6,41.17471717235618
Badghis,2002,6,0
Baghlan,2002,6,4.350687130116513
Balkh,2002,6,0.004043690818372908
Bamyan,2002,6,1.0225813664668604
Farah,2002,6,0
Faryab,2002,6,0.19064127677231235
Ghazni,2002,6,0.4523480981979326
Ghor,2002,6,0.0926387755963184
Hilmand,2002,6,0
Hirat,2002,6,0.018395554967057807
Jawzjan,2002,6,0.09147099688546297
Kabul,2002,6,3.2509998312628188
Kandahar,2002,6,0
Kapisa,2002,6,4.233950445621244
Kunar,2002,6,25.882204525215826
Kunduz,2002,6,0
Laghman,2002,6,13.80662278695608
Logar,2002,6,2.6903888120231394
Nangarhar,2002,6,19.95361083344306
Nimroz,2002,6,0
Nuristan,2002,6,22.67719578060257
Paktya,2002,6,8.948025556274231
Samangan,2002,6,0.5150204354821256
Sar-e-Pul,2002,6,0.609977178567189
Takhar,2002,6,11.71451543481557
Wardak,2002,6,0.7775820032135055
Zabul,2002,6,0.07974785537363509
Khost,2002,7,27.924993492344257
Paktika,2002,7,17.43514062893298
Daykundi,2002,7,0.6685728731031467
Panjsher,2002,7,8.05931557289864
Parwan,2002,7,1.7738802851889248
Uruzgan,2002,7,0.7800437067677769
Badakhshan,2002,7,22.4075500552891
Badghis,2002,7,0
Baghlan,2002,7,2.5356301536153745
Balkh,2002,7,0
Bamyan,2002,7,0.07769906087507916
Farah,2002,7,0
Faryab,2002,7,0
Ghazni,2002,7,2.0392393408675
Ghor,2002,7,0.12379529443709966
Hilmand,2002,7,0
Hirat,2002,7,0.007555152754133997
Jawzjan,2002,7,0
Kabul,2002,7,2.755497237788988
Kandahar,2002,7,0.1611327088150529
Kapisa,2002,7,2.3596558503444247
Kunar,2002,7,14.35957553277182
Kunduz,2002,7,0
Laghman,2002,7,4.200142578402302
Logar,2002,7,5.921297673720455
Nangarhar,2002,7,10.388810886598241
Nimroz,2002,7,0
Nuristan,2002,7,6.204978974518923
Paktya,2002,7,15.49245118826537
Samangan,2002,7,0.007899241832951267
Sar-e-Pul,2002,7,0
Takhar,2002,7,6.947494987933148
Wardak,2002,7,1.6372219924131184
Zabul,2002,7,1.7209717893422398
Khost,2002,8,51.667819608898206
Paktika,2002,8,7.699598382790174
Daykundi,2002,8,0.4380513862940378
Panjsher,2002,8,1.1399656761130528
Parwan,2002,8,0.31688987202567354
Uruzgan,2002,8,0.09659309709317704
Badakhshan,2002,8,12.414551947557383
Badghis,2002,8,0
Baghlan,2002,8,0.6246095890718443
Balkh,2002,8,0
Bamyan,2002,8,0.011637517396502949
Farah,2002,8,0
Faryab,2002,8,0
Ghazni,2002,8,0.09181998156475032
Ghor,2002,8,0.057804637249452805
Hilmand,2002,8,0.00860823049657535
Hirat,2002,8,0
Jawzjan,2002,8,0
Kabul,2002,8,0.789792981092331
Kandahar,2002,8,0.050017770727713434
Kapisa,2002,8,0.5056192554878058
Kunar,2002,8,32.45201395224051
Kunduz,2002,8,0
Laghman,2002,8,8.037013223522955
Logar,2002,8,3.4514974631941366
Nangarhar,2002,8,26.96170366760046
Nimroz,2002,8,0
Nuristan,2002,8,8.896010851807896
Paktya,2002,8,18.833597227060263
Samangan,2002,8,0
Sar-e-Pul,2002,8,0
Takhar,2002,8,1.5856868246029228
Wardak,2002,8,0
Zabul,2002,8,0.14401171306021915
Khost,2002,9,28.266637514690455
Paktika,2002,9,2.6938726807232296
Daykundi,2002,9,0.43201742495576556
Panjsher,2002,9,5.455989229994826
Parwan,2002,9,2.6249864789375414
Uruzgan,2002,9,0
Badakhshan,2002,9,3.285894639502312
Badghis,2002,9,0
Baghlan,2002,9,0.5382949737641906
Balkh,2002,9,0
Bamyan,2002,9,0.006771094760486173
Farah,2002,9,0
Faryab,2002,9,0
Ghazni,2002,9,0.5037111114339712
Ghor,2002,9,0.03728108296866589
Hilmand,2002,9,0
Hirat,2002,9,0
Jawzjan,2002,9,0
Kabul,2002,9,0.5385202220553106
Kandahar,2002,9,0
Kapisa,2002,9,4.420728400567912
Kunar,2002,9,28.88478283721885
Kunduz,2002,9,0
Laghman,2002,9,11.151232543257962
Logar,2002,9,1.1014186203917113
Nangarhar,2002,9,12.438626841823805
Nimroz,2002,9,0.002942538458209149
Nuristan,2002,9,10.250539666005912
Paktya,2002,9,7.8350078410778785
Samangan,2002,9,0.04253393069964851
Sar-e-Pul,2002,9,0
Takhar,2002,9,1.0360891658595814
Wardak,2002,9,0
Zabul,2002,9,0.2363116958232621
Khost,2002,10,6.324448308506112
Paktika,2002,10,1.7892457747432942
Daykundi,2002,10,7.719053339249698
Panjsher,2002,10,12.827387032820498
Parwan,2002,10,6.133841493933391
Uruzgan,2002,10,0.4715712710882082
Badakhshan,2002,10,8.566854826714938
Badghis,2002,10,2.4757945409466284
Baghlan,2002,10,7.421272739260363
Balkh,2002,10,0.21947124265232543
Bamyan,2002,10,6.166817931082463
Farah,2002,10,0.006759838249804579
Faryab,2002,10,1.169808428461773
Ghazni,2002,10,1.1716472430932614
Ghor,2002,10,7.328654860954026
Hilmand,2002,10,0.053300053292767484
Hirat,2002,10,0.5493128014301324
Jawzjan,2002,10,0.20228854098126545
Kabul,2002,10,3.5364090555201395
Kandahar,2002,10,0
Kapisa,2002,10,5.658189658002911
Kunar,2002,10,11.21296056701568
Kunduz,2002,10,0.0016693375301602025
Laghman,2002,10,4.1075921579068675
Logar,2002,10,4.421177745797256
Nangarhar,2002,10,7.346155049562918
Nimroz,2002,10,0.01227533392923057
Nuristan,2002,10,8.758176590758803
Paktya,2002,10,4.439303419133435
Samangan,2002,10,1.1754638932873032
Sar-e-Pul,2002,10,3.572836642523241
Takhar,2002,10,5.997063865793075
Wardak,2002,10,2.5065955033146667
Zabul,2002,10,0.11579735326379004
Khost,2002,11,17.315952710235532
Paktika,2002,11,19.719262589880174
Daykundi,2002,11,25.67801209231763
Panjsher,2002,11,33.485198712086685
Parwan,2002,11,28.229739135374366
Uruzgan,2002,11,24.488423412555964
Badakhshan,2002,11,18.13064630251643
Badghis,2002,11,24.18040832486421
Baghlan,2002,11,32.62645199734495
Balkh,2002,11,10.49049307781725
Bamyan,2002,11,21.823845316694197
Farah,2002,11,6.670514171239421
Faryab,2002,11,20.32495914547299
Ghazni,2002,11,25.265917515206645
Ghor,2002,11,22.0751136598439
Hilmand,2002,11,6.568099007381158
Hirat,2002,11,15.377605029109997
Jawzjan,2002,11,10.588194090369111
Kabul,2002,11,17.917652300312213
Kandahar,2002,11,10.200345117851185
Kapisa,2002,11,23.86432318516458
Kunar,2002,11,29.750709375648704
Kunduz,2002,11,17.73927986879681
Laghman,2002,11,19.698991501824732
Logar,2002,11,15.458309410208118
Nangarhar,2002,11,19.99077685558425
Nimroz,2002,11,2.969773224414969
Nuristan,2002,11,22.977471976750646
Paktya,2002,11,18.045686850566423
Samangan,2002,11,24.72117417339062
Sar-e-Pul,2002,11,27.706472784973784
Takhar,2002,11,26.848972557304283
Wardak,2002,11,20.113114714684382
Zabul,2002,11,21.990161576245516
Khost,2002,12,23.385403834620718
Paktika,2002,12,33.48091312147945
Daykundi,2002,12,41.375022377524125
Panjsher,2002,12,37.27369008091513
Parwan,2002,12,36.657125205057135
Uruzgan,2002,12,56.51264668143239
Badakhshan,2002,12,46.599787171903515
Badghis,2002,12,84.81947029839598
Baghlan,2002,12,49.89562817935041
Balkh,2002,12,58.18065704814139
Bamyan,2002,12,42.47601034058136
Farah,2002,12,27.810337192871295
Faryab,2002,12,68.29448884258527
Ghazni,2002,12,35.976513386351066
Ghor,2002,12,73.06754148886805
Hilmand,2002,12,24.42960801041046
Hirat,2002,12,65.91549803314317
Jawzjan,2002,12,57.270714298580614
Kabul,2002,12,32.67525048109413
Kandahar,2002,12,36.51112171227521
Kapisa,2002,12,33.957978992631325
Kunar,2002,12,43.22541980978467
Kunduz,2002,12,70.93753608488937
Laghman,2002,12,32.93284444545581
Logar,2002,12,28.76459562716167
Nangarhar,2002,12,31.534124365020663
Nimroz,2002,12,10.453067169993357
Nuristan,2002,12,33.80665441380927
Paktya,2002,12,33.29475506899185
Samangan,2002,12,54.047181673931846
Sar-e-Pul,2002,12,60.99398844866799
Takhar,2002,12,76.70730100698695
Wardak,2002,12,30.047453716353374
Zabul,2002,12,54.20725241664503
Khost,2003,1,19.625651652456963
Paktika,2003,1,25.993431719003066
Daykundi,2003,1,33.68713321519429
Panjsher,2003,1,34.41640471733696
Parwan,2003,1,43.237293888547654
Uruzgan,2003,1,36.84225668723409
Badakhshan,2003,1,19.366813423697764
Badghis,2003,1,44.6167194525907
Baghlan,2003,1,40.86749491887775
Balkh,2003,1,31.38190052912513
Bamyan,2003,1,32.557475131535384
Farah,2003,1,36.07915571913724
Faryab,2003,1,36.15770218606189
Ghazni,2003,1,29.19097164118221
Ghor,2003,1,42.93976902314198
Hilmand,2003,1,26.13992832096543
Hirat,2003,1,43.01713025518188
Jawzjan,2003,1,33.08131817480502
Kabul,2003,1,32.592602666930155
Kandahar,2003,1,30.950065006234972
Kapisa,2003,1,36.07874888807634
Kunar,2003,1,36.36133446008862
Kunduz,2003,1,36.542429961161766
Laghman,2003,1,20.13385101847448
Logar,2003,1,31.540741838545284
Nangarhar,2003,1,29.114927854687277
Nimroz,2003,1,22.060681703439037
Nuristan,2003,1,24.73210322948264
Paktya,2003,1,27.323114238308985
Samangan,2003,1,31.96407857866105
Sar-e-Pul,2003,1,33.37080707036605
Takhar,2003,1,37.188393516998374
Wardak,2003,1,33.06291386074032
Zabul,2003,1,25.40413842390025
Khost,2003,2,62.84151751838773
Paktika,2003,2,56.36244702258462
Daykundi,2003,2,64.78319840238748
Panjsher,2003,2,99.57856094863664
Parwan,2003,2,115.17120877673716
Uruzgan,2003,2,82.95658651285899
Badakhshan,2003,2,82.38461537602129
Badghis,2003,2,85.69708140398647
Baghlan,2003,2,125.16112456715007
Balkh,2003,2,66.99025105955079
Bamyan,2003,2,58.071815591889795
Farah,2003,2,32.7233089589021
Faryab,2003,2,104.66694903826239
Ghazni,2003,2,57.10695365931055
Ghor,2003,2,67.43841537227595
Hilmand,2003,2,30.632620177596596
Hirat,2003,2,58.708310504573745
Jawzjan,2003,2,67.5116178999361
Kabul,2003,2,88.38746235650447
Kandahar,2003,2,51.391309638389195
Kapisa,2003,2,95.32284772336692
Kunar,2003,2,75.57683844010104
Kunduz,2003,2,91.47864116649542
Laghman,2003,2,59.36998795387702
Logar,2003,2,91.70251762186996
Nangarhar,2003,2,62.37219019363808
Nimroz,2003,2,15.224580548508262
Nuristan,2003,2,72.55637084911464
Paktya,2003,2,80.57374045891555
Samangan,2003,2,92.09870884827762
Sar-e-Pul,2003,2,109.52565290235441
Takhar,2003,2,134.31347216489738
Wardak,2003,2,57.100133925219495
Zabul,2003,2,92.73341805492952
Khost,2003,3,65.54219434892833
Paktika,2003,3,49.96949764550884
Daykundi,2003,3,68.79674791646399
Panjsher,2003,3,127.8618579186318
Parwan,2003,3,131.97572128046446
Uruzgan,2003,3,83.12819535797325
Badakhshan,2003,3,93.24317109268227
Badghis,2003,3,134.07118065620983
Baghlan,2003,3,155.04313350951446
Balkh,2003,3,87.64897702693389
Bamyan,2003,3,75.3946382851632
Farah,2003,3,41.78238472526975
Faryab,2003,3,155.85942877234277
Ghazni,2003,3,58.80262547285335
Ghor,2003,3,70.27802654631473
Hilmand,2003,3,31.759878041895984
Hirat,2003,3,80.42612938771366
Jawzjan,2003,3,86.87676025401653
Kabul,2003,3,113.57137525438822
Kandahar,2003,3,39.56031208485107
Kapisa,2003,3,115.57357832784602
Kunar,2003,3,90.22138260442888
Kunduz,2003,3,126.78817495595374
Laghman,2003,3,89.97115667845307
Logar,2003,3,101.73240272494913
Nangarhar,2003,3,76.82503970925666
Nimroz,2003,3,16.574805624961613
Nuristan,2003,3,90.93275740437495
Paktya,2003,3,94.69164033231753
Samangan,2003,3,132.53713233118387
Sar-e-Pul,2003,3,150.53289502434055
Takhar,2003,3,166.70516163065244
Wardak,2003,3,69.83017265153002
Zabul,2003,3,55.13998515129582
Khost,2003,4,68.6659927205057
Paktika,2003,4,26.912851693129742
Daykundi,2003,4,51.163246742641114
Panjsher,2003,4,84.9879696537762
Parwan,2003,4,85.99574059857744
Uruzgan,2003,4,35.53974238669932
Badakhshan,2003,4,96.79704279848484
Badghis,2003,4,65.577470308921
Baghlan,2003,4,104.8994081423226
Balkh,2003,4,44.04450710405568
Bamyan,2003,4,57.4611546778675
Farah,2003,4,17.463976179604874
Faryab,2003,4,70.64083296892863
Ghazni,2003,4,37.93360628946731
Ghor,2003,4,58.74233033573319
Hilmand,2003,4,14.271428599564006
Hirat,2003,4,40.58275071122618
Jawzjan,2003,4,46.023722891676506
Kabul,2003,4,70.84061818684303
Kandahar,2003,4,14.91596371119339
Kapisa,2003,4,72.5094922248402
Kunar,2003,4,90.82826575501315
Kunduz,2003,4,71.07248721549989
Laghman,2003,4,87.90040200133964
Logar,2003,4,66.25449353892748
Nangarhar,2003,4,77.22568778620547
Nimroz,2003,4,5.416386086390504
Nuristan,2003,4,77.42493816722387
Paktya,2003,4,67.63617482902931
Samangan,2003,4,64.47796074262611
Sar-e-Pul,2003,4,88.40758335654029
Takhar,2003,4,119.93244998499843
Wardak,2003,4,52.62994959945439
Zabul,2003,4,22.60201089105759
Khost,2003,5,23.100064801099702
Paktika,2003,5,8.540066024727533
Daykundi,2003,5,13.993822488759847
Panjsher,2003,5,46.7489048396571
Parwan,2003,5,44.82134678512216
Uruzgan,2003,5,6.476947026013988
Badakhshan,2003,5,66.20181351879002
Badghis,2003,5,19.131884006904397
Baghlan,2003,5,42.210387724012634
Balkh,2003,5,15.500560405282371
Bamyan,2003,5,18.625717723298624
Farah,2003,5,4.967866031814491
Faryab,2003,5,23.72789157838497
Ghazni,2003,5,12.896521462914373
Ghor,2003,5,15.716882102589697
Hilmand,2003,5,1.7795833342101433
Hirat,2003,5,7.506983297030145
Jawzjan,2003,5,16.682806302838866
Kabul,2003,5,19.77955198298481
Kandahar,2003,5,2.8915684143044533
Kapisa,2003,5,31.543763502040008
Kunar,2003,5,37.92809998990287
Kunduz,2003,5,36.871130490822715
Laghman,2003,5,23.805980821836325
Logar,2003,5,19.678258748226096
Nangarhar,2003,5,19.55030912037278
Nimroz,2003,5,0.3317015390542748
Nuristan,2003,5,34.850251103468025
Paktya,2003,5,22.449522502188902
Samangan,2003,5,24.464970976135113
Sar-e-Pul,2003,5,24.296483211966336
Takhar,2003,5,63.72821095918931
Wardak,2003,5,20.07684283666352
Zabul,2003,5,6.215260844338248
Khost,2003,6,16.815759191620433
Paktika,2003,6,1.376051523502773
Daykundi,2003,6,0.1778075127653125
Panjsher,2003,6,9.696975749519735
Parwan,2003,6,2.8337055815115977
Uruzgan,2003,6,0.08085655414412886
Badakhshan,2003,6,30.825401339944236
Badghis,2003,6,0.11164684016135737
Baghlan,2003,6,3.5258234799619346
Balkh,2003,6,1.9818747516350843
Bamyan,2003,6,0.33835389489000256
Farah,2003,6,0.13703261400237088
Faryab,2003,6,0.5380055198781653
Ghazni,2003,6,0.17059403868450124
Ghor,2003,6,0.3073459695198273
Hilmand,2003,6,0.03454956276734739
Hirat,2003,6,0.06834413038931948
Jawzjan,2003,6,0.5472744619794808
Kabul,2003,6,0.8105132888076328
Kandahar,2003,6,0
Kapisa,2003,6,1.6240309154106034
Kunar,2003,6,13.150632902527848
Kunduz,2003,6,2.7506717664756413
Laghman,2003,6,7.439199097343121
Logar,2003,6,1.55959553799839
Nangarhar,2003,6,9.317379627057553
Nimroz,2003,6,0
Nuristan,2003,6,11.802473052250496
Paktya,2003,6,5.680892743264104
Samangan,2003,6,0.7511578074109845
Sar-e-Pul,2003,6,0.6170912228307038
Takhar,2003,6,9.453629381904477
Wardak,2003,6,0.5238603214334275
Zabul,2003,6,0.07472014392391212
Khost,2003,7,65.36066823190514
Paktika,2003,7,31.039987698088424
Daykundi,2003,7,0.6342237430294285
Panjsher,2003,7,7.300033334103823
Parwan,2003,7,2.1666295042986246
Uruzgan,2003,7,0.6426950309595135
Badakhshan,2003,7,25.464303607816152
Badghis,2003,7,0
Baghlan,2003,7,2.2837909317560863
Balkh,2003,7,0
Bamyan,2003,7,0.06388251184488869
Farah,2003,7,0
Faryab,2003,7,0
Ghazni,2003,7,2.9284532103503147
Ghor,2003,7,0.12354305569305801
Hilmand,2003,7,0.62073048850366
Hirat,2003,7,0.007545010081695764
Jawzjan,2003,7,0
Kabul,2003,7,5.046091001715661
Kandahar,2003,7,2.7374203170663116
Kapisa,2003,7,3.114716855765465
Kunar,2003,7,14.03298466941649
Kunduz,2003,7,0
Laghman,2003,7,4.226218916534763
Logar,2003,7,9.581884566052624
Nangarhar,2003,7,16.30659052139721
Nimroz,2003,7,0.047615433378350204
Nuristan,2003,7,5.764338651307597
Paktya,2003,7,26.98614187732161
Samangan,2003,7,0
Sar-e-Pul,2003,7,0
Takhar,2003,7,6.889080944466921
Wardak,2003,7,1.8439394142621202
Zabul,2003,7,3.264910449458706
Khost,2003,8,50.343162439620755
Paktika,2003,8,13.023723203590112
Daykundi,2003,8,0.4359671921557297
Panjsher,2003,8,1.1088810470408732
Parwan,2003,8,0.15160665608807672
Uruzgan,2003,8,0.10063580661867463
Badakhshan,2003,8,13.00501291130068
Badghis,2003,8,0
Baghlan,2003,8,0.47228862112197617
Balkh,2003,8,0
Bamyan,2003,8,0.011627467970086802
Farah,2003,8,0
Faryab,2003,8,0
Ghazni,2003,8,0.2845731316632138
Ghor,2003,8,0.05742314295672979
Hilmand,2003,8,0
Hirat,2003,8,1.75765709469032e-06
Jawzjan,2003,8,0
Kabul,2003,8,0.5612370162412422
Kandahar,2003,8,0.03641433681794544
Kapisa,2003,8,0.5372026297132524
Kunar,2003,8,42.779067012034666
Kunduz,2003,8,0
Laghman,2003,8,8.993472241772558
Logar,2003,8,2.2757494495987585
Nangarhar,2003,8,23.172686069562587
Nimroz,2003,8,0
Nuristan,2003,8,13.902812022977566
Paktya,2003,8,14.106386740782485
Samangan,2003,8,0
Sar-e-Pul,2003,8,0
Takhar,2003,8,1.7494110647873697
Wardak,2003,8,0.0030162107726690248
Zabul,2003,8,0.3189257030875868
Khost,2003,9,24.414797142576745
Paktika,2003,9,1.621410516802646
Daykundi,2003,9,0.3953270371801083
Panjsher,2003,9,3.3017919742898116
Parwan,2003,9,2.12886779565024
Uruzgan,2003,9,0
Badakhshan,2003,9,3.0345520008472655
Badghis,2003,9,0
Baghlan,2003,9,0.3990825083979306
Balkh,2003,9,0
Bamyan,2003,9,0.0001759580564011152
Farah,2003,9,0
Faryab,2003,9,0
Ghazni,2003,9,0.4177249678549026
Ghor,2003,9,0.03061708777353482
Hilmand,2003,9,0
Hirat,2003,9,0
Jawzjan,2003,9,0
Kabul,2003,9,0.34864366729526264
Kandahar,2003,9,0
Kapisa,2003,9,2.7111121179622772
Kunar,2003,9,33.30354862252408
Kunduz,2003,9,0
Laghman,2003,9,10.962231692570771
Logar,2003,9,1.0866242993401463
Nangarhar,2003,9,14.096573786395385
Nimroz,2003,9,0.005409511055657618
Nuristan,2003,9,12.323834388484823
Paktya,2003,9,7.503842519806325
Samangan,2003,9,0.026885479049015486
Sar-e-Pul,2003,9,0
Takhar,2003,9,0.9516882801486621
Wardak,2003,9,0
Zabul,2003,9,0.2254004721124613
Khost,2003,10,3.6065780617073515
Paktika,2003,10,0.0544148274840128
Daykundi,2003,10,6.360208908367669
Panjsher,2003,10,19.60335138531538
Parwan,2003,10,7.693847437882836
Uruzgan,2003,10,0.5366037917423984
Badakhshan,2003,10,17.83961314543613
Badghis,2003,10,1.431729016972077
Baghlan,2003,10,14.764012385570734
Balkh,2003,10,3.7254301507099368
Bamyan,2003,10,5.493032299657142
Farah,2003,10,0.0022500871248221778
Faryab,2003,10,0.3845497901702289
Ghazni,2003,10,1.1616271986946012
Ghor,2003,10,2.943444947237205
Hilmand,2003,10,0.04897847511388378
Hirat,2003,10,0.3772887592157056
Jawzjan,2003,10,1.2786014746182304
Kabul,2003,10,5.151937664628574
Kandahar,2003,10,0.019957623118277826
Kapisa,2003,10,10.12166796652201
Kunar,2003,10,21.02289585312101
Kunduz,2003,10,7.719779289015018
Laghman,2003,10,11.780383505193399
Logar,2003,10,1.1639421411853932
Nangarhar,2003,10,12.222211598948451
Nimroz,2003,10,0
Nuristan,2003,10,16.59226543251979
Paktya,2003,10,2.1471900571766698
Samangan,2003,10,7.744999557845653
Sar-e-Pul,2003,10,2.5020758290409706
Takhar,2003,10,17.76240703117398
Wardak,2003,10,1.8745854439898724
Zabul,2003,10,0.015098733788181195
Khost,2003,11,12.676419518863417
Paktika,2003,11,10.982421599363917
Daykundi,2003,11,21.579332499176473
Panjsher,2003,11,56.69856909192918
Parwan,2003,11,47.407023636930376
Uruzgan,2003,11,17.286667098755924
Badakhshan,2003,11,33.84431945833914
Badghis,2003,11,34.1932193004542
Baghlan,2003,11,56.35919566088348
Balkh,2003,11,22.343437865127868
Bamyan,2003,11,29.138317691427563
Farah,2003,11,7.717433852779022
Faryab,2003,11,40.641012092786504
Ghazni,2003,11,22.239229719558736
Ghor,2003,11,23.809517081123985
Hilmand,2003,11,6.592836970161142
Hirat,2003,11,19.895809914694485
Jawzjan,2003,11,25.327758452976905
Kabul,2003,11,33.00214212658941
Kandahar,2003,11,8.910123368176873
Kapisa,2003,11,36.05670989551188
Kunar,2003,11,34.92321553367826
Kunduz,2003,11,29.76392181496237
Laghman,2003,11,25.936238221376897
Logar,2003,11,27.78262475872369
Nangarhar,2003,11,19.762376266804157
Nimroz,2003,11,3.2222695100815226
Nuristan,2003,11,31.93839076513008
Paktya,2003,11,20.158408603443895
Samangan,2003,11,38.6905658160378
Sar-e-Pul,2003,11,55.2698745525242
Takhar,2003,11,54.372652479015386
Wardak,2003,11,26.186255527146272
Zabul,2003,11,14.90982962098455
Khost,2003,12,11.011726327453127
Paktika,2003,12,9.551477111814066
Daykundi,2003,12,27.088159221256294
Panjsher,2003,12,27.43155240999335
Parwan,2003,12,25.635695342473337
Uruzgan,2003,12,42.817765750050455
Badakhshan,2003,12,26.396247906876773
Badghis,2003,12,39.17372496501898
Baghlan,2003,12,43.86005091175251
Balkh,2003,12,40.81790240124242
Bamyan,2003,12,25.15910862180188
Farah,2003,12,11.920238290503232
Faryab,2003,12,41.96426915206184
Ghazni,2003,12,14.327636887296372
Ghor,2003,12,33.614455854556745
Hilmand,2003,12,14.103775012260803
Hirat,2003,12,17.44253191639088
Jawzjan,2003,12,30.74284391262508
Kabul,2003,12,22.7568974918438
Kandahar,2003,12,16.354021675105223
Kapisa,2003,12,23.141483150392745
Kunar,2003,12,16.139521426527125
Kunduz,2003,12,57.68828645378345
Laghman,2003,12,18.848337362605726
Logar,2003,12,22.36672888032534
Nangarhar,2003,12,21.403286833235356
Nimroz,2003,12,5.481052005874958
Nuristan,2003,12,14.712123420194885
Paktya,2003,12,21.618487107275378
Samangan,2003,12,46.52618361663433
Sar-e-Pul,2003,12,41.946189338832454
Takhar,2003,12,61.00980139315522
Wardak,2003,12,14.740402048891838
Zabul,2003,12,24.663378944723586
Khost,2004,1,39.72066918971198
Paktika,2004,1,44.47717432834593
Daykundi,2004,1,65.37960439001644
Panjsher,2004,1,64.46174917861926
Parwan,2004,1,54.43611943700574
Uruzgan,2004,1,67.05130136947918
Badakhshan,2004,1,35.44189509346966
Badghis,2004,1,92.02875569054238
Baghlan,2004,1,57.63527227629075
Balkh,2004,1,60.509366165204725
Bamyan,2004,1,41.29023159298129
Farah,2004,1,38.141716363261075
Faryab,2004,1,70.65934851350139
Ghazni,2004,1,39.51118635631613
Ghor,2004,1,65.11966064124145
Hilmand,2004,1,26.657213212457897
Hirat,2004,1,69.82102198533534
Jawzjan,2004,1,67.3436678894437
Kabul,2004,1,49.05087349595958
Kandahar,2004,1,43.07382729199553
Kapisa,2004,1,60.81456699614813
Kunar,2004,1,81.31331474306029
Kunduz,2004,1,60.63691809059414
Laghman,2004,1,49.941673885340954
Logar,2004,1,42.34179433992024
Nangarhar,2004,1,68.25147716496662
Nimroz,2004,1,20.672609732437596
Nuristan,2004,1,51.90009313232282
Paktya,2004,1,45.67071797944523
Samangan,2004,1,46.18707059415311
Sar-e-Pul,2004,1,54.73934013991105
Takhar,2004,1,63.36770732527123
Wardak,2004,1,41.96278381254458
Zabul,2004,1,51.583247385682775
Khost,2004,2,31.916521776724192
Paktika,2004,2,22.353827338151426
Daykundi,2004,2,25.97739502501681
Panjsher,2004,2,53.48613825203617
Parwan,2004,2,60.71777980948046
Uruzgan,2004,2,19.556012860046835
Badakhshan,2004,2,32.2875557384392
Badghis,2004,2,36.5205353229558
Baghlan,2004,2,49.290621699263056
Balkh,2004,2,32.41180763642427
Bamyan,2004,2,29.89159697324093
Farah,2004,2,13.177268465838589
Faryab,2004,2,44.65669577282791
Ghazni,2004,2,21.609759298945033
Ghor,2004,2,21.322410988649956
Hilmand,2004,2,13.661609733818059
Hirat,2004,2,27.624957836945654
Jawzjan,2004,2,26.016706216160088
Kabul,2004,2,53.07168938137776
Kandahar,2004,2,16.40680961808795
Kapisa,2004,2,50.01191460803758
Kunar,2004,2,53.03831295806353
Kunduz,2004,2,37.01434643907712
Laghman,2004,2,36.824556900750665
Logar,2004,2,57.19922899777928
Nangarhar,2004,2,47.75876810964448
Nimroz,2004,2,9.877284548074
Nuristan,2004,2,40.70130177861419
Paktya,2004,2,47.02658126724597
Samangan,2004,2,49.98858480251706
Sar-e-Pul,2004,2,45.87803534796938
Takhar,2004,2,53.1697450286826
Wardak,2004,2,31.27917407200699
Zabul,2004,2,20.025975206180526
Khost,2004,3,10.27558993000871
Paktika,2004,3,10.806966148676954
Daykundi,2004,3,28.65455143777008
Panjsher,2004,3,27.115742038308127
Parwan,2004,3,24.494467235730863
Uruzgan,2004,3,33.7821387712981
Badakhshan,2004,3,35.16471248307145
Badghis,2004,3,48.21588614964496
Baghlan,2004,3,44.98475609974273
Balkh,2004,3,30.61175525387552
Bamyan,2004,3,27.36316855008711
Farah,2004,3,13.165595637005643
Faryab,2004,3,58.31518073891811
Ghazni,2004,3,11.928549453343367
Ghor,2004,3,35.204466462561975
Hilmand,2004,3,12.418344924237418
Hirat,2004,3,21.987935784729146
Jawzjan,2004,3,33.96678959228271
Kabul,2004,3,16.646026193641898
Kandahar,2004,3,16.84967726100654
Kapisa,2004,3,17.32366970162936
Kunar,2004,3,13.66807316838837
Kunduz,2004,3,41.56268346851884
Laghman,2004,3,10.90066378578093
Logar,2004,3,16.37536962263146
Nangarhar,2004,3,21.90387488129917
Nimroz,2004,3,7.184230265186
Nuristan,2004,3,14.454923028867693
Paktya,2004,3,14.536047407418659
Samangan,2004,3,49.19263741371897
Sar-e-Pul,2004,3,53.63791573041861
Takhar,2004,3,54.645654353372954
Wardak,2004,3,11.914324882561965
Zabul,2004,3,22.612638583608256
Khost,2004,4,46.32450888302903
Paktika,2004,4,20.921904088287846
Daykundi,2004,4,30.171008866448666
Panjsher,2004,4,68.82941513983982
Parwan,2004,4,76.50676164061288
Uruzgan,2004,4,16.577194475424605
Badakhshan,2004,4,68.28126725714779
Badghis,2004,4,46.66274652929219
Baghlan,2004,4,87.9311045469009
Balkh,2004,4,31.27764011845674
Bamyan,2004,4,52.701466355781655
Farah,2004,4,9.186714617373195
Faryab,2004,4,47.3307155435772
Ghazni,2004,4,22.258658052501442
Ghor,2004,4,30.838514120574946
Hilmand,2004,4,6.476404871368779
Hirat,2004,4,25.29839106816463
Jawzjan,2004,4,31.533602114778603
Kabul,2004,4,54.72775047869325
Kandahar,2004,4,7.686464695230451
Kapisa,2004,4,59.647021755079855
Kunar,2004,4,78.44944649251593
Kunduz,2004,4,56.54062820510657
Laghman,2004,4,58.56738451243839
Logar,2004,4,44.57460547989967
Nangarhar,2004,4,62.93268630642578
Nimroz,2004,4,3.4736794826678987
Nuristan,2004,4,63.61390455616804
Paktya,2004,4,47.326694209646924
Samangan,2004,4,58.41736143395782
Sar-e-Pul,2004,4,57.71233502093387
Takhar,2004,4,100.96789438828164
Wardak,2004,4,44.36411156704544
Zabul,2004,4,13.091140512799987
Khost,2004,5,19.98613260825473
Paktika,2004,5,9.302826731884405
Daykundi,2004,5,11.76338743324403
Panjsher,2004,5,31.370066361127368
Parwan,2004,5,38.84533780031297
Uruzgan,2004,5,5.083467537274215
Badakhshan,2004,5,45.52689332054523
Badghis,2004,5,12.10434609549369
Baghlan,2004,5,29.860510248453352
Balkh,2004,5,12.211748579229448
Bamyan,2004,5,16.543666768082918
Farah,2004,5,2.1524623290364944
Faryab,2004,5,15.937226456234985
Ghazni,2004,5,12.589797050617786
Ghor,2004,5,10.907304313108076
Hilmand,2004,5,0.8149969746691041
Hirat,2004,5,5.375716139662759
Jawzjan,2004,5,12.005387889113187
Kabul,2004,5,20.75202629860957
Kandahar,2004,5,0.33188874124077306
Kapisa,2004,5,23.595443808101386
Kunar,2004,5,20.832417677158684
Kunduz,2004,5,24.600686508428055
Laghman,2004,5,15.948207363051198
Logar,2004,5,19.812061718423074
Nangarhar,2004,5,13.49578678920524
Nimroz,2004,5,0.18088788301465963
Nuristan,2004,5,23.04235405047539
Paktya,2004,5,21.640913655042766
Samangan,2004,5,18.275209712095545
Sar-e-Pul,2004,5,14.98150656278566
Takhar,2004,5,42.58018994682316
Wardak,2004,5,19.390448104230508
Zabul,2004,5,3.9790131091015777
Khost,2004,6,15.050592101722414
Paktika,2004,6,1.8081453417533733
Daykundi,2004,6,0.18199222373295745
Panjsher,2004,6,9.597215905524582
Parwan,2004,6,1.9713210638352983
Uruzgan,2004,6,0.08023445148283603
Badakhshan,2004,6,20.083415150914114
Badghis,2004,6,0
Baghlan,2004,6,2.7584055400176704
Balkh,2004,6,0.0016479853789067463
Bamyan,2004,6,0.1613610622248287
Farah,2004,6,0
Faryab,2004,6,0
Ghazni,2004,6,0.1763211484211927
Ghor,2004,6,0.08467121018016378
Hilmand,2004,6,0
Hirat,2004,6,0.01418691910159055
Jawzjan,2004,6,0
Kabul,2004,6,0.7667066214856091
Kandahar,2004,6,0.002132375068356154
Kapisa,2004,6,1.2172479659468687
Kunar,2004,6,9.47261549055326
Kunduz,2004,6,0
Laghman,2004,6,6.231110270038777
Logar,2004,6,1.5280372936570192
Nangarhar,2004,6,7.004625611048982
Nimroz,2004,6,0
Nuristan,2004,6,8.23687188489267
Paktya,2004,6,5.278106391090837
Samangan,2004,6,0.10323438555387456
Sar-e-Pul,2004,6,0
Takhar,2004,6,6.160502640094064
Wardak,2004,6,0.4099354154746279
Zabul,2004,6,0.059284657583446324
Khost,2004,7,29.947062775909462
Paktika,2004,7,15.910538279579567
Daykundi,2004,7,0.516929211756926
Panjsher,2004,7,8.532675723869644
Parwan,2004,7,1.4152142418279807
Uruzgan,2004,7,0.6861490016025928
Badakhshan,2004,7,23.229056661306345
Badghis,2004,7,0
Baghlan,2004,7,2.3059902650867965
Balkh,2004,7,0
Bamyan,2004,7,0.03513098977460583
Farah,2004,7,0
Faryab,2004,7,0
Ghazni,2004,7,0.8241009204894888
Ghor,2004,7,0.09794463905156407
Hilmand,2004,7,0
Hirat,2004,7,0.007549036309021301
Jawzjan,2004,7,0
Kabul,2004,7,3.576948720345438
Kandahar,2004,7,0.21880997282850365
Kapisa,2004,7,2.596734429144918
Kunar,2004,7,24.998178276634462
Kunduz,2004,7,0
Laghman,2004,7,5.811476140641321
Logar,2004,7,6.5744048297231625
Nangarhar,2004,7,14.372662562856377
Nimroz,2004,7,0
Nuristan,2004,7,10.242688601488181
Paktya,2004,7,15.720742447992599
Samangan,2004,7,0.03527686008752007
Sar-e-Pul,2004,7,0
Takhar,2004,7,7.203100335847875
Wardak,2004,7,1.0125281770604797
Zabul,2004,7,1.5240854760023643
Khost,2004,8,62.05537675753614
Paktika,2004,8,9.986887641975423
Daykundi,2004,8,0.43619231815157644
Panjsher,2004,8,1.3094497669868517
Parwan,2004,8,0.2505673873996182
Uruzgan,2004,8,0.10523582700033066
Badakhshan,2004,8,11.899458015322086
Badghis,2004,8,0
Baghlan,2004,8,0.5561522327993723
Balkh,2004,8,0
Bamyan,2004,8,0.011717433640003654
Farah,2004,8,0
Faryab,2004,8,0
Ghazni,2004,8,0.1594964228573901
Ghor,2004,8,0.0574565805409741
Hilmand,2004,8,0.0012668675768742316
Hirat,2004,8,0
Jawzjan,2004,8,0
Kabul,2004,8,0.5633614189094278
Kandahar,2004,8,0.006723342422647457
Kapisa,2004,8,0.7240891627711623
Kunar,2004,8,31.573600227295465
Kunduz,2004,8,0
Laghman,2004,8,7.395063426630083
Logar,2004,8,2.92948074233989
Nangarhar,2004,8,20.1538495603545
Nimroz,2004,8,0
Nuristan,2004,8,9.96615219279104
Paktya,2004,8,16.03947612222975
Samangan,2004,8,0
Sar-e-Pul,2004,8,0
Takhar,2004,8,1.559488181230598
Wardak,2004,8,1.1505822730911013e-05
Zabul,2004,8,0.07503884351726353
Khost,2004,9,20.344815617186402
Paktika,2004,9,1.545268680545221
Daykundi,2004,9,0.43962347242585054
Panjsher,2004,9,3.0248457153858865
Parwan,2004,9,1.518432129806233
Uruzgan,2004,9,0.023237110609655404
Badakhshan,2004,9,2.9231698353040096
Badghis,2004,9,0
Baghlan,2004,9,0.32873593799877165
Balkh,2004,9,0
Bamyan,2004,9,0.00018202824536752704
Farah,2004,9,0
Faryab,2004,9,0
Ghazni,2004,9,0.7037297706302694
Ghor,2004,9,0.030625049232757388
Hilmand,2004,9,0.05515337661052157
Hirat,2004,9,0
Jawzjan,2004,9,0
Kabul,2004,9,0.3583307680448654
Kandahar,2004,9,0.10785742952466415
Kapisa,2004,9,2.6612051350681942
Kunar,2004,9,28.233109696385938
Kunduz,2004,9,0
Laghman,2004,9,10.870775285469193
Logar,2004,9,1.3338241904830035
Nangarhar,2004,9,12.660726271130859
Nimroz,2004,9,0.021739774253921824
Nuristan,2004,9,9.698915412790475
Paktya,2004,9,7.378001266094634
Samangan,2004,9,0
Sar-e-Pul,2004,9,0
Takhar,2004,9,0.907168184421586
Wardak,2004,9,0.044800214221986503
Zabul,2004,9,0.40786039853277967
Khost,2004,10,9.975839936394804
Paktika,2004,10,1.9527467911541
Daykundi,2004,10,7.00992320776989
Panjsher,2004,10,36.54274308955704
Parwan,2004,10,12.229530579226592
Uruzgan,2004,10,4.035829763544765
Badakhshan,2004,10,43.31123155236742
Badghis,2004,10,2.509339197857768
Baghlan,2004,10,22.872114725666748
Balkh,2004,10,1.816587781629215
Bamyan,2004,10,10.424803063472275
Farah,2004,10,0.04503899003478921
Faryab,2004,10,0.7134898446604996
Ghazni,2004,10,5.578778314009599
Ghor,2004,10,3.4765496551058477
Hilmand,2004,10,0.3949676036947606
Hirat,2004,10,0.4860728478924227
Jawzjan,2004,10,0.47239799279523836
Kabul,2004,10,7.315647095362419
Kandahar,2004,10,0.4525043453975198
Kapisa,2004,10,12.456622407999062
Kunar,2004,10,54.21369687332881
Kunduz,2004,10,8.613229232298094
Laghman,2004,10,18.416463665733808
Logar,2004,10,6.790184359914683
Nangarhar,2004,10,18.276923000839997
Nimroz,2004,10,0
Nuristan,2004,10,36.98278078899959
Paktya,2004,10,7.759091835916443
Samangan,2004,10,9.375659816690959
Sar-e-Pul,2004,10,2.8182421002567994
Takhar,2004,10,32.31067735832392
Wardak,2004,10,7.73261400730819
Zabul,2004,10,1.5326474875967284
Khost,2004,11,9.40061599363496
Paktika,2004,11,8.74575793866052
Daykundi,2004,11,18.208146841569622
Panjsher,2004,11,22.598770809677713
Parwan,2004,11,17.54187942689726
Uruzgan,2004,11,14.328130439758604
Badakhshan,2004,11,41.95764733739194
Badghis,2004,11,31.386377846208426
Baghlan,2004,11,38.80737302585491
Balkh,2004,11,23.009585777111663
Bamyan,2004,11,20.104118775020126
Farah,2004,11,6.137245627315003
Faryab,2004,11,34.175720341227034
Ghazni,2004,11,16.910529621276194
Ghor,2004,11,23.738243302179814
Hilmand,2004,11,2.639189279651012
Hirat,2004,11,19.913451428095264
Jawzjan,2004,11,24.289536136669042
Kabul,2004,11,14.28585778430138
Kandahar,2004,11,4.569689911608113
Kapisa,2004,11,13.891457497317163
Kunar,2004,11,14.032045848463305
Kunduz,2004,11,36.273318170866375
Laghman,2004,11,10.47642482036596
Logar,2004,11,14.705582054928511
Nangarhar,2004,11,10.483752787750786
Nimroz,2004,11,1.4261975770368882
Nuristan,2004,11,15.079027984122163
Paktya,2004,11,12.804851840030569
Samangan,2004,11,35.01856234626263
Sar-e-Pul,2004,11,47.19242951258005
Takhar,2004,11,57.32722548359026
Wardak,2004,11,17.785999845568043
Zabul,2004,11,12.311416616138493
Khost,2004,12,29.043777946473753
Paktika,2004,12,31.254545287535542
Daykundi,2004,12,63.84076844226574
Panjsher,2004,12,57.90324008533048
Parwan,2004,12,54.41811124557395
Uruzgan,2004,12,86.08817932379772
Badakhshan,2004,12,48.738891196916576
Badghis,2004,12,66.61437558006838
Baghlan,2004,12,46.963623114064845
Balkh,2004,12,52.970350563179515
Bamyan,2004,12,55.06101946933029
Farah,2004,12,49.723247671032624
Faryab,2004,12,70.23043619677009
Ghazni,2004,12,39.1782518883642
Ghor,2004,12,98.58226204445971
Hilmand,2004,12,41.70875705878812
Hirat,2004,12,54.51128676285358
Jawzjan,2004,12,69.92331456019339
Kabul,2004,12,55.176342504054276
Kandahar,2004,12,59.371038679561586
Kapisa,2004,12,53.138168620899265
Kunar,2004,12,68.62250552018692
Kunduz,2004,12,55.95769354619582
Laghman,2004,12,50.188927738715016
Logar,2004,12,57.43939557712533
Nangarhar,2004,12,49.792839657373364
Nimroz,2004,12,24.970612884464447
Nuristan,2004,12,61.997221064295054
Paktya,2004,12,50.48888421928094
Samangan,2004,12,36.61481171636227
Sar-e-Pul,2004,12,61.19097955925418
Takhar,2004,12,64.77017799992157
Wardak,2004,12,44.60475615705737
Zabul,2004,12,68.95667546637918
Khost,2005,1,38.356537474184336
Paktika,2005,1,35.689951800186755
Daykundi,2005,1,51.85017132279099
Panjsher,2005,1,56.09580765345296
Parwan,2005,1,49.86619162826531
Uruzgan,2005,1,70.0784015825472
Badakhshan,2005,1,30.319986675422776
Badghis,2005,1,37.09766322783779
Baghlan,2005,1,39.217080116692415
Balkh,2005,1,28.05344560102103
Bamyan,2005,1,39.13478024519985
Farah,2005,1,43.75223678502674
Faryab,2005,1,39.746239898304275
Ghazni,2005,1,43.95378489551799
Ghor,2005,1,49.86064353428674
Hilmand,2005,1,48.02634970202838
Hirat,2005,1,31.127151942152143
Jawzjan,2005,1,32.10730507050401
Kabul,2005,1,71.39234314231251
Kandahar,2005,1,62.48938833888546
Kapisa,2005,1,76.28104434038447
Kunar,2005,1,80.94211628829714
Kunduz,2005,1,35.19263787142806
Laghman,2005,1,72.4270447713592
Logar,2005,1,62.69214833948862
Nangarhar,2005,1,94.03555935242565
Nimroz,2005,1,34.827838238505564
Nuristan,2005,1,59.395996595474905
Paktya,2005,1,52.05340217998194
Samangan,2005,1,32.1242412791088
Sar-e-Pul,2005,1,35.78204612077879
Takhar,2005,1,44.219569319726325
Wardak,2005,1,49.18657068594964
Zabul,2005,1,48.777884039644796
Khost,2005,2,56.23249487659646
Paktika,2005,2,40.49188486262756
Daykundi,2005,2,62.8574301538015
Panjsher,2005,2,89.71463015244105
Parwan,2005,2,90.73914789164051
Uruzgan,2005,2,68.1349952815614
Badakhshan,2005,2,50.36634446984736
Badghis,2005,2,65.14230855388652
Baghlan,2005,2,66.61220986911769
Balkh,2005,2,48.76042162461006
Bamyan,2005,2,55.48650915727284
Farah,2005,2,40.36410759763743
Faryab,2005,2,63.580449338183385
Ghazni,2005,2,49.6665089670861
Ghor,2005,2,53.66156390148933
Hilmand,2005,2,38.004973580154115
Hirat,2005,2,57.96444134333498
Jawzjan,2005,2,41.297381882966306
Kabul,2005,2,81.21179556963962
Kandahar,2005,2,48.89694104011698
Kapisa,2005,2,101.07684102831384
Kunar,2005,2,91.68130186222714
Kunduz,2005,2,48.88776868205521
Laghman,2005,2,68.0264522609478
Logar,2005,2,74.36210053108539
Nangarhar,2005,2,69.35868313773507
Nimroz,2005,2,29.84788931776979
Nuristan,2005,2,75.27768627486527
Paktya,2005,2,65.95602303319394
Samangan,2005,2,53.03667261990211
Sar-e-Pul,2005,2,64.6315958429523
Takhar,2005,2,67.33712692953792
Wardak,2005,2,49.52894461766102
Zabul,2005,2,76.82059588703994
Khost,2005,3,60.94721943829526
Paktika,2005,3,57.08047405419649
Daykundi,2005,3,80.45915111434044
Panjsher,2005,3,92.13091953345874
Parwan,2005,3,88.50381434827406
Uruzgan,2005,3,112.10892200445599
Badakhshan,2005,3,65.12421883353184
Badghis,2005,3,109.00604497346042
Baghlan,2005,3,130.81839594415922
Balkh,2005,3,60.625630956504764
Bamyan,2005,3,87.50715819480322
Farah,2005,3,82.53388227101483
Faryab,2005,3,124.45827796727318
Ghazni,2005,3,72.4858757303824
Ghor,2005,3,93.38824007645593
Hilmand,2005,3,69.04016911367333
Hirat,2005,3,74.82606420390033
Jawzjan,2005,3,54.9167974942016
Kabul,2005,3,101.60206868233631
Kandahar,2005,3,72.81757657691215
Kapisa,2005,3,102.45050542890776
Kunar,2005,3,101.31221851494658
Kunduz,2005,3,83.78570469224373
Laghman,2005,3,83.78783849652154
Logar,2005,3,106.89383831728239
Nangarhar,2005,3,79.2237585579453
Nimroz,2005,3,43.3111484922989
Nuristan,2005,3,77.75848431242535
Paktya,2005,3,87.41116978097543
Samangan,2005,3,128.30586236282727
Sar-e-Pul,2005,3,150.08467390143258
Takhar,2005,3,120.9480778948469
Wardak,2005,3,80.11415842383138
Zabul,2005,3,67.38820327381019
Khost,2005,4,40.627515869170004
Paktika,2005,4,25.05177844932502
Daykundi,2005,4,33.7053644462516
Panjsher,2005,4,48.08420580851374
Parwan,2005,4,47.036671312257305
Uruzgan,2005,4,28.863022520385332
Badakhshan,2005,4,74.61400059882132
Badghis,2005,4,18.95762259520533
Baghlan,2005,4,65.42357396382674
Balkh,2005,4,23.23042832455652
Bamyan,2005,4,40.55645694613983
Farah,2005,4,7.580620838980018
Faryab,2005,4,21.292046079895684
Ghazni,2005,4,29.661709497423974
Ghor,2005,4,20.711852866658347
Hilmand,2005,4,8.154136390621588
Hirat,2005,4,9.549461204207326
Jawzjan,2005,4,15.989363662835439
Kabul,2005,4,44.25982901843748
Kandahar,2005,4,10.22734066110177
Kapisa,2005,4,44.520677568492985
Kunar,2005,4,67.4750254978696
Kunduz,2005,4,46.095984456586024
Laghman,2005,4,54.25206552468802
Logar,2005,4,39.315356964699475
Nangarhar,2005,4,44.776315446072466
Nimroz,2005,4,2.6407843591417737
Nuristan,2005,4,62.75847540777516
Paktya,2005,4,37.7442663946524
Samangan,2005,4,42.334062132111505
Sar-e-Pul,2005,4,38.2279589967589
Takhar,2005,4,78.16535737041487
Wardak,2005,4,39.43934245272311
Zabul,2005,4,15.92485648672778
Khost,2005,5,45.166445531047195
Paktika,2005,5,18.960962014277328
Daykundi,2005,5,35.70362977454296
Panjsher,2005,5,53.861398463235716
Parwan,2005,5,52.28419811446303
Uruzgan,2005,5,13.398753837554162
Badakhshan,2005,5,91.77628060251594
Badghis,2005,5,37.444942633508376
Baghlan,2005,5,47.25297676348897
Balkh,2005,5,25.6567605554497
Bamyan,2005,5,38.54310565286285
Farah,2005,5,3.9832627013312703
Faryab,2005,5,36.96052716991508
Ghazni,2005,5,23.026175005440013
Ghor,2005,5,33.95830187498545
Hilmand,2005,5,2.863689073481605
Hirat,2005,5,12.732179450260137
Jawzjan,2005,5,22.876325331654126
Kabul,2005,5,50.0760136129068
Kandahar,2005,5,3.560901610924961
Kapisa,2005,5,53.3743397706174
Kunar,2005,5,61.277610127495066
Kunduz,2005,5,41.34817783712912
Laghman,2005,5,55.83460058922903
Logar,2005,5,47.42225216435304
Nangarhar,2005,5,35.16538959985512
Nimroz,2005,5,0.6744354730219386
Nuristan,2005,5,54.46623054461052
Paktya,2005,5,40.432625411678444
Samangan,2005,5,41.437574456401045
Sar-e-Pul,2005,5,41.31159156376288
Takhar,2005,5,68.24245770765825
Wardak,2005,5,44.56816471322371
Zabul,2005,5,8.432650509068795
Khost,2005,6,25.88682507213961
Paktika,2005,6,4.582178414600073
Daykundi,2005,6,3.7437777504032033
Panjsher,2005,6,15.231549923693846
Parwan,2005,6,8.100815622233839
Uruzgan,2005,6,0.37688846819679167
Badakhshan,2005,6,28.648196292992477
Badghis,2005,6,0.28492220717954847
Baghlan,2005,6,7.682985067623969
Balkh,2005,6,2.7122370303705616
Bamyan,2005,6,5.173266032525273
Farah,2005,6,0.050436171863139465
Faryab,2005,6,1.3590225391868211
Ghazni,2005,6,1.6725712420973349
Ghor,2005,6,1.839621290086473
Hilmand,2005,6,0.059472047697125635
Hirat,2005,6,0.21331933482075316
Jawzjan,2005,6,1.5938777132354824
Kabul,2005,6,5.688675925426909
Kandahar,2005,6,0.09785577118460626
Kapisa,2005,6,7.240320684310071
Kunar,2005,6,15.582936067873137
Kunduz,2005,6,2.9742712435641105
Laghman,2005,6,12.928784517857153
Logar,2005,6,6.185427075411869
Nangarhar,2005,6,13.646505806823845
Nimroz,2005,6,0.006254481087388496
Nuristan,2005,6,14.45925619013862
Paktya,2005,6,12.748686967652915
Samangan,2005,6,4.304941744699568
Sar-e-Pul,2005,6,2.4144087287855895
Takhar,2005,6,11.560823717387807
Wardak,2005,6,5.343802342744977
Zabul,2005,6,0.15340831590443219
Khost,2005,7,56.077769313746906
Paktika,2005,7,18.69532485317273
Daykundi,2005,7,0.5500348311364763
Panjsher,2005,7,6.87372432268618
Parwan,2005,7,1.190428066481707
Uruzgan,2005,7,0.6862802657125624
Badakhshan,2005,7,22.896978358128024
Badghis,2005,7,0
Baghlan,2005,7,2.0936327467252625
Balkh,2005,7,0
Bamyan,2005,7,0.032851260626365474
Farah,2005,7,0
Faryab,2005,7,0
Ghazni,2005,7,0.7893419345483715
Ghor,2005,7,0.09812906193746601
Hilmand,2005,7,0
Hirat,2005,7,0.007550039295380336
Jawzjan,2005,7,0
Kabul,2005,7,1.5972197930727536
Kandahar,2005,7,0.20004976359278284
Kapisa,2005,7,1.784216497670588
Kunar,2005,7,24.568699869314273
Kunduz,2005,7,0
Laghman,2005,7,3.8793637642767136
Logar,2005,7,3.5165463125238485
Nangarhar,2005,7,12.47907639417713
Nimroz,2005,7,0
Nuristan,2005,7,10.002264723891082
Paktya,2005,7,17.393758837138993
Samangan,2005,7,0
Sar-e-Pul,2005,7,0
Takhar,2005,7,7.025138972521862
Wardak,2005,7,0.146843046123319
Zabul,2005,7,1.5887581783645293
Khost,2005,8,45.83106958553133
Paktika,2005,8,5.871683393667789
Daykundi,2005,8,0.43616377925852867
Panjsher,2005,8,1.072168938021841
Parwan,2005,8,0.1729923424915953
Uruzgan,2005,8,0.10510037045429468
Badakhshan,2005,8,12.185207629411199
Badghis,2005,8,0
Baghlan,2005,8,0.46672386450676945
Balkh,2005,8,0
Bamyan,2005,8,0.011680127313786919
Farah,2005,8,1.3379381423741411e-12
Faryab,2005,8,0
Ghazni,2005,8,0.12491879494401097
Ghor,2005,8,0.05745665037331265
Hilmand,2005,8,0
Hirat,2005,8,0
Jawzjan,2005,8,0
Kabul,2005,8,0.9860077565594549
Kandahar,2005,8,0.0013149566398975296
Kapisa,2005,8,0.5202496719465945
Kunar,2005,8,36.863010710203554
Kunduz,2005,8,0
Laghman,2005,8,8.10760624846387
Logar,2005,8,3.20558702840273
Nangarhar,2005,8,20.33870848538143
Nimroz,2005,8,0
Nuristan,2005,8,9.573008972462814
Paktya,2005,8,15.016863294810104
Samangan,2005,8,0
Sar-e-Pul,2005,8,0
Takhar,2005,8,1.5210785914794374
Wardak,2005,8,0
Zabul,2005,8,0.0736340870717654
Khost,2005,9,25.22268358553312
Paktika,2005,9,3.8927480554260407
Daykundi,2005,9,0.3997649676981592
Panjsher,2005,9,2.1495867620187656
Parwan,2005,9,1.4248292699815635
Uruzgan,2005,9,0
Badakhshan,2005,9,2.527362417632095
Badghis,2005,9,0
Baghlan,2005,9,0.21525553986022036
Balkh,2005,9,0.00824966059562235
Bamyan,2005,9,0.00017956294411862272
Farah,2005,9,0
Faryab,2005,9,0.0011058966598175056
Ghazni,2005,9,0.8795558737934389
Ghor,2005,9,0.0307426541927949
Hilmand,2005,9,0
Hirat,2005,9,0
Jawzjan,2005,9,0.008507164947523535
Kabul,2005,9,1.3601837867016229
Kandahar,2005,9,0.048900946863460526
Kapisa,2005,9,3.2043740772610074
Kunar,2005,9,22.359990203929883
Kunduz,2005,9,0
Laghman,2005,9,7.493623173582425
Logar,2005,9,1.8524165710286276
Nangarhar,2005,9,9.235117499733018
Nimroz,2005,9,0.005409460277467014
Nuristan,2005,9,7.290096708371597
Paktya,2005,9,9.002711791754562
Samangan,2005,9,0
Sar-e-Pul,2005,9,0
Takhar,2005,9,0.8098564397466391
Wardak,2005,9,0.15328756926884207
Zabul,2005,9,0.511987963096741
Khost,2005,10,1.6605166914051777
Paktika,2005,10,0.008495129535513242
Daykundi,2005,10,2.4441504996292127
Panjsher,2005,10,10.27068559140642
Parwan,2005,10,2.430841249366163
Uruzgan,2005,10,0.051546794271368386
Badakhshan,2005,10,13.023731400323594
Badghis,2005,10,0.9958003327172029
Baghlan,2005,10,5.422585624887804
Balkh,2005,10,0.04325999788935733
Bamyan,2005,10,1.3302879791548243
Farah,2005,10,0
Faryab,2005,10,0.176102435495158
Ghazni,2005,10,0.26426112335098295
Ghor,2005,10,2.4023785128085806
Hilmand,2005,10,0
Hirat,2005,10,0.2693534423707376
Jawzjan,2005,10,0
Kabul,2005,10,0.324092255344969
Kandahar,2005,10,0.013193829611382392
Kapisa,2005,10,4.588987193824628
Kunar,2005,10,18.70550385964646
Kunduz,2005,10,0
Laghman,2005,10,3.7308107104390764
Logar,2005,10,0.41130296085389023
Nangarhar,2005,10,4.91767973329972
Nimroz,2005,10,0.01151247906195106
Nuristan,2005,10,12.371311673548886
Paktya,2005,10,0.9994850876332542
Samangan,2005,10,0.12298285061275455
Sar-e-Pul,2005,10,0.24454204396170293
Takhar,2005,10,6.005128165649286
Wardak,2005,10,0.15257011053461647
Zabul,2005,10,0.0038437720930282232
Khost,2005,11,6.187182030809714
Paktika,2005,11,4.286997930457566
Daykundi,2005,11,26.064084233191938
Panjsher,2005,11,33.315131945311656
Parwan,2005,11,28.27876541808097
Uruzgan,2005,11,18.39956895578307
Badakhshan,2005,11,32.10599217397612
Badghis,2005,11,23.788498169009333
Baghlan,2005,11,33.68477874376321
Balkh,2005,11,14.640275794557894
Bamyan,2005,11,30.82695673957738
Farah,2005,11,6.314875800642096
Faryab,2005,11,25.025126536449786
Ghazni,2005,11,24.339743934243664
Ghor,2005,11,25.835415553646204
Hilmand,2005,11,3.8387662777370615
Hirat,2005,11,16.96940825673416
Jawzjan,2005,11,14.054682762698798
Kabul,2005,11,23.84839011158125
Kandahar,2005,11,5.981793647868686
Kapisa,2005,11,25.844925168219834
Kunar,2005,11,26.20211014375551
Kunduz,2005,11,21.16173772265065
Laghman,2005,11,15.867917895610464
Logar,2005,11,16.420745864975906
Nangarhar,2005,11,11.378453486436987
Nimroz,2005,11,1.5378390805525948
Nuristan,2005,11,26.526273580870193
Paktya,2005,11,12.343887758956658
Samangan,2005,11,28.90248479692321
Sar-e-Pul,2005,11,38.918754974937244
Takhar,2005,11,33.97811719910216
Wardak,2005,11,26.876065916416493
Zabul,2005,11,11.112346860963104
Khost,2005,12,7.3006869209213425
Paktika,2005,12,12.248691098419492
Daykundi,2005,12,8.994973071897585
Panjsher,2005,12,12.5477471344087
Parwan,2005,12,15.016566658133183
Uruzgan,2005,12,15.950159632533337
Badakhshan,2005,12,19.97505765765951
Badghis,2005,12,24.935877217932326
Baghlan,2005,12,20.36436545778184
Balkh,2005,12,22.44014195953693
Bamyan,2005,12,12.811533725583898
Farah,2005,12,6.59225919189265
Faryab,2005,12,31.748814236726922
Ghazni,2005,12,10.460256969613898
Ghor,2005,12,12.83005566302389
Hilmand,2005,12,10.569763808922222
Hirat,2005,12,12.740682712244515
Jawzjan,2005,12,24.790518924735913
Kabul,2005,12,12.085731574241722
Kandahar,2005,12,19.42315788292538
Kapisa,2005,12,12.096923423233761
Kunar,2005,12,13.196767561457818
Kunduz,2005,12,23.37966902421712
Laghman,2005,12,10.440962292043292
Logar,2005,12,11.687700443578844
Nangarhar,2005,12,11.56141820349369
Nimroz,2005,12,6.254892738603383
Nuristan,2005,12,9.96249859263449
Paktya,2005,12,12.365576928699893
Samangan,2005,12,23.57383191280019
Sar-e-Pul,2005,12,28.124909073904263
Takhar,2005,12,29.629605510163678
Wardak,2005,12,8.22510280682434
Zabul,2005,12,18.961901850957286
Khost,2006,1,44.13605101018495
Paktika,2006,1,42.68466087012672
Daykundi,2006,1,49.85728604575614
Panjsher,2006,1,79.40112265002925
Parwan,2006,1,86.55860732742934
Uruzgan,2006,1,59.578708133920095
Badakhshan,2006,1,67.41681160186214
Badghis,2006,1,62.297147945741976
Baghlan,2006,1,60.02931560029529
Balkh,2006,1,78.6198087378169
Bamyan,2006,1,43.44116436510199
Farah,2006,1,38.19186597147567
Faryab,2006,1,56.56402264027195
Ghazni,2006,1,35.618025169077576
Ghor,2006,1,50.39429385708973
Hilmand,2006,1,38.30803652743894
Hirat,2006,1,56.10072593645433
Jawzjan,2006,1,71.94482006654083
Kabul,2006,1,80.71031418109352
Kandahar,2006,1,47.44349621505542
Kapisa,2006,1,87.87145473218209
Kunar,2006,1,86.54663441197035
Kunduz,2006,1,69.61427268909652
Laghman,2006,1,58.503148142139295
Logar,2006,1,57.65485743602325
Nangarhar,2006,1,50.27743168883061
Nimroz,2006,1,29.29640927854614
Nuristan,2006,1,77.97843160549391
Paktya,2006,1,55.32839298037501
Samangan,2006,1,52.85289933139363
Sar-e-Pul,2006,1,56.21914816295258
Takhar,2006,1,75.6106603633009
Wardak,2006,1,52.03314504757112
Zabul,2006,1,44.24074877688252
Khost,2006,2,41.98279835091491
Paktika,2006,2,40.097299270607046
Daykundi,2006,2,67.74624715170961
Panjsher,2006,2,68.506901957686
Parwan,2006,2,69.21719551131044
Uruzgan,2006,2,74.23474859743037
Badakhshan,2006,2,57.92858450510223
Badghis,2006,2,63.77791932975414
Baghlan,2006,2,95.74027003157964
Balkh,2006,2,61.6570707435961
Bamyan,2006,2,61.62286580728589
Farah,2006,2,25.651111625032268
Faryab,2006,2,82.29441671395172
Ghazni,2006,2,59.14334654847142
Ghor,2006,2,68.26653101050869
Hilmand,2006,2,28.74576718772264
Hirat,2006,2,36.323411315132375
Jawzjan,2006,2,59.95488441517046
Kabul,2006,2,60.62291348605376
Kandahar,2006,2,37.46380669443068
Kapisa,2006,2,65.47148406547723
Kunar,2006,2,43.006529491568635
Kunduz,2006,2,85.46386975785296
Laghman,2006,2,41.40198635658853
Logar,2006,2,73.25490168706537
Nangarhar,2006,2,35.43126428256671
Nimroz,2006,2,15.60586715613298
Nuristan,2006,2,49.59984968086143
Paktya,2006,2,67.45041324444801
Samangan,2006,2,88.28230985319934
Sar-e-Pul,2006,2,88.2989430784082
Takhar,2006,2,108.5397090613192
Wardak,2006,2,52.43115579260439
Zabul,2006,2,71.81717065759312
Khost,2006,3,60.30872484924962
Paktika,2006,3,37.85497710748795
Daykundi,2006,3,47.53900743709172
Panjsher,2006,3,100.10346793899518
Parwan,2006,3,80.81136388074303
Uruzgan,2006,3,51.52486994153202
Badakhshan,2006,3,63.276174222357156
Badghis,2006,3,62.97557195189248
Baghlan,2006,3,113.10170242558584
Balkh,2006,3,66.12643293387748
Bamyan,2006,3,59.59550260523417
Farah,2006,3,22.750917843939668
Faryab,2006,3,71.89021445358996
Ghazni,2006,3,41.81432253014475
Ghor,2006,3,52.454952887461694
Hilmand,2006,3,19.71270194489367
Hirat,2006,3,38.125509686161834
Jawzjan,2006,3,51.2574909391335
Kabul,2006,3,74.07900178664062
Kandahar,2006,3,28.085217276545848
Kapisa,2006,3,93.652151347222
Kunar,2006,3,67.78519901581704
Kunduz,2006,3,80.38467043993019
Laghman,2006,3,80.52495516528082
Logar,2006,3,75.74895304148055
Nangarhar,2006,3,67.29412065969053
Nimroz,2006,3,8.825970063238465
Nuristan,2006,3,74.31961085950978
Paktya,2006,3,71.0802408316876
Samangan,2006,3,94.05232669021788
Sar-e-Pul,2006,3,93.83534165385834
Takhar,2006,3,117.65577522883292
Wardak,2006,3,50.4907791304773
Zabul,2006,3,41.549852496504364
Khost,2006,4,54.66437699811044
Paktika,2006,4,33.685424539676525
Daykundi,2006,4,44.924314966986145
Panjsher,2006,4,45.030631884486944
Parwan,2006,4,55.91188697492941
Uruzgan,2006,4,29.31398760410833
Badakhshan,2006,4,55.460734438898804
Badghis,2006,4,35.934343872036365
Baghlan,2006,4,68.13435944198729
Balkh,2006,4,26.705444960176887
Bamyan,2006,4,42.24389413731357
Farah,2006,4,9.613182758111082
Faryab,2006,4,39.87088965422443
Ghazni,2006,4,41.219087771486016
Ghor,2006,4,37.53108805622653
Hilmand,2006,4,9.728124897530448
Hirat,2006,4,25.084599877703184
Jawzjan,2006,4,25.099434271766828
Kabul,2006,4,48.798906924223274
Kandahar,2006,4,15.477036796032252
Kapisa,2006,4,42.470169934825584
Kunar,2006,4,43.82905442336785
Kunduz,2006,4,61.08257920935137
Laghman,2006,4,42.030602518943674
Logar,2006,4,54.22848898758295
Nangarhar,2006,4,49.98171161915507
Nimroz,2006,4,4.738468055681409
Nuristan,2006,4,36.63263859831957
Paktya,2006,4,59.9383492110912
Samangan,2006,4,44.834009469170226
Sar-e-Pul,2006,4,48.81172290515108
Takhar,2006,4,90.31357320771956
Wardak,2006,4,47.147582911314124
Zabul,2006,4,27.878997519743287
Khost,2006,5,17.557383041546668
Paktika,2006,5,7.228978784614891
Daykundi,2006,5,9.066140092501252
Panjsher,2006,5,16.132457259209527
Parwan,2006,5,17.53830217530641
Uruzgan,2006,5,3.1928297045567042
Badakhshan,2006,5,21.454500327201224
Badghis,2006,5,6.793594246664976
Baghlan,2006,5,13.91170555438797
Balkh,2006,5,3.227570657740052
Bamyan,2006,5,12.057453681040656
Farah,2006,5,0.9626999443471339
Faryab,2006,5,5.7701613452210365
Ghazni,2006,5,9.324217863793661
Ghor,2006,5,7.953420666390167
Hilmand,2006,5,0.6262275472150124
Hirat,2006,5,2.133955650892326
Jawzjan,2006,5,0.8465848333675478
Kabul,2006,5,7.920011237256461
Kandahar,2006,5,0.2971736915966797
Kapisa,2006,5,11.889678001038291
Kunar,2006,5,11.715722095764836
Kunduz,2006,5,7.961228826734896
Laghman,2006,5,9.835038724260631
Logar,2006,5,8.900466714209152
Nangarhar,2006,5,11.212795794064439
Nimroz,2006,5,0.008175082585668531
Nuristan,2006,5,11.134857683581334
Paktya,2006,5,13.261195620763534
Samangan,2006,5,10.713517449371674
Sar-e-Pul,2006,5,8.246068575791359
Takhar,2006,5,16.65361066845863
Wardak,2006,5,11.046081674549674
Zabul,2006,5,3.1824693938293174
Khost,2006,6,22.3606464024333
Paktika,2006,6,2.9908244126471897
Daykundi,2006,6,0.1819719484874005
Panjsher,2006,6,7.596512318327099
Parwan,2006,6,1.4043770256446462
Uruzgan,2006,6,0.08062764012781165
Badakhshan,2006,6,20.846773995698044
Badghis,2006,6,0
Baghlan,2006,6,2.297571861001636
Balkh,2006,6,0
Bamyan,2006,6,0.11419725167741741
Farah,2006,6,0
Faryab,2006,6,0
Ghazni,2006,6,0.1792414044078459
Ghor,2006,6,0.08461240798932418
Hilmand,2006,6,0
Hirat,2006,6,0.014165231849162815
Jawzjan,2006,6,0
Kabul,2006,6,0.5271037762989659
Kandahar,2006,6,0
Kapisa,2006,6,0.6372843455967775
Kunar,2006,6,8.095430640378007
Kunduz,2006,6,0
Laghman,2006,6,4.406885787164862
Logar,2006,6,1.608842823505929
Nangarhar,2006,6,7.583881904043392
Nimroz,2006,6,0
Nuristan,2006,6,6.83440917713143
Paktya,2006,6,6.724890457649702
Samangan,2006,6,0.004051770800104873
Sar-e-Pul,2006,6,0
Takhar,2006,6,5.970285223044197
Wardak,2006,6,0.3514169002358735
Zabul,2006,6,0.05955581803452622
Khost,2006,7,37.01437292922805
Paktika,2006,7,21.049136641706607
Daykundi,2006,7,0.5777044356868485
Panjsher,2006,7,6.877210983227887
Parwan,2006,7,1.3010100816685093
Uruzgan,2006,7,0.6928003200557591
Badakhshan,2006,7,26.952413086294243
Badghis,2006,7,0
Baghlan,2006,7,2.1825384102373455
Balkh,2006,7,0
Bamyan,2006,7,0.0723235343710851
Farah,2006,7,0
Faryab,2006,7,0
Ghazni,2006,7,3.3749433467302943
Ghor,2006,7,0.09833271774719377
Hilmand,2006,7,0.007482789779164977
Hirat,2006,7,0.0075500350469701995
Jawzjan,2006,7,0
Kabul,2006,7,2.1795472753628684
Kandahar,2006,7,0.9969916895777114
Kapisa,2006,7,2.1270648071813825
Kunar,2006,7,24.98731989949417
Kunduz,2006,7,0
Laghman,2006,7,4.805505785980131
Logar,2006,7,6.045179276968375
Nangarhar,2006,7,12.603297516466712
Nimroz,2006,7,0.007821156666816894
Nuristan,2006,7,8.997945620952164
Paktya,2006,7,20.565553608260736
Samangan,2006,7,0
Sar-e-Pul,2006,7,0
Takhar,2006,7,7.083113339319627
Wardak,2006,7,0.9914944873645111
Zabul,2006,7,3.3208914148629405
Khost,2006,8,112.43055636994558
Paktika,2006,8,24.885083728204805
Daykundi,2006,8,0.436036611398131
Panjsher,2006,8,1.0146017944797496
Parwan,2006,8,0.29374649977010137
Uruzgan,2006,8,0.09609309711069418
Badakhshan,2006,8,12.286014459277206
Badghis,2006,8,0
Baghlan,2006,8,0.46892176883233166
Balkh,2006,8,0
Bamyan,2006,8,0.005759474504585808
Farah,2006,8,0
Faryab,2006,8,0
Ghazni,2006,8,1.4990914630197731
Ghor,2006,8,0.05745636944748103
Hilmand,2006,8,0.16678673781144632
Hirat,2006,8,0
Jawzjan,2006,8,0
Kabul,2006,8,3.5177932432162775
Kandahar,2006,8,1.1265027448846177
Kapisa,2006,8,1.1935176472070526
Kunar,2006,8,44.9574758552392
Kunduz,2006,8,0
Laghman,2006,8,10.844260846911562
Logar,2006,8,8.224904221971949
Nangarhar,2006,8,23.329053656576754
Nimroz,2006,8,0.0025550838534202994
Nuristan,2006,8,13.06630058772642
Paktya,2006,8,36.88856889010632
Samangan,2006,8,0
Sar-e-Pul,2006,8,0
Takhar,2006,8,1.5356249497531833
Wardak,2006,8,0.5792434729877362
Zabul,2006,8,1.9044932703085153
Khost,2006,9,20.331561807687436
Paktika,2006,9,1.62439662880256
Daykundi,2006,9,0.3945851805581935
Panjsher,2006,9,3.967820040161718
Parwan,2006,9,2.205367646014566
Uruzgan,2006,9,0
Badakhshan,2006,9,2.917479626044051
Badghis,2006,9,0.0030084690470922773
Baghlan,2006,9,0.30335523175465684
Balkh,2006,9,0.01989383086428682
Bamyan,2006,9,0.00017559767249882534
Farah,2006,9,0
Faryab,2006,9,0
Ghazni,2006,9,0.4138374439782169
Ghor,2006,9,0.036237183277198534
Hilmand,2006,9,0
Hirat,2006,9,0.00025028238315763984
Jawzjan,2006,9,0.011132381210490861
Kabul,2006,9,0.9590605022226533
Kandahar,2006,9,0
Kapisa,2006,9,5.0689610484973215
Kunar,2006,9,29.29070618758424
Kunduz,2006,9,0.0066294596333640035
Laghman,2006,9,10.74682758296896
Logar,2006,9,1.1578926595719021
Nangarhar,2006,9,9.727247883420477
Nimroz,2006,9,0.005409458332199475
Nuristan,2006,9,11.706128321691764
Paktya,2006,9,6.545810056200987
Samangan,2006,9,0.01946255106569118
Sar-e-Pul,2006,9,0
Takhar,2006,9,0.8625688853438812
Wardak,2006,9,0.00030778228329185806
Zabul,2006,9,0.21798645256534196
Khost,2006,10,14.5551065578291
Paktika,2006,10,0.7937997724012829
Daykundi,2006,10,5.057516656552937
Panjsher,2006,10,14.86507955430309
Parwan,2006,10,9.05711731042851
Uruzgan,2006,10,1.561124577660888
Badakhshan,2006,10,15.818575865569525
Badghis,2006,10,7.077515069105041
Baghlan,2006,10,12.662180842893022
Balkh,2006,10,4.181174334627861
Bamyan,2006,10,6.466357636343563
Farah,2006,10,1.191253158564169
Faryab,2006,10,6.024451382535242
Ghazni,2006,10,2.1060407272398436
Ghor,2006,10,5.368194128458948
Hilmand,2006,10,0.46788984792201654
Hirat,2006,10,1.945638385321261
Jawzjan,2006,10,3.721306163417164
Kabul,2006,10,7.102944655265909
Kandahar,2006,10,0.12526187681814027
Kapisa,2006,10,10.467813065059952
Kunar,2006,10,22.754243328065705
Kunduz,2006,10,5.750540718445543
Laghman,2006,10,12.307342623708976
Logar,2006,10,3.331384767109387
Nangarhar,2006,10,14.142320708864826
Nimroz,2006,10,0.28015201081661467
Nuristan,2006,10,11.737943627542576
Paktya,2006,10,6.501161406306923
Samangan,2006,10,6.819473371040175
Sar-e-Pul,2006,10,6.359199300054559
Takhar,2006,10,15.456911131213474
Wardak,2006,10,4.735611391524583
Zabul,2006,10,0.2076461438417347
Khost,2006,11,26.918322131895447
Paktika,2006,11,24.082929057267307
Daykundi,2006,11,57.71061699465852
Panjsher,2006,11,71.41197458014486
Parwan,2006,11,55.45468424737862
Uruzgan,2006,11,44.223939521966855
Badakhshan,2006,11,56.09121429514821
Badghis,2006,11,51.37259403699722
Baghlan,2006,11,70.30538385126304
Balkh,2006,11,31.03691759005905
Bamyan,2006,11,47.1283373844854
Farah,2006,11,18.109113664247182
Faryab,2006,11,48.759813807155055
Ghazni,2006,11,42.33799453206875
Ghor,2006,11,61.940165180472306
Hilmand,2006,11,13.225260978435838
Hirat,2006,11,44.839316110984015
Jawzjan,2006,11,28.00292017151218
Kabul,2006,11,48.241395123359126
Kandahar,2006,11,14.811664738642824
Kapisa,2006,11,51.39575624963707
Kunar,2006,11,55.94433888973494
Kunduz,2006,11,58.343903150182676
Laghman,2006,11,40.69101380339308
Logar,2006,11,45.9312914439673
Nangarhar,2006,11,33.153735235482024
Nimroz,2006,11,5.637735534881812
Nuristan,2006,11,47.3026045485911
Paktya,2006,11,39.02290650223737
Samangan,2006,11,56.71392721265515
Sar-e-Pul,2006,11,81.03208076157905
Takhar,2006,11,79.44583807766372
Wardak,2006,11,39.53332613557855
Zabul,2006,11,32.870680413823436
Khost,2006,12,50.80616242500963
Paktika,2006,12,48.29588424754956
Daykundi,2006,12,56.570827627268436
Panjsher,2006,12,72.39183653071366
Parwan,2006,12,70.46595128558938
Uruzgan,2006,12,72.93691940866833
Badakhshan,2006,12,49.84752199050299
Badghis,2006,12,58.2275839856751
Baghlan,2006,12,70.0594617306422
Balkh,2006,12,44.09220727006498
Bamyan,2006,12,45.73868247755945
Farah,2006,12,25.390840802125815
Faryab,2006,12,43.04561259443859
Ghazni,2006,12,69.3207843243067
Ghor,2006,12,66.6453717712169
Hilmand,2006,12,25.771439340303466
Hirat,2006,12,47.23576019271266
Jawzjan,2006,12,38.061618921526446
Kabul,2006,12,89.36964513542627
Kandahar,2006,12,36.71409637248408
Kapisa,2006,12,80.20246105673682
Kunar,2006,12,87.04030744895121
Kunduz,2006,12,56.62739012299592
Laghman,2006,12,58.96698113979795
Logar,2006,12,96.01843701707445
Nangarhar,2006,12,58.44771306713495
Nimroz,2006,12,9.62548538044468
Nuristan,2006,12,63.245103317459325
Paktya,2006,12,90.89890342342066
Samangan,2006,12,46.697730787734216
Sar-e-Pul,2006,12,37.137194050777595
Takhar,2006,12,74.58096408749792
Wardak,2006,12,65.30063798389851
Zabul,2006,12,66.750618218541
Khost,2007,1,12.78964763912166
Paktika,2007,1,17.04473487820706
Daykundi,2007,1,41.576861375861206
Panjsher,2007,1,13.087776349895487
Parwan,2007,1,19.350070615820897
Uruzgan,2007,1,55.7678207805547
Badakhshan,2007,1,18.907992012022902
Badghis,2007,1,35.50088745525517
Baghlan,2007,1,24.236236228386208
Balkh,2007,1,29.698167068303775
Bamyan,2007,1,16.24568783877035
Farah,2007,1,17.22721896649306
Faryab,2007,1,37.20503154540166
Ghazni,2007,1,16.970941462687524
Ghor,2007,1,33.26279815552322
Hilmand,2007,1,23.330759814665203
Hirat,2007,1,28.199422638895495
Jawzjan,2007,1,26.4118522638833
Kabul,2007,1,15.516682379295744
Kandahar,2007,1,31.03994744204134
Kapisa,2007,1,12.673477931146918
Kunar,2007,1,11.13431373786975
Kunduz,2007,1,39.08007319008263
Laghman,2007,1,7.506423454236524
Logar,2007,1,14.123312564212824
Nangarhar,2007,1,16.340850808244387
Nimroz,2007,1,14.975439777319684
Nuristan,2007,1,9.075797377499539
Paktya,2007,1,17.565162006163565
Samangan,2007,1,32.85364508263344
Sar-e-Pul,2007,1,28.126909411009226
Takhar,2007,1,33.76356783500965
Wardak,2007,1,14.950757566751115
Zabul,2007,1,25.490750788666745
Khost,2007,2,115.64232513153674
Paktika,2007,2,78.5964608345136
Daykundi,2007,2,64.24175697312221
Panjsher,2007,2,122.9708519172332
Parwan,2007,2,115.57329586867444
Uruzgan,2007,2,94.50990594832909
Badakhshan,2007,2,62.10199133159775
Badghis,2007,2,89.73551866816733
Baghlan,2007,2,115.18948439417353
Balkh,2007,2,57.133962764443474
Bamyan,2007,2,72.93072055761444
Farah,2007,2,62.5539239759459
Faryab,2007,2,90.76461914383621
Ghazni,2007,2,98.92419058802147
Ghor,2007,2,71.40263150558711
Hilmand,2007,2,51.350506241801284
Hirat,2007,2,74.4525465896947
Jawzjan,2007,2,53.25415863246441
Kabul,2007,2,108.55532337966967
Kandahar,2007,2,74.61100164486322
Kapisa,2007,2,135.29040549009767
Kunar,2007,2,174.99356016795468
Kunduz,2007,2,81.45210524061825
Laghman,2007,2,126.39132098670993
Logar,2007,2,123.38606922150511
Nangarhar,2007,2,168.8195873369149
Nimroz,2007,2,29.92285757320653
Nuristan,2007,2,122.88763744550712
Paktya,2007,2,116.6970058044124
Samangan,2007,2,85.98828064991005
Sar-e-Pul,2007,2,85.25522222570405
Takhar,2007,2,113.71732075712964
Wardak,2007,2,87.6249545714024
Zabul,2007,2,100.38658070427987
Khost,2007,3,109.69391551117675
Paktika,2007,3,70.89325649970397
Daykundi,2007,3,139.9924549577899
Panjsher,2007,3,180.6058152461551
Parwan,2007,3,161.28265334274602
Uruzgan,2007,3,149.65564763812517
Badakhshan,2007,3,156.20791735423757
Badghis,2007,3,150.89317021057033
Baghlan,2007,3,244.81878131997226
Balkh,2007,3,116.37970132782483
Bamyan,2007,3,132.1124009715209
Farah,2007,3,49.025936192568786
Faryab,2007,3,171.78668706698045
Ghazni,2007,3,100.30917756937494
Ghor,2007,3,123.0143826132716
Hilmand,2007,3,50.768071732486824
Hirat,2007,3,84.5251378174226
Jawzjan,2007,3,75.47721926249251
Kabul,2007,3,129.86561755940255
Kandahar,2007,3,76.91026447725619
Kapisa,2007,3,166.80694400275777
Kunar,2007,3,151.66536205067115
Kunduz,2007,3,207.77362470990013
Laghman,2007,3,124.60406416168185
Logar,2007,3,134.7606385437829
Nangarhar,2007,3,121.47628220301196
Nimroz,2007,3,19.482941366280908
Nuristan,2007,3,138.44675602986817
Paktya,2007,3,133.10472680103922
Samangan,2007,3,202.44844736859054
Sar-e-Pul,2007,3,200.241315201734
Takhar,2007,3,303.901458644186
Wardak,2007,3,117.4198167437921
Zabul,2007,3,93.63737540932891
Khost,2007,4,39.812783839428846
Paktika,2007,4,17.023565113648313
Daykundi,2007,4,27.800897735420385
Panjsher,2007,4,40.132811550375266
Parwan,2007,4,38.624674379581144
Uruzgan,2007,4,21.744889830984185
Badakhshan,2007,4,48.99938215435022
Badghis,2007,4,40.15940002936332
Baghlan,2007,4,60.865055959064286
Balkh,2007,4,34.935979648289155
Bamyan,2007,4,30.248096747878947
Farah,2007,4,11.385346814030363
Faryab,2007,4,40.71628295435054
Ghazni,2007,4,26.76380831904809
Ghor,2007,4,26.383644625850216
Hilmand,2007,4,9.866192194960437
Hirat,2007,4,24.074097031840683
Jawzjan,2007,4,25.778987657489896
Kabul,2007,4,27.723966576363683
Kandahar,2007,4,15.218587821585562
Kapisa,2007,4,32.189393125355785
Kunar,2007,4,44.642067057931946
Kunduz,2007,4,47.72830903571455
Laghman,2007,4,32.76626296475943
Logar,2007,4,28.353174609370676
Nangarhar,2007,4,38.02212563348524
Nimroz,2007,4,5.385023660665239
Nuristan,2007,4,41.77913078575004
Paktya,2007,4,32.1336493809662
Samangan,2007,4,44.93931613484368
Sar-e-Pul,2007,4,48.04058200506504
Takhar,2007,4,63.73649698021066
Wardak,2007,4,26.305293827795744
Zabul,2007,4,19.202117870084816
Khost,2007,5,24.857623016838566
Paktika,2007,5,10.689082709192053
Daykundi,2007,5,15.572541327228675
Panjsher,2007,5,19.04370424354473
Parwan,2007,5,25.064711713847654
Uruzgan,2007,5,5.985563250665215
Badakhshan,2007,5,47.36325582189784
Badghis,2007,5,15.129837676752679
Baghlan,2007,5,23.43051551142767
Balkh,2007,5,10.193637042434048
Bamyan,2007,5,17.496801489290664
Farah,2007,5,1.8624023184451768
Faryab,2007,5,16.437728424330473
Ghazni,2007,5,13.568455938056697
Ghor,2007,5,15.50275897329175
Hilmand,2007,5,1.3613547729068307
Hirat,2007,5,5.3379353743585884
Jawzjan,2007,5,10.329859887035
Kabul,2007,5,16.35955900570367
Kandahar,2007,5,0.6473896024217268
Kapisa,2007,5,17.378839596716347
Kunar,2007,5,37.19392044555717
Kunduz,2007,5,17.405773096081766
Laghman,2007,5,18.55901714514455
Logar,2007,5,18.50496320643325
Nangarhar,2007,5,18.824767722670007
Nimroz,2007,5,0.7097802615064346
Nuristan,2007,5,30.752385312145396
Paktya,2007,5,19.816326262114096
Samangan,2007,5,19.311218877829813
Sar-e-Pul,2007,5,20.67423590384631
Takhar,2007,5,32.4843654177364
Wardak,2007,5,15.55106423736906
Zabul,2007,5,4.998267925480466
Khost,2007,6,37.26997178591
Paktika,2007,6,8.55326744460999
Daykundi,2007,6,1.8477026520273192
Panjsher,2007,6,20.84281521603268
Parwan,2007,6,9.587027242835873
Uruzgan,2007,6,0.6000502998666709
Badakhshan,2007,6,40.2330431463629
Badghis,2007,6,0.4315993075240834
Baghlan,2007,6,8.402108863671788
Balkh,2007,6,2.180563327941117
Bamyan,2007,6,4.666511576072244
Farah,2007,6,0.17225669419767117
Faryab,2007,6,1.0360613020573741
Ghazni,2007,6,1.5742306669326862
Ghor,2007,6,1.2526224293561639
Hilmand,2007,6,0.5294005617204866
Hirat,2007,6,0.2652411465449421
Jawzjan,2007,6,1.0267228412344223
Kabul,2007,6,9.484609953740176
Kandahar,2007,6,1.4012245957183274
Kapisa,2007,6,9.960127752647725
Kunar,2007,6,37.39804394245498
Kunduz,2007,6,5.409390757425896
Laghman,2007,6,22.144031535685357
Logar,2007,6,10.406664246350738
Nangarhar,2007,6,24.256088985513134
Nimroz,2007,6,0.3536192803452916
Nuristan,2007,6,26.720349314550198
Paktya,2007,6,17.829290071516137
Samangan,2007,6,4.326342745990678
Sar-e-Pul,2007,6,2.1866955872910263
Takhar,2007,6,13.907959012016757
Wardak,2007,6,5.7282871505241335
Zabul,2007,6,2.5455281811149866
Khost,2007,7,45.87255208111831
Paktika,2007,7,25.96520515526661
Daykundi,2007,7,0.6328985039026952
Panjsher,2007,7,6.729905056025372
Parwan,2007,7,1.0369948576825418
Uruzgan,2007,7,0.7800437199056467
Badakhshan,2007,7,23.765790874722413
Badghis,2007,7,0
Baghlan,2007,7,2.181069752771696
Balkh,2007,7,0
Bamyan,2007,7,0.06334887283903401
Farah,2007,7,0
Faryab,2007,7,0
Ghazni,2007,7,1.8180592814289902
Ghor,2007,7,0.12075083934046658
Hilmand,2007,7,0
Hirat,2007,7,0.007554993122382911
Jawzjan,2007,7,0
Kabul,2007,7,1.4390207549515714
Kandahar,2007,7,0.5161864252111535
Kapisa,2007,7,0.9813991356480823
Kunar,2007,7,22.680288575754034
Kunduz,2007,7,0
Laghman,2007,7,4.258228513198806
Logar,2007,7,4.897340691831146
Nangarhar,2007,7,19.66955913372024
Nimroz,2007,7,0
Nuristan,2007,7,7.271793631496918
Paktya,2007,7,18.46474468187036
Samangan,2007,7,0
Sar-e-Pul,2007,7,0
Takhar,2007,7,7.189092011466354
Wardak,2007,7,0.3413195284427493
Zabul,2007,7,2.58145284726391
Khost,2007,8,37.56337677442368
Paktika,2007,8,4.973724172633148
Daykundi,2007,8,0.43805138861430243
Panjsher,2007,8,0.8551268706001923
Parwan,2007,8,0.13206540418525262
Uruzgan,2007,8,0.09659309795784309
Badakhshan,2007,8,12.204563690813421
Badghis,2007,8,0
Baghlan,2007,8,0.4365520505787801
Balkh,2007,8,0
Bamyan,2007,8,0.011635228336609408
Farah,2007,8,0
Faryab,2007,8,0
Ghazni,2007,8,0.13507774155779625
Ghor,2007,8,0.057804636384064634
Hilmand,2007,8,0.0030387632105439476
Hirat,2007,8,0
Jawzjan,2007,8,0
Kabul,2007,8,0.4581276464112513
Kandahar,2007,8,0.008056767921553852
Kapisa,2007,8,0.2821359476008739
Kunar,2007,8,24.15150827518595
Kunduz,2007,8,0
Laghman,2007,8,4.422887006643846
Logar,2007,8,2.288781063152553
Nangarhar,2007,8,17.938302457138388
Nimroz,2007,8,0
Nuristan,2007,8,7.468213777227073
Paktya,2007,8,11.913467196578212
Samangan,2007,8,0
Sar-e-Pul,2007,8,0
Takhar,2007,8,1.593561708817505
Wardak,2007,8,0
Zabul,2007,8,0.07309202048163856
Khost,2007,9,24.267455828233718
Paktika,2007,9,1.6695313476119178
Daykundi,2007,9,0.4102657739903653
Panjsher,2007,9,2.7175687831342343
Parwan,2007,9,1.6146163683211892
Uruzgan,2007,9,0
Badakhshan,2007,9,2.621921702043979
Badghis,2007,9,0
Baghlan,2007,9,0.3488925782267651
Balkh,2007,9,0
Bamyan,2007,9,0.00017132667643788023
Farah,2007,9,0
Faryab,2007,9,0
Ghazni,2007,9,0.4055172112865336
Ghor,2007,9,0.03728108251744219
Hilmand,2007,9,0
Hirat,2007,9,0
Jawzjan,2007,9,0
Kabul,2007,9,0.24420777983867073
Kandahar,2007,9,0
Kapisa,2007,9,2.255270719617039
Kunar,2007,9,31.4201949370187
Kunduz,2007,9,0
Laghman,2007,9,11.211129608907527
Logar,2007,9,0.8433867237006251
Nangarhar,2007,9,14.272693343880146
Nimroz,2007,9,0.0029460349089161374
Nuristan,2007,9,9.652034531981842
Paktya,2007,9,6.790857138454839
Samangan,2007,9,0
Sar-e-Pul,2007,9,0
Takhar,2007,9,0.8903242163325265
Wardak,2007,9,0
Zabul,2007,9,0.2394978082057051
Khost,2007,10,0.6971214835558804
Paktika,2007,10,0.08358814767537108
Daykundi,2007,10,6.148273965494708
Panjsher,2007,10,10.188463181784295
Parwan,2007,10,3.7485869953388375
Uruzgan,2007,10,0.31775364789317817
Badakhshan,2007,10,7.558522611047965
Badghis,2007,10,1.7916938095519317
Baghlan,2007,10,6.284457296666847
Balkh,2007,10,0.19854028898492318
Bamyan,2007,10,3.394562454720421
Farah,2007,10,0.0022803607380853567
Faryab,2007,10,0.6169998017518841
Ghazni,2007,10,0.9446698518471552
Ghor,2007,10,5.010913258346923
Hilmand,2007,10,0.08218585738343064
Hirat,2007,10,0.35786465067526924
Jawzjan,2007,10,0.1342770659558084
Kabul,2007,10,0.5818481173325836
Kandahar,2007,10,0
Kapisa,2007,10,2.913954981447495
Kunar,2007,10,8.608692715367214
Kunduz,2007,10,0.014605801115065778
Laghman,2007,10,3.057549467675722
Logar,2007,10,0.3046645707430238
Nangarhar,2007,10,4.230413989668175
Nimroz,2007,10,0
Nuristan,2007,10,6.00483105051085
Paktya,2007,10,0.7982035488639585
Samangan,2007,10,0.5153603357943178
Sar-e-Pul,2007,10,0.9726130465080273
Takhar,2007,10,5.863463378987158
Wardak,2007,10,0.6215854280881156
Zabul,2007,10,0.09361199702122523
Khost,2007,11,4.811404480139427
Paktika,2007,11,2.161644722496544
Daykundi,2007,11,14.600950073193406
Panjsher,2007,11,12.780164329565673
Parwan,2007,11,11.514449236465936
Uruzgan,2007,11,12.450280375040991
Badakhshan,2007,11,8.574548689508822
Badghis,2007,11,22.12721791670804
Baghlan,2007,11,15.765723233371151
Balkh,2007,11,10.160613627443317
Bamyan,2007,11,13.5514746076279
Farah,2007,11,6.782573330130701
Faryab,2007,11,20.668752208366524
Ghazni,2007,11,10.239936222140422
Ghor,2007,11,19.885903761588096
Hilmand,2007,11,4.361294338184691
Hirat,2007,11,14.07297784414318
Jawzjan,2007,11,11.923331271287505
Kabul,2007,11,6.868132504488586
Kandahar,2007,11,4.318776096351151
Kapisa,2007,11,7.5515205333996605
Kunar,2007,11,7.493492801663753
Kunduz,2007,11,10.373249926577474
Laghman,2007,11,6.581166495387592
Logar,2007,11,6.579704286017376
Nangarhar,2007,11,7.8083368249751945
Nimroz,2007,11,1.7194993339444897
Nuristan,2007,11,5.193034348476509
Paktya,2007,11,5.768511344281761
Samangan,2007,11,15.745230714979249
Sar-e-Pul,2007,11,24.51249883850823
Takhar,2007,11,13.870749081465894
Wardak,2007,11,8.11135142766473
Zabul,2007,11,7.288406109274292
Khost,2007,12,19.543689941834643
Paktika,2007,12,30.121819515925324
Daykundi,2007,12,30.067457383960214
Panjsher,2007,12,27.378894945798347
Parwan,2007,12,32.9472340062608
Uruzgan,2007,12,42.822589505921634
Badakhshan,2007,12,28.635444956030117
Badghis,2007,12,59.46323779676952
Baghlan,2007,12,43.35619732748555
Balkh,2007,12,53.104696776882164
Bamyan,2007,12,36.59791531232938
Farah,2007,12,15.446356706397953
Faryab,2007,12,57.587511765843324
Ghazni,2007,12,28.295962203055502
Ghor,2007,12,43.908864931948806
Hilmand,2007,12,15.56234713459338
Hirat,2007,12,38.47594922861333
Jawzjan,2007,12,46.73044976516462
Kabul,2007,12,24.05714122635705
Kandahar,2007,12,22.87304699991194
Kapisa,2007,12,26.685626849650163
Kunar,2007,12,16.962375279023924
Kunduz,2007,12,53.24313601218569
Laghman,2007,12,18.622331514734217
Logar,2007,12,23.090698232882318
Nangarhar,2007,12,18.30615176877545
Nimroz,2007,12,6.716312649388553
Nuristan,2007,12,17.069231363662624
Paktya,2007,12,28.11019707047772
Samangan,2007,12,60.33624845089004
Sar-e-Pul,2007,12,59.313221460939374
Takhar,2007,12,54.181116886460075
Wardak,2007,12,20.961467585276022
Zabul,2007,12,44.65242570356925
Khost,2008,1,51.96298837529684
Paktika,2008,1,57.19955532683668
Daykundi,2008,1,64.75035263124458
Panjsher,2008,1,50.64557174173544
Parwan,2008,1,58.81362532962638
Uruzgan,2008,1,88.73203557100852
Badakhshan,2008,1,36.41087538928759
Badghis,2008,1,53.61763553333277
Baghlan,2008,1,52.784604232431406
Balkh,2008,1,32.53897134149493
Bamyan,2008,1,39.04830272445448
Farah,2008,1,33.98108503809759
Faryab,2008,1,47.489090259946046
Ghazni,2008,1,60.55465000702761
Ghor,2008,1,58.68663435365972
Hilmand,2008,1,65.79702196767018
Hirat,2008,1,47.942310456985396
Jawzjan,2008,1,37.36861901141904
Kabul,2008,1,61.56834052563844
Kandahar,2008,1,104.99911694359413
Kapisa,2008,1,55.62062995711094
Kunar,2008,1,97.23687828703565
Kunduz,2008,1,37.60119008061767
Laghman,2008,1,39.96658103142917
Logar,2008,1,60.24511295564495
Nangarhar,2008,1,79.03284520134326
Nimroz,2008,1,44.47419923516575
Nuristan,2008,1,53.09465712825698
Paktya,2008,1,63.178063894941076
Samangan,2008,1,37.31355921680875
Sar-e-Pul,2008,1,36.96439739518257
Takhar,2008,1,48.269696506973474
Wardak,2008,1,42.21121503120567
Zabul,2008,1,82.20504671009999
Khost,2008,2,11.854984499049992
Paktika,2008,2,14.44366799430126
Daykundi,2008,2,20.41999212521595
Panjsher,2008,2,42.571241958912296
Parwan,2008,2,47.03691032603152
Uruzgan,2008,2,23.868296348132596
Badakhshan,2008,2,35.73662738590362
Badghis,2008,2,35.063087836058585
Baghlan,2008,2,54.960819549493756
Balkh,2008,2,50.50906564591109
Bamyan,2008,2,29.18685762997942
Farah,2008,2,14.529594924681886
Faryab,2008,2,42.56091529614549
Ghazni,2008,2,18.352837340296045
Ghor,2008,2,16.17818335769505
Hilmand,2008,2,15.73114082978842
Hirat,2008,2,26.91616138941559
Jawzjan,2008,2,33.36145094553165
Kabul,2008,2,25.89197236087097
Kandahar,2008,2,17.742056458134027
Kapisa,2008,2,27.038447485436325
Kunar,2008,2,23.032849810172415
Kunduz,2008,2,34.65319586239404
Laghman,2008,2,16.324437809881378
Logar,2008,2,22.897684455629975
Nangarhar,2008,2,25.74870402761924
Nimroz,2008,2,9.927951844195578
Nuristan,2008,2,27.330950769874335
Paktya,2008,2,19.369115567658323
Samangan,2008,2,74.91706581712182
Sar-e-Pul,2008,2,44.78212930160928
Takhar,2008,2,50.47456255210819
Wardak,2008,2,20.15030925649678
Zabul,2008,2,21.16076101681245
Khost,2008,3,33.392130510082914
Paktika,2008,3,20.05300392663252
Daykundi,2008,3,12.24553821589746
Panjsher,2008,3,42.63593323385037
Parwan,2008,3,38.94806903499319
Uruzgan,2008,3,16.345421646604322
Badakhshan,2008,3,27.53526765061886
Badghis,2008,3,30.65373815352184
Baghlan,2008,3,43.45218774867442
Balkh,2008,3,24.396714255202244
Bamyan,2008,3,19.246893247650245
Farah,2008,3,9.842953730274639
Faryab,2008,3,33.53361287546375
Ghazni,2008,3,13.275221935669279
Ghor,2008,3,15.152602234951386
Hilmand,2008,3,11.213235083362507
Hirat,2008,3,15.037793896794138
Jawzjan,2008,3,19.14743692500561
Kabul,2008,3,33.33607241529698
Kandahar,2008,3,15.19999009990833
Kapisa,2008,3,38.915448223795224
Kunar,2008,3,32.37495384300479
Kunduz,2008,3,31.934358075736053
Laghman,2008,3,24.24290896974063
Logar,2008,3,30.606625961743564
Nangarhar,2008,3,32.074025950391984
Nimroz,2008,3,7.241060056772766
Nuristan,2008,3,29.697702663087433
Paktya,2008,3,31.14482297401442
Samangan,2008,3,40.016791773689235
Sar-e-Pul,2008,3,42.04687953895092
Takhar,2008,3,48.578507350798326
Wardak,2008,3,17.1928402951634
Zabul,2008,3,15.891937346907824
Khost,2008,4,81.63581550496795
Paktika,2008,4,28.40377672882441
Daykundi,2008,4,58.31120969735849
Panjsher,2008,4,109.45633136218345
Parwan,2008,4,132.15583693106598
Uruzgan,2008,4,41.03932966687672
Badakhshan,2008,4,73.00457640753889
Badghis,2008,4,45.74929780565986
Baghlan,2008,4,117.59022913605898
Balkh,2008,4,31.812188283202683
Bamyan,2008,4,75.06530235332353
Farah,2008,4,16.284981968782365
Faryab,2008,4,39.8615833657789
Ghazni,2008,4,40.28529307574366
Ghor,2008,4,50.17393668176326
Hilmand,2008,4,11.135673761874171
Hirat,2008,4,34.79795211503779
Jawzjan,2008,4,26.382099241005054
Kabul,2008,4,110.80659923518367
Kandahar,2008,4,16.727783679810074
Kapisa,2008,4,109.95611070586516
Kunar,2008,4,109.04148176461403
Kunduz,2008,4,52.22127549097033
Laghman,2008,4,112.19584550851705
Logar,2008,4,89.45993264957866
Nangarhar,2008,4,107.8869794852436
Nimroz,2008,4,3.577912034568383
Nuristan,2008,4,91.20545588336918
Paktya,2008,4,83.8228315166965
Samangan,2008,4,71.1026652740758
Sar-e-Pul,2008,4,70.79925232720676
Takhar,2008,4,101.57072444491597
Wardak,2008,4,81.73025769549929
Zabul,2008,4,26.728735519642832
Khost,2008,5,33.27337083756271
Paktika,2008,5,9.482128777128917
Daykundi,2008,5,12.21985148565513
Panjsher,2008,5,19.570214121110517
Parwan,2008,5,26.717448652426544
Uruzgan,2008,5,5.563364335254863
Badakhshan,2008,5,21.971307269692673
Badghis,2008,5,13.658462202135764
Baghlan,2008,5,17.371132484678284
Balkh,2008,5,8.920189580890815
Bamyan,2008,5,14.974142977963135
Farah,2008,5,4.213023114310218
Faryab,2008,5,12.28811716527759
Ghazni,2008,5,9.203759592211611
Ghor,2008,5,11.428689651705938
Hilmand,2008,5,1.6764906729458997
Hirat,2008,5,5.195727579798699
Jawzjan,2008,5,8.865367433697447
Kabul,2008,5,12.919653226625641
Kandahar,2008,5,1.3136796424670287
Kapisa,2008,5,16.78410812191232
Kunar,2008,5,27.08037460903264
Kunduz,2008,5,11.231563284619522
Laghman,2008,5,16.209455381346512
Logar,2008,5,15.246390412638691
Nangarhar,2008,5,22.415598061806257
Nimroz,2008,5,0.3330092450836929
Nuristan,2008,5,18.424941595507732
Paktya,2008,5,21.11172785313244
Samangan,2008,5,12.427032306642328
Sar-e-Pul,2008,5,14.073274959724673
Takhar,2008,5,19.418036684532098
Wardak,2008,5,14.343867213682564
Zabul,2008,5,4.491210976517255
Khost,2008,6,29.015663630855947
Paktika,2008,6,6.266428284127986
Daykundi,2008,6,0.1883845578765432
Panjsher,2008,6,8.216767988600623
Parwan,2008,6,1.8230093344125058
Uruzgan,2008,6,0.12219535224543873
Badakhshan,2008,6,21.01038423034241
Badghis,2008,6,0
Baghlan,2008,6,2.363206815580457
Balkh,2008,6,0
Bamyan,2008,6,0.16226914831280304
Farah,2008,6,0
Faryab,2008,6,0
Ghazni,2008,6,0.3114214720486291
Ghor,2008,6,0.088967127080312
Hilmand,2008,6,0
Hirat,2008,6,0.014228992169274894
Jawzjan,2008,6,0
Kabul,2008,6,1.4648954358185695
Kandahar,2008,6,0.012139751729766323
Kapisa,2008,6,1.2874210210809431
Kunar,2008,6,13.906925446716606
Kunduz,2008,6,0
Laghman,2008,6,8.427542812059508
Logar,2008,6,2.4886829644932793
Nangarhar,2008,6,17.278393866123945
Nimroz,2008,6,0
Nuristan,2008,6,9.150238284795678
Paktya,2008,6,9.246937583590219
Samangan,2008,6,0
Sar-e-Pul,2008,6,0
Takhar,2008,6,5.996280511632846
Wardak,2008,6,0.46199291238684453
Zabul,2008,6,0.12920813617998023
Khost,2008,7,43.79851714450347
Paktika,2008,7,22.674412355950913
Daykundi,2008,7,0.5939544721292574
Panjsher,2008,7,6.10137353666518
Parwan,2008,7,1.2344597641085997
Uruzgan,2008,7,0.6463482457516657
Badakhshan,2008,7,23.83120029514877
Badghis,2008,7,0
Baghlan,2008,7,1.998008203197172
Balkh,2008,7,0
Bamyan,2008,7,0.04916616107999523
Farah,2008,7,0
Faryab,2008,7,0
Ghazni,2008,7,1.744757626728878
Ghor,2008,7,0.11486114094432467
Hilmand,2008,7,0.008880414535648046
Hirat,2008,7,0.0075535016140540305
Jawzjan,2008,7,0
Kabul,2008,7,1.6544748856719242
Kandahar,2008,7,0.21902167616879253
Kapisa,2008,7,0.9539710400270223
Kunar,2008,7,31.561425291769496
Kunduz,2008,7,0
Laghman,2008,7,4.8446669307009165
Logar,2008,7,5.275031216051115
Nangarhar,2008,7,16.292988853404783
Nimroz,2008,7,0
Nuristan,2008,7,12.232618811910056
Paktya,2008,7,18.697152229972783
Samangan,2008,7,0
Sar-e-Pul,2008,7,0
Takhar,2008,7,7.037587166715798
Wardak,2008,7,0.5988810065498397
Zabul,2008,7,1.6081095518500108
Khost,2008,8,45.68375015480853
Paktika,2008,8,10.857258304950804
Daykundi,2008,8,0.4366955941260576
Panjsher,2008,8,1.3772230280560849
Parwan,2008,8,0.228951332296767
Uruzgan,2008,8,0.4582136603437419
Badakhshan,2008,8,11.905495436628073
Badghis,2008,8,0
Baghlan,2008,8,0.5184818647062145
Balkh,2008,8,0
Bamyan,2008,8,0.011542231899479113
Farah,2008,8,0
Faryab,2008,8,0
Ghazni,2008,8,0.5026754602726393
Ghor,2008,8,0.05771971742427174
Hilmand,2008,8,0.1479267718800694
Hirat,2008,8,0
Jawzjan,2008,8,0
Kabul,2008,8,1.0023567609952466
Kandahar,2008,8,0.6450348489183156
Kapisa,2008,8,1.0750916520676654
Kunar,2008,8,45.45914490304908
Kunduz,2008,8,0
Laghman,2008,8,10.05463849957361
Logar,2008,8,3.1017968313330546
Nangarhar,2008,8,30.862139215956898
Nimroz,2008,8,0
Nuristan,2008,8,10.770624174345972
Paktya,2008,8,15.168097537401826
Samangan,2008,8,0
Sar-e-Pul,2008,8,0
Takhar,2008,8,1.5109035111367841
Wardak,2008,8,0.003715986373284768
Zabul,2008,8,1.0855478662943925
Khost,2008,9,22.62153850028015
Paktika,2008,9,1.9627962251466375
Daykundi,2008,9,0.3941455095210764
Panjsher,2008,9,2.430701540238019
Parwan,2008,9,2.420448988286308
Uruzgan,2008,9,0
Badakhshan,2008,9,4.5394220237635325
Badghis,2008,9,0.016254342404822944
Baghlan,2008,9,0.42341976217777477
Balkh,2008,9,0.2717466715116272
Bamyan,2008,9,0.15721473611808712
Farah,2008,9,0
Faryab,2008,9,0.05545687703116556
Ghazni,2008,9,0.41582092984889746
Ghor,2008,9,0.04159418119479819
Hilmand,2008,9,0
Hirat,2008,9,0.0028807912200221743
Jawzjan,2008,9,0.02685226940739452
Kabul,2008,9,0.29705135720500925
Kandahar,2008,9,0
Kapisa,2008,9,2.5517005448284102
Kunar,2008,9,34.70494164697254
Kunduz,2008,9,0.34671384742689376
Laghman,2008,9,9.400571971381392
Logar,2008,9,1.0685281451374096
Nangarhar,2008,9,11.849860828005902
Nimroz,2008,9,0.0029459594459512383
Nuristan,2008,9,12.020618640073662
Paktya,2008,9,7.190912096332093
Samangan,2008,9,0.1290972835374647
Sar-e-Pul,2008,9,0.15980891371539935
Takhar,2008,9,1.088843580055775
Wardak,2008,9,0.0681227812956121
Zabul,2008,9,0.21762716605924698
Khost,2008,10,10.20031310289511
Paktika,2008,10,0.02228866295974839
Daykundi,2008,10,3.171388406480661
Panjsher,2008,10,16.439994230773497
Parwan,2008,10,7.321964826971093
Uruzgan,2008,10,0.18021128544214296
Badakhshan,2008,10,22.8183232550356
Badghis,2008,10,1.7261711079267124
Baghlan,2008,10,10.491942707162478
Balkh,2008,10,1.165830293275287
Bamyan,2008,10,3.2528435111762284
Farah,2008,10,0.06164761355730395
Faryab,2008,10,0.3731174266717856
Ghazni,2008,10,0.7238209450926886
Ghor,2008,10,4.5556758350731075
Hilmand,2008,10,0.02822058876840435
Hirat,2008,10,0.35829294245250937
Jawzjan,2008,10,0.51345512329548
Kabul,2008,10,5.060033124478232
Kandahar,2008,10,0.0022643620431198044
Kapisa,2008,10,9.698278097729801
Kunar,2008,10,17.421513671012367
Kunduz,2008,10,6.906312527573061
Laghman,2008,10,8.869125825358154
Logar,2008,10,2.181205796129426
Nangarhar,2008,10,8.745551011639895
Nimroz,2008,10,0.0013336780106326628
Nuristan,2008,10,14.609176045288574
Paktya,2008,10,3.493188585160439
Samangan,2008,10,1.293552292264199
Sar-e-Pul,2008,10,0.7500858925986335
Takhar,2008,10,18.645343310760644
Wardak,2008,10,2.1303359151735712
Zabul,2008,10,0.03137493014694373
Khost,2008,11,4.60134052750921
Paktika,2008,11,1.1660823013135355
Daykundi,2008,11,9.856897564792467
Panjsher,2008,11,29.279070572438574
Parwan,2008,11,19.290035230408716
Uruzgan,2008,11,8.389506252568317
Badakhshan,2008,11,28.90511487474934
Badghis,2008,11,19.500265418407523
Baghlan,2008,11,24.35322276822144
Balkh,2008,11,9.286226847004931
Bamyan,2008,11,13.45484860714309
Farah,2008,11,7.321330073160729
Faryab,2008,11,16.11604380872421
Ghazni,2008,11,7.873277556268817
Ghor,2008,11,16.317722097761546
Hilmand,2008,11,3.110077586415215
Hirat,2008,11,14.9333096341319
Jawzjan,2008,11,8.027854026362723
Kabul,2008,11,9.874800163153571
Kandahar,2008,11,2.0413216926185918
Kapisa,2008,11,17.096027898743777
Kunar,2008,11,28.213792503177803
Kunduz,2008,11,14.605749524502434
Laghman,2008,11,8.22330457630068
Logar,2008,11,6.077068074213001
Nangarhar,2008,11,9.188108544965708
Nimroz,2008,11,2.9805874559099608
Nuristan,2008,11,28.64253931497253
Paktya,2008,11,5.433237052866874
Samangan,2008,11,21.486123619104095
Sar-e-Pul,2008,11,23.4921263551781
Takhar,2008,11,29.42590913366568
Wardak,2008,11,7.335879072374258
Zabul,2008,11,5.875704741251807
Khost,2008,12,10.326948157046102
Paktika,2008,12,19.252320089199525
Daykundi,2008,12,20.14848303469685
Panjsher,2008,12,22.231220584380885
Parwan,2008,12,22.802292746632137
Uruzgan,2008,12,30.716606156965206
Badakhshan,2008,12,39.49127531792691
Badghis,2008,12,41.94213783157763
Baghlan,2008,12,28.01080770336797
Balkh,2008,12,28.76857337113739
Bamyan,2008,12,19.92626161558566
Farah,2008,12,22.60507385998783
Faryab,2008,12,32.57554755132926
Ghazni,2008,12,19.003578695009175
Ghor,2008,12,39.42783837964993
Hilmand,2008,12,15.271753023920775
Hirat,2008,12,39.83563076629889
Jawzjan,2008,12,26.1061911912689
Kabul,2008,12,19.514000216810498
Kandahar,2008,12,20.984278546542708
Kapisa,2008,12,17.059948952617763
Kunar,2008,12,56.39161709144415
Kunduz,2008,12,31.50527077005028
Laghman,2008,12,18.863787112773714
Logar,2008,12,15.974769548069023
Nangarhar,2008,12,21.43183504562685
Nimroz,2008,12,8.707557152016564
Nuristan,2008,12,36.59830868938213
Paktya,2008,12,17.3880815666541
Samangan,2008,12,28.32155217226923
Sar-e-Pul,2008,12,31.622091617675224
Takhar,2008,12,46.63787629769318
Wardak,2008,12,17.29182649058307
Zabul,2008,12,31.004231235872627
Khost,2009,1,49.07485152595565
Paktika,2009,1,53.51480169609472
Daykundi,2009,1,55.298879853337354
Panjsher,2009,1,79.93091664699817
Parwan,2009,1,92.7304468009165
Uruzgan,2009,1,61.751849778465136
Badakhshan,2009,1,60.27112611049696
Badghis,2009,1,73.4049187625539
Baghlan,2009,1,80.36403241032917
Balkh,2009,1,44.521657480768205
Bamyan,2009,1,56.82792292944114
Farah,2009,1,42.72207542517644
Faryab,2009,1,48.19071541590631
Ghazni,2009,1,54.8935755946298
Ghor,2009,1,66.43108565572749
Hilmand,2009,1,54.18753537237973
Hirat,2009,1,62.85368140555591
Jawzjan,2009,1,48.09745919468739
Kabul,2009,1,70.26502006377991
Kandahar,2009,1,73.68558405312704
Kapisa,2009,1,81.35752350983388
Kunar,2009,1,94.3719483764971
Kunduz,2009,1,65.01812487535737
Laghman,2009,1,41.31565517394521
Logar,2009,1,67.18246257432395
Nangarhar,2009,1,59.878222584012605
Nimroz,2009,1,34.91437827888817
Nuristan,2009,1,68.98827691395762
Paktya,2009,1,63.656588546627034
Samangan,2009,1,47.65772882915464
Sar-e-Pul,2009,1,37.83509315851149
Takhar,2009,1,81.45878811564234
Wardak,2009,1,63.56252679205664
Zabul,2009,1,49.668247690908615
Khost,2009,2,62.19047805780511
Paktika,2009,2,41.74701662055208
Daykundi,2009,2,52.77808658427066
Panjsher,2009,2,118.38601189763536
Parwan,2009,2,122.47360599503915
Uruzgan,2009,2,36.71092569608887
Badakhshan,2009,2,84.39300871272121
Badghis,2009,2,68.55236281647849
Baghlan,2009,2,134.7335046796853
Balkh,2009,2,64.65723256326989
Bamyan,2009,2,68.29483283511706
Farah,2009,2,18.555999512865316
Faryab,2009,2,78.980751984004
Ghazni,2009,2,41.94522767050872
Ghor,2009,2,47.55819037539457
Hilmand,2009,2,17.72631773990011
Hirat,2009,2,50.18379205966515
Jawzjan,2009,2,52.98949691826679
Kabul,2009,2,88.2522135471095
Kandahar,2009,2,26.871100642907965
Kapisa,2009,2,108.17008500982108
Kunar,2009,2,97.63991222448506
Kunduz,2009,2,81.82008607910159
Laghman,2009,2,73.92460731130946
Logar,2009,2,83.99638587834187
Nangarhar,2009,2,65.53722931204206
Nimroz,2009,2,10.620984500225047
Nuristan,2009,2,99.84490292340386
Paktya,2009,2,76.1796833550573
Samangan,2009,2,112.61018617642166
Sar-e-Pul,2009,2,89.01973047362185
Takhar,2009,2,129.2829192843075
Wardak,2009,2,62.43654540468448
Zabul,2009,2,40.416549222968854
Khost,2009,3,59.067556188300614
Paktika,2009,3,45.464386998054245
Daykundi,2009,3,60.72493579264198
Panjsher,2009,3,76.72952974840187
Parwan,2009,3,101.4755069384898
Uruzgan,2009,3,64.43913185990664
Badakhshan,2009,3,56.34643288854942
Badghis,2009,3,103.0233287273709
Baghlan,2009,3,91.87823251213486
Balkh,2009,3,52.29305593893648
Bamyan,2009,3,61.93872573015175
Farah,2009,3,42.985978465452696
Faryab,2009,3,97.34625927098942
Ghazni,2009,3,56.10390847115843
Ghor,2009,3,56.23543577192046
Hilmand,2009,3,25.928640349942338
Hirat,2009,3,73.93754541432538
Jawzjan,2009,3,51.76146107633064
Kabul,2009,3,85.75388484740164
Kandahar,2009,3,32.08662154422864
Kapisa,2009,3,78.8569032522749
Kunar,2009,3,84.62016455065772
Kunduz,2009,3,61.280286433557755
Laghman,2009,3,60.921834020801725
Logar,2009,3,87.10636333140874
Nangarhar,2009,3,72.16868587753777
Nimroz,2009,3,16.390267807881457
Nuristan,2009,3,71.45957581220063
Paktya,2009,3,83.38973198540877
Samangan,2009,3,86.85011003343621
Sar-e-Pul,2009,3,99.90372981877466
Takhar,2009,3,83.30186538811232
Wardak,2009,3,71.077712173559
Zabul,2009,3,44.51081919395338
Khost,2009,4,105.82816305662182
Paktika,2009,4,38.52048144440656
Daykundi,2009,4,77.64216360007667
Panjsher,2009,4,113.4792277036188
Parwan,2009,4,104.84166406980329
Uruzgan,2009,4,52.18136813803924
Badakhshan,2009,4,109.95110638025693
Badghis,2009,4,137.47147304323985
Baghlan,2009,4,120.24948094186533
Balkh,2009,4,72.3651999621929
Bamyan,2009,4,72.12047404582962
Farah,2009,4,35.36529860513551
Faryab,2009,4,122.63582130047025
Ghazni,2009,4,42.66019004806294
Ghor,2009,4,94.84136642778705
Hilmand,2009,4,18.86410203804843
Hirat,2009,4,89.08661807320706
Jawzjan,2009,4,75.65448728299722
Kabul,2009,4,88.48992118872734
Kandahar,2009,4,27.299133304469276
Kapisa,2009,4,102.07686180504307
Kunar,2009,4,137.6323061238024
Kunduz,2009,4,82.9806006780698
Laghman,2009,4,117.04120007398907
Logar,2009,4,82.26871448238796
Nangarhar,2009,4,117.40346781917887
Nimroz,2009,4,8.881442326726068
Nuristan,2009,4,112.90458248232686
Paktya,2009,4,93.87311961700942
Samangan,2009,4,72.60714755089519
Sar-e-Pul,2009,4,141.7434511544249
Takhar,2009,4,157.26178326841287
Wardak,2009,4,58.264120968502375
Zabul,2009,4,44.49339994846116
Khost,2009,5,37.87470847633833
Paktika,2009,5,11.8680104524357
Daykundi,2009,5,20.199471252812348
Panjsher,2009,5,54.25252557307008
Parwan,2009,5,53.00335311324492
Uruzgan,2009,5,10.254492118941007
Badakhshan,2009,5,72.11756576030477
Badghis,2009,5,38.561761178568155
Baghlan,2009,5,51.0456557538025
Balkh,2009,5,28.76428259492059
Bamyan,2009,5,30.226486693511756
Farah,2009,5,9.498578967441635
Faryab,2009,5,44.41492781071791
Ghazni,2009,5,17.388735509488974
Ghor,2009,5,25.565702147836177
Hilmand,2009,5,5.419943062609649
Hirat,2009,5,19.15462771250861
Jawzjan,2009,5,28.49769886256689
Kabul,2009,5,27.799721887337114
Kandahar,2009,5,5.368216201601085
Kapisa,2009,5,41.97484093035377
Kunar,2009,5,41.916446832667326
Kunduz,2009,5,40.86333316271601
Laghman,2009,5,34.63732167426096
Logar,2009,5,24.368428938800946
Nangarhar,2009,5,33.52260260352594
Nimroz,2009,5,2.4943289902173995
Nuristan,2009,5,38.29255555036134
Paktya,2009,5,28.678014600085994
Samangan,2009,5,35.27948360570173
Sar-e-Pul,2009,5,44.76217890203163
Takhar,2009,5,68.8454098869451
Wardak,2009,5,29.50222285848278
Zabul,2009,5,7.292701012070735
Khost,2009,6,26.425584659575588
Paktika,2009,6,4.129052091581926
Daykundi,2009,6,0.5983102127018711
Panjsher,2009,6,14.311149218737516
Parwan,2009,6,5.408045221416168
Uruzgan,2009,6,0.7892403257120505
Badakhshan,2009,6,46.308527922381266
Badghis,2009,6,3.838033800012901e-05
Baghlan,2009,6,4.819832658936892
Balkh,2009,6,0.22598191552292943
Bamyan,2009,6,1.9679609525412307
Farah,2009,6,0.010672894171099364
Faryab,2009,6,0.09035699059824949
Ghazni,2009,6,1.7514155298207315
Ghor,2009,6,0.2705959304251315
Hilmand,2009,6,0.006612599433196825
Hirat,2009,6,0.024652556803338995
Jawzjan,2009,6,0.009012724409367665
Kabul,2009,6,4.13759296690254
Kandahar,2009,6,0.024575071202576227
Kapisa,2009,6,4.838269811873699
Kunar,2009,6,18.99335123143473
Kunduz,2009,6,2.102103568719013
Laghman,2009,6,10.902026979019153
Logar,2009,6,4.600985987186225
Nangarhar,2009,6,17.532438419699027
Nimroz,2009,6,3.769229722413827e-05
Nuristan,2009,6,16.203592922302022
Paktya,2009,6,11.17032326850186
Samangan,2009,6,1.745590423332288
Sar-e-Pul,2009,6,0.2659018166221844
Takhar,2009,6,12.641160737319925
Wardak,2009,6,2.8929549102827683
Zabul,2009,6,0.9445310395998695
Khost,2009,7,42.486317614796484
Paktika,2009,7,22.36592618284011
Daykundi,2009,7,0.5854869462403477
Panjsher,2009,7,6.4567492671065825
Parwan,2009,7,1.172568533985514
Uruzgan,2009,7,0.6445864374584874
Badakhshan,2009,7,27.681504778146497
Badghis,2009,7,0
Baghlan,2009,7,2.004160501150134
Balkh,2009,7,0
Bamyan,2009,7,0.03398625697899808
Farah,2009,7,0
Faryab,2009,7,0
Ghazni,2009,7,1.0843985020438467
Ghor,2009,7,0.11479340730477046
Hilmand,2009,7,0.001106813631689355
Hirat,2009,7,0.007554519899209142
Jawzjan,2009,7,0
Kabul,2009,7,1.2231437486023664
Kandahar,2009,7,0.2232012154809175
Kapisa,2009,7,1.053199043165083
Kunar,2009,7,16.519658524696467
Kunduz,2009,7,0.012348471346833104
Laghman,2009,7,2.8202893631428627
Logar,2009,7,4.161129915425483
Nangarhar,2009,7,11.977321259336957
Nimroz,2009,7,0
Nuristan,2009,7,7.410850822220579
Paktya,2009,7,17.55865401698068
Samangan,2009,7,0
Sar-e-Pul,2009,7,0
Takhar,2009,7,7.1993846193441575
Wardak,2009,7,0.2512824824669334
Zabul,2009,7,1.625215746762634
Khost,2009,8,60.9798527038954
Paktika,2009,8,6.559480768515569
Daykundi,2009,8,0.4367752404242076
Panjsher,2009,8,1.1208661420726718
Parwan,2009,8,0.2984969643766709
Uruzgan,2009,8,0.09605956099779006
Badakhshan,2009,8,11.598363557445042
Badghis,2009,8,0
Baghlan,2009,8,0.5273999526454236
Balkh,2009,8,0
Bamyan,2009,8,0.011543958513621834
Farah,2009,8,0
Faryab,2009,8,0
Ghazni,2009,8,0.10932281396296895
Ghor,2009,8,0.05771983688600689
Hilmand,2009,8,0
Hirat,2009,8,0
Jawzjan,2009,8,0
Kabul,2009,8,0.9571648157004597
Kandahar,2009,8,0.001257514456875637
Kapisa,2009,8,0.5335682987425623
Kunar,2009,8,37.590408546358084
Kunduz,2009,8,0
Laghman,2009,8,11.08468024747462
Logar,2009,8,3.2503454617059577
Nangarhar,2009,8,31.17055925615361
Nimroz,2009,8,0
Nuristan,2009,8,8.76486774874377
Paktya,2009,8,17.222401368167212
Samangan,2009,8,0
Sar-e-Pul,2009,8,0
Takhar,2009,8,1.4919033043889802
Wardak,2009,8,0.0015162009116184893
Zabul,2009,8,0.07180671481630542
Khost,2009,9,35.38739969882799
Paktika,2009,9,2.659805072309849
Daykundi,2009,9,0.8365374270780088
Panjsher,2009,9,3.8220888275104112
Parwan,2009,9,3.653448145202265
Uruzgan,2009,9,0.00010213369197630538
Badakhshan,2009,9,3.5073405754110283
Badghis,2009,9,0.054183447038893336
Baghlan,2009,9,0.9479676183099998
Balkh,2009,9,0.15008697066479687
Bamyan,2009,9,1.2024156503059014
Farah,2009,9,0.0036118424536582673
Faryab,2009,9,0.027769302247269503
Ghazni,2009,9,0.5520467452897022
Ghor,2009,9,0.1445700254298103
Hilmand,2009,9,0.01020896208447268
Hirat,2009,9,0.026521080087770255
Jawzjan,2009,9,0.0547725947515468
Kabul,2009,9,3.140623307646323
Kandahar,2009,9,0.005136877122330471
Kapisa,2009,9,5.052020545014835
Kunar,2009,9,42.92779039440892
Kunduz,2009,9,0.05053114849466165
Laghman,2009,9,14.222312506613989
Logar,2009,9,2.2880212065785934
Nangarhar,2009,9,16.93662470045108
Nimroz,2009,9,0.013752788574360719
Nuristan,2009,9,16.91786726358708
Paktya,2009,9,11.261952914469852
Samangan,2009,9,0.4566680575208154
Sar-e-Pul,2009,9,0.34772086675560504
Takhar,2009,9,1.3953197171013358
Wardak,2009,9,0.6551217624982365
Zabul,2009,9,0.217211031371269
Khost,2009,10,5.115123371347802
Paktika,2009,10,0.0213026518731071
Daykundi,2009,10,4.327226333388649
Panjsher,2009,10,18.449070440276667
Parwan,2009,10,11.434072015802915
Uruzgan,2009,10,0.0647257704248026
Badakhshan,2009,10,13.163854855154215
Badghis,2009,10,7.369209476068476
Baghlan,2009,10,13.789407844678214
Balkh,2009,10,2.1347215232655348
Bamyan,2009,10,6.8363709697355
Farah,2009,10,0.7196297609286084
Faryab,2009,10,5.284131074290096
Ghazni,2009,10,1.0780269697551426
Ghor,2009,10,7.173617913016329
Hilmand,2009,10,0.04942521641094016
Hirat,2009,10,3.0933610806878233
Jawzjan,2009,10,2.03983365814549
Kabul,2009,10,6.809806806421795
Kandahar,2009,10,0
Kapisa,2009,10,12.402125707391315
Kunar,2009,10,15.559047038037548
Kunduz,2009,10,3.1290960918264394
Laghman,2009,10,7.842439971156026
Logar,2009,10,3.417249881126834
Nangarhar,2009,10,7.223081594523863
Nimroz,2009,10,0
Nuristan,2009,10,11.764320454322794
Paktya,2009,10,3.1284601746421137
Samangan,2009,10,4.406408539651764
Sar-e-Pul,2009,10,5.740425305072521
Takhar,2009,10,14.355027050159691
Wardak,2009,10,4.855795112154805
Zabul,2009,10,0.031253660370353535
Khost,2009,11,5.8959548046987225
Paktika,2009,11,4.717484557942705
Daykundi,2009,11,15.254698712287006
Panjsher,2009,11,45.66988738522042
Parwan,2009,11,37.70763706710328
Uruzgan,2009,11,9.934465174498012
Badakhshan,2009,11,44.120595000911656
Badghis,2009,11,41.22220449426251
Baghlan,2009,11,51.86237321366278
Balkh,2009,11,25.251783563502524
Bamyan,2009,11,24.23408546708152
Farah,2009,11,7.264670201903395
Faryab,2009,11,40.12692911867591
Ghazni,2009,11,10.473758301702128
Ghor,2009,11,25.048673901055597
Hilmand,2009,11,2.6240504083785265
Hirat,2009,11,23.491029741654234
Jawzjan,2009,11,22.567215987053935
Kabul,2009,11,20.58880716132384
Kandahar,2009,11,3.0790237789226578
Kapisa,2009,11,32.14976630617211
Kunar,2009,11,30.75332350559816
Kunduz,2009,11,42.77028824144164
Laghman,2009,11,22.121917946378307
Logar,2009,11,11.89837103713768
Nangarhar,2009,11,17.131317771744392
Nimroz,2009,11,1.345640605503816
Nuristan,2009,11,24.783483008936596
Paktya,2009,11,9.858604258089642
Samangan,2009,11,40.74983717076051
Sar-e-Pul,2009,11,49.55571966235503
Takhar,2009,11,64.11274554432357
Wardak,2009,11,14.508990416543869
Zabul,2009,11,7.39914420914458
Khost,2009,12,12.61527508576109
Paktika,2009,12,20.433849338103883
Daykundi,2009,12,28.65345223914536
Panjsher,2009,12,28.357519745167274
Parwan,2009,12,33.71349628444681
Uruzgan,2009,12,53.49920956621676
Badakhshan,2009,12,36.191682527581094
Badghis,2009,12,58.270897428810265
Baghlan,2009,12,48.12465883682388
Balkh,2009,12,43.024207104092596
Bamyan,2009,12,30.49839363411803
Farah,2009,12,31.358867210466787
Faryab,2009,12,44.65299906504501
Ghazni,2009,12,22.882282736364573
Ghor,2009,12,44.15057711201105
Hilmand,2009,12,29.916592492171052
Hirat,2009,12,46.91827318582855
Jawzjan,2009,12,35.2322158979708
Kabul,2009,12,25.030810607953367
Kandahar,2009,12,48.10032160916541
Kapisa,2009,12,26.0950832612855
Kunar,2009,12,20.65827190174596
Kunduz,2009,12,58.23891055488705
Laghman,2009,12,16.72348583557043
Logar,2009,12,21.720421561974263
Nangarhar,2009,12,17.563178522905385
Nimroz,2009,12,14.28964108838426
Nuristan,2009,12,18.26980853306261
Paktya,2009,12,22.721787503603412
Samangan,2009,12,48.88179293455184
Sar-e-Pul,2009,12,40.4376803945127
Takhar,2009,12,68.16997812746412
Wardak,2009,12,21.664870980529912
Zabul,2009,12,54.81325134002727
Khost,2010,1,35.70958920974559
Paktika,2010,1,34.413274719393065
Daykundi,2010,1,37.25635065110298
Panjsher,2010,1,42.57061615160889
Parwan,2010,1,40.59957982037399
Uruzgan,2010,1,39.68518174272934
Badakhshan,2010,1,40.94782637485482
Badghis,2010,1,39.50304809227081
Baghlan,2010,1,38.976573243023154
Balkh,2010,1,29.885881405142683
Bamyan,2010,1,27.544805931300413
Farah,2010,1,22.182345786665703
Faryab,2010,1,37.13219818903074
Ghazni,2010,1,31.01238214924064
Ghor,2010,1,36.88368590224471
Hilmand,2010,1,19.34510966639948
Hirat,2010,1,31.558171812450755
Jawzjan,2010,1,35.05494272955735
Kabul,2010,1,40.95201883568734
Kandahar,2010,1,23.357439897179365
Kapisa,2010,1,43.05570934827745
Kunar,2010,1,51.67438800564584
Kunduz,2010,1,31.043049351001105
Laghman,2010,1,31.499786914099687
Logar,2010,1,39.04485554945738
Nangarhar,2010,1,48.23349104611718
Nimroz,2010,1,13.54923679651607
Nuristan,2010,1,35.82303141109388
Paktya,2010,1,42.077783609136944
Samangan,2010,1,27.202941282732393
Sar-e-Pul,2010,1,31.390537106803823
Takhar,2010,1,47.41773243502341
Wardak,2010,1,29.320716204634326
Zabul,2010,1,29.05664915743014
Khost,2010,2,68.1193866745647
Paktika,2010,2,52.97241701309041
Daykundi,2010,2,78.53464605976302
Panjsher,2010,2,101.36407836936621
Parwan,2010,2,116.61975740900407
Uruzgan,2010,2,92.96956469739328
Badakhshan,2010,2,98.55067602309505
Badghis,2010,2,96.7848640875848
Baghlan,2010,2,124.48615335405555
Balkh,2010,2,93.43295943106817
Bamyan,2010,2,73.67671973648694
Farah,2010,2,40.5467642326522
Faryab,2010,2,126.01399360919754
Ghazni,2010,2,66.72588317059495
Ghor,2010,2,84.109868965805
Hilmand,2010,2,37.70935553546638
Hirat,2010,2,66.90564218796919
Jawzjan,2010,2,82.56041308735792
Kabul,2010,2,75.90083438957485
Kandahar,2010,2,53.05916589879078
Kapisa,2010,2,101.61796682480603
Kunar,2010,2,131.00899636453252
Kunduz,2010,2,107.7872453970187
Laghman,2010,2,67.66032427263337
Logar,2010,2,84.88009157986389
Nangarhar,2010,2,83.67931291320033
Nimroz,2010,2,19.964821844577376
Nuristan,2010,2,114.14504049327493
Paktya,2010,2,83.45191506962959
Samangan,2010,2,137.23399167776216
Sar-e-Pul,2010,2,157.41309417827708
Takhar,2010,2,139.33193864071197
Wardak,2010,2,64.30465571950175
Zabul,2010,2,90.0430241244783
Khost,2010,3,34.62168378455897
Paktika,2010,3,28.716097224090493
Daykundi,2010,3,38.69676731801874
Panjsher,2010,3,63.65827999547448
Parwan,2010,3,72.07921445453657
Uruzgan,2010,3,34.83749823809361
Badakhshan,2010,3,52.68467071338676
Badghis,2010,3,84.154392242863
Baghlan,2010,3,86.19867381798694
Balkh,2010,3,47.4197283938085
Bamyan,2010,3,42.40917025166081
Farah,2010,3,21.611203758311973
Faryab,2010,3,90.09593579055957
Ghazni,2010,3,31.387451845475173
Ghor,2010,3,41.80493952616529
Hilmand,2010,3,16.84921119928163
Hirat,2010,3,52.086672718908616
Jawzjan,2010,3,46.1362325139774
Kabul,2010,3,62.734092346090144
Kandahar,2010,3,19.13518253041422
Kapisa,2010,3,59.37586915184352
Kunar,2010,3,42.83759710542939
Kunduz,2010,3,64.30718170604685
Laghman,2010,3,38.398420740923505
Logar,2010,3,60.03540911001245
Nangarhar,2010,3,35.356373318804174
Nimroz,2010,3,9.440043543361012
Nuristan,2010,3,40.55424383110117
Paktya,2010,3,49.55412346046085
Samangan,2010,3,79.38607788032031
Sar-e-Pul,2010,3,85.47698930451259
Takhar,2010,3,94.37919088971472
Wardak,2010,3,44.591895979319496
Zabul,2010,3,24.448167531805332
Khost,2010,4,48.76064780057707
Paktika,2010,4,16.440455999741253
Daykundi,2010,4,37.01725674376477
Panjsher,2010,4,62.28988813436831
Parwan,2010,4,75.23861253355759
Uruzgan,2010,4,18.952062658846277
Badakhshan,2010,4,61.788927662075125
Badghis,2010,4,43.799186933212425
Baghlan,2010,4,75.68649412172606
Balkh,2010,4,34.97155766171484
Bamyan,2010,4,46.97177763055561
Farah,2010,4,11.621725586605693
Faryab,2010,4,49.65011041175377
Ghazni,2010,4,19.822536460545884
Ghor,2010,4,41.03924461590822
Hilmand,2010,4,6.865164235054074
Hirat,2010,4,23.54618397202082
Jawzjan,2010,4,34.63142457674717
Kabul,2010,4,45.92969839283649
Kandahar,2010,4,9.58429553269069
Kapisa,2010,4,57.696080240812634
Kunar,2010,4,71.3214228595586
Kunduz,2010,4,48.79884479066361
Laghman,2010,4,63.71733397790491
Logar,2010,4,32.56684068555762
Nangarhar,2010,4,68.47878980790274
Nimroz,2010,4,2.9856132399058297
Nuristan,2010,4,58.024280729360434
Paktya,2010,4,45.6452314257006
Samangan,2010,4,48.96969906763863
Sar-e-Pul,2010,4,67.00822438747015
Takhar,2010,4,79.76549912357943
Wardak,2010,4,36.040356042288124
Zabul,2010,4,14.252416198070993
Khost,2010,5,43.32239222431088
Paktika,2010,5,17.242211276908243
Daykundi,2010,5,32.117070075999315
Panjsher,2010,5,63.86798017907985
Parwan,2010,5,77.892457239536
Uruzgan,2010,5,14.156726008094626
Badakhshan,2010,5,100.38295490165596
Badghis,2010,5,29.35428450236857
Baghlan,2010,5,66.72144816742416
Balkh,2010,5,28.28427259113723
Bamyan,2010,5,41.611655333408244
Farah,2010,5,6.120614937297523
Faryab,2010,5,38.35134400739941
Ghazni,2010,5,23.347278370058838
Ghor,2010,5,24.211085424166093
Hilmand,2010,5,5.501867844054599
Hirat,2010,5,12.04027888100305
Jawzjan,2010,5,27.631230993457738
Kabul,2010,5,36.882872783060584
Kandahar,2010,5,6.164693073321339
Kapisa,2010,5,51.69212771802012
Kunar,2010,5,59.44557936542077
Kunduz,2010,5,52.061676773604745
Laghman,2010,5,41.37677446052549
Logar,2010,5,36.20969516660413
Nangarhar,2010,5,32.67245902701518
Nimroz,2010,5,2.6679299121425855
Nuristan,2010,5,55.27058401304504
Paktya,2010,5,36.939804152706586
Samangan,2010,5,44.67154569451395
Sar-e-Pul,2010,5,40.37308044936409
Takhar,2010,5,90.30154048509979
Wardak,2010,5,42.08355722664812
Zabul,2010,5,10.309868491412391
Khost,2010,6,22.103224230059915
Paktika,2010,6,2.9831275237332098
Daykundi,2010,6,1.9404966874516838
Panjsher,2010,6,14.925541593604796
Parwan,2010,6,6.530379998430754
Uruzgan,2010,6,0.2608007146413435
Badakhshan,2010,6,44.2803239741884
Badghis,2010,6,0.07082304034211025
Baghlan,2010,6,10.226506590086412
Balkh,2010,6,0.6318131056852171
Bamyan,2010,6,5.043940751076296
Farah,2010,6,0.009009960898583821
Faryab,2010,6,0.0019444416711049987
Ghazni,2010,6,0.5810825234618487
Ghor,2010,6,1.6913735696141297
Hilmand,2010,6,0.00622589109102878
Hirat,2010,6,0.0357960115993771
Jawzjan,2010,6,0.06307581282100445
Kabul,2010,6,4.832003406728149
Kandahar,2010,6,0.018619617701143322
Kapisa,2010,6,5.605359304525938
Kunar,2010,6,27.71368328603685
Kunduz,2010,6,5.8851133032699465
Laghman,2010,6,12.673498066637924
Logar,2010,6,4.561425460202034
Nangarhar,2010,6,20.95452420124175
Nimroz,2010,6,0
Nuristan,2010,6,20.10384664288453
Paktya,2010,6,8.916268599984022
Samangan,2010,6,5.317364247443432
Sar-e-Pul,2010,6,1.8018634841483694
Takhar,2010,6,19.061637122338148
Wardak,2010,6,3.6422197970327517
Zabul,2010,6,0.2648855872177341
Khost,2010,7,113.20913794429262
Paktika,2010,7,43.976592724959936
Daykundi,2010,7,0.6271319109902158
Panjsher,2010,7,14.528660836694895
Parwan,2010,7,3.3960109323021275
Uruzgan,2010,7,0.6755907555463764
Badakhshan,2010,7,37.18232588941508
Badghis,2010,7,0
Baghlan,2010,7,3.097670904272789
Balkh,2010,7,0
Bamyan,2010,7,0.10112313345498619
Farah,2010,7,0
Faryab,2010,7,0
Ghazni,2010,7,7.799738538764123
Ghor,2010,7,0.10136679885300294
Hilmand,2010,7,0
Hirat,2010,7,0.0075545080804937095
Jawzjan,2010,7,0
Kabul,2010,7,7.055274230127523
Kandahar,2010,7,0.9611383430347729
Kapisa,2010,7,6.824659466611476
Kunar,2010,7,55.42372269214963
Kunduz,2010,7,0
Laghman,2010,7,10.88737268375165
Logar,2010,7,14.368048658780541
Nangarhar,2010,7,31.942959193086192
Nimroz,2010,7,0
Nuristan,2010,7,27.728411324455706
Paktya,2010,7,43.22049363801762
Samangan,2010,7,0.011303818187994568
Sar-e-Pul,2010,7,0
Takhar,2010,7,7.9955099602374355
Wardak,2010,7,5.394317937870406
Zabul,2010,7,4.236188692780851
Khost,2010,8,132.32808801487633
Paktika,2010,8,24.893641630720605
Daykundi,2010,8,1.0183893082801578
Panjsher,2010,8,5.371991633201501
Parwan,2010,8,3.145081274349234
Uruzgan,2010,8,0.5128751087404848
Badakhshan,2010,8,16.102601103183144
Badghis,2010,8,0
Baghlan,2010,8,1.5554777725623412
Balkh,2010,8,0
Bamyan,2010,8,0.34332865380135713
Farah,2010,8,0
Faryab,2010,8,0
Ghazni,2010,8,1.7926622889403918
Ghor,2010,8,0.08934687927489711
Hilmand,2010,8,0.04000431745540434
Hirat,2010,8,0
Jawzjan,2010,8,0
Kabul,2010,8,7.570899615222674
Kandahar,2010,8,0.7547028984053218
Kapisa,2010,8,5.727285340201175
Kunar,2010,8,80.77705308751106
Kunduz,2010,8,0.003731106734030161
Laghman,2010,8,16.480472905645524
Logar,2010,8,11.478667616229268
Nangarhar,2010,8,49.43891319304222
Nimroz,2010,8,0
Nuristan,2010,8,28.480445363998815
Paktya,2010,8,43.67542257956072
Samangan,2010,8,0.009102565851986804
Sar-e-Pul,2010,8,0
Takhar,2010,8,2.2995573535416542
Wardak,2010,8,1.3715831907225617
Zabul,2010,8,1.9680889555705925
Khost,2010,9,20.026383919091003
Paktika,2010,9,1.3374161704907201
Daykundi,2010,9,0.3967616772142447
Panjsher,2010,9,8.433347651783802
Parwan,2010,9,2.6450839860481623
Uruzgan,2010,9,0
Badakhshan,2010,9,3.9203541519198764
Badghis,2010,9,0
Baghlan,2010,9,0.7986900940014922
Balkh,2010,9,0
Bamyan,2010,9,0.00018282421955690426
Farah,2010,9,0
Faryab,2010,9,0
Ghazni,2010,9,0.4188444888187048
Ghor,2010,9,0.036523491929458016
Hilmand,2010,9,0
Hirat,2010,9,0
Jawzjan,2010,9,0
Kabul,2010,9,1.3844831393058883
Kandahar,2010,9,0
Kapisa,2010,9,5.8171690000036635
Kunar,2010,9,36.873312396760035
Kunduz,2010,9,0
Laghman,2010,9,16.930795152407786
Logar,2010,9,1.2478118214856113
Nangarhar,2010,9,16.606081833535015
Nimroz,2010,9,0.0029459642252723487
Nuristan,2010,9,14.698228791259695
Paktya,2010,9,7.415686080590192
Samangan,2010,9,0.040252658744229584
Sar-e-Pul,2010,9,0
Takhar,2010,9,1.4044558744839948
Wardak,2010,9,0
Zabul,2010,9,0.22508746892956177
Khost,2010,10,7.172431764174073
Paktika,2010,10,1.018184384851924
Daykundi,2010,10,10.811619252042949
Panjsher,2010,10,9.051778203546872
Parwan,2010,10,5.828813076156047
Uruzgan,2010,10,4.494487595113467
Badakhshan,2010,10,10.55578463888443
Badghis,2010,10,3.6138929564947078
Baghlan,2010,10,7.98261471445577
Balkh,2010,10,3.664224769839158
Bamyan,2010,10,8.495528228185927
Farah,2010,10,1.2959150242306456
Faryab,2010,10,2.3456374923868344
Ghazni,2010,10,2.4634767445822425
Ghor,2010,10,8.684510562604183
Hilmand,2010,10,4.031522966604935
Hirat,2010,10,1.063089757332085
Jawzjan,2010,10,1.3568216440174734
Kabul,2010,10,1.2769341950121325
Kandahar,2010,10,1.6417829650648381
Kapisa,2010,10,3.5602168322178085
Kunar,2010,10,8.233782544569927
Kunduz,2010,10,4.709190318507911
Laghman,2010,10,3.3101015782572007
Logar,2010,10,1.6533348319571892
Nangarhar,2010,10,7.574157361043391
Nimroz,2010,10,1.6774432680254752
Nuristan,2010,10,5.226245483515771
Paktya,2010,10,4.144826088171252
Samangan,2010,10,7.020796587250689
Sar-e-Pul,2010,10,6.4108950853783595
Takhar,2010,10,8.480322752855502
Wardak,2010,10,5.370664565879734
Zabul,2010,10,1.5383579076340193
Khost,2010,11,4.5614784088166935
Paktika,2010,11,0.4209917726323681
Daykundi,2010,11,6.416852380074829
Panjsher,2010,11,15.963336324070513
Parwan,2010,11,9.602554856003
Uruzgan,2010,11,4.926816330270367
Badakhshan,2010,11,7.553876994725916
Badghis,2010,11,11.240739078486296
Baghlan,2010,11,12.974997141884305
Balkh,2010,11,5.461164572545154
Bamyan,2010,11,8.67000855979292
Farah,2010,11,1.5377084906096572
Faryab,2010,11,12.400834076632751
Ghazni,2010,11,5.779550842737682
Ghor,2010,11,8.82347007196704
Hilmand,2010,11,0.30633896753902357
Hirat,2010,11,6.689475751471684
Jawzjan,2010,11,5.243446623634449
Kabul,2010,11,4.963786056997739
Kandahar,2010,11,0.976953360698455
Kapisa,2010,11,9.626691043285545
Kunar,2010,11,14.7682972208214
Kunduz,2010,11,7.298697610001698
Laghman,2010,11,11.974671320888062
Logar,2010,11,3.429804645726245
Nangarhar,2010,11,11.598482470407953
Nimroz,2010,11,0.08301107720369517
Nuristan,2010,11,10.31983494348412
Paktya,2010,11,3.8109642853340584
Samangan,2010,11,14.483813127903261
Sar-e-Pul,2010,11,18.199149946994083
Takhar,2010,11,11.524160144311962
Wardak,2010,11,3.5503922977402387
Zabul,2010,11,3.4082723851296155
Khost,2010,12,8.070378463562673
Paktika,2010,12,7.642539544765563
Daykundi,2010,12,8.081141438395749
Panjsher,2010,12,9.511551305579099
Parwan,2010,12,12.003154456193203
Uruzgan,2010,12,15.74743618312913
Badakhshan,2010,12,5.232636350456714
Badghis,2010,12,19.40528620383202
Baghlan,2010,12,13.234272568247066
Balkh,2010,12,12.01997940294837
Bamyan,2010,12,9.944509866590229
Farah,2010,12,5.25623125614135
Faryab,2010,12,16.7780554898237
Ghazni,2010,12,9.202798148047943
Ghor,2010,12,10.213233437379841
Hilmand,2010,12,9.071581411731723
Hirat,2010,12,11.492107380269054
Jawzjan,2010,12,10.008281242267673
Kabul,2010,12,9.128026858763036
Kandahar,2010,12,10.325044570173498
Kapisa,2010,12,8.399168106083284
Kunar,2010,12,7.457993032925892
Kunduz,2010,12,8.550354068125849
Laghman,2010,12,6.801470657235882
Logar,2010,12,11.895469016799103
Nangarhar,2010,12,12.025144506751058
Nimroz,2010,12,2.0632191702882876
Nuristan,2010,12,5.7003550577110405
Paktya,2010,12,13.902689071404685
Samangan,2010,12,15.298210435611443
Sar-e-Pul,2010,12,16.98272976927406
Takhar,2010,12,11.320041500787609
Wardak,2010,12,6.96561663774402
Zabul,2010,12,13.785751244020028
Khost,2011,1,14.733364820732643
Paktika,2011,1,14.884882298955755
Daykundi,2011,1,16.46750520445927
Panjsher,2011,1,20.25706280386127
Parwan,2011,1,14.908279038290667
Uruzgan,2011,1,20.241180467316045
Badakhshan,2011,1,22.04540846528962
Badghis,2011,1,29.280896335985563
Baghlan,2011,1,23.97936234602773
Balkh,2011,1,25.76253206194863
Bamyan,2011,1,15.147227964398217
Farah,2011,1,19.874132111183368
Faryab,2011,1,30.230795803277008
Ghazni,2011,1,11.823095848563364
Ghor,2011,1,25.94707886572207
Hilmand,2011,1,16.1759687520217
Hirat,2011,1,29.084570722396883
Jawzjan,2011,1,25.31939473028892
Kabul,2011,1,12.960401228499839
Kandahar,2011,1,18.829400282293324
Kapisa,2011,1,17.818487843935344
Kunar,2011,1,23.336667916323915
Kunduz,2011,1,29.386770145927482
Laghman,2011,1,14.885772365043756
Logar,2011,1,13.367138183133182
Nangarhar,2011,1,17.496229899253038
Nimroz,2011,1,16.687865769806045
Nuristan,2011,1,21.151975336948503
Paktya,2011,1,18.500469756499093
Samangan,2011,1,29.92034166318852
Sar-e-Pul,2011,1,24.65121592134984
Takhar,2011,1,35.67779445101349
Wardak,2011,1,11.329281617816722
Zabul,2011,1,15.757195016563138
Khost,2011,2,107.08766688866989
Paktika,2011,2,89.9857807146199
Daykundi,2011,2,63.16171909626465
Panjsher,2011,2,111.22013651990115
Parwan,2011,2,108.54884527155639
Uruzgan,2011,2,90.32624410482798
Badakhshan,2011,2,96.8555459364733
Badghis,2011,2,110.07632210565974
Baghlan,2011,2,104.27946415161895
Balkh,2011,2,63.88011561759072
Bamyan,2011,2,53.16975792495753
Farah,2011,2,59.425750408131414
Faryab,2011,2,96.30596787489951
Ghazni,2011,2,86.44180122691962
Ghor,2011,2,73.39948928281196
Hilmand,2011,2,59.71666358818352
Hirat,2011,2,104.38649959196411
Jawzjan,2011,2,61.51421937366403
Kabul,2011,2,111.47215876520264
Kandahar,2011,2,81.4180229125841
Kapisa,2011,2,118.66861553793113
Kunar,2011,2,113.68598487955272
Kunduz,2011,2,85.3216185501983
Laghman,2011,2,78.03510288942557
Logar,2011,2,132.64420127893928
Nangarhar,2011,2,74.91222066957324
Nimroz,2011,2,36.86979343088478
Nuristan,2011,2,108.23430066525565
Paktya,2011,2,130.36304741352737
Samangan,2011,2,86.35797753341858
Sar-e-Pul,2011,2,87.14788388661106
Takhar,2011,2,121.77617097779823
Wardak,2011,2,67.36971157389637
Zabul,2011,2,116.88443072459638
Khost,2011,3,28.594921096422652
Paktika,2011,3,21.494523524492788
Daykundi,2011,3,35.389086676202275
Panjsher,2011,3,69.83041818821687
Parwan,2011,3,57.67761603903721
Uruzgan,2011,3,44.483251510011705
Badakhshan,2011,3,71.51747842112715
Badghis,2011,3,76.96687661450878
Baghlan,2011,3,71.19387115740797
Balkh,2011,3,36.91657400070469
Bamyan,2011,3,38.26978194596954
Farah,2011,3,19.178391293910977
Faryab,2011,3,67.817059675091
Ghazni,2011,3,25.092034359270116
Ghor,2011,3,39.615614710089105
Hilmand,2011,3,22.3537383006639
Hirat,2011,3,49.16438692098483
Jawzjan,2011,3,28.731990001845528
Kabul,2011,3,46.256768924281644
Kandahar,2011,3,45.44718278966148
Kapisa,2011,3,53.38192453114629
Kunar,2011,3,67.28187495224678
Kunduz,2011,3,59.44693237443721
Laghman,2011,3,48.924924460356955
Logar,2011,3,46.13651285903882
Nangarhar,2011,3,50.42936251657977
Nimroz,2011,3,10.614853299063595
Nuristan,2011,3,58.201487069757135
Paktya,2011,3,42.05489302295143
Samangan,2011,3,67.23610627884845
Sar-e-Pul,2011,3,74.40343959335382
Takhar,2011,3,82.30454249515864
Wardak,2011,3,30.13763143692472
Zabul,2011,3,35.91048174904661
Khost,2011,4,95.43679814515565
Paktika,2011,4,53.532731674317375
Daykundi,2011,4,57.18915936042495
Panjsher,2011,4,55.790709153371495
Parwan,2011,4,64.45299995164169
Uruzgan,2011,4,44.963969907129396
Badakhshan,2011,4,38.09072420477747
Badghis,2011,4,34.31355463946693
Baghlan,2011,4,65.58306768850136
Balkh,2011,4,27.09749579141244
Bamyan,2011,4,66.35701183807258
Farah,2011,4,17.45116216982407
Faryab,2011,4,36.44375878214336
Ghazni,2011,4,73.27748661907228
Ghor,2011,4,42.33826609211961
Hilmand,2011,4,17.323769051746176
Hirat,2011,4,21.156569339583882
Jawzjan,2011,4,23.375673467843193
Kabul,2011,4,58.48937458918504
Kandahar,2011,4,25.389170598115527
Kapisa,2011,4,55.88475298363204
Kunar,2011,4,63.65597392383292
Kunduz,2011,4,33.21066046555662
Laghman,2011,4,60.332107628412054
Logar,2011,4,80.30164373198124
Nangarhar,2011,4,61.655484886016794
Nimroz,2011,4,6.981776886902756
Nuristan,2011,4,51.423095748081955
Paktya,2011,4,95.45493815856634
Samangan,2011,4,51.02590862356315
Sar-e-Pul,2011,4,60.039772675506605
Takhar,2011,4,49.82297178026786
Wardak,2011,4,74.7951425180613
Zabul,2011,4,36.18110950901605
Khost,2011,5,32.74276885695027
Paktika,2011,5,9.110907550510108
Daykundi,2011,5,18.775116163968914
Panjsher,2011,5,23.59776603539292
Parwan,2011,5,29.55947993295502
Uruzgan,2011,5,6.802698905495137
Badakhshan,2011,5,30.5144813739865
Badghis,2011,5,21.568497716151665
Baghlan,2011,5,25.722210331292768
Balkh,2011,5,12.070043675322646
Bamyan,2011,5,24.23422195517095
Farah,2011,5,4.725648816810887
Faryab,2011,5,21.18713902234899
Ghazni,2011,5,13.450501760513438
Ghor,2011,5,17.113922733680393
Hilmand,2011,5,1.589414465074288
Hirat,2011,5,11.077169051985697
Jawzjan,2011,5,14.174505810337479
Kabul,2011,5,13.534102598353824
Kandahar,2011,5,1.547536457465435
Kapisa,2011,5,18.13767211853102
Kunar,2011,5,15.013391604265712
Kunduz,2011,5,17.93829050485841
Laghman,2011,5,11.528541796840459
Logar,2011,5,14.950046006517466
Nangarhar,2011,5,14.877230768506012
Nimroz,2011,5,0.8538237966274408
Nuristan,2011,5,14.615182087130664
Paktya,2011,5,21.615150830925685
Samangan,2011,5,20.02729533030154
Sar-e-Pul,2011,5,20.71789349915297
Takhar,2011,5,28.345497221274623
Wardak,2011,5,21.871199239304943
Zabul,2011,5,3.6316875674588136
Khost,2011,6,30.46418127178165
Paktika,2011,6,2.7195860284634676
Daykundi,2011,6,0.25984629418405314
Panjsher,2011,6,7.563846515886093
Parwan,2011,6,1.9640015359771834
Uruzgan,2011,6,0.0841045968333653
Badakhshan,2011,6,20.425052777736905
Badghis,2011,6,0.053317135896441006
Baghlan,2011,6,2.737619633734593
Balkh,2011,6,0.18138931998807248
Bamyan,2011,6,1.0190322195168307
Farah,2011,6,0
Faryab,2011,6,0.20663122075878884
Ghazni,2011,6,0.24118443475819631
Ghor,2011,6,0.13510775752473456
Hilmand,2011,6,0
Hirat,2011,6,0.019884798524067552
Jawzjan,2011,6,0.38193700723970897
Kabul,2011,6,1.2041909832318671
Kandahar,2011,6,0
Kapisa,2011,6,0.7560532682241102
Kunar,2011,6,8.51121679232417
Kunduz,2011,6,0.32127570327526933
Laghman,2011,6,4.796806277232879
Logar,2011,6,2.38609605774095
Nangarhar,2011,6,10.081705165845543
Nimroz,2011,6,0
Nuristan,2011,6,6.7051691578902295
Paktya,2011,6,10.111969361409324
Samangan,2011,6,0.3854985641202597
Sar-e-Pul,2011,6,0.1893444755237839
Takhar,2011,6,6.582928491197083
Wardak,2011,6,0.784364904429917
Zabul,2011,6,0.07447691161842632
Khost,2011,7,55.783953224798694
Paktika,2011,7,21.195170965915633
Daykundi,2011,7,0.5515871592324953
Panjsher,2011,7,6.426461880474912
Parwan,2011,7,1.2463614460209391
Uruzgan,2011,7,0.6857110549116217
Badakhshan,2011,7,22.76283145318313
Badghis,2011,7,0
Baghlan,2011,7,2.114952520592887
Balkh,2011,7,0
Bamyan,2011,7,0.034890983071115496
Farah,2011,7,0
Faryab,2011,7,0
Ghazni,2011,7,1.1098825261789973
Ghor,2011,7,0.09822539590381954
Hilmand,2011,7,0.02229684766817392
Hirat,2011,7,0.007548437644758874
Jawzjan,2011,7,0
Kabul,2011,7,1.312081966113239
Kandahar,2011,7,0.6968244236338738
Kapisa,2011,7,1.0531619935961276
Kunar,2011,7,21.302571559215735
Kunduz,2011,7,0
Laghman,2011,7,3.1765050495591245
Logar,2011,7,4.144536289852817
Nangarhar,2011,7,13.460232473949175
Nimroz,2011,7,0.008896658613733137
Nuristan,2011,7,8.039201358607698
Paktya,2011,7,19.712558169707265
Samangan,2011,7,0
Sar-e-Pul,2011,7,0
Takhar,2011,7,7.0036284392299395
Wardak,2011,7,0.19903607557343034
Zabul,2011,7,1.574543004345092
Khost,2011,8,93.66731462200971
Paktika,2011,8,14.725156531324508
Daykundi,2011,8,0.43618236487828677
Panjsher,2011,8,2.1480703267262866
Parwan,2011,8,0.2544839663023068
Uruzgan,2011,8,0.09598622683509322
Badakhshan,2011,8,12.12214550092117
Badghis,2011,8,0
Baghlan,2011,8,0.5104860114420358
Balkh,2011,8,0
Bamyan,2011,8,0.011597370991266466
Farah,2011,8,0
Faryab,2011,8,0
Ghazni,2011,8,0.21840121037915408
Ghor,2011,8,0.057456344866991804
Hilmand,2011,8,0.008792082386087838
Hirat,2011,8,0
Jawzjan,2011,8,0
Kabul,2011,8,2.1448031328174477
Kandahar,2011,8,0.13108231731445838
Kapisa,2011,8,1.9837422130837084
Kunar,2011,8,59.27117057539216
Kunduz,2011,8,0
Laghman,2011,8,17.667262720864947
Logar,2011,8,4.985714228531312
Nangarhar,2011,8,38.55268888436
Nimroz,2011,8,0
Nuristan,2011,8,16.40870399354768
Paktya,2011,8,26.37769865763641
Samangan,2011,8,0
Sar-e-Pul,2011,8,0
Takhar,2011,8,1.5607048015647242
Wardak,2011,8,0.00016521068795889512
Zabul,2011,8,0.420686253325072
Khost,2011,9,32.11319205789457
Paktika,2011,9,1.9353037446454213
Daykundi,2011,9,0.39304737211339097
Panjsher,2011,9,4.191566426503969
Parwan,2011,9,2.2759715049179343
Uruzgan,2011,9,0
Badakhshan,2011,9,2.840794284931451
Badghis,2011,9,0
Baghlan,2011,9,0.4170318584332965
Balkh,2011,9,0
Bamyan,2011,9,0.0001774585960633673
Farah,2011,9,0
Faryab,2011,9,0
Ghazni,2011,9,0.4420174002964663
Ghor,2011,9,0.03062123319797301
Hilmand,2011,9,0
Hirat,2011,9,0
Jawzjan,2011,9,0
Kabul,2011,9,0.8607767798167908
Kandahar,2011,9,4.510426903702218e-05
Kapisa,2011,9,4.375276395078717
Kunar,2011,9,35.11959786695231
Kunduz,2011,9,0
Laghman,2011,9,14.716058811760485
Logar,2011,9,1.8140772153883664
Nangarhar,2011,9,16.935142529090953
Nimroz,2011,9,0.005409458332199475
Nuristan,2011,9,13.52895192544404
Paktya,2011,9,10.622797263957427
Samangan,2011,9,0
Sar-e-Pul,2011,9,0
Takhar,2011,9,0.9401788508448073
Wardak,2011,9,0.0003208871156359056
Zabul,2011,9,0.2353765099880972
Khost,2011,10,13.959519533487596
Paktika,2011,10,5.024101567957797
Daykundi,2011,10,12.675049507705895
Panjsher,2011,10,53.99173949386052
Parwan,2011,10,23.367660327709473
Uruzgan,2011,10,8.524042085571617
Badakhshan,2011,10,42.133989804944626
Badghis,2011,10,3.663150835871099
Baghlan,2011,10,28.48577446901215
Balkh,2011,10,2.3143590320182423
Bamyan,2011,10,14.551611620696251
Farah,2011,10,3.43667459529681
Faryab,2011,10,2.9654804090193356
Ghazni,2011,10,9.552860286777161
Ghor,2011,10,9.926714761793852
Hilmand,2011,10,4.634868128939731
Hirat,2011,10,2.673619214974585
Jawzjan,2011,10,3.2966125692443073
Kabul,2011,10,23.186380736450936
Kandahar,2011,10,4.173690833534855
Kapisa,2011,10,36.2378811924576
Kunar,2011,10,46.08878688836942
Kunduz,2011,10,10.797240422490914
Laghman,2011,10,33.916131803249414
Logar,2011,10,15.98059084216234
Nangarhar,2011,10,22.242422599794416
Nimroz,2011,10,2.4332642730051304
Nuristan,2011,10,36.41825270998865
Paktya,2011,10,14.395876160688585
Samangan,2011,10,8.560856983611668
Sar-e-Pul,2011,10,4.594356243869312
Takhar,2011,10,39.45047976980698
Wardak,2011,10,12.847339269830533
Zabul,2011,10,3.9795548842036976
Khost,2011,11,12.326831502464563
Paktika,2011,11,11.475887401761817
Daykundi,2011,11,30.012664583789483
Panjsher,2011,11,47.18839130713383
Parwan,2011,11,38.5776745919767
Uruzgan,2011,11,17.888066105340865
Badakhshan,2011,11,63.49054073089285
Badghis,2011,11,71.89869490935541
Baghlan,2011,11,54.503621265732924
Balkh,2011,11,43.93406858572073
Bamyan,2011,11,37.81746609894435
Farah,2011,11,11.737555295658229
Faryab,2011,11,73.38538127782341
Ghazni,2011,11,23.859678608468393
Ghor,2011,11,48.181294688543964
Hilmand,2011,11,6.534956695166271
Hirat,2011,11,42.65616680811193
Jawzjan,2011,11,49.96963650684517
Kabul,2011,11,28.547538973183276
Kandahar,2011,11,10.905023077039289
Kapisa,2011,11,31.092116537555384
Kunar,2011,11,23.098654524858688
Kunduz,2011,11,59.91461533205103
Laghman,2011,11,18.20882272216827
Logar,2011,11,26.659272673485326
Nangarhar,2011,11,18.919732210838784
Nimroz,2011,11,4.132374523493081
Nuristan,2011,11,21.11886307735963
Paktya,2011,11,20.678904661521468
Samangan,2011,11,48.01656810678455
Sar-e-Pul,2011,11,95.39367869192336
Takhar,2011,11,90.23935132911708
Wardak,2011,11,26.042695290465122
Zabul,2011,11,18.913324024978692
Khost,2011,12,4.07075008311226
Paktika,2011,12,6.165119773065145
Daykundi,2011,12,8.043040965731073
Panjsher,2011,12,9.264854331553265
Parwan,2011,12,13.005970577512327
Uruzgan,2011,12,15.181479602029297
Badakhshan,2011,12,13.679337450815945
Badghis,2011,12,17.780282724176555
Baghlan,2011,12,18.426500773725675
Balkh,2011,12,18.82894029258264
Bamyan,2011,12,10.912816578827998
Farah,2011,12,5.820213583812349
Faryab,2011,12,26.55553920486642
Ghazni,2011,12,8.903245479479194
Ghor,2011,12,9.256241901117246
Hilmand,2011,12,8.440679274406483
Hirat,2011,12,9.413047806993344
Jawzjan,2011,12,17.77613639599332
Kabul,2011,12,9.496028208372115
Kandahar,2011,12,10.21194920194365
Kapisa,2011,12,8.18702153516947
Kunar,2011,12,7.523120027783097
Kunduz,2011,12,20.30232962244905
Laghman,2011,12,6.227367653579468
Logar,2011,12,10.79997978001643
Nangarhar,2011,12,9.024834270126624
Nimroz,2011,12,1.7658198202247473
Nuristan,2011,12,5.484211645667192
Paktya,2011,12,10.574663422539457
Samangan,2011,12,23.747006110967803
Sar-e-Pul,2011,12,27.30950664392052
Takhar,2011,12,27.23027808238238
Wardak,2011,12,7.5169701092635215
Zabul,2011,12,13.1817619648373
Khost,2012,1,34.02649651391628
Paktika,2012,1,29.027430243047515
Daykundi,2012,1,17.335272830691753
Panjsher,2012,1,37.57441351144856
Parwan,2012,1,38.544532289878916
Uruzgan,2012,1,37.98302519476685
Badakhshan,2012,1,33.53083388255943
Badghis,2012,1,43.90148148825972
Baghlan,2012,1,45.64770399506207
Balkh,2012,1,33.52482237726107
Bamyan,2012,1,18.97270880391351
Farah,2012,1,27.002468137740593
Faryab,2012,1,40.57500461351484
Ghazni,2012,1,22.674910219158203
Ghor,2012,1,28.36773686637625
Hilmand,2012,1,33.742582673207366
Hirat,2012,1,38.83079665729512
Jawzjan,2012,1,33.5115967972334
Kabul,2012,1,34.48579242324162
Kandahar,2012,1,39.589695625277066
Kapisa,2012,1,38.55856078380357
Kunar,2012,1,41.42538610454163
Kunduz,2012,1,42.82471356781242
Laghman,2012,1,17.7440632405189
Logar,2012,1,34.16024744747128
Nangarhar,2012,1,28.673053170768426
Nimroz,2012,1,17.84997810612926
Nuristan,2012,1,32.721217226507584
Paktya,2012,1,43.76630343594316
Samangan,2012,1,39.978570025407045
Sar-e-Pul,2012,1,31.17746707946162
Takhar,2012,1,53.530751462635266
Wardak,2012,1,25.010687121167017
Zabul,2012,1,26.946166996977045
Khost,2012,2,61.26797213319721
Paktika,2012,2,43.25404963097461
Daykundi,2012,2,59.49384485217431
Panjsher,2012,2,74.34847246061429
Parwan,2012,2,74.13343890342313
Uruzgan,2012,2,98.12507608924871
Badakhshan,2012,2,58.563559778159394
Badghis,2012,2,72.9677287652818
Baghlan,2012,2,80.73418216933791
Balkh,2012,2,54.34335455309237
Bamyan,2012,2,45.876334617396026
Farah,2012,2,51.88422017500681
Faryab,2012,2,61.89074832811428
Ghazni,2012,2,53.713108519958865
Ghor,2012,2,62.03680391499359
Hilmand,2012,2,48.01109405931715
Hirat,2012,2,64.25432341701803
Jawzjan,2012,2,39.67393421297256
Kabul,2012,2,76.39595420305622
Kandahar,2012,2,57.03034464908644
Kapisa,2012,2,76.78194229285626
Kunar,2012,2,56.20454122636808
Kunduz,2012,2,63.21714417150849
Laghman,2012,2,56.62571878696356
Logar,2012,2,85.04520568821374
Nangarhar,2012,2,56.449061492491865
Nimroz,2012,2,29.819961192866803
Nuristan,2012,2,59.63872827434594
Paktya,2012,2,79.93690380373155
Samangan,2012,2,77.56487695359802
Sar-e-Pul,2012,2,58.99249621142307
Takhar,2012,2,88.65217115403472
Wardak,2012,2,48.06883743856912
Zabul,2012,2,84.97382955387447
Khost,2012,3,45.47024653245534
Paktika,2012,3,24.55105277841361
Daykundi,2012,3,31.824935784314306
Panjsher,2012,3,78.65370811294767
Parwan,2012,3,71.26994063265501
Uruzgan,2012,3,33.500815272655714
Badakhshan,2012,3,75.40401746064062
Badghis,2012,3,65.65524747996692
Baghlan,2012,3,87.67472496643435
Balkh,2012,3,62.00237771114982
Bamyan,2012,3,39.817666067058845
Farah,2012,3,16.43140101679398
Faryab,2012,3,75.02199185324085
Ghazni,2012,3,26.606127374465796
Ghor,2012,3,35.39762598911511
Hilmand,2012,3,14.255916724780539
Hirat,2012,3,29.95926552500658
Jawzjan,2012,3,51.620079409483765
Kabul,2012,3,57.875532260911044
Kandahar,2012,3,18.747026273218623
Kapisa,2012,3,60.671106644758474
Kunar,2012,3,60.13564251039681
Kunduz,2012,3,83.91396708518224
Laghman,2012,3,48.47887944722974
Logar,2012,3,57.51174412244745
Nangarhar,2012,3,47.86722631942117
Nimroz,2012,3,8.565706680048402
Nuristan,2012,3,68.10066788809274
Paktya,2012,3,57.801007931403014
Samangan,2012,3,89.07109674566703
Sar-e-Pul,2012,3,89.89220051072427
Takhar,2012,3,108.7047473740536
Wardak,2012,3,38.29684769768241
Zabul,2012,3,26.309390403616973
Khost,2012,4,88.5972628767189
Paktika,2012,4,50.72020064714649
Daykundi,2012,4,43.58077700190789
Panjsher,2012,4,52.18986624497115
Parwan,2012,4,69.57152509417521
Uruzgan,2012,4,35.47784563062646
Badakhshan,2012,4,35.2252099528182
Badghis,2012,4,50.5555682548425
Baghlan,2012,4,84.81821382216583
Balkh,2012,4,35.033155401425255
Bamyan,2012,4,45.36929327770667
Farah,2012,4,18.503434383968894
Faryab,2012,4,54.47444896085441
Ghazni,2012,4,54.73804171489748
Ghor,2012,4,40.14798874285203
Hilmand,2012,4,10.962685145733724
Hirat,2012,4,34.26374378638679
Jawzjan,2012,4,34.384256818324275
Kabul,2012,4,69.79240237638888
Kandahar,2012,4,17.477011762382276
Kapisa,2012,4,53.15633915533415
Kunar,2012,4,76.81683068905326
Kunduz,2012,4,49.49537413165091
Laghman,2012,4,68.22646412335656
Logar,2012,4,73.9121264636897
Nangarhar,2012,4,83.41296590588382
Nimroz,2012,4,5.949445205216192
Nuristan,2012,4,41.58444408729384
Paktya,2012,4,83.9927324231818
Samangan,2012,4,56.473813585771346
Sar-e-Pul,2012,4,69.59813257853064
Takhar,2012,4,81.64688437163966
Wardak,2012,4,52.52166226694042
Zabul,2012,4,33.21622616088018
Khost,2012,5,37.3189022401487
Paktika,2012,5,12.72212535895613
Daykundi,2012,5,21.688478614574063
Panjsher,2012,5,45.65622450404952
Parwan,2012,5,48.123905952907364
Uruzgan,2012,5,8.715144153951453
Badakhshan,2012,5,68.4068003601366
Badghis,2012,5,27.733549293109395
Baghlan,2012,5,51.51171259588529
Balkh,2012,5,28.829562177151736
Bamyan,2012,5,24.9282336173441
Farah,2012,5,5.4622239735919065
Faryab,2012,5,34.62710732544508
Ghazni,2012,5,15.659804576637875
Ghor,2012,5,22.77943603338263
Hilmand,2012,5,3.1860670943638842
Hirat,2012,5,10.656189346343359
Jawzjan,2012,5,30.6241225645752
Kabul,2012,5,29.477353564376614
Kandahar,2012,5,3.6522944098606556
Kapisa,2012,5,36.0199217520005
Kunar,2012,5,35.95247062323647
Kunduz,2012,5,52.185438712104926
Laghman,2012,5,25.58688260849024
Logar,2012,5,29.920189624481747
Nangarhar,2012,5,21.94070283752649
Nimroz,2012,5,1.1708711579907531
Nuristan,2012,5,28.84535295683554
Paktya,2012,5,31.115783935508066
Samangan,2012,5,37.00139800147208
Sar-e-Pul,2012,5,36.66871423872639
Takhar,2012,5,84.50185679016695
Wardak,2012,5,27.74212685510404
Zabul,2012,5,6.256192967245243
Khost,2012,6,14.663646175897409
Paktika,2012,6,2.116908811052195
Daykundi,2012,6,0.7110240988421128
Panjsher,2012,6,9.27591341635016
Parwan,2012,6,2.1965252356487923
Uruzgan,2012,6,0.102753959000994
Badakhshan,2012,6,28.204695493455716
Badghis,2012,6,0
Baghlan,2012,6,3.080436479886959
Balkh,2012,6,0.00747144475532933
Bamyan,2012,6,0.9119888570047323
Farah,2012,6,0.018048646211042726
Faryab,2012,6,0
Ghazni,2012,6,0.2570193418828165
Ghor,2012,6,0.32262340960181096
Hilmand,2012,6,0.014364907766767935
Hirat,2012,6,0.01419275820235428
Jawzjan,2012,6,0
Kabul,2012,6,0.736252542081816
Kandahar,2012,6,0
Kapisa,2012,6,0.9055336088249261
Kunar,2012,6,9.2650674258928
Kunduz,2012,6,0.1479998161175421
Laghman,2012,6,4.762617699881512
Logar,2012,6,1.678364149092362
Nangarhar,2012,6,7.609744878843603
Nimroz,2012,6,0
Nuristan,2012,6,8.52054622203751
Paktya,2012,6,5.482787634163566
Samangan,2012,6,0.03495119591559611
Sar-e-Pul,2012,6,0.09845034107668077
Takhar,2012,6,10.776391359049601
Wardak,2012,6,1.1332820011128266
Zabul,2012,6,0.07333722465219011
Khost,2012,7,50.798058847059366
Paktika,2012,7,18.731631011385257
Daykundi,2012,7,0.5587471943415442
Panjsher,2012,7,7.975726591547754
Parwan,2012,7,2.115772171879969
Uruzgan,2012,7,0.6888495760885263
Badakhshan,2012,7,25.41235976313242
Badghis,2012,7,0
Baghlan,2012,7,2.2864364521576466
Balkh,2012,7,0
Bamyan,2012,7,0.04054600461673338
Farah,2012,7,0
Faryab,2012,7,0
Ghazni,2012,7,0.9443625845177944
Ghor,2012,7,0.0982368458610035
Hilmand,2012,7,0
Hirat,2012,7,0.007549036851371531
Jawzjan,2012,7,0
Kabul,2012,7,4.487619364866293
Kandahar,2012,7,0.2288090813415948
Kapisa,2012,7,4.439315198897585
Kunar,2012,7,16.622383259519495
Kunduz,2012,7,0
Laghman,2012,7,6.48571907525378
Logar,2012,7,6.644344678029196
Nangarhar,2012,7,12.401282290668853
Nimroz,2012,7,0
Nuristan,2012,7,8.605443257851677
Paktya,2012,7,21.6905215471569
Samangan,2012,7,0.007811260595031362
Sar-e-Pul,2012,7,0
Takhar,2012,7,7.054188181662126
Wardak,2012,7,0.5372310324004566
Zabul,2012,7,1.5277935456161014
Khost,2012,8,70.86737832168987
Paktika,2012,8,9.414806201797168
Daykundi,2012,8,0.3313159340010525
Panjsher,2012,8,0.917379323196737
Parwan,2012,8,0.13481853436804186
Uruzgan,2012,8,0.15302527272964903
Badakhshan,2012,8,11.948535411022792
Badghis,2012,8,0
Baghlan,2012,8,0.4322795204747705
Balkh,2012,8,0
Bamyan,2012,8,0.011614974269283703
Farah,2012,8,0
Faryab,2012,8,0
Ghazni,2012,8,0.10570800471404344
Ghor,2012,8,0.007822482554264007
Hilmand,2012,8,8.468832715406461e-05
Hirat,2012,8,0
Jawzjan,2012,8,0
Kabul,2012,8,1.1406448046094149
Kandahar,2012,8,0.005375323792716339
Kapisa,2012,8,0.5314040277532414
Kunar,2012,8,25.193449595252833
Kunduz,2012,8,0
Laghman,2012,8,4.815199145196167
Logar,2012,8,3.8996539895264903
Nangarhar,2012,8,16.07079590378689
Nimroz,2012,8,0
Nuristan,2012,8,7.568622661342844
Paktya,2012,8,18.629648206662793
Samangan,2012,8,0
Sar-e-Pul,2012,8,0
Takhar,2012,8,1.583552275256284
Wardak,2012,8,0
Zabul,2012,8,0.12238807737827016
Khost,2012,9,41.696668031561295
Paktika,2012,9,3.224575512571648
Daykundi,2012,9,0.41061621697918843
Panjsher,2012,9,14.230022030332977
Parwan,2012,9,7.087594764627936
Uruzgan,2012,9,0
Badakhshan,2012,9,4.5988503216002155
Badghis,2012,9,0
Baghlan,2012,9,3.0170289046996217
Balkh,2012,9,0
Bamyan,2012,9,0.06479358615256989
Farah,2012,9,0
Faryab,2012,9,0
Ghazni,2012,9,0.48400189792593257
Ghor,2012,9,0.038175877386320986
Hilmand,2012,9,0
Hirat,2012,9,0
Jawzjan,2012,9,0
Kabul,2012,9,5.3078090148676225
Kandahar,2012,9,0.10039251753292823
Kapisa,2012,9,11.185421772683847
Kunar,2012,9,43.073890287688954
Kunduz,2012,9,0
Laghman,2012,9,19.109117059697446
Logar,2012,9,3.0953695284764704
Nangarhar,2012,9,22.891084281730176
Nimroz,2012,9,0.005663713746181442
Nuristan,2012,9,18.33020604154228
Paktya,2012,9,13.643348788572611
Samangan,2012,9,0.04213652173141037
Sar-e-Pul,2012,9,0
Takhar,2012,9,2.9079180224075043
Wardak,2012,9,0.3011439914782661
Zabul,2012,9,0.25743167887508067
Khost,2012,10,9.114592197105162
Paktika,2012,10,1.7534127283857177
Daykundi,2012,10,14.174075230480101
Panjsher,2012,10,28.244278061186233
Parwan,2012,10,10.304043519537773
Uruzgan,2012,10,7.906711298898779
Badakhshan,2012,10,25.594005969243437
Badghis,2012,10,11.359461383732407
Baghlan,2012,10,11.85181035667355
Balkh,2012,10,5.100883189514568
Bamyan,2012,10,10.822622187111897
Farah,2012,10,3.4633199786610884
Faryab,2012,10,10.037842755541488
Ghazni,2012,10,10.240398914250585
Ghor,2012,10,10.3322081437649
Hilmand,2012,10,1.4609161093866012
Hirat,2012,10,7.158091469270417
Jawzjan,2012,10,5.220458891109252
Kabul,2012,10,10.334372221010877
Kandahar,2012,10,0.4381357499862551
Kapisa,2012,10,15.88710118660264
Kunar,2012,10,31.608690537459335
Kunduz,2012,10,4.439869487204713
Laghman,2012,10,20.932033694205934
Logar,2012,10,7.946094285865557
Nangarhar,2012,10,15.596202894889151
Nimroz,2012,10,0.3462510923932979
Nuristan,2012,10,31.784099964711324
Paktya,2012,10,6.554431796826471
Samangan,2012,10,8.75837078782489
Sar-e-Pul,2012,10,9.173003455221435
Takhar,2012,10,14.311236197015775
Wardak,2012,10,9.320879639494276
Zabul,2012,10,3.0678648396607056
Khost,2012,11,11.1722380935215
Paktika,2012,11,4.5647755563787396
Daykundi,2012,11,21.937718046616038
Panjsher,2012,11,22.63903713009134
Parwan,2012,11,26.271825192235653
Uruzgan,2012,11,18.279570231430313
Badakhshan,2012,11,30.239132318484724
Badghis,2012,11,31.834450336111004
Baghlan,2012,11,34.48980054821114
Balkh,2012,11,23.489730532828954
Bamyan,2012,11,24.186296067792362
Farah,2012,11,9.376231120427018
Faryab,2012,11,33.9243343294051
Ghazni,2012,11,15.855825559563394
Ghor,2012,11,28.569296896675585
Hilmand,2012,11,5.728123432277273
Hirat,2012,11,18.408013887454764
Jawzjan,2012,11,19.975950684614663
Kabul,2012,11,20.38359143684318
Kandahar,2012,11,5.313885620416697
Kapisa,2012,11,20.01833058524483
Kunar,2012,11,20.02962798301512
Kunduz,2012,11,36.02361071518534
Laghman,2012,11,13.94691128939344
Logar,2012,11,21.117432771446282
Nangarhar,2012,11,12.899946365087471
Nimroz,2012,11,2.043561120199197
Nuristan,2012,11,15.601907366429108
Paktya,2012,11,18.42882948828352
Samangan,2012,11,33.83537300957196
Sar-e-Pul,2012,11,47.1478544040012
Takhar,2012,11,45.96126601773978
Wardak,2012,11,18.910814432160652
Zabul,2012,11,12.63274258846676
Khost,2012,12,33.611818160189415
Paktika,2012,12,34.05329379562568
Daykundi,2012,12,27.944116590275918
Panjsher,2012,12,38.55665827255407
Parwan,2012,12,38.96198483796499
Uruzgan,2012,12,46.442553714304815
Badakhshan,2012,12,44.02331296845711
Badghis,2012,12,56.850389327535815
Baghlan,2012,12,45.51555650931815
Balkh,2012,12,35.37850409063682
Bamyan,2012,12,28.69404830154621
Farah,2012,12,34.5809208389609
Faryab,2012,12,38.31071649954493
Ghazni,2012,12,31.209530442341233
Ghor,2012,12,53.657408680603744
Hilmand,2012,12,23.708204003811698
Hirat,2012,12,60.24983604893605
Jawzjan,2012,12,32.05368718842568
Kabul,2012,12,42.35351220519227
Kandahar,2012,12,35.04611028326281
Kapisa,2012,12,44.45258772871725
Kunar,2012,12,42.13126329329116
Kunduz,2012,12,50.4000881478686
Laghman,2012,12,32.08567536595225
Logar,2012,12,46.363356092293884
Nangarhar,2012,12,34.965153308086755
Nimroz,2012,12,12.160993933539435
Nuristan,2012,12,30.822009541797897
Paktya,2012,12,51.06282439636286
Samangan,2012,12,41.33702647492948
Sar-e-Pul,2012,12,35.59042904716473
Takhar,2012,12,61.006972927612374
Wardak,2012,12,30.021275992951537
Zabul,2012,12,43.43527046666807
Khost,2013,1,18.610578599038778
Paktika,2013,1,19.492131838972075
Daykundi,2013,1,14.776526151674226
Panjsher,2013,1,24.65112298829007
Parwan,2013,1,35.74326419494237
Uruzgan,2013,1,18.767725786032432
Badakhshan,2013,1,21.98842400367523
Badghis,2013,1,32.83330746707714
Baghlan,2013,1,46.64003321737337
Balkh,2013,1,31.021928960132016
Bamyan,2013,1,23.234784931168768
Farah,2013,1,17.000388294843013
Faryab,2013,1,44.285220233071406
Ghazni,2013,1,13.623621481352425
Ghor,2013,1,19.629553247442477
Hilmand,2013,1,15.762802304711546
Hirat,2013,1,27.964780678020084
Jawzjan,2013,1,40.50978053249955
Kabul,2013,1,20.670567031474135
Kandahar,2013,1,17.018361491615575
Kapisa,2013,1,20.442465691672165
Kunar,2013,1,14.93993714627462
Kunduz,2013,1,30.473940509008255
Laghman,2013,1,7.51170516877918
Logar,2013,1,18.1973693476464
Nangarhar,2013,1,16.169889613140967
Nimroz,2013,1,12.33529970064475
Nuristan,2013,1,15.190109790013548
Paktya,2013,1,23.641935362551152
Samangan,2013,1,42.48510558232853
Sar-e-Pul,2013,1,32.60042734566207
Takhar,2013,1,38.47080104829045
Wardak,2013,1,16.126786488005443
Zabul,2013,1,13.89156824054865
Khost,2013,2,156.09840404875274
Paktika,2013,2,119.73294942413672
Daykundi,2013,2,69.11319972493742
Panjsher,2013,2,131.6916771292546
Parwan,2013,2,161.9429608338003
Uruzgan,2013,2,119.82695596802814
Badakhshan,2013,2,59.48176669974392
Badghis,2013,2,58.99576715302366
Baghlan,2013,2,124.69610262667626
Balkh,2013,2,58.078933340630265
Bamyan,2013,2,71.37302255815305
Farah,2013,2,32.383290063438686
Faryab,2013,2,61.90821747895024
Ghazni,2013,2,106.1299393374864
Ghor,2013,2,49.079828741778506
Hilmand,2013,2,39.8753756184469
Hirat,2013,2,55.0390255528546
Jawzjan,2013,2,36.79307894672392
Kabul,2013,2,154.04356850202245
Kandahar,2013,2,87.38143715216347
Kapisa,2013,2,156.15101270820452
Kunar,2013,2,127.54182134408539
Kunduz,2013,2,76.74106617686996
Laghman,2013,2,114.3213129259103
Logar,2013,2,190.98805094595562
Nangarhar,2013,2,130.63432777887348
Nimroz,2013,2,14.327957278519909
Nuristan,2013,2,107.04512658968237
Paktya,2013,2,191.85000323836516
Samangan,2013,2,102.80205584131242
Sar-e-Pul,2013,2,71.97325324341753
Takhar,2013,2,98.77332275672366
Wardak,2013,2,103.45617669757532
Zabul,2013,2,160.99430779882698
Khost,2013,3,116.69280479665615
Paktika,2013,3,54.51366177125676
Daykundi,2013,3,46.3339433065258
Panjsher,2013,3,165.73264341207963
Parwan,2013,3,168.6856482542268
Uruzgan,2013,3,76.72316721842489
Badakhshan,2013,3,65.2846861735998
Badghis,2013,3,76.90978259805699
Baghlan,2013,3,162.95652528034148
Balkh,2013,3,53.36693251555221
Bamyan,2013,3,53.848608441616115
Farah,2013,3,30.150402172992298
Faryab,2013,3,71.92912115575727
Ghazni,2013,3,49.10783010135007
Ghor,2013,3,42.37864808097018
Hilmand,2013,3,31.854512685830006
Hirat,2013,3,54.641073098424755
Jawzjan,2013,3,41.363917723842356
Kabul,2013,3,132.45901103442606
Kandahar,2013,3,60.089409254193
Kapisa,2013,3,155.0361125717379
Kunar,2013,3,165.03555911525152
Kunduz,2013,3,70.7704814259085
Laghman,2013,3,141.6742559258332
Logar,2013,3,104.4627350373855
Nangarhar,2013,3,153.97143405990238
Nimroz,2013,3,13.96073791508311
Nuristan,2013,3,111.17403015689366
Paktya,2013,3,120.02031319379414
Samangan,2013,3,96.5148750383238
Sar-e-Pul,2013,3,94.45487275473187
Takhar,2013,3,100.00177708926014
Wardak,2013,3,69.59773055309881
Zabul,2013,3,63.359277964295515
Khost,2013,4,92.01048805235217
Paktika,2013,4,36.39284787575171
Daykundi,2013,4,71.34609894808186
Panjsher,2013,4,72.77598986209892
Parwan,2013,4,133.33808590035355
Uruzgan,2013,4,45.22166443868754
Badakhshan,2013,4,42.748633339870814
Badghis,2013,4,40.066940411692464
Baghlan,2013,4,101.09088573775914
Balkh,2013,4,50.869502409042795
Bamyan,2013,4,78.16929231144165
Farah,2013,4,14.697798252605253
Faryab,2013,4,56.78552580389154
Ghazni,2013,4,49.49653071900994
Ghor,2013,4,50.7248707245337
Hilmand,2013,4,11.731066020013824
Hirat,2013,4,23.843472355662016
Jawzjan,2013,4,43.92847196810286
Kabul,2013,4,69.10263858428999
Kandahar,2013,4,18.017430135211317
Kapisa,2013,4,79.30848968841788
Kunar,2013,4,87.87867056929123
Kunduz,2013,4,66.80149430616561
Laghman,2013,4,74.60841957722573
Logar,2013,4,67.28615094636211
Nangarhar,2013,4,94.76867705651648
Nimroz,2013,4,5.693976014850029
Nuristan,2013,4,61.23245017423141
Paktya,2013,4,86.7748909217994
Samangan,2013,4,76.09530262879069
Sar-e-Pul,2013,4,82.63519559299688
Takhar,2013,4,60.94012480192873
Wardak,2013,4,69.14088913703729
Zabul,2013,4,33.98948406961041
Khost,2013,5,20.02711395333896
Paktika,2013,5,9.089038982245318
Daykundi,2013,5,14.393885253193888
Panjsher,2013,5,16.191366240480217
Parwan,2013,5,22.001922060133385
Uruzgan,2013,5,8.037705578549815
Badakhshan,2013,5,21.639527330601005
Badghis,2013,5,5.113851522946316
Baghlan,2013,5,11.440853706813929
Balkh,2013,5,2.749036583370871
Bamyan,2013,5,13.498607451267025
Farah,2013,5,1.5076561150155594
Faryab,2013,5,4.774750638022994
Ghazni,2013,5,12.98958192539357
Ghor,2013,5,9.152108024946328
Hilmand,2013,5,1.4731326224660841
Hirat,2013,5,1.4624060730193047
Jawzjan,2013,5,0.6035059586316252
Kabul,2013,5,9.568238264998302
Kandahar,2013,5,1.3022586206042803
Kapisa,2013,5,13.209489762534293
Kunar,2013,5,15.852960610994213
Kunduz,2013,5,6.554915050784233
Laghman,2013,5,10.309143571346562
Logar,2013,5,13.464793033737172
Nangarhar,2013,5,10.058922917756258
Nimroz,2013,5,0.17125817367815088
Nuristan,2013,5,12.896092235686087
Paktya,2013,5,19.068967035090303
Samangan,2013,5,8.087255322867266
Sar-e-Pul,2013,5,7.842916797507244
Takhar,2013,5,13.693000383487623
Wardak,2013,5,13.620238818837475
Zabul,2013,5,7.134126145249866
Khost,2013,6,21.464053120829398
Paktika,2013,6,6.843482958169259
Daykundi,2013,6,0.2152598911544837
Panjsher,2013,6,9.540839023327328
Parwan,2013,6,1.7282969675992126
Uruzgan,2013,6,0.11100294295811308
Badakhshan,2013,6,24.686487716335904
Badghis,2013,6,0
Baghlan,2013,6,2.220172774721586
Balkh,2013,6,0.27404679922502134
Bamyan,2013,6,0.16318798662620454
Farah,2013,6,0
Faryab,2013,6,0.0641236303605538
Ghazni,2013,6,0.4524381264548538
Ghor,2013,6,0.01256811392333359
Hilmand,2013,6,0
Hirat,2013,6,0.0208355080684872
Jawzjan,2013,6,0.1470177877437444
Kabul,2013,6,0.7506527975268631
Kandahar,2013,6,0
Kapisa,2013,6,1.207603975197656
Kunar,2013,6,17.39622606653568
Kunduz,2013,6,0.06652762701248366
Laghman,2013,6,7.6322706658031905
Logar,2013,6,1.9780575496526005
Nangarhar,2013,6,10.797879276450812
Nimroz,2013,6,0.0027273522607516526
Nuristan,2013,6,12.460892893943496
Paktya,2013,6,8.576641138179166
Samangan,2013,6,0.021639033590985
Sar-e-Pul,2013,6,0.0028069090087879263
Takhar,2013,6,6.219958281255541
Wardak,2013,6,0.5884322350349763
Zabul,2013,6,0.10835990944376067
Khost,2013,7,44.44231124386757
Paktika,2013,7,21.352086704658596
Daykundi,2013,7,0.7032067858769637
Panjsher,2013,7,10.109171403595674
Parwan,2013,7,1.7864951776532336
Uruzgan,2013,7,0.8773981927105975
Badakhshan,2013,7,24.437719380790416
Badghis,2013,7,0
Baghlan,2013,7,2.1040259771779053
Balkh,2013,7,0
Bamyan,2013,7,0.08661247701784142
Farah,2013,7,0
Faryab,2013,7,0
Ghazni,2013,7,4.727033398308642
Ghor,2013,7,0.11106017916885509
Hilmand,2013,7,0.00240168291571851
Hirat,2013,7,0.008130250362400252
Jawzjan,2013,7,0
Kabul,2013,7,4.2068026906348415
Kandahar,2013,7,2.779594657316449
Kapisa,2013,7,2.873797650531553
Kunar,2013,7,32.82584310082682
Kunduz,2013,7,0
Laghman,2013,7,8.968007019650084
Logar,2013,7,8.66103788893517
Nangarhar,2013,7,17.119976189593817
Nimroz,2013,7,0.023907823458330278
Nuristan,2013,7,17.65094125710021
Paktya,2013,7,21.8392724190468
Samangan,2013,7,0.011412127344470708
Sar-e-Pul,2013,7,0
Takhar,2013,7,7.326026200751899
Wardak,2013,7,2.7339435546635054
Zabul,2013,7,5.102005150775645
Khost,2013,8,124.6999993593578
Paktika,2013,8,29.109272313706768
Daykundi,2013,8,0.5743487947562345
Panjsher,2013,8,2.6910385032893758
Parwan,2013,8,0.5439131401395264
Uruzgan,2013,8,0.13491489605778814
Badakhshan,2013,8,11.471375164622822
Badghis,2013,8,0
Baghlan,2013,8,0.6160817904237357
Balkh,2013,8,0.0004918968670278341
Bamyan,2013,8,0.029184168745975205
Farah,2013,8,0
Faryab,2013,8,0
Ghazni,2013,8,1.8547830317515042
Ghor,2013,8,0.04776891676359023
Hilmand,2013,8,0.21302149394288053
Hirat,2013,8,0.003830662737598233
Jawzjan,2013,8,3.821385032795646e-05
Kabul,2013,8,3.913465549808959
Kandahar,2013,8,1.1057390816756347
Kapisa,2013,8,3.8268027023291955
Kunar,2013,8,52.15278440341244
Kunduz,2013,8,0
Laghman,2013,8,14.48047079119503
Logar,2013,8,6.834643221635086
Nangarhar,2013,8,35.86731219436728
Nimroz,2013,8,0.0843837709812982
Nuristan,2013,8,14.459497930380538
Paktya,2013,8,32.351140791107866
Samangan,2013,8,0
Sar-e-Pul,2013,8,0
Takhar,2013,8,1.6251913158273037
Wardak,2013,8,0.2486598533356262
Zabul,2013,8,2.5325234688604152
Khost,2013,9,33.67968071387361
Paktika,2013,9,2.424640157023058
Daykundi,2013,9,1.7240660519690587
Panjsher,2013,9,3.392314269455107
Parwan,2013,9,2.496058506028428
Uruzgan,2013,9,0
Badakhshan,2013,9,2.7606537037829364
Badghis,2013,9,0
Baghlan,2013,9,0.6165736218570452
Balkh,2013,9,0
Bamyan,2013,9,0.086812770929379
Farah,2013,9,0
Faryab,2013,9,0
Ghazni,2013,9,0.7395520462330717
Ghor,2013,9,0.05414102014041868
Hilmand,2013,9,0.002845001225961584
Hirat,2013,9,0.006345759783996754
Jawzjan,2013,9,0
Kabul,2013,9,0.6195832041514537
Kandahar,2013,9,0.02685847609257731
Kapisa,2013,9,3.5061853897804074
Kunar,2013,9,28.899374984609672
Kunduz,2013,9,0
Laghman,2013,9,12.073925911813415
Logar,2013,9,1.5676626558039404
Nangarhar,2013,9,15.18691484432602
Nimroz,2013,9,0.007367775467293952
Nuristan,2013,9,9.360856088907315
Paktya,2013,9,10.585155487799318
Samangan,2013,9,0.057133862116925796
Sar-e-Pul,2013,9,0
Takhar,2013,9,1.3184165043884812
Wardak,2013,9,0.0003090533423983326
Zabul,2013,9,0.43642360630553256
Khost,2013,10,11.054069552346197
Paktika,2013,10,0.6837171367236619
Daykundi,2013,10,8.329304440968716
Panjsher,2013,10,21.116377204463095
Parwan,2013,10,11.25427186236956
Uruzgan,2013,10,1.5057378099665757
Badakhshan,2013,10,12.296818194195298
Badghis,2013,10,7.633048595572104
Baghlan,2013,10,15.439056143415343
Balkh,2013,10,6.902357156474962
Bamyan,2013,10,7.614565060501268
Farah,2013,10,0.06309486182974396
Faryab,2013,10,6.158469789935781
Ghazni,2013,10,1.4369095727347883
Ghor,2013,10,7.916141536503261
Hilmand,2013,10,0.49838441317773935
Hirat,2013,10,1.5252109563000866
Jawzjan,2013,10,5.106876931311662
Kabul,2013,10,7.03500776976382
Kandahar,2013,10,0.13880416567462053
Kapisa,2013,10,11.907265028264352
Kunar,2013,10,22.12618376444818
Kunduz,2013,10,6.590074076962908
Laghman,2013,10,11.683962697707324
Logar,2013,10,5.945933648904014
Nangarhar,2013,10,13.28641843263731
Nimroz,2013,10,0
Nuristan,2013,10,13.610855109422888
Paktya,2013,10,8.306651159012569
Samangan,2013,10,12.074300633870918
Sar-e-Pul,2013,10,7.669438304885154
Takhar,2013,10,13.482676390702451
Wardak,2013,10,4.084384538987224
Zabul,2013,10,0.5777023969961067
Khost,2013,11,33.59944599751287
Paktika,2013,11,17.307002227796477
Daykundi,2013,11,31.541894641865145
Panjsher,2013,11,51.04942927343983
Parwan,2013,11,50.34038858902335
Uruzgan,2013,11,31.086347546167282
Badakhshan,2013,11,13.742191257627457
Badghis,2013,11,20.758898787794617
Baghlan,2013,11,48.97757388379724
Balkh,2013,11,8.583583491793616
Bamyan,2013,11,24.79817030248122
Farah,2013,11,11.128904289505115
Faryab,2013,11,18.629863508250704
Ghazni,2013,11,30.295820835822624
Ghor,2013,11,24.543494051031992
Hilmand,2013,11,11.012749631179314
Hirat,2013,11,19.579449084756355
Jawzjan,2013,11,8.75492341218965
Kabul,2013,11,37.11909026348849
Kandahar,2013,11,16.48651177780429
Kapisa,2013,11,39.39097007510304
Kunar,2013,11,57.50123456036597
Kunduz,2013,11,11.573894406269089
Laghman,2013,11,37.6825244295238
Logar,2013,11,34.88508802628184
Nangarhar,2013,11,40.99729790926066
Nimroz,2013,11,4.586646867208332
Nuristan,2013,11,35.26344093648042
Paktya,2013,11,34.813712230813636
Samangan,2013,11,19.80392007869835
Sar-e-Pul,2013,11,24.187157164597895
Takhar,2013,11,23.838589133802056
Wardak,2013,11,29.481400912865496
Zabul,2013,11,25.007264507044788
Khost,2013,12,9.09191356846826
Paktika,2013,12,8.651431412055555
Daykundi,2013,12,16.00239214210591
Panjsher,2013,12,33.338866413096646
Parwan,2013,12,34.827722729476406
Uruzgan,2013,12,23.708375187480193
Badakhshan,2013,12,36.39352598639865
Badghis,2013,12,35.38320829686871
Baghlan,2013,12,42.473758944546006
Balkh,2013,12,36.409202598079
Bamyan,2013,12,27.869973610243072
Farah,2013,12,7.9790237045164165
Faryab,2013,12,43.4551999779495
Ghazni,2013,12,12.580151339222349
Ghor,2013,12,20.798147071756826
Hilmand,2013,12,12.472358271748476
Hirat,2013,12,17.887076792831344
Jawzjan,2013,12,30.995845772266993
Kabul,2013,12,21.563805909810462
Kandahar,2013,12,14.959617400071213
Kapisa,2013,12,29.37976985138752
Kunar,2013,12,27.039817209352183
Kunduz,2013,12,47.028851962850176
Laghman,2013,12,17.79699144728432
Logar,2013,12,17.50976882520967
Nangarhar,2013,12,13.180749783649654
Nimroz,2013,12,3.9321372477511694
Nuristan,2013,12,28.04558418400345
Paktya,2013,12,17.381953053526843
Samangan,2013,12,43.69519659392096
Sar-e-Pul,2013,12,44.30286776494638
Takhar,2013,12,55.70228719206762
Wardak,2013,12,14.949712351386626
Zabul,2013,12,18.65306185194331
Khost,2014,1,16.03382197155462
Paktika,2014,1,14.54779853437738
Daykundi,2014,1,21.65919605770353
Panjsher,2014,1,21.24174845472889
Parwan,2014,1,33.499517065895404
Uruzgan,2014,1,26.353454459488123
Badakhshan,2014,1,11.81760969726341
Badghis,2014,1,28.912509897904506
Baghlan,2014,1,32.34978282826861
Balkh,2014,1,23.681909520778913
Bamyan,2014,1,25.556615383464653
Farah,2014,1,35.82501270161343
Faryab,2014,1,32.824971889516604
Ghazni,2014,1,16.389688434664215
Ghor,2014,1,31.635357540354352
Hilmand,2014,1,34.841101003842034
Hirat,2014,1,33.63389286661264
Jawzjan,2014,1,30.967386305403647
Kabul,2014,1,20.92755102645599
Kandahar,2014,1,30.53943858659811
Kapisa,2014,1,22.48396917702433
Kunar,2014,1,17.322171278925136
Kunduz,2014,1,19.080986655256858
Laghman,2014,1,9.881700098623798
Logar,2014,1,18.444737245270314
Nangarhar,2014,1,14.378161519442154
Nimroz,2014,1,31.0902215490326
Nuristan,2014,1,13.87506672141826
Paktya,2014,1,20.40110107785279
Samangan,2014,1,31.999405240673557
Sar-e-Pul,2014,1,29.027982936122008
Takhar,2014,1,20.475914261534445
Wardak,2014,1,21.3485534085154
Zabul,2014,1,15.605427986214826
Khost,2014,2,46.35926888853535
Paktika,2014,2,32.36026788859811
Daykundi,2014,2,57.666956876438526
Panjsher,2014,2,55.755636867548546
Parwan,2014,2,71.84010790674236
Uruzgan,2014,2,60.04212426148257
Badakhshan,2014,2,34.64451492824317
Badghis,2014,2,38.13359384493308
Baghlan,2014,2,65.11915826361438
Balkh,2014,2,43.0551822896131
Bamyan,2014,2,61.02285504715077
Farah,2014,2,18.17754981621423
Faryab,2014,2,51.59352473006031
Ghazni,2014,2,32.689741277022215
Ghor,2014,2,44.362555432421715
Hilmand,2014,2,23.212492588269647
Hirat,2014,2,29.475734060300763
Jawzjan,2014,2,34.561552709445046
Kabul,2014,2,54.43819115287243
Kandahar,2014,2,29.743695535743328
Kapisa,2014,2,48.87991162545686
Kunar,2014,2,45.5663233859424
Kunduz,2014,2,45.720122460458725
Laghman,2014,2,30.44747866295577
Logar,2014,2,66.35337855679978
Nangarhar,2014,2,44.93095118112059
Nimroz,2014,2,12.690706399242261
Nuristan,2014,2,40.5986446247797
Paktya,2014,2,57.88819640613073
Samangan,2014,2,74.82093961466747
Sar-e-Pul,2014,2,57.848569846234135
Takhar,2014,2,58.67887657497806
Wardak,2014,2,45.46357377534966
Zabul,2014,2,44.15859762862704
Khost,2014,3,101.84632795045724
Paktika,2014,3,62.58395589982521
Daykundi,2014,3,87.19349269419065
Panjsher,2014,3,138.21502854111662
Parwan,2014,3,166.72412385383984
Uruzgan,2014,3,105.34143166433856
Badakhshan,2014,3,79.07976214871553
Badghis,2014,3,103.29000680790872
Baghlan,2014,3,150.64151050286173
Balkh,2014,3,70.73756438047239
Bamyan,2014,3,88.40491450026659
Farah,2014,3,41.61188374299441
Faryab,2014,3,108.11673744811159
Ghazni,2014,3,77.88021516075064
Ghor,2014,3,70.11215286999149
Hilmand,2014,3,40.14042283725948
Hirat,2014,3,74.72919004013744
Jawzjan,2014,3,58.63279723962951
Kabul,2014,3,156.81365129380694
Kandahar,2014,3,52.98969585322823
Kapisa,2014,3,139.46642070420302
Kunar,2014,3,175.5647256852895
Kunduz,2014,3,115.1358318419905
Laghman,2014,3,140.01467463947316
Logar,2014,3,155.23657292734842
Nangarhar,2014,3,142.3697471989633
Nimroz,2014,3,23.586161854013255
Nuristan,2014,3,128.0533816813978
Paktya,2014,3,132.40765039065553
Samangan,2014,3,125.6367664975004
Sar-e-Pul,2014,3,127.44130901617318
Takhar,2014,3,154.68007704616687
Wardak,2014,3,115.58001515638075
Zabul,2014,3,70.37759934435287
Khost,2014,4,109.65996540906285
Paktika,2014,4,47.637052389148636
Daykundi,2014,4,72.34170841184267
Panjsher,2014,4,99.2363577704165
Parwan,2014,4,135.58766857823568
Uruzgan,2014,4,50.798781884617185
Badakhshan,2014,4,83.27366827300004
Badghis,2014,4,48.70463326823541
Baghlan,2014,4,116.83443239464202
Balkh,2014,4,29.56178643243439
Bamyan,2014,4,65.37652288551132
Farah,2014,4,16.98943440251416
Faryab,2014,4,43.917250029788455
Ghazni,2014,4,55.823037349496715
Ghor,2014,4,48.80869127315756
Hilmand,2014,4,12.791344401192159
Hirat,2014,4,33.01360247557948
Jawzjan,2014,4,25.118443057899366
Kabul,2014,4,81.27264116517516
Kandahar,2014,4,16.525464678857418
Kapisa,2014,4,94.92132315854181
Kunar,2014,4,58.328790805205415
Kunduz,2014,4,66.1704085383472
Laghman,2014,4,90.0227842269608
Logar,2014,4,94.15294257906449
Nangarhar,2014,4,80.12448419386037
Nimroz,2014,4,4.515229137032546
Nuristan,2014,4,67.6949551165801
Paktya,2014,4,112.99330166048634
Samangan,2014,4,59.169960522693984
Sar-e-Pul,2014,4,64.52233396251289
Takhar,2014,4,129.375636582352
Wardak,2014,4,62.25649946120816
Zabul,2014,4,37.73610242917519
Khost,2014,5,74.83923666148806
Paktika,2014,5,29.339595511700818
Daykundi,2014,5,36.79269110916682
Panjsher,2014,5,60.325391422548854
Parwan,2014,5,84.28689949396647
Uruzgan,2014,5,19.664405836591268
Badakhshan,2014,5,69.55076221921438
Badghis,2014,5,30.64770454754286
Baghlan,2014,5,44.526344273217035
Balkh,2014,5,14.748723870351533
Bamyan,2014,5,33.31567869354633
Farah,2014,5,8.956213095323891
Faryab,2014,5,25.41729525566452
Ghazni,2014,5,28.848037722812702
Ghor,2014,5,31.573890020797112
Hilmand,2014,5,7.532038065060031
Hirat,2014,5,16.5064146424358
Jawzjan,2014,5,12.037537801457074
Kabul,2014,5,47.174438538007756
Kandahar,2014,5,8.484608839413257
Kapisa,2014,5,57.642144793714195
Kunar,2014,5,56.79111611246883
Kunduz,2014,5,22.364368615455408
Laghman,2014,5,47.07526909881418
Logar,2014,5,47.02572110160245
Nangarhar,2014,5,40.822896205265394
Nimroz,2014,5,2.2612774685832298
Nuristan,2014,5,36.88697267910169
Paktya,2014,5,58.69205974405624
Samangan,2014,5,28.18699806432688
Sar-e-Pul,2014,5,24.258462895724563
Takhar,2014,5,43.75675383609914
Wardak,2014,5,47.16828029419426
Zabul,2014,5,16.563497242880036
Khost,2014,6,18.36055898665927
Paktika,2014,6,3.0570782507980043
Daykundi,2014,6,0.77938372828727
Panjsher,2014,6,12.139511888020056
Parwan,2014,6,5.07119794133175
Uruzgan,2014,6,0.18692159532126046
Badakhshan,2014,6,31.305118980121378
Badghis,2014,6,0.5271689500004486
Baghlan,2014,6,5.633746024393222
Balkh,2014,6,1.9347622148213666
Bamyan,2014,6,3.292844363456186
Farah,2014,6,0.03314715167196986
Faryab,2014,6,1.245436777894957
Ghazni,2014,6,0.18020496174224385
Ghor,2014,6,1.0049013225111254
Hilmand,2014,6,0.034392047600549626
Hirat,2014,6,0.170970994753197
Jawzjan,2014,6,0.7026702156890425
Kabul,2014,6,3.235144990996896
Kandahar,2014,6,0.00010731385834872986
Kapisa,2014,6,3.4433276730251414
Kunar,2014,6,12.046310132544564
Kunduz,2014,6,1.4087462214455833
Laghman,2014,6,9.34842247881252
Logar,2014,6,2.566852368303142
Nangarhar,2014,6,10.388415479051343
Nimroz,2014,6,0.0018623754330653439
Nuristan,2014,6,11.165823808656787
Paktya,2014,6,7.489631733939264
Samangan,2014,6,4.253710428995471
Sar-e-Pul,2014,6,3.4557358495695825
Takhar,2014,6,11.136179685966757
Wardak,2014,6,1.4007031104582839
Zabul,2014,6,0.08871423280150245
Khost,2014,7,43.22895952897306
Paktika,2014,7,18.720041716922825
Daykundi,2014,7,0.6095150726477275
Panjsher,2014,7,9.111823238912987
Parwan,2014,7,1.7378834215088368
Uruzgan,2014,7,0.7005086060370065
Badakhshan,2014,7,24.338822580955014
Badghis,2014,7,0
Baghlan,2014,7,2.3137159790530255
Balkh,2014,7,0
Bamyan,2014,7,0.05863573115530979
Farah,2014,7,0
Faryab,2014,7,0
Ghazni,2014,7,2.364183470587479
Ghor,2014,7,0.10225329997183492
Hilmand,2014,7,0
Hirat,2014,7,0.00813026129979656
Jawzjan,2014,7,0
Kabul,2014,7,3.138995566701618
Kandahar,2014,7,0.30186526200914116
Kapisa,2014,7,1.9102266408669952
Kunar,2014,7,20.293021154929725
Kunduz,2014,7,0
Laghman,2014,7,3.8596350983497496
Logar,2014,7,7.13553253506837
Nangarhar,2014,7,14.326255835392068
Nimroz,2014,7,0.0037057418319563886
Nuristan,2014,7,9.748952754562403
Paktya,2014,7,19.871185125556963
Samangan,2014,7,0.011677537744193627
Sar-e-Pul,2014,7,0
Takhar,2014,7,7.387806102982254
Wardak,2014,7,1.653817766059213
Zabul,2014,7,2.2172207894180773
Khost,2014,8,33.43616887006455
Paktika,2014,8,6.940754599812076
Daykundi,2014,8,0.5545185200070446
Panjsher,2014,8,1.1663135838528975
Parwan,2014,8,0.10971916452185684
Uruzgan,2014,8,0.09057529633111464
Badakhshan,2014,8,13.87036786774645
Badghis,2014,8,0
Baghlan,2014,8,0.4253375859904548
Balkh,2014,8,0
Bamyan,2014,8,0.013054925303564665
Farah,2014,8,0
Faryab,2014,8,0
Ghazni,2014,8,0.053695798623065345
Ghor,2014,8,0.047768916029960924
Hilmand,2014,8,0
Hirat,2014,8,0.003819237733132848
Jawzjan,2014,8,0
Kabul,2014,8,0.4079607777979603
Kandahar,2014,8,0.0014358892147090746
Kapisa,2014,8,0.023108676876772836
Kunar,2014,8,23.85922159572034
Kunduz,2014,8,0
Laghman,2014,8,2.740355781761063
Logar,2014,8,2.416912546363017
Nangarhar,2014,8,13.348097243782425
Nimroz,2014,8,0
Nuristan,2014,8,8.696410391259024
Paktya,2014,8,12.245670213572465
Samangan,2014,8,0
Sar-e-Pul,2014,8,0
Takhar,2014,8,1.8188047867327828
Wardak,2014,8,0
Zabul,2014,8,0.06272613836502192
Khost,2014,9,33.885960724018894
Paktika,2014,9,3.6613265935323986
Daykundi,2014,9,0.5006842043309055
Panjsher,2014,9,1.5611910370795554
Parwan,2014,9,1.7956653584761653
Uruzgan,2014,9,0
Badakhshan,2014,9,2.6822938177631444
Badghis,2014,9,0
Baghlan,2014,9,0.23873062671867593
Balkh,2014,9,0
Bamyan,2014,9,0.045285902787535595
Farah,2014,9,0
Faryab,2014,9,0
Ghazni,2014,9,0.43615905637152763
Ghor,2014,9,0.040597995683785
Hilmand,2014,9,0
Hirat,2014,9,0
Jawzjan,2014,9,0
Kabul,2014,9,0.2006511077275532
Kandahar,2014,9,0.0013381986895902322
Kapisa,2014,9,1.5723811883189671
Kunar,2014,9,17.432030160058563
Kunduz,2014,9,0.0015997420556301848
Laghman,2014,9,6.497208493570192
Logar,2014,9,1.1837084265498259
Nangarhar,2014,9,8.420104458580372
Nimroz,2014,9,0.002753291931748945
Nuristan,2014,9,6.151731957513549
Paktya,2014,9,9.792902838427207
Samangan,2014,9,0.045891832038089504
Sar-e-Pul,2014,9,0
Takhar,2014,9,0.8544829429742824
Wardak,2014,9,0
Zabul,2014,9,0.26814981148672884
Khost,2014,10,11.178029052994873
Paktika,2014,10,0.5957743874539463
Daykundi,2014,10,7.346322703382313
Panjsher,2014,10,25.699211791940645
Parwan,2014,10,11.12522422145087
Uruzgan,2014,10,1.6335385600276626
Badakhshan,2014,10,28.49041204363424
Badghis,2014,10,4.740742232576292
Baghlan,2014,10,16.63275404049777
Balkh,2014,10,4.203572571101514
Bamyan,2014,10,3.8518965798490896
Farah,2014,10,0.5818856986047339
Faryab,2014,10,4.597708177881562
Ghazni,2014,10,3.467847501073709
Ghor,2014,10,5.746449503406461
Hilmand,2014,10,0.767687090676307
Hirat,2014,10,1.5557600380937227
Jawzjan,2014,10,3.4245033251250616
Kabul,2014,10,6.929492915048293
Kandahar,2014,10,0.04603662121308511
Kapisa,2014,10,14.579359179815906
Kunar,2014,10,30.754328195653454
Kunduz,2014,10,7.783333076215781
Laghman,2014,10,12.744999499705715
Logar,2014,10,7.096953358511224
Nangarhar,2014,10,17.90278454838523
Nimroz,2014,10,0.10484463990063879
Nuristan,2014,10,20.167343930068817
Paktya,2014,10,8.848370316559079
Samangan,2014,10,5.429231487286026
Sar-e-Pul,2014,10,3.1077852675604762
Takhar,2014,10,24.75507260188809
Wardak,2014,10,4.915313438967899
Zabul,2014,10,0.577357478140443
Khost,2014,11,9.521393612687742
Paktika,2014,11,6.826619689451106
Daykundi,2014,11,19.245879288160232
Panjsher,2014,11,25.382777693963156
Parwan,2014,11,23.147599494385098
Uruzgan,2014,11,14.29281502386766
Badakhshan,2014,11,21.2742069556483
Badghis,2014,11,45.560915748047805
Baghlan,2014,11,30.302988577834338
Balkh,2014,11,20.099052625515515
Bamyan,2014,11,19.633576675675204
Farah,2014,11,7.106079307322792
Faryab,2014,11,45.6367498194176
Ghazni,2014,11,12.259977481029297
Ghor,2014,11,36.74205504013882
Hilmand,2014,11,3.363154183140735
Hirat,2014,11,26.746099218984398
Jawzjan,2014,11,23.31013634426971
Kabul,2014,11,13.82620146983215
Kandahar,2014,11,4.418279703232319
Kapisa,2014,11,14.955361116639127
Kunar,2014,11,17.54651398602521
Kunduz,2014,11,27.783701669227945
Laghman,2014,11,9.197180372087802
Logar,2014,11,11.684242998788651
Nangarhar,2014,11,8.701125391987498
Nimroz,2014,11,0.7737643730282149
Nuristan,2014,11,16.351827869139647
Paktya,2014,11,11.08353451245228
Samangan,2014,11,29.06519471062749
Sar-e-Pul,2014,11,53.79690397739661
Takhar,2014,11,31.09373938478337
Wardak,2014,11,11.184657753540986
Zabul,2014,11,10.971473765949941
Khost,2014,12,9.583891574590062
Paktika,2014,12,10.10572683477323
Daykundi,2014,12,12.871640115547208
Panjsher,2014,12,10.466806661003115
Parwan,2014,12,16.140784664069876
Uruzgan,2014,12,23.3415314832624
Badakhshan,2014,12,14.531501050218644
Badghis,2014,12,26.71854953324434
Baghlan,2014,12,24.938382316724322
Balkh,2014,12,22.22858511721771
Bamyan,2014,12,16.648810767540933
Farah,2014,12,10.733181513207185
Faryab,2014,12,25.358536844755456
Ghazni,2014,12,11.297395446722902
Ghor,2014,12,15.43585715295834
Hilmand,2014,12,12.814354314181129
Hirat,2014,12,16.178533442953125
Jawzjan,2014,12,15.004846035793117
Kabul,2014,12,9.515414771196559
Kandahar,2014,12,14.87498698001561
Kapisa,2014,12,11.070284983163678
Kunar,2014,12,8.429015102803989
Kunduz,2014,12,25.266127327960447
Laghman,2014,12,6.64708742847551
Logar,2014,12,14.340590917265462
Nangarhar,2014,12,9.285314837808592
Nimroz,2014,12,3.6486423689402305
Nuristan,2014,12,7.284264155952005
Paktya,2014,12,16.867370233747177
Samangan,2014,12,32.09218166069163
Sar-e-Pul,2014,12,26.540092917699685
Takhar,2014,12,30.899485939748622
Wardak,2014,12,8.571059038388086
Zabul,2014,12,18.649389208312286
Khost,2015,1,24.350152317692594
Paktika,2015,1,30.247434237978176
Daykundi,2015,1,24.697219945387847
Panjsher,2015,1,25.962257173891665
Parwan,2015,1,28.297590050812683
Uruzgan,2015,1,29.88549653326352
Badakhshan,2015,1,33.26426380508457
Badghis,2015,1,49.318932672892466
Baghlan,2015,1,33.510701902479525
Balkh,2015,1,32.71349880463036
Bamyan,2015,1,22.399341223479365
Farah,2015,1,26.399867403471863
Faryab,2015,1,50.04780368862548
Ghazni,2015,1,21.213790441384486
Ghor,2015,1,33.51776723710576
Hilmand,2015,1,24.495334820955584
Hirat,2015,1,43.76461531907009
Jawzjan,2015,1,41.84015246666441
Kabul,2015,1,23.043420209326825
Kandahar,2015,1,25.66364087327367
Kapisa,2015,1,21.319480466795437
Kunar,2015,1,39.17699573556705
Kunduz,2015,1,36.42537324097333
Laghman,2015,1,13.574174301103353
Logar,2015,1,24.467231543510433
Nangarhar,2015,1,24.427942647395575
Nimroz,2015,1,22.382678534223416
Nuristan,2015,1,30.38247053285206
Paktya,2015,1,29.721927983261654
Samangan,2015,1,36.22213989905411
Sar-e-Pul,2015,1,37.58756795428993
Takhar,2015,1,40.14480447908392
Wardak,2015,1,20.147427504119886
Zabul,2015,1,25.41373336488554
Khost,2015,2,99.92914529536759
Paktika,2015,2,65.27952281872398
Daykundi,2015,2,78.67128099363539
Panjsher,2015,2,133.53672958172731
Parwan,2015,2,139.658173233822
Uruzgan,2015,2,73.41498328128714
Badakhshan,2015,2,86.75191307060933
Badghis,2015,2,173.91336138214726
Baghlan,2015,2,133.70968584648529
Balkh,2015,2,89.51025283107397
Bamyan,2015,2,90.12345065626234
Farah,2015,2,47.21786386228156
Faryab,2015,2,169.78360055412872
Ghazni,2015,2,61.49010046786119
Ghor,2015,2,119.19401039081126
Hilmand,2015,2,32.0499725738869
Hirat,2015,2,126.11966840574767
Jawzjan,2015,2,86.74115579064298
Kabul,2015,2,111.69449756317947
Kandahar,2015,2,44.3551404295505
Kapisa,2015,2,131.6765172585151
Kunar,2015,2,107.91703890744472
Kunduz,2015,2,87.69026809780696
Laghman,2015,2,93.57878832445707
Logar,2015,2,127.2158357722056
Nangarhar,2015,2,109.15805333283845
Nimroz,2015,2,21.568917264037616
Nuristan,2015,2,97.22429335358511
Paktya,2015,2,120.3270324705958
Samangan,2015,2,132.44512588212194
Sar-e-Pul,2015,2,153.36056794181377
Takhar,2015,2,123.27301691358952
Wardak,2015,2,76.1536586275768
Zabul,2015,2,78.4805414532923
Khost,2015,3,80.93807228736601
Paktika,2015,3,46.785846037626506
Daykundi,2015,3,50.0095612767064
Panjsher,2015,3,149.32513242089198
Parwan,2015,3,167.57277195715596
Uruzgan,2015,3,63.47950822764301
Badakhshan,2015,3,69.26806807485694
Badghis,2015,3,105.71385606403271
Baghlan,2015,3,122.72390832726008
Balkh,2015,3,54.549909339031
Bamyan,2015,3,60.50441808395344
Farah,2015,3,47.62565493582496
Faryab,2015,3,95.52999772043422
Ghazni,2015,3,43.66612074811744
Ghor,2015,3,52.46428802782227
Hilmand,2015,3,30.60466204956552
Hirat,2015,3,74.72921444242404
Jawzjan,2015,3,50.49741838197225
Kabul,2015,3,144.80822883894984
Kandahar,2015,3,38.60981164990665
Kapisa,2015,3,148.26670279710808
Kunar,2015,3,178.64882334395554
Kunduz,2015,3,71.76444097461786
Laghman,2015,3,144.98790188049634
Logar,2015,3,125.593359687679
Nangarhar,2015,3,134.5483574560394
Nimroz,2015,3,21.919118048966585
Nuristan,2015,3,134.68134246861086
Paktya,2015,3,104.13889008768629
Samangan,2015,3,92.38675249164021
Sar-e-Pul,2015,3,93.1167290613311
Takhar,2015,3,101.15963178712158
Wardak,2015,3,81.19064046039652
Zabul,2015,3,42.50627680272681
Khost,2015,4,61.71921369233325
Paktika,2015,4,28.243825186642677
Daykundi,2015,4,38.24106407657247
Panjsher,2015,4,61.882232058241094
Parwan,2015,4,91.48669549233632
Uruzgan,2015,4,28.01248743461666
Badakhshan,2015,4,51.88636267002654
Badghis,2015,4,23.449648964836953
Baghlan,2015,4,68.6616035057577
Balkh,2015,4,23.987979449880232
Bamyan,2015,4,44.04242170514974
Farah,2015,4,12.218582523699933
Faryab,2015,4,22.089062400404096
Ghazni,2015,4,27.26094141144792
Ghor,2015,4,27.170445831208852
Hilmand,2015,4,9.281448222515188
Hirat,2015,4,23.21598048946027
Jawzjan,2015,4,16.950159125196883
Kabul,2015,4,55.32000706000901
Kandahar,2015,4,14.223131652050686
Kapisa,2015,4,65.98395440420782
Kunar,2015,4,66.35961222704714
Kunduz,2015,4,43.12831817615995
Laghman,2015,4,67.52598001438535
Logar,2015,4,51.09503758312204
Nangarhar,2015,4,88.21298741233684
Nimroz,2015,4,4.881324600586959
Nuristan,2015,4,53.663382992317494
Paktya,2015,4,56.470575690179395
Samangan,2015,4,38.653728494789576
Sar-e-Pul,2015,4,34.47922785428708
Takhar,2015,4,56.25559599708795
Wardak,2015,4,44.074324317249506
Zabul,2015,4,24.78663104632654
Khost,2015,5,60.26995674421475
Paktika,2015,5,20.048476780627674
Daykundi,2015,5,22.02553946231576
Panjsher,2015,5,51.62683532867151
Parwan,2015,5,75.27276207798847
Uruzgan,2015,5,10.50362252329385
Badakhshan,2015,5,45.71561450409774
Badghis,2015,5,15.131568894565524
Baghlan,2015,5,42.910918432481346
Balkh,2015,5,14.378034857492313
Bamyan,2015,5,29.39205910462071
Farah,2015,5,5.716988159069375
Faryab,2015,5,15.891974520237673
Ghazni,2015,5,23.96283604038964
Ghor,2015,5,15.38084678758733
Hilmand,2015,5,5.125853609746703
Hirat,2015,5,7.141912377461039
Jawzjan,2015,5,11.380931950120193
Kabul,2015,5,41.348699732982816
Kandahar,2015,5,3.8221176349408053
Kapisa,2015,5,49.04181546093648
Kunar,2015,5,32.24310542678758
Kunduz,2015,5,37.281958605338225
Laghman,2015,5,38.20775674491937
Logar,2015,5,39.636705909564846
Nangarhar,2015,5,29.33368967317918
Nimroz,2015,5,2.2342536916961486
Nuristan,2015,5,29.26245791994835
Paktya,2015,5,46.53086400402533
Samangan,2015,5,24.410612000411664
Sar-e-Pul,2015,5,17.18874020306496
Takhar,2015,5,48.86616991577573
Wardak,2015,5,40.94487968130383
Zabul,2015,5,10.287857391951986
Khost,2015,6,20.33927637781067
Paktika,2015,6,6.865683681354054
Daykundi,2015,6,0.21524712411794303
Panjsher,2015,6,10.01585896097916
Parwan,2015,6,1.9242458409184302
Uruzgan,2015,6,0.11100294601242411
Badakhshan,2015,6,24.978391792777998
Badghis,2015,6,0
Baghlan,2015,6,2.5164797075442036
Balkh,2015,6,0.03953482787691836
Bamyan,2015,6,0.20743365680634612
Farah,2015,6,0
Faryab,2015,6,0
Ghazni,2015,6,0.5114731944250577
Ghor,2015,6,0.01255429261261879
Hilmand,2015,6,0
Hirat,2015,6,0.01661091311813594
Jawzjan,2015,6,0
Kabul,2015,6,1.0182721605103582
Kandahar,2015,6,0
Kapisa,2015,6,1.6465712914159418
Kunar,2015,6,13.235516121846798
Kunduz,2015,6,0
Laghman,2015,6,8.618616684736288
Logar,2015,6,1.8469284823640493
Nangarhar,2015,6,8.704622443540249
Nimroz,2015,6,0
Nuristan,2015,6,12.159797998383532
Paktya,2015,6,8.074384787327205
Samangan,2015,6,0.020149744374385554
Sar-e-Pul,2015,6,0.021524940155361435
Takhar,2015,6,7.197089019618157
Wardak,2015,6,0.5403062852537289
Zabul,2015,6,0.10844889233078803
Khost,2015,7,72.46205609917632
Paktika,2015,7,32.48875506748072
Daykundi,2015,7,0.8375107880855254
Panjsher,2015,7,13.615241550533547
Parwan,2015,7,3.467728169427931
Uruzgan,2015,7,0.7501149803450358
Badakhshan,2015,7,34.25709402136947
Badghis,2015,7,0
Baghlan,2015,7,2.7602167131672006
Balkh,2015,7,0
Bamyan,2015,7,0.12299180711725187
Farah,2015,7,0
Faryab,2015,7,0
Ghazni,2015,7,6.215682716987205
Ghor,2015,7,0.11967026458902495
Hilmand,2015,7,0.0005982196349136642
Hirat,2015,7,0.008130258407262
Jawzjan,2015,7,0
Kabul,2015,7,6.8123847269597775
Kandahar,2015,7,0.40700347873667597
Kapisa,2015,7,6.769360025425947
Kunar,2015,7,79.16071480918184
Kunduz,2015,7,0
Laghman,2015,7,15.736343249837164
Logar,2015,7,11.602874917933196
Nangarhar,2015,7,34.59755119093569
Nimroz,2015,7,0.0037057391907526173
Nuristan,2015,7,43.663995736431275
Paktya,2015,7,34.52072942566956
Samangan,2015,7,0.015910699990982317
Sar-e-Pul,2015,7,0
Takhar,2015,7,7.757024200225004
Wardak,2015,7,4.591611755313106
Zabul,2015,7,5.20888280070532
Khost,2015,8,89.63634746220642
Paktika,2015,8,14.491773346587022
Daykundi,2015,8,0.5545185076597902
Panjsher,2015,8,2.5218024213998462
Parwan,2015,8,0.4264483041464077
Uruzgan,2015,8,0.10396315345904818
Badakhshan,2015,8,15.55702613619499
Badghis,2015,8,0
Baghlan,2015,8,0.638063384734984
Balkh,2015,8,0
Bamyan,2015,8,0.013060422089861147
Farah,2015,8,0
Faryab,2015,8,0
Ghazni,2015,8,0.36582310465470685
Ghor,2015,8,0.04776891581060161
Hilmand,2015,8,0
Hirat,2015,8,0.003819237281174323
Jawzjan,2015,8,0
Kabul,2015,8,2.7848118806753956
Kandahar,2015,8,0.038466394952796155
Kapisa,2015,8,1.5162615906442414
Kunar,2015,8,45.11366016266937
Kunduz,2015,8,0
Laghman,2015,8,10.856781073821306
Logar,2015,8,6.048574684080151
Nangarhar,2015,8,35.95759246236516
Nimroz,2015,8,0
Nuristan,2015,8,10.912452524675611
Paktya,2015,8,26.186232251032806
Samangan,2015,8,8.859941255913548e-05
Sar-e-Pul,2015,8,0
Takhar,2015,8,1.7125399331425433
Wardak,2015,8,0.021693357847259297
Zabul,2015,8,0.876474184737732
Khost,2015,9,29.973952708336235
Paktika,2015,9,2.0958165519038157
Daykundi,2015,9,0.5282626194726521
Panjsher,2015,9,6.579428315267046
Parwan,2015,9,3.402476800130578
Uruzgan,2015,9,0
Badakhshan,2015,9,3.6748637554881998
Badghis,2015,9,0
Baghlan,2015,9,0.7208590475138671
Balkh,2015,9,0.3518071378192013
Bamyan,2015,9,0.05668976337750118
Farah,2015,9,0
Faryab,2015,9,0
Ghazni,2015,9,0.39380082250514997
Ghor,2015,9,0.039074158753396045
Hilmand,2015,9,0
Hirat,2015,9,0
Jawzjan,2015,9,0.12147276580857914
Kabul,2015,9,0.867822681680042
Kandahar,2015,9,0.0014834513644284646
Kapisa,2015,9,5.271730848710762
Kunar,2015,9,37.4119617058737
Kunduz,2015,9,0.0006975150842950553
Laghman,2015,9,14.101920192242462
Logar,2015,9,1.3896132024453325
Nangarhar,2015,9,14.585933473579287
Nimroz,2015,9,0.002753295076039149
Nuristan,2015,9,14.311378217442861
Paktya,2015,9,9.723902434472222
Samangan,2015,9,0.197221946820952
Sar-e-Pul,2015,9,0.30446482249023266
Takhar,2015,9,1.2264033149086822
Wardak,2015,9,0.015098116156859728
Zabul,2015,9,0.24351480275163842
Khost,2015,10,13.836130436674564
Paktika,2015,10,2.7859623662653488
Daykundi,2015,10,14.174256490177696
Panjsher,2015,10,20.819243147535133
Parwan,2015,10,14.338019922851347
Uruzgan,2015,10,9.789245826824164
Badakhshan,2015,10,18.265665743439218
Badghis,2015,10,13.832703287748766
Baghlan,2015,10,15.606321539632967
Balkh,2015,10,3.3423298797511127
Bamyan,2015,10,9.75298258170207
Farah,2015,10,2.044886062407778
Faryab,2015,10,7.100500430110903
Ghazni,2015,10,9.738495938054548
Ghor,2015,10,8.893985045274977
Hilmand,2015,10,3.451002639779277
Hirat,2015,10,4.754317113808507
Jawzjan,2015,10,4.77394344357027
Kabul,2015,10,13.355455751867947
Kandahar,2015,10,5.961796239641165
Kapisa,2015,10,17.097457835808516
Kunar,2015,10,34.37049128538438
Kunduz,2015,10,7.56508206179387
Laghman,2015,10,13.904007994195025
Logar,2015,10,11.989537318307283
Nangarhar,2015,10,21.837780538421473
Nimroz,2015,10,0.7655850153634566
Nuristan,2015,10,19.615086264185802
Paktya,2015,10,11.830319867191138
Samangan,2015,10,4.632364032794863
Sar-e-Pul,2015,10,5.15578826746731
Takhar,2015,10,16.996153681661603
Wardak,2015,10,11.498339973508985
Zabul,2015,10,6.104993382110038
Khost,2015,11,20.993806872637975
Paktika,2015,11,14.826002026843945
Daykundi,2015,11,42.21744944847381
Panjsher,2015,11,66.75702754169228
Parwan,2015,11,66.67258823661565
Uruzgan,2015,11,25.079599125845405
Badakhshan,2015,11,38.015694708159046
Badghis,2015,11,45.91573534211846
Baghlan,2015,11,82.00762878629233
Balkh,2015,11,37.566685221215025
Bamyan,2015,11,42.652270885497444
Farah,2015,11,9.807885104522729
Faryab,2015,11,50.1734023286308
Ghazni,2015,11,22.994614987152325
Ghor,2015,11,45.33757102428639
Hilmand,2015,11,6.033399338453244
Hirat,2015,11,24.414578680622558
Jawzjan,2015,11,31.6597664720848
Kabul,2015,11,48.02390656670842
Kandahar,2015,11,7.395933485810542
Kapisa,2015,11,54.40326392624207
Kunar,2015,11,54.91822512711685
Kunduz,2015,11,63.45141809461923
Laghman,2015,11,40.353118102944336
Logar,2015,11,36.412252759000324
Nangarhar,2015,11,33.644137274114826
Nimroz,2015,11,1.6199772816007032
Nuristan,2015,11,44.435779680039715
Paktya,2015,11,27.345661706418095
Samangan,2015,11,62.998484576204454
Sar-e-Pul,2015,11,78.40935101720977
Takhar,2015,11,72.24636022730036
Wardak,2015,11,30.875412575335922
Zabul,2015,11,19.71541308481556
Khost,2015,12,13.666153422842479
Paktika,2015,12,9.167803843452777
Daykundi,2015,12,11.133909082930076
Panjsher,2015,12,23.12497061977321
Parwan,2015,12,27.63711892335878
Uruzgan,2015,12,22.561752212555994
Badakhshan,2015,12,22.12712633935399
Badghis,2015,12,29.97009970481553
Baghlan,2015,12,28.685143339014697
Balkh,2015,12,18.27905361504999
Bamyan,2015,12,18.08023753803003
Farah,2015,12,14.708939086990203
Faryab,2015,12,23.154342408459293
Ghazni,2015,12,11.09399511095577
Ghor,2015,12,17.64732743135737
Hilmand,2015,12,14.70861484837949
Hirat,2015,12,23.122730015271312
Jawzjan,2015,12,14.467211707468767
Kabul,2015,12,18.31191920278666
Kandahar,2015,12,15.828983949232056
Kapisa,2015,12,24.327712735100427
Kunar,2015,12,28.624104942296256
Kunduz,2015,12,22.317065999152046
Laghman,2015,12,17.24793561629988
Logar,2015,12,18.026173204061603
Nangarhar,2015,12,20.457246965749498
Nimroz,2015,12,9.268487783674969
Nuristan,2015,12,21.186876419126794
Paktya,2015,12,20.19331263641664
Samangan,2015,12,26.635126221338314
Sar-e-Pul,2015,12,23.356765923040474
Takhar,2015,12,32.47832737503638
Wardak,2015,12,14.73095295248939
Zabul,2015,12,17.0445026712503
Khost,2016,1,37.900093709824496
Paktika,2016,1,28.739684989691362
Daykundi,2016,1,28.134919685039783
Panjsher,2016,1,38.45874265255402
Parwan,2016,1,58.032306351718276
Uruzgan,2016,1,27.694177065737225
Badakhshan,2016,1,27.74797466795733
Badghis,2016,1,42.16200461775861
Baghlan,2016,1,58.95611061220282
Balkh,2016,1,42.17167342897854
Bamyan,2016,1,42.20721533699822
Farah,2016,1,19.950087172436515
Faryab,2016,1,52.43075908506332
Ghazni,2016,1,23.59897290771783
Ghor,2016,1,37.88535084697608
Hilmand,2016,1,19.099034050061658
Hirat,2016,1,34.332600982461415
Jawzjan,2016,1,46.58686564300599
Kabul,2016,1,34.8604675820027
Kandahar,2016,1,21.066462675179004
Kapisa,2016,1,35.07271230077634
Kunar,2016,1,37.97359715159072
Kunduz,2016,1,42.47189094334105
Laghman,2016,1,19.729574510865493
Logar,2016,1,33.833869997312945
Nangarhar,2016,1,37.73975247769671
Nimroz,2016,1,13.010627598352547
Nuristan,2016,1,25.46104232193962
Paktya,2016,1,49.38771243707884
Samangan,2016,1,52.634498007659325
Sar-e-Pul,2016,1,48.30920375847702
Takhar,2016,1,49.03761824097097
Wardak,2016,1,33.45879694736218
Zabul,2016,1,19.855562026832292
Khost,2016,2,6.909237455348437
Paktika,2016,2,8.216887118334459
Daykundi,2016,2,10.756837648154201
Panjsher,2016,2,16.005179454996664
Parwan,2016,2,22.58525084914492
Uruzgan,2016,2,10.044182647004474
Badakhshan,2016,2,11.161894456563038
Badghis,2016,2,26.290764829025647
Baghlan,2016,2,27.5607731629575
Balkh,2016,2,23.159799949013795
Bamyan,2016,2,16.043634556061498
Farah,2016,2,8.96542338369759
Faryab,2016,2,24.294851404867767
Ghazni,2016,2,7.469540879108785
Ghor,2016,2,10.275816766815707
Hilmand,2016,2,11.868045549334902
Hirat,2016,2,18.22951262887548
Jawzjan,2016,2,13.339437415622337
Kabul,2016,2,7.2938264864232325
Kandahar,2016,2,9.447082539073245
Kapisa,2016,2,7.742818055856718
Kunar,2016,2,16.9938524982923
Kunduz,2016,2,19.384589408397947
Laghman,2016,2,6.503524810176885
Logar,2016,2,10.95797488536988
Nangarhar,2016,2,13.86596037197991
Nimroz,2016,2,7.798953200162439
Nuristan,2016,2,14.498349305375484
Paktya,2016,2,10.717608552978284
Samangan,2016,2,38.42395956073235
Sar-e-Pul,2016,2,24.374272297952615
Takhar,2016,2,23.492435923687903
Wardak,2016,2,9.416822088618645
Zabul,2016,2,7.7794250568214975
Khost,2016,3,96.0142841393389
Paktika,2016,3,64.9294600185381
Daykundi,2016,3,84.2678981733275
Panjsher,2016,3,161.5347899602754
Parwan,2016,3,164.4808215785041
Uruzgan,2016,3,144.09731586173584
Badakhshan,2016,3,97.64903898078494
Badghis,2016,3,119.7922588902717
Baghlan,2016,3,157.58649109512967
Balkh,2016,3,72.66638898203433
Bamyan,2016,3,76.9285159734421
Farah,2016,3,66.44259199056162
Faryab,2016,3,124.63278236365586
Ghazni,2016,3,77.98847801795557
Ghor,2016,3,90.22475012483096
Hilmand,2016,3,68.57080461376584
Hirat,2016,3,86.44709480487275
Jawzjan,2016,3,62.234985349907724
Kabul,2016,3,155.76158236974283
Kandahar,2016,3,91.17490603513403
Kapisa,2016,3,154.5732946090566
Kunar,2016,3,191.93205519879646
Kunduz,2016,3,70.27811284485351
Laghman,2016,3,149.22816391920276
Logar,2016,3,137.76444551343965
Nangarhar,2016,3,139.30467408060744
Nimroz,2016,3,39.67177285721855
Nuristan,2016,3,156.81453258352713
Paktya,2016,3,114.6439726135598
Samangan,2016,3,124.47388891829772
Sar-e-Pul,2016,3,133.2363747484657
Takhar,2016,3,126.14061879213713
Wardak,2016,3,94.81636650945158
Zabul,2016,3,99.7656436542597
Khost,2016,4,83.10634594451442
Paktika,2016,4,28.501193374167435
Daykundi,2016,4,58.579786691819486
Panjsher,2016,4,89.32937048098212
Parwan,2016,4,106.01120728808017
Uruzgan,2016,4,35.05160197201319
Badakhshan,2016,4,72.55747480808124
Badghis,2016,4,61.93127870841103
Baghlan,2016,4,80.83641631083253
Balkh,2016,4,33.144867050707845
Bamyan,2016,4,57.05087243837406
Farah,2016,4,16.476670975598147
Faryab,2016,4,50.72025337874712
Ghazni,2016,4,31.573938309137667
Ghor,2016,4,57.63963070286719
Hilmand,2016,4,13.46116693956494
Hirat,2016,4,40.73992988006087
Jawzjan,2016,4,30.917384704222
Kabul,2016,4,77.44202565012995
Kandahar,2016,4,15.786606451636597
Kapisa,2016,4,90.30255604220278
Kunar,2016,4,115.4427725953404
Kunduz,2016,4,52.549449428465856
Laghman,2016,4,93.94597418218316
Logar,2016,4,71.25296667244693
Nangarhar,2016,4,84.35162025509793
Nimroz,2016,4,5.560421590001377
Nuristan,2016,4,91.46153534804587
Paktya,2016,4,76.60148514199041
Samangan,2016,4,45.25308911437996
Sar-e-Pul,2016,4,64.88657587526039
Takhar,2016,4,91.86838670817181
Wardak,2016,4,52.405675735195004
Zabul,2016,4,25.135138584257472
Khost,2016,5,89.22986146221194
Paktika,2016,5,24.749642875191622
Daykundi,2016,5,28.13779197980667
Panjsher,2016,5,55.6632238509473
Parwan,2016,5,72.42364046169993
Uruzgan,2016,5,14.486686417489977
Badakhshan,2016,5,58.63190345608477
Badghis,2016,5,16.485855549772452
Baghlan,2016,5,35.87466706804014
Balkh,2016,5,12.270968902901275
Bamyan,2016,5,27.168772970171947
Farah,2016,5,6.085638348358638
Faryab,2016,5,16.365414671290818
Ghazni,2016,5,29.392523548892015
Ghor,2016,5,19.38426975203772
Hilmand,2016,5,5.305306568830043
Hirat,2016,5,9.47118127123024
Jawzjan,2016,5,10.878127728736677
Kabul,2016,5,49.091118475688155
Kandahar,2016,5,5.326719408464483
Kapisa,2016,5,57.127365109141934
Kunar,2016,5,58.83149752934594
Kunduz,2016,5,23.05534402428714
Laghman,2016,5,61.694574782864954
Logar,2016,5,52.80881871312009
Nangarhar,2016,5,53.657416910423215
Nimroz,2016,5,2.739612973756068
Nuristan,2016,5,46.27818838134073
Paktya,2016,5,67.38260142042766
Samangan,2016,5,19.090650715965886
Sar-e-Pul,2016,5,20.433551440664615
Takhar,2016,5,38.82468969454038
Wardak,2016,5,46.50515804724695
Zabul,2016,5,12.018651234406365
Khost,2016,6,20.062810169806536
Paktika,2016,6,4.698795316898118
Daykundi,2016,6,0.6071822912981562
Panjsher,2016,6,16.865582177976115
Parwan,2016,6,6.119525382350861
Uruzgan,2016,6,0.11100294564778415
Badakhshan,2016,6,30.008495322396087
Badghis,2016,6,0.6948172739472922
Baghlan,2016,6,6.689048376663833
Balkh,2016,6,0.8056562975704675
Bamyan,2016,6,2.585065595037083
Farah,2016,6,0.009972912087710863
Faryab,2016,6,1.5825812919773736
Ghazni,2016,6,0.5429253585052637
Ghor,2016,6,0.3843806535928138
Hilmand,2016,6,0.00021055196973064386
Hirat,2016,6,0.23275514991918217
Jawzjan,2016,6,0.6958349926590034
Kabul,2016,6,6.501980490112755
Kandahar,2016,6,0.013347839384933701
Kapisa,2016,6,6.951555855239072
Kunar,2016,6,27.586119299320448
Kunduz,2016,6,1.897201764685749
Laghman,2016,6,16.7043754651866
Logar,2016,6,7.118872459124185
Nangarhar,2016,6,28.541384183811317
Nimroz,2016,6,0
Nuristan,2016,6,19.021095324945723
Paktya,2016,6,10.229725842099741
Samangan,2016,6,2.245886797573487
Sar-e-Pul,2016,6,1.6806742426182655
Takhar,2016,6,11.681514972619736
Wardak,2016,6,2.9932631627948214
Zabul,2016,6,0.15577037792413304
Khost,2016,7,100.49015973385137
Paktika,2016,7,29.1780328200822
Daykundi,2016,7,0.7793887123649946
Panjsher,2016,7,9.317659731967385
Parwan,2016,7,2.1816861959485236
Uruzgan,2016,7,0.7501149932283795
Badakhshan,2016,7,29.803720842408715
Badghis,2016,7,0
Baghlan,2016,7,2.375869909519513
Balkh,2016,7,0
Bamyan,2016,7,0.0905310164944653
Farah,2016,7,0
Faryab,2016,7,0
Ghazni,2016,7,5.181761069350852
Ghor,2016,7,0.1112867105961697
Hilmand,2016,7,0.029622774998018093
Hirat,2016,7,0.008130258407262
Jawzjan,2016,7,0
Kabul,2016,7,4.946124754507362
Kandahar,2016,7,0.2504524598423391
Kapisa,2016,7,2.830015890887258
Kunar,2016,7,28.1578005397794
Kunduz,2016,7,0
Laghman,2016,7,6.917470269306859
Logar,2016,7,11.28274058267556
Nangarhar,2016,7,27.5438037373416
Nimroz,2016,7,0.0037057498813393114
Nuristan,2016,7,13.159888984867171
Paktya,2016,7,36.30790978603317
Samangan,2016,7,0.0116976103499258
Sar-e-Pul,2016,7,0
Takhar,2016,7,7.795846061577488
Wardak,2016,7,4.0954431565417435
Zabul,2016,7,2.4943639564783413
Khost,2016,8,79.96505727625562
Paktika,2016,8,16.214922720354476
Daykundi,2016,8,0.5545185101437659
Panjsher,2016,8,2.997998055452874
Parwan,2016,8,0.38409049410711565
Uruzgan,2016,8,0.09057529890706131
Badakhshan,2016,8,14.756364871331876
Badghis,2016,8,0
Baghlan,2016,8,0.742815000266289
Balkh,2016,8,0
Bamyan,2016,8,0.013056508522095849
Farah,2016,8,0
Faryab,2016,8,0
Ghazni,2016,8,0.16833188275862854
Ghor,2016,8,0.047768915955972754
Hilmand,2016,8,0
Hirat,2016,8,0.0038192359252987476
Jawzjan,2016,8,0
Kabul,2016,8,3.999370007426358
Kandahar,2016,8,0.014059929907277504
Kapisa,2016,8,3.393253449676452
Kunar,2016,8,44.918786191801495
Kunduz,2016,8,0
Laghman,2016,8,12.144317303238804
Logar,2016,8,6.789010624043214
Nangarhar,2016,8,32.473725680451054
Nimroz,2016,8,0
Nuristan,2016,8,13.686327538608047
Paktya,2016,8,27.831923522226166
Samangan,2016,8,0
Sar-e-Pul,2016,8,0
Takhar,2016,8,1.7321808437290738
Wardak,2016,8,0
Zabul,2016,8,0.23534303971205983
Khost,2016,9,29.80913232970123
Paktika,2016,9,2.4741410586278194
Daykundi,2016,9,0.4917167863759514
Panjsher,2016,9,2.3475168071359405
Parwan,2016,9,1.7855751991483944
Uruzgan,2016,9,0
Badakhshan,2016,9,2.845315649233207
Badghis,2016,9,0
Baghlan,2016,9,0.2784484484744797
Balkh,2016,9,0
Bamyan,2016,9,0.019583407539049465
Farah,2016,9,0
Faryab,2016,9,0
Ghazni,2016,9,0.38432600290206026
Ghor,2016,9,0.039074160695846336
Hilmand,2016,9,0
Hirat,2016,9,0
Jawzjan,2016,9,0
Kabul,2016,9,0.3218648550370334
Kandahar,2016,9,0.0013382013222850008
Kapisa,2016,9,2.508229187030157
Kunar,2016,9,33.81895006817737
Kunduz,2016,9,0
Laghman,2016,9,10.36446401379354
Logar,2016,9,1.0481166972518343
Nangarhar,2016,9,10.40411353784302
Nimroz,2016,9,0.0027532891647735654
Nuristan,2016,9,13.51843673613548
Paktya,2016,9,8.549734934351019
Samangan,2016,9,0.04345864062657927
Sar-e-Pul,2016,9,0
Takhar,2016,9,0.9254879858460164
Wardak,2016,9,0
Zabul,2016,9,0.23742482026712927
Khost,2016,10,7.127098705424595
Paktika,2016,10,0.8014209324716043
Daykundi,2016,10,6.95529631200683
Panjsher,2016,10,11.860230718113222
Parwan,2016,10,5.63278321554243
Uruzgan,2016,10,0.9067007188037858
Badakhshan,2016,10,12.714540771884318
Badghis,2016,10,3.0438335825019727
Baghlan,2016,10,6.506845747757834
Balkh,2016,10,0.11062612441391136
Bamyan,2016,10,3.58945837109949
Farah,2016,10,0.11917582507839515
Faryab,2016,10,0.9937161278911484
Ghazni,2016,10,2.7590544533187034
Ghor,2016,10,5.904751647287997
Hilmand,2016,10,0.1954877775805393
Hirat,2016,10,0.710564618482205
Jawzjan,2016,10,0.1409054822744391
Kabul,2016,10,0.9069551193943468
Kandahar,2016,10,0.16781838072879854
Kapisa,2016,10,5.571034666363075
Kunar,2016,10,12.34772566998065
Kunduz,2016,10,0.9116285889087418
Laghman,2016,10,3.5589090280082187
Logar,2016,10,3.6596162695830388
Nangarhar,2016,10,6.260031408016784
Nimroz,2016,10,0.02273293504470525
Nuristan,2016,10,9.532520866006065
Paktya,2016,10,5.840179901370627
Samangan,2016,10,0.3697875566862258
Sar-e-Pul,2016,10,0.26770923203114394
Takhar,2016,10,8.141033975868005
Wardak,2016,10,2.5698953487627376
Zabul,2016,10,0.715324124258564
Khost,2016,11,14.60497034734103
Paktika,2016,11,3.030325670587883
Daykundi,2016,11,24.723130504046342
Panjsher,2016,11,40.96522261165672
Parwan,2016,11,45.91211669401683
Uruzgan,2016,11,12.39688181268079
Badakhshan,2016,11,38.01028501123657
Badghis,2016,11,18.35735681345923
Baghlan,2016,11,57.99725660971906
Balkh,2016,11,22.447892166725385
Bamyan,2016,11,32.42109202257506
Farah,2016,11,8.207200312059674
Faryab,2016,11,24.22245567517785
Ghazni,2016,11,12.225676660714143
Ghor,2016,11,27.812833568477643
Hilmand,2016,11,3.856938718414968
Hirat,2016,11,12.503903160607173
Jawzjan,2016,11,14.25423595267368
Kabul,2016,11,22.284447780499598
Kandahar,2016,11,3.4772791931512166
Kapisa,2016,11,25.023614244225097
Kunar,2016,11,20.197553995686306
Kunduz,2016,11,44.847799489634795
Laghman,2016,11,16.71299644666398
Logar,2016,11,22.77258145125899
Nangarhar,2016,11,16.76015605907039
Nimroz,2016,11,0.8991698195706473
Nuristan,2016,11,19.150046033382086
Paktya,2016,11,17.932112233130844
Samangan,2016,11,40.87010359537708
Sar-e-Pul,2016,11,46.83290309228935
Takhar,2016,11,59.49737079446741
Wardak,2016,11,20.067696728735537
Zabul,2016,11,6.732029633377153
Khost,2016,12,9.842025595954423
Paktika,2016,12,11.209835391605598
Daykundi,2016,12,16.333820148253835
Panjsher,2016,12,16.90038014872493
Parwan,2016,12,19.768263049937605
Uruzgan,2016,12,22.142182908673398
Badakhshan,2016,12,26.94803023743236
Badghis,2016,12,34.05936674247365
Baghlan,2016,12,29.864064602215823
Balkh,2016,12,41.91676735226285
Bamyan,2016,12,23.51064262523696
Farah,2016,12,12.701108321244375
Faryab,2016,12,38.51075626805771
Ghazni,2016,12,10.253366904686503
Ghor,2016,12,28.05291794145032
Hilmand,2016,12,12.283792745126616
Hirat,2016,12,21.774534868176392
Jawzjan,2016,12,30.79052652805699
Kabul,2016,12,9.397515753236787
Kandahar,2016,12,15.528818222946217
Kapisa,2016,12,13.902137471447503
Kunar,2016,12,21.266993009489273
Kunduz,2016,12,37.599865299099825
Laghman,2016,12,8.207800799416216
Logar,2016,12,12.299874324458552
Nangarhar,2016,12,8.639428323381955
Nimroz,2016,12,4.933536876670931
Nuristan,2016,12,16.37875576925978
Paktya,2016,12,14.783494620446163
Samangan,2016,12,41.114338714107745
Sar-e-Pul,2016,12,40.33284320620695
Takhar,2016,12,37.97913914665681
Wardak,2016,12,9.439771811208056
Zabul,2016,12,18.94163516115942
Khost,2017,1,73.58254699510461
Paktika,2017,1,65.947117842424
Daykundi,2017,1,44.64014980684042
Panjsher,2017,1,71.76307305432394
Parwan,2017,1,88.83953520465793
Uruzgan,2017,1,57.28706242305973
Badakhshan,2017,1,43.416565448377845
Badghis,2017,1,57.90803365151498
Baghlan,2017,1,68.86761489752112
Balkh,2017,1,37.63341972590316
Bamyan,2017,1,43.087490270396486
Farah,2017,1,34.95243639715042
Faryab,2017,1,52.697885483803454
Ghazni,2017,1,56.79050683453032
Ghor,2017,1,39.749480087423194
Hilmand,2017,1,38.711184314383736
Hirat,2017,1,56.686707345597846
Jawzjan,2017,1,38.81834569301279
Kabul,2017,1,73.84832471337509
Kandahar,2017,1,94.7198693019093
Kapisa,2017,1,76.3844942852643
Kunar,2017,1,128.4227481019895
Kunduz,2017,1,47.1051349497848
Laghman,2017,1,54.12800926431266
Logar,2017,1,73.52959411784941
Nangarhar,2017,1,92.5594281231104
Nimroz,2017,1,26.579106177017835
Nuristan,2017,1,74.76232725190874
Paktya,2017,1,85.1861856461549
Samangan,2017,1,50.0573483251673
Sar-e-Pul,2017,1,38.85825029885481
Takhar,2017,1,63.85846680536671
Wardak,2017,1,61.59074473480705
Zabul,2017,1,90.10287558697667
Khost,2017,2,120.09242232298352
Paktika,2017,2,73.62163172629808
Daykundi,2017,2,119.22822919020993
Panjsher,2017,2,202.86118815335797
Parwan,2017,2,242.34602017882435
Uruzgan,2017,2,91.7730216677266
Badakhshan,2017,2,82.65667707194203
Badghis,2017,2,175.2753120200551
Baghlan,2017,2,192.8943010338249
Balkh,2017,2,124.54814331965417
Bamyan,2017,2,161.82574550421907
Farah,2017,2,61.63086058114018
Faryab,2017,2,210.15916644766432
Ghazni,2017,2,96.71765085193596
Ghor,2017,2,145.53896886073167
Hilmand,2017,2,49.884646939904265
Hirat,2017,2,130.35701953456922
Jawzjan,2017,2,127.26875464644863
Kabul,2017,2,199.64613107033037
Kandahar,2017,2,48.862960467197304
Kapisa,2017,2,226.71012914819394
Kunar,2017,2,157.60402133821788
Kunduz,2017,2,102.2301548543985
Laghman,2017,2,144.11903098508876
Logar,2017,2,190.1860584644858
Nangarhar,2017,2,146.58696612594392
Nimroz,2017,2,32.29038140965097
Nuristan,2017,2,149.67773484160554
Paktya,2017,2,158.63735593386312
Samangan,2017,2,189.76724851255128
Sar-e-Pul,2017,2,213.6938645305764
Takhar,2017,2,128.123184489935
Wardak,2017,2,130.14265574719533
Zabul,2017,2,76.6291088672871
Khost,2017,3,27.727609455493415
Paktika,2017,3,23.43459181519429
Daykundi,2017,3,44.043337468907865
Panjsher,2017,3,49.76867487531525
Parwan,2017,3,59.4963856409988
Uruzgan,2017,3,49.15680815117776
Badakhshan,2017,3,60.556436022226634
Badghis,2017,3,88.0244718991502
Baghlan,2017,3,61.89869997489703
Balkh,2017,3,46.993153782948404
Bamyan,2017,3,40.7721313182876
Farah,2017,3,33.57515030082134
Faryab,2017,3,90.78624778570781
Ghazni,2017,3,26.239437290145357
Ghor,2017,3,45.64575737086923
Hilmand,2017,3,29.31913725803205
Hirat,2017,3,63.967299693788256
Jawzjan,2017,3,46.04989359772258
Kabul,2017,3,44.7164391860439
Kandahar,2017,3,29.56692875479378
Kapisa,2017,3,43.29056902424602
Kunar,2017,3,50.354843622467506
Kunduz,2017,3,42.32448115253154
Laghman,2017,3,39.13206571142428
Logar,2017,3,45.4430741160687
Nangarhar,2017,3,36.836735463792934
Nimroz,2017,3,19.66134153920279
Nuristan,2017,3,50.1123475803824
Paktya,2017,3,38.53058943878293
Samangan,2017,3,60.3887737899194
Sar-e-Pul,2017,3,85.8719229696189
Takhar,2017,3,62.53475364163569
Wardak,2017,3,37.61914006760253
Zabul,2017,3,31.27760076435787
Khost,2017,4,28.708886533680673
Paktika,2017,4,12.111643521673267
Daykundi,2017,4,22.07094930592024
Panjsher,2017,4,37.873230595724394
Parwan,2017,4,51.6932325873466
Uruzgan,2017,4,18.78109323869483
Badakhshan,2017,4,55.12154531744876
Badghis,2017,4,21.531892355579412
Baghlan,2017,4,48.52508195477358
Balkh,2017,4,21.898029825166315
Bamyan,2017,4,25.57580344544313
Farah,2017,4,5.210104782876545
Faryab,2017,4,23.910605869800424
Ghazni,2017,4,16.07209373914146
Ghor,2017,4,15.043151644044785
Hilmand,2017,4,5.206773851940977
Hirat,2017,4,13.24652146035519
Jawzjan,2017,4,20.244996463230198
Kabul,2017,4,26.706486176041267
Kandahar,2017,4,9.755620531327375
Kapisa,2017,4,29.62186120578048
Kunar,2017,4,33.855097405350975
Kunduz,2017,4,47.41473947299349
Laghman,2017,4,31.79963919609144
Logar,2017,4,29.00296984826178
Nangarhar,2017,4,39.485798904115946
Nimroz,2017,4,1.5312986355322002
Nuristan,2017,4,31.34125741962931
Paktya,2017,4,33.35049658200268
Samangan,2017,4,30.873012977100643
Sar-e-Pul,2017,4,28.128355024404904
Takhar,2017,4,70.03371495994037
Wardak,2017,4,24.69253079295587
Zabul,2017,4,16.385003274930163
Khost,2017,5,53.5761037382163
Paktika,2017,5,13.71849766518572
Daykundi,2017,5,24.056639938876206
Panjsher,2017,5,43.269168101316694
Parwan,2017,5,53.48228269452435
Uruzgan,2017,5,12.914383018523246
Badakhshan,2017,5,37.239208509731114
Badghis,2017,5,16.437939596399872
Baghlan,2017,5,33.32554457182671
Balkh,2017,5,12.011375376563986
Bamyan,2017,5,28.99926600102691
Farah,2017,5,5.195201518899346
Faryab,2017,5,18.980862793871342
Ghazni,2017,5,20.639874976917326
Ghor,2017,5,19.072830073127104
Hilmand,2017,5,3.191901450017907
Hirat,2017,5,8.154781394316387
Jawzjan,2017,5,10.941609492898264
Kabul,2017,5,26.532148295730032
Kandahar,2017,5,3.2322367677736072
Kapisa,2017,5,33.62523768061816
Kunar,2017,5,67.42148440613236
Kunduz,2017,5,15.852039640803243
Laghman,2017,5,41.38429458370871
Logar,2017,5,27.971798293678496
Nangarhar,2017,5,48.65862764800044
Nimroz,2017,5,0.9083534400262677
Nuristan,2017,5,40.02892501546242
Paktya,2017,5,37.20448907470611
Samangan,2017,5,21.06344084672771
Sar-e-Pul,2017,5,17.987919045563984
Takhar,2017,5,36.601617794904996
Wardak,2017,5,31.39437456611238
Zabul,2017,5,9.79583491618395
Khost,2017,6,19.988664338824506
Paktika,2017,6,4.394078397947935
Daykundi,2017,6,0.2152473636098753
Panjsher,2017,6,9.62565815482115
Parwan,2017,6,1.7398152689669557
Uruzgan,2017,6,0.11100294224327434
Badakhshan,2017,6,26.130378584336484
Badghis,2017,6,0
Baghlan,2017,6,2.2416014012278476
Balkh,2017,6,0
Bamyan,2017,6,0.20971399217337194
Farah,2017,6,0
Faryab,2017,6,0
Ghazni,2017,6,0.1534771572738609
Ghor,2017,6,0.012554292213499444
Hilmand,2017,6,0
Hirat,2017,6,0.016610927580808746
Jawzjan,2017,6,0.00517641057220117
Kabul,2017,6,0.7768826471563935
Kandahar,2017,6,0
Kapisa,2017,6,0.8454659023314156
Kunar,2017,6,14.787046128271088
Kunduz,2017,6,0
Laghman,2017,6,6.504856917259454
Logar,2017,6,1.8692504896016469
Nangarhar,2017,6,8.951781472063841
Nimroz,2017,6,0
Nuristan,2017,6,14.463849324916499
Paktya,2017,6,7.655264770910955
Samangan,2017,6,0
Sar-e-Pul,2017,6,0
Takhar,2017,6,7.0262270227635355
Wardak,2017,6,0.5527617634767125
Zabul,2017,6,0.10733469429436188
Khost,2017,7,134.6382745431986
Paktika,2017,7,37.04535789087654
Daykundi,2017,7,1.3170240171738778
Panjsher,2017,7,19.97210783429352
Parwan,2017,7,13.937213073486705
Uruzgan,2017,7,0.7501149827765706
Badakhshan,2017,7,29.283825830946643
Badghis,2017,7,0
Baghlan,2017,7,6.032481135544839
Balkh,2017,7,0
Bamyan,2017,7,1.6397946745019607
Farah,2017,7,0
Faryab,2017,7,0
Ghazni,2017,7,12.532122903127366
Ghor,2017,7,0.16693224221155142
Hilmand,2017,7,0
Hirat,2017,7,0.008130263378805777
Jawzjan,2017,7,0
Kabul,2017,7,19.567852589062976
Kandahar,2017,7,0.5824184532905935
Kapisa,2017,7,16.612245807990078
Kunar,2017,7,57.731462737817616
Kunduz,2017,7,0
Laghman,2017,7,28.493606301937273
Logar,2017,7,29.19010481095184
Nangarhar,2017,7,51.935793013165004
Nimroz,2017,7,0.003705745605104634
Nuristan,2017,7,26.85510554085376
Paktya,2017,7,73.74823762853481
Samangan,2017,7,1.2811314813342596
Sar-e-Pul,2017,7,0
Takhar,2017,7,7.537306135698345
Wardak,2017,7,15.258420039053144
Zabul,2017,7,2.735959475629009
Khost,2017,8,81.50715765109432
Paktika,2017,8,9.328186038128454
Daykundi,2017,8,0.5545185096846366
Panjsher,2017,8,3.2223410404884425
Parwan,2017,8,0.116831656499565
Uruzgan,2017,8,0.0905752941757675
Badakhshan,2017,8,12.918177766102396
Badghis,2017,8,0
Baghlan,2017,8,0.5831922518327098
Balkh,2017,8,0
Bamyan,2017,8,0.013062113912490127
Farah,2017,8,0
Faryab,2017,8,0
Ghazni,2017,8,0.10359315545453444
Ghor,2017,8,0.04776891641292793
Hilmand,2017,8,0
Hirat,2017,8,0.0038192338462895315
Jawzjan,2017,8,0
Kabul,2017,8,2.152595487897119
Kandahar,2017,8,0.001533271813028626
Kapisa,2017,8,2.7856088217067687
Kunar,2017,8,52.91507891409721
Kunduz,2017,8,0
Laghman,2017,8,14.150410247280538
Logar,2017,8,4.618699303476302
Nangarhar,2017,8,38.37752427207249
Nimroz,2017,8,0
Nuristan,2017,8,13.743590168446865
Paktya,2017,8,21.34499600070831
Samangan,2017,8,0
Sar-e-Pul,2017,8,0
Takhar,2017,8,1.665243022383299
Wardak,2017,8,0
Zabul,2017,8,0.0937056189263196
Khost,2017,9,26.130563881485113
Paktika,2017,9,1.758358303915302
Daykundi,2017,9,0.4843970746163352
Panjsher,2017,9,4.4050694894836475
Parwan,2017,9,2.144671046940192
Uruzgan,2017,9,0
Badakhshan,2017,9,3.977604706426861
Badghis,2017,9,0
Baghlan,2017,9,0.325340488548561
Balkh,2017,9,0
Bamyan,2017,9,0.06541569206298282
Farah,2017,9,0
Faryab,2017,9,0
Ghazni,2017,9,0.3787160271580353
Ghor,2017,9,0.039074159438047255
Hilmand,2017,9,0
Hirat,2017,9,8.851441075494046e-05
Jawzjan,2017,9,0
Kabul,2017,9,0.5257118612932058
Kandahar,2017,9,0.0013381886486148362
Kapisa,2017,9,4.634254357303269
Kunar,2017,9,39.56169097044053
Kunduz,2017,9,0
Laghman,2017,9,12.619925665174243
Logar,2017,9,1.0440915457939777
Nangarhar,2017,9,12.93955583610682
Nimroz,2017,9,0.002753293441008243
Nuristan,2017,9,16.013311882746613
Paktya,2017,9,7.799510718873192
Samangan,2017,9,0.047489367658814945
Sar-e-Pul,2017,9,1.7905848407139913e-05
Takhar,2017,9,0.9833193803087465
Wardak,2017,9,0.050991210067829106
Zabul,2017,9,0.23741062959684875
Khost,2017,10,4.638646609872225
Paktika,2017,10,0.016259872266505257
Daykundi,2017,10,4.805573237313226
Panjsher,2017,10,11.14269084141123
Parwan,2017,10,4.422132574703688
Uruzgan,2017,10,0.0998022377649399
Badakhshan,2017,10,11.834229247114568
Badghis,2017,10,3.1072198285569264
Baghlan,2017,10,7.184033117149757
Balkh,2017,10,0.3094788051653712
Bamyan,2017,10,2.8745364425718476
Farah,2017,10,0.0016626788292606208
Faryab,2017,10,1.3134495640697579
Ghazni,2017,10,1.0298406325734315
Ghor,2017,10,5.123535040705207
Hilmand,2017,10,0.06664595231977767
Hirat,2017,10,0.7745222077155591
Jawzjan,2017,10,1.5526609050380198
Kabul,2017,10,0.4440440045109373
Kandahar,2017,10,0
Kapisa,2017,10,3.656612767493763
Kunar,2017,10,16.828196517892213
Kunduz,2017,10,2.0716991707162213
Laghman,2017,10,2.5571809946968833
Logar,2017,10,0.5689550200410968
Nangarhar,2017,10,4.174737826800119
Nimroz,2017,10,0
Nuristan,2017,10,14.723516977375654
Paktya,2017,10,2.532233226798602
Samangan,2017,10,0.39433515413174897
Sar-e-Pul,2017,10,1.2240891929018254
Takhar,2017,10,7.353810866302094
Wardak,2017,10,0.7953921398780638
Zabul,2017,10,0.41482422966994636
Khost,2017,11,25.681767577649687
Paktika,2017,11,17.655826908260416
Daykundi,2017,11,21.12170564398953
Panjsher,2017,11,41.19181766651828
Parwan,2017,11,49.04920624103661
Uruzgan,2017,11,20.308095824410962
Badakhshan,2017,11,12.626821549291297
Badghis,2017,11,20.115123025484813
Baghlan,2017,11,39.04144322677908
Balkh,2017,11,14.599532409243112
Bamyan,2017,11,22.032128499239427
Farah,2017,11,7.261695180084586
Faryab,2017,11,22.256326203958363
Ghazni,2017,11,22.97525477475153
Ghor,2017,11,24.57275036850858
Hilmand,2017,11,7.390587825990026
Hirat,2017,11,13.885210533693538
Jawzjan,2017,11,12.150042236568865
Kabul,2017,11,32.08839254072072
Kandahar,2017,11,16.835270601734965
Kapisa,2017,11,34.100530262832464
Kunar,2017,11,45.80200727525525
Kunduz,2017,11,15.767971319862818
Laghman,2017,11,28.417058552037094
Logar,2017,11,28.83331326447003
Nangarhar,2017,11,35.019423200401214
Nimroz,2017,11,2.0834675551821493
Nuristan,2017,11,27.805482218580675
Paktya,2017,11,29.176485573458695
Samangan,2017,11,26.337602919068736
Sar-e-Pul,2017,11,36.167457322311186
Takhar,2017,11,20.244885501440773
Wardak,2017,11,22.540738178045544
Zabul,2017,11,27.01661951905155
Khost,2017,12,41.959501836998456
Paktika,2017,12,30.815320019392065
Daykundi,2017,12,27.062859039391505
Panjsher,2017,12,32.13018991970981
Parwan,2017,12,46.294836151053524
Uruzgan,2017,12,36.8495947578482
Badakhshan,2017,12,18.830730885515617
Badghis,2017,12,24.34411284927241
Baghlan,2017,12,26.36915292181811
Balkh,2017,12,15.737853001433978
Bamyan,2017,12,27.771570718258587
Farah,2017,12,18.3911353735895
Faryab,2017,12,20.647497755378136
Ghazni,2017,12,30.20876011414811
Ghor,2017,12,32.24484604317042
Hilmand,2017,12,20.626086532250955
Hirat,2017,12,22.951444797978812
Jawzjan,2017,12,13.753096363003765
Kabul,2017,12,41.04495504085401
Kandahar,2017,12,21.602217857336825
Kapisa,2017,12,43.210295366848484
Kunar,2017,12,39.785004023071274
Kunduz,2017,12,19.155583849375247
Laghman,2017,12,37.4824270830916
Logar,2017,12,46.67180190713685
Nangarhar,2017,12,48.30158535047585
Nimroz,2017,12,10.315786821273658
Nuristan,2017,12,27.82640668903525
Paktya,2017,12,54.39695470046446
Samangan,2017,12,22.478445329188208
Sar-e-Pul,2017,12,22.6305978454063
Takhar,2017,12,27.07496257565607
Wardak,2017,12,34.0972403343889
Zabul,2017,12,35.99010115127439
Khost,2018,1,12.293210466158023
Paktika,2018,1,11.784066258750089
Daykundi,2018,1,5.714967981422999
Panjsher,2018,1,10.580294371070082
Parwan,2018,1,13.853400708846655
Uruzgan,2018,1,10.367896185990126
Badakhshan,2018,1,14.045273820672811
Badghis,2018,1,18.575560318344127
Baghlan,2018,1,17.52814074050717
Balkh,2018,1,13.972537956202315
Bamyan,2018,1,9.910328235790095
Farah,2018,1,10.108279523976472
Faryab,2018,1,23.23053804741439
Ghazni,2018,1,8.097960811382809
Ghor,2018,1,9.419786337597284
Hilmand,2018,1,10.89028710856142
Hirat,2018,1,18.167177107197457
Jawzjan,2018,1,12.995798033967416
Kabul,2018,1,9.109138856376875
Kandahar,2018,1,12.321673025421536
Kapisa,2018,1,9.540731267457053
Kunar,2018,1,14.029893345340469
Kunduz,2018,1,19.05728270967264
Laghman,2018,1,5.574111430445034
Logar,2018,1,9.213429362288371
Nangarhar,2018,1,9.848557708586364
Nimroz,2018,1,9.061518637183418
Nuristan,2018,1,13.64544178615061
Paktya,2018,1,15.04444010516623
Samangan,2018,1,23.8576464678447
Sar-e-Pul,2018,1,16.938566846250932
Takhar,2018,1,21.236223860762916
Wardak,2018,1,8.902949417278528
Zabul,2018,1,9.664997788381783
Khost,2018,2,86.90231548627116
Paktika,2018,2,58.708184315705324
Daykundi,2018,2,49.64676600628401
Panjsher,2018,2,90.10542171483034
Parwan,2018,2,120.9171763271034
Uruzgan,2018,2,58.44790724583511
Badakhshan,2018,2,35.078097155474936
Badghis,2018,2,61.27401791833004
Baghlan,2018,2,90.15516404651919
Balkh,2018,2,42.1395858885458
Bamyan,2018,2,61.500191321755366
Farah,2018,2,30.571254038018434
Faryab,2018,2,62.333970864856276
Ghazni,2018,2,56.79399545727316
Ghor,2018,2,46.56804820896922
Hilmand,2018,2,27.594970406917653
Hirat,2018,2,55.43673382159892
Jawzjan,2018,2,36.76419194457306
Kabul,2018,2,98.92996450045821
Kandahar,2018,2,34.45368964535166
Kapisa,2018,2,112.45581784664685
Kunar,2018,2,80.12811907646669
Kunduz,2018,2,43.99531806440467
Laghman,2018,2,71.05012796280681
Logar,2018,2,97.71954517100602
Nangarhar,2018,2,84.72515416243941
Nimroz,2018,2,17.62289318124585
Nuristan,2018,2,64.66371259364409
Paktya,2018,2,96.71759707245126
Samangan,2018,2,78.40625003446107
Sar-e-Pul,2018,2,62.4028677362044
Takhar,2018,2,57.55142567424543
Wardak,2018,2,61.19506688023803
Zabul,2018,2,60.0382875173889
Khost,2018,3,75.63978206270367
Paktika,2018,3,43.35381558201208
Daykundi,2018,3,62.61994157677039
Panjsher,2018,3,118.28909848088996
Parwan,2018,3,150.8980493721455
Uruzgan,2018,3,72.94088577473464
Badakhshan,2018,3,80.32042093539285
Badghis,2018,3,88.65616989844685
Baghlan,2018,3,156.916730756696
Balkh,2018,3,63.74736855691671
Bamyan,2018,3,85.0715175660675
Farah,2018,3,34.1824073434354
Faryab,2018,3,87.05451744396153
Ghazni,2018,3,48.45955139881929
Ghor,2018,3,58.287663371015185
Hilmand,2018,3,25.083972774018523
Hirat,2018,3,61.585724694567936
Jawzjan,2018,3,46.325779762228535
Kabul,2018,3,112.41356972494503
Kandahar,2018,3,38.28291325057096
Kapisa,2018,3,110.44426045657609
Kunar,2018,3,98.42176216584033
Kunduz,2018,3,91.96078621921062
Laghman,2018,3,106.58333074183342
Logar,2018,3,90.30197258631809
Nangarhar,2018,3,104.88302762268634
Nimroz,2018,3,10.978259901286044
Nuristan,2018,3,82.28437442606743
Paktya,2018,3,82.43834781589939
Samangan,2018,3,156.5222452331829
Sar-e-Pul,2018,3,121.42794309473136
Takhar,2018,3,125.6468548007357
Wardak,2018,3,79.39791068396221
Zabul,2018,3,49.79671516676103
Khost,2018,4,74.5788869259457
Paktika,2018,4,24.073996595109076
Daykundi,2018,4,38.32698643208443
Panjsher,2018,4,74.48039666487334
Parwan,2018,4,98.93660358253241
Uruzgan,2018,4,34.33651363094999
Badakhshan,2018,4,49.241246828231716
Badghis,2018,4,38.20353492768733
Baghlan,2018,4,75.34066803193323
Balkh,2018,4,22.618977230276023
Bamyan,2018,4,39.58061111987652
Farah,2018,4,16.494682636839418
Faryab,2018,4,30.055432839578376
Ghazni,2018,4,26.841558856250053
Ghor,2018,4,35.34238460234084
Hilmand,2018,4,10.98365718845028
Hirat,2018,4,34.71626379823123
Jawzjan,2018,4,17.695680512835775
Kabul,2018,4,70.89498529583267
Kandahar,2018,4,17.8988436890877
Kapisa,2018,4,85.69951560531095
Kunar,2018,4,101.98301852847524
Kunduz,2018,4,51.91834169516577
Laghman,2018,4,91.32545904320362
Logar,2018,4,56.644235626989975
Nangarhar,2018,4,98.89789669449642
Nimroz,2018,4,4.462725125899431
Nuristan,2018,4,72.26295254920122
Paktya,2018,4,58.87696649462222
Samangan,2018,4,38.935313818494635
Sar-e-Pul,2018,4,42.22315442333353
Takhar,2018,4,74.32254255918642
Wardak,2018,4,45.395944089496545
Zabul,2018,4,29.519384744475698
Khost,2018,5,75.19208530584892
Paktika,2018,5,18.27979175006836
Daykundi,2018,5,35.565604053001415
Panjsher,2018,5,78.49641285706844
Parwan,2018,5,91.332463512451
Uruzgan,2018,5,14.64017339563691
Badakhshan,2018,5,95.20786100853462
Badghis,2018,5,30.874620073286838
Baghlan,2018,5,57.612352560088496
Balkh,2018,5,16.936736326335136
Bamyan,2018,5,46.9092755764617
Farah,2018,5,7.469129330876161
Faryab,2018,5,24.650134237525904
Ghazni,2018,5,23.870516312159097
Ghor,2018,5,33.53208388879088
Hilmand,2018,5,6.274649395116004
Hirat,2018,5,13.889246586998693
Jawzjan,2018,5,12.368082756658087
Kabul,2018,5,42.239769141045315
Kandahar,2018,5,4.833503563833747
Kapisa,2018,5,60.07823325392944
Kunar,2018,5,94.0483320121756
Kunduz,2018,5,38.90806975078163
Laghman,2018,5,61.28775054762842
Logar,2018,5,40.786826431764446
Nangarhar,2018,5,61.33297621770786
Nimroz,2018,5,2.527815571738823
Nuristan,2018,5,66.38988149188376
Paktya,2018,5,53.09308065115418
Samangan,2018,5,29.935176256747955
Sar-e-Pul,2018,5,27.81810796343374
Takhar,2018,5,71.86211665976674
Wardak,2018,5,45.4983392785573
Zabul,2018,5,10.814400162934284
Khost,2018,6,45.835271876072014
Paktika,2018,6,8.07677989644538
Daykundi,2018,6,0.2152537452559321
Panjsher,2018,6,24.33579092071332
Parwan,2018,6,9.969350826984892
Uruzgan,2018,6,0.11100294600700866
Badakhshan,2018,6,20.467428160197965
Badghis,2018,6,0
Baghlan,2018,6,6.216562184966879
Balkh,2018,6,0
Bamyan,2018,6,0.8729488316876284
Farah,2018,6,0
Faryab,2018,6,0
Ghazni,2018,6,1.5723293202946123
Ghor,2018,6,0.04151535172647005
Hilmand,2018,6,0
Hirat,2018,6,0.01661090145760599
Jawzjan,2018,6,0
Kabul,2018,6,8.966768766291354
Kandahar,2018,6,0
Kapisa,2018,6,6.403975958409296
Kunar,2018,6,27.764895511830478
Kunduz,2018,6,0
Laghman,2018,6,18.710232482118883
Logar,2018,6,11.479634174541594
Nangarhar,2018,6,24.971018565516285
Nimroz,2018,6,0
Nuristan,2018,6,25.00726513197667
Paktya,2018,6,24.189946278443394
Samangan,2018,6,0
Sar-e-Pul,2018,6,0
Takhar,2018,6,7.340320481821015
Wardak,2018,6,6.990545840982127
Zabul,2018,6,0.10851594938766977
Khost,2018,7,86.6588630279503
Paktika,2018,7,24.15147398105827
Daykundi,2018,7,0.7795185672675738
Panjsher,2018,7,12.25523004841214
Parwan,2018,7,4.3719633947080805
Uruzgan,2018,7,0.7501149859536317
Badakhshan,2018,7,26.900784255027183
Badghis,2018,7,0
Baghlan,2018,7,2.5983327631004407
Balkh,2018,7,0
Bamyan,2018,7,0.1097955210292436
Farah,2018,7,0
Faryab,2018,7,0
Ghazni,2018,7,5.406143144437265
Ghor,2018,7,0.11128653289218837
Hilmand,2018,7,0
Hirat,2018,7,0.008130295648644472
Jawzjan,2018,7,0
Kabul,2018,7,9.022150705973669
Kandahar,2018,7,0.2086613459737227
Kapisa,2018,7,7.0076259990413075
Kunar,2018,7,55.55386720122138
Kunduz,2018,7,0
Laghman,2018,7,14.111899398472955
Logar,2018,7,14.726734815825889
Nangarhar,2018,7,40.94857028413569
Nimroz,2018,7,0.003705758685351883
Nuristan,2018,7,20.00574520140674
Paktya,2018,7,38.01917120851951
Samangan,2018,7,0.011720021070621499
Sar-e-Pul,2018,7,0
Takhar,2018,7,7.467363414159958
Wardak,2018,7,5.383636141020321
Zabul,2018,7,2.381876714220567
Khost,2018,8,42.55498119529474
Paktika,2018,8,8.471396778926305
Daykundi,2018,8,0.8976910105431268
Panjsher,2018,8,2.4269574152380993
Parwan,2018,8,0.8083415812075945
Uruzgan,2018,8,0.19614925804998262
Badakhshan,2018,8,13.26916532990448
Badghis,2018,8,0.003944775595225351
Baghlan,2018,8,1.2219999118961882
Balkh,2018,8,0.012915708651815374
Bamyan,2018,8,0.13836986606292687
Farah,2018,8,0.011864628321559946
Faryab,2018,8,0.013771653312395025
Ghazni,2018,8,0.2860607427436275
Ghor,2018,8,0.12572952805662405
Hilmand,2018,8,0.11955844824040993
Hirat,2018,8,0.04197031283811538
Jawzjan,2018,8,0.01029838784700497
Kabul,2018,8,1.6247155868045082
Kandahar,2018,8,0.33461779586780105
Kapisa,2018,8,1.346477290213661
Kunar,2018,8,31.745279753219556
Kunduz,2018,8,0.08289107253325552
Laghman,2018,8,4.537646369386842
Logar,2018,8,3.312236542825011
Nangarhar,2018,8,15.62963197105825
Nimroz,2018,8,0.12465857965664298
Nuristan,2018,8,11.603483219691336
Paktya,2018,8,14.245767870328953
Samangan,2018,8,0.09429313129481577
Sar-e-Pul,2018,8,0.012427963624115109
Takhar,2018,8,2.276812401253398
Wardak,2018,8,0.07644799292412821
Zabul,2018,8,0.6761061962807046
Khost,2018,9,35.66421822279014
Paktika,2018,9,2.8892445647174285
Daykundi,2018,9,0.5020464768041959
Panjsher,2018,9,7.581156876735428
Parwan,2018,9,2.3207802345338537
Uruzgan,2018,9,0
Badakhshan,2018,9,3.579132135836015
Badghis,2018,9,0
Baghlan,2018,9,0.939833409142116
Balkh,2018,9,0.012447017833401498
Bamyan,2018,9,0.02085705222109966
Farah,2018,9,0.002224498332997934
Faryab,2018,9,0
Ghazni,2018,9,0.4294612904242523
Ghor,2018,9,0.039074159594360315
Hilmand,2018,9,0
Hirat,2018,9,0.037196790645489246
Jawzjan,2018,9,0.0160602546449654
Kabul,2018,9,1.4559862849460932
Kandahar,2018,9,0.0013381967916009806
Kapisa,2018,9,5.790722462410274
Kunar,2018,9,47.51577345866158
Kunduz,2018,9,0.004799190378415851
Laghman,2018,9,13.305088184854766
Logar,2018,9,1.186490398424639
Nangarhar,2018,9,15.53435016552722
Nimroz,2018,9,0.002753293441008243
Nuristan,2018,9,19.533652782713066
Paktya,2018,9,9.938331184325346
Samangan,2018,9,0.044610479029836274
Sar-e-Pul,2018,9,0.004940698128890032
Takhar,2018,9,1.4685757685890048
Wardak,2018,9,0.014514694548127932
Zabul,2018,9,0.26477254415875007
Khost,2018,10,20.294465151465367
Paktika,2018,10,1.566650592340169
Daykundi,2018,10,6.900340252666129
Panjsher,2018,10,90.16375345670987
Parwan,2018,10,41.361841463692535
Uruzgan,2018,10,0.3105372782681458
Badakhshan,2018,10,45.64902553190764
Badghis,2018,10,20.911461739207134
Baghlan,2018,10,51.933077892657586
Balkh,2018,10,14.482589620422099
Bamyan,2018,10,13.885941619479816
Farah,2018,10,2.380439342274194
Faryab,2018,10,17.297713270818026
Ghazni,2018,10,7.20140405094907
Ghor,2018,10,8.857453958924863
Hilmand,2018,10,0.7438421035149968
Hirat,2018,10,10.393180366573079
Jawzjan,2018,10,15.069779185039094
Kabul,2018,10,36.28965895619307
Kandahar,2018,10,0.05468837976956195
Kapisa,2018,10,47.81627527017141
Kunar,2018,10,97.12094209955711
Kunduz,2018,10,15.44768238994397
Laghman,2018,10,40.626610271552444
Logar,2018,10,25.258895847675955
Nangarhar,2018,10,28.418657444390572
Nimroz,2018,10,0.14050526899539179
Nuristan,2018,10,64.27525295471804
Paktya,2018,10,21.16051317540273
Samangan,2018,10,16.998772413768812
Sar-e-Pul,2018,10,14.701810554771393
Takhar,2018,10,45.74300789886527
Wardak,2018,10,22.097227042106667
Zabul,2018,10,0.6255339637840962
Khost,2018,11,14.84232879975123
Paktika,2018,11,8.843337383220573
Daykundi,2018,11,21.254640207322133
Panjsher,2018,11,29.578988337245626
Parwan,2018,11,29.148091329714404
Uruzgan,2018,11,20.49951710303775
Badakhshan,2018,11,36.49486611212898
Badghis,2018,11,33.04757101058112
Baghlan,2018,11,41.9104547986088
Balkh,2018,11,22.841239591999983
Bamyan,2018,11,26.207723091879505
Farah,2018,11,9.120524811477223
Faryab,2018,11,33.5887594307142
Ghazni,2018,11,16.885058669965286
Ghor,2018,11,30.69805455694413
Hilmand,2018,11,7.995264601507717
Hirat,2018,11,17.386075439420782
Jawzjan,2018,11,20.913091272593466
Kabul,2018,11,18.8015027791241
Kandahar,2018,11,8.230698992042706
Kapisa,2018,11,18.026482982465332
Kunar,2018,11,38.34773176883353
Kunduz,2018,11,33.187246794685734
Laghman,2018,11,17.250778839892902
Logar,2018,11,17.8209633953535
Nangarhar,2018,11,18.82331462402289
Nimroz,2018,11,3.0262329279139055
Nuristan,2018,11,24.42438332989043
Paktya,2018,11,16.963046857804656
Samangan,2018,11,35.866352743246814
Sar-e-Pul,2018,11,48.12748476022793
Takhar,2018,11,41.46477752668471
Wardak,2018,11,16.11168762984475
Zabul,2018,11,14.1083553053459
Khost,2018,12,22.51955151129771
Paktika,2018,12,21.72010413119004
Daykundi,2018,12,34.824367315775135
Panjsher,2018,12,33.028101238630775
Parwan,2018,12,59.88618805577201
Uruzgan,2018,12,47.811159238190946
Badakhshan,2018,12,16.3919006913125
Badghis,2018,12,25.2324623916589
Baghlan,2018,12,49.172673337674894
Balkh,2018,12,23.455861920259512
Bamyan,2018,12,47.68992228425383
Farah,2018,12,9.989904527277417
Faryab,2018,12,30.71688206020409
Ghazni,2018,12,32.05125639258315
Ghor,2018,12,28.79080898259412
Hilmand,2018,12,12.790147974621771
Hirat,2018,12,15.914295773126268
Jawzjan,2018,12,20.64533502655424
Kabul,2018,12,40.66526165843067
Kandahar,2018,12,16.30337803530097
Kapisa,2018,12,39.4730917491178
Kunar,2018,12,23.945014691559326
Kunduz,2018,12,20.93258235718887
Laghman,2018,12,18.296159337809957
Logar,2018,12,44.98601957146969
Nangarhar,2018,12,22.420296534651044
Nimroz,2018,12,4.120182374875495
Nuristan,2018,12,16.983691785719895
Paktya,2018,12,45.75640755634554
Samangan,2018,12,45.65899017547502
Sar-e-Pul,2018,12,39.645765366831625
Takhar,2018,12,22.90032464735615
Wardak,2018,12,34.92362469035007
Zabul,2018,12,35.080845461089126
Khost,2019,1,43.655827207256365
Paktika,2019,1,39.72334099480657
Daykundi,2019,1,68.57977356245823
Panjsher,2019,1,62.947990301949076
Parwan,2019,1,94.00291722836758
Uruzgan,2019,1,43.61285489321462
Badakhshan,2019,1,66.14215862887707
Badghis,2019,1,87.40321115042437
Baghlan,2019,1,108.50710526018378
Balkh,2019,1,84.62971983501866
Bamyan,2019,1,91.29763017529658
Farah,2019,1,26.634407340582406
Faryab,2019,1,93.69645021660851
Ghazni,2019,1,40.56686180949119
Ghor,2019,1,81.4971128908641
Hilmand,2019,1,26.182520067563292
Hirat,2019,1,57.66929734993447
Jawzjan,2019,1,93.17573742157406
Kabul,2019,1,66.2301525709161
Kandahar,2019,1,40.21415793498935
Kapisa,2019,1,62.69428376723632
Kunar,2019,1,76.39027592338972
Kunduz,2019,1,89.93340954756789
Laghman,2019,1,36.23313135535003
Logar,2019,1,59.93400895777414
Nangarhar,2019,1,63.01615774785242
Nimroz,2019,1,17.026996078613635
Nuristan,2019,1,49.95277553261365
Paktya,2019,1,54.573494953112
Samangan,2019,1,94.22949429382444
Sar-e-Pul,2019,1,81.06222834350201
Takhar,2019,1,100.05231673106522
Wardak,2019,1,75.95059355847596
Zabul,2019,1,40.64498626663843
Khost,2019,2,111.86586840191335
Paktika,2019,2,79.4622416328958
Daykundi,2019,2,104.53355934355159
Panjsher,2019,2,142.77838473042095
Parwan,2019,2,182.5871988516876
Uruzgan,2019,2,112.91622361874948
Badakhshan,2019,2,63.15031569557976
Badghis,2019,2,137.36716380080205
Baghlan,2019,2,169.7318252358339
Balkh,2019,2,90.42111787394667
Bamyan,2019,2,107.94491785948644
Farah,2019,2,45.25232783919517
Faryab,2019,2,143.34431472528217
Ghazni,2019,2,86.54321303181544
Ghor,2019,2,105.04559010410028
Hilmand,2019,2,54.71527742475764
Hirat,2019,2,108.05127689563471
Jawzjan,2019,2,79.44745669991136
Kabul,2019,2,144.12491953648276
Kandahar,2019,2,76.93892505242634
Kapisa,2019,2,153.37091675014656
Kunar,2019,2,111.57702841173261
Kunduz,2019,2,84.1841005710629
Laghman,2019,2,102.46004194635225
Logar,2019,2,140.08613073415964
Nangarhar,2019,2,95.54024991935177
Nimroz,2019,2,27.1495339373798
Nuristan,2019,2,105.56676287688342
Paktya,2019,2,127.9080325110336
Samangan,2019,2,160.51993597684228
Sar-e-Pul,2019,2,127.9870248587387
Takhar,2019,2,108.64627988234047
Wardak,2019,2,104.50435204629812
Zabul,2019,2,127.80366722529422
Khost,2019,3,83.44311953057917
Paktika,2019,3,76.87744291668037
Daykundi,2019,3,60.37414716747748
Panjsher,2019,3,113.67177957875106
Parwan,2019,3,127.05155973021758
Uruzgan,2019,3,135.0294966906313
Badakhshan,2019,3,57.606303725022535
Badghis,2019,3,122.23682492735493
Baghlan,2019,3,111.3165897103869
Balkh,2019,3,49.53843163546314
Bamyan,2019,3,64.85480839008011
Farah,2019,3,57.28938296576143
Faryab,2019,3,118.59463179578233
Ghazni,2019,3,73.05114072878078
Ghor,2019,3,56.43092788729761
Hilmand,2019,3,107.42514697502271
Hirat,2019,3,83.56966646578569
Jawzjan,2019,3,59.88036973327799
Kabul,2019,3,124.01723336625405
Kandahar,2019,3,121.27481316494305
Kapisa,2019,3,119.81394405160304
Kunar,2019,3,140.75765690257867
Kunduz,2019,3,53.08843881961481
Laghman,2019,3,109.81743641661683
Logar,2019,3,119.42963310054
Nangarhar,2019,3,105.87387076401784
Nimroz,2019,3,66.48628261044728
Nuristan,2019,3,103.71631531079566
Paktya,2019,3,103.7183795706815
Samangan,2019,3,83.38794709919303
Sar-e-Pul,2019,3,96.47907390925025
Takhar,2019,3,85.18228256131559
Wardak,2019,3,82.3570568993269
Zabul,2019,3,121.6584488663546
Khost,2019,4,91.67573478839357
Paktika,2019,4,46.72020584934886
Daykundi,2019,4,74.44142080843798
Panjsher,2019,4,112.60872491871967
Parwan,2019,4,119.23473055481799
Uruzgan,2019,4,81.30125836610544
Badakhshan,2019,4,96.33069471017637
Badghis,2019,4,121.8526498217585
Baghlan,2019,4,136.86956203524616
Balkh,2019,4,80.37471636575525
Bamyan,2019,4,79.2069622818885
Farah,2019,4,36.29540451707823
Faryab,2019,4,124.0478100572209
Ghazni,2019,4,51.37471203360463
Ghor,2019,4,84.44171439655429
Hilmand,2019,4,31.407674236395817
Hirat,2019,4,72.33693172427041
Jawzjan,2019,4,77.7878438975347
Kabul,2019,4,87.11476349152713
Kandahar,2019,4,56.467585959573796
Kapisa,2019,4,100.79434437698046
Kunar,2019,4,104.84275769380731
Kunduz,2019,4,129.21966338894399
Laghman,2019,4,97.8404535738301
Logar,2019,4,70.69242259377863
Nangarhar,2019,4,93.65935480916124
Nimroz,2019,4,15.364417486612485
Nuristan,2019,4,92.88669159797779
Paktya,2019,4,83.8549862804009
Samangan,2019,4,106.41854643898512
Sar-e-Pul,2019,4,133.16041070468773
Takhar,2019,4,158.09209174659037
Wardak,2019,4,63.51273609516052
Zabul,2019,4,84.11034252612133
Khost,2019,5,46.012700773471714
Paktika,2019,5,17.640482901749657
Daykundi,2019,5,22.045725708267398
Panjsher,2019,5,28.707470996192203
Parwan,2019,5,34.436293155268594
Uruzgan,2019,5,12.101175907954682
Badakhshan,2019,5,35.420867031228845
Badghis,2019,5,13.749686099165025
Baghlan,2019,5,24.6300228928056
Balkh,2019,5,10.34242120056108
Bamyan,2019,5,22.238371032200153
Farah,2019,5,6.864250641638618
Faryab,2019,5,12.940110440640726
Ghazni,2019,5,17.939253639242402
Ghor,2019,5,22.399301114581863
Hilmand,2019,5,7.475190231169956
Hirat,2019,5,8.238924129164925
Jawzjan,2019,5,6.805378502466899
Kabul,2019,5,15.958734337340218
Kandahar,2019,5,6.567693516705555
Kapisa,2019,5,23.428971985616304
Kunar,2019,5,30.723387782562884
Kunduz,2019,5,25.645661822113325
Laghman,2019,5,22.321603665845366
Logar,2019,5,17.673899620834593
Nangarhar,2019,5,20.26423005500968
Nimroz,2019,5,2.5967825742416517
Nuristan,2019,5,24.268604620739662
Paktya,2019,5,25.216474664929006
Samangan,2019,5,19.618006266916872
Sar-e-Pul,2019,5,19.414242064013017
Takhar,2019,5,36.06922043284382
Wardak,2019,5,20.150741189738046
Zabul,2019,5,10.287216832250762
Khost,2019,6,26.885934032140877
Paktika,2019,6,8.584317794802352
Daykundi,2019,6,3.4715251439885835
Panjsher,2019,6,16.610335021298656
Parwan,2019,6,7.622534746010025
Uruzgan,2019,6,0.5229830898527836
Badakhshan,2019,6,67.51795384019233
Badghis,2019,6,0.5223399217446324
Baghlan,2019,6,10.804413537305177
Balkh,2019,6,3.2426843455215644
Bamyan,2019,6,3.694240478861681
Farah,2019,6,0.19825174088313033
Faryab,2019,6,2.4335743425434746
Ghazni,2019,6,2.3987375626704512
Ghor,2019,6,3.3709468645171223
Hilmand,2019,6,0.12261966893010443
Hirat,2019,6,0.18583277025811676
Jawzjan,2019,6,1.0741641864756
Kabul,2019,6,4.660139242555459
Kandahar,2019,6,0.30602000303189425
Kapisa,2019,6,5.275279190160845
Kunar,2019,6,20.03323420633263
Kunduz,2019,6,11.044847593716183
Laghman,2019,6,11.16067026932147
Logar,2019,6,5.372877580511173
Nangarhar,2019,6,13.628325473835087
Nimroz,2019,6,0.019396448833067757
Nuristan,2019,6,19.529519454967023
Paktya,2019,6,13.296435261431707
Samangan,2019,6,4.910151836137682
Sar-e-Pul,2019,6,3.737160947817963
Takhar,2019,6,24.069955698752036
Wardak,2019,6,3.4318879954670267
Zabul,2019,6,0.66903655472666
Khost,2019,7,78.34956723267616
Paktika,2019,7,32.96381019622189
Daykundi,2019,7,0.9177111433781193
Panjsher,2019,7,11.646095732835965
Parwan,2019,7,6.029058412743533
Uruzgan,2019,7,0.7501149824516439
Badakhshan,2019,7,24.611446678837574
Badghis,2019,7,0
Baghlan,2019,7,3.3500211682589778
Balkh,2019,7,0
Bamyan,2019,7,0.2727986155064315
Farah,2019,7,0
Faryab,2019,7,0
Ghazni,2019,7,7.342279488014371
Ghor,2019,7,0.12419889331396192
Hilmand,2019,7,0
Hirat,2019,7,0.008130250091225137
Jawzjan,2019,7,0
Kabul,2019,7,8.122929909197765
Kandahar,2019,7,0.2652022895974804
Kapisa,2019,7,5.145553553229286
Kunar,2019,7,19.682552383640893
Kunduz,2019,7,0
Laghman,2019,7,4.912840360812809
Logar,2019,7,13.196846395101323
Nangarhar,2019,7,20.72645649407669
Nimroz,2019,7,0.003705738813437793
Nuristan,2019,7,9.786309322110641
Paktya,2019,7,34.89647708964685
Samangan,2019,7,0.0765746785226594
Sar-e-Pul,2019,7,0
Takhar,2019,7,7.405985522555677
Wardak,2019,7,7.130193738295978
Zabul,2019,7,2.8929049661049757
Khost,2019,8,97.52593753580015
Paktika,2019,8,14.949241059418254
Daykundi,2019,8,0.5545185066633688
Panjsher,2019,8,2.787487636807637
Parwan,2019,8,0.11595549627744932
Uruzgan,2019,8,0.14041487535771155
Badakhshan,2019,8,12.866749306579756
Badghis,2019,8,0
Baghlan,2019,8,0.5381790346117282
Balkh,2019,8,0
Bamyan,2019,8,0.013064366765332848
Farah,2019,8,0.00015051712897681655
Faryab,2019,8,0
Ghazni,2019,8,0.24388319724124036
Ghor,2019,8,0.04776891683184694
Hilmand,2019,8,0.001011618705082999
Hirat,2019,8,0.0038192352021651074
Jawzjan,2019,8,0
Kabul,2019,8,1.9460828660491525
Kandahar,2019,8,0.2882878897696707
Kapisa,2019,8,2.0526720350904104
Kunar,2019,8,57.167788378257235
Kunduz,2019,8,0
Laghman,2019,8,14.165281903713277
Logar,2019,8,4.551608904449512
Nangarhar,2019,8,35.935619463544896
Nimroz,2019,8,0.0001262225386839387
Nuristan,2019,8,17.168273001159054
Paktya,2019,8,24.252228442424048
Samangan,2019,8,0
Sar-e-Pul,2019,8,0
Takhar,2019,8,1.7350597231860259
Wardak,2019,8,4.525197896461967e-05
Zabul,2019,8,0.7400259025916078
Khost,2019,9,15.944233823704925
Paktika,2019,9,1.6615039395947298
Daykundi,2019,9,0.4833569608047799
Panjsher,2019,9,1.7158468003025529
Parwan,2019,9,1.7477396372197662
Uruzgan,2019,9,0
Badakhshan,2019,9,2.535489217515436
Badghis,2019,9,0
Baghlan,2019,9,0.2519146134150824
Balkh,2019,9,0
Bamyan,2019,9,0.019368599441584283
Farah,2019,9,0
Faryab,2019,9,0
Ghazni,2019,9,0.3744701907726695
Ghor,2019,9,0.039074160174281766
Hilmand,2019,9,0
Hirat,2019,9,0
Jawzjan,2019,9,0
Kabul,2019,9,0.14816564123536974
Kandahar,2019,9,0.0013381901792513294
Kapisa,2019,9,1.5040894286330577
Kunar,2019,9,24.302531291227837
Kunduz,2019,9,0
Laghman,2019,9,4.892611478122218
Logar,2019,9,0.4383756231406301
Nangarhar,2019,9,3.930303774985214
Nimroz,2019,9,0.0027532905482612552
Nuristan,2019,9,10.285283934549525
Paktya,2019,9,4.518844095373124
Samangan,2019,9,0.04345764618560401
Sar-e-Pul,2019,9,0
Takhar,2019,9,0.9120219960014172
Wardak,2019,9,0
Zabul,2019,9,0.2374026961564039
Khost,2019,10,20.555071160020827
Paktika,2019,10,3.933412810143742
Daykundi,2019,10,12.463841486236154
Panjsher,2019,10,40.23431331687174
Parwan,2019,10,19.561174138120137
Uruzgan,2019,10,4.8705896536471585
Badakhshan,2019,10,26.361624684091357
Badghis,2019,10,13.745046034791097
Baghlan,2019,10,19.740479472468458
Balkh,2019,10,4.778510665124607
Bamyan,2019,10,10.590964160343436
Farah,2019,10,1.6984235090322057
Faryab,2019,10,9.100366784388438
Ghazni,2019,10,7.444540512601025
Ghor,2019,10,12.345498391367428
Hilmand,2019,10,1.3349810448784525
Hirat,2019,10,6.894667202760852
Jawzjan,2019,10,5.519861682310686
Kabul,2019,10,17.22325243648629
Kandahar,2019,10,2.7410701539841433
Kapisa,2019,10,30.36470916575605
Kunar,2019,10,53.87208200949797
Kunduz,2019,10,6.447698347516074
Laghman,2019,10,31.5615908118528
Logar,2019,10,13.736061263293639
Nangarhar,2019,10,32.3522232959529
Nimroz,2019,10,0.05475548136091619
Nuristan,2019,10,35.980343492459234
Paktya,2019,10,14.927934100728718
Samangan,2019,10,10.194852490025868
Sar-e-Pul,2019,10,9.825391577222527
Takhar,2019,10,17.742959298860608
Wardak,2019,10,9.59043226623654
Zabul,2019,10,3.0731204675171737
Khost,2019,11,32.51033161950091
Paktika,2019,11,23.1694705375442
Daykundi,2019,11,51.477901227418464
Panjsher,2019,11,64.28828900143961
Parwan,2019,11,60.40876879275471
Uruzgan,2019,11,50.08595072196647
Badakhshan,2019,11,43.05158365169797
Badghis,2019,11,31.16193238239205
Baghlan,2019,11,59.99343456555388
Balkh,2019,11,20.526138577873716
Bamyan,2019,11,36.88596362237161
Farah,2019,11,12.571769024640865
Faryab,2019,11,35.77609474176743
Ghazni,2019,11,33.36678407972369
Ghor,2019,11,51.597077220196844
Hilmand,2019,11,15.272345450402392
Hirat,2019,11,20.02341565811379
Jawzjan,2019,11,16.985609850872354
Kabul,2019,11,40.756308351388746
Kandahar,2019,11,27.519543388872282
Kapisa,2019,11,47.18032091886748
Kunar,2019,11,91.55764590444029
Kunduz,2019,11,39.300162468521314
Laghman,2019,11,40.68728720578923
Logar,2019,11,39.13187174061084
Nangarhar,2019,11,48.53298343200853
Nimroz,2019,11,4.883011686356257
Nuristan,2019,11,60.62905621376128
Paktya,2019,11,37.3664155824972
Samangan,2019,11,47.44820146310993
Sar-e-Pul,2019,11,55.23264968977427
Takhar,2019,11,54.27117693565078
Wardak,2019,11,32.17768519939392
Zabul,2019,11,48.14325203948612
Khost,2019,12,9.444884880115449
Paktika,2019,12,10.726839086982867
Daykundi,2019,12,21.60609711978631
Panjsher,2019,12,10.800111779714433
Parwan,2019,12,16.395861920114942
Uruzgan,2019,12,29.929896513683588
Badakhshan,2019,12,10.31033495498971
Badghis,2019,12,31.31579923302899
Baghlan,2019,12,20.8252998518515
Balkh,2019,12,27.342614471227243
Bamyan,2019,12,22.70582972212699
Farah,2019,12,17.734482155852373
Faryab,2019,12,35.169249799807716
Ghazni,2019,12,12.347476491861693
Ghor,2019,12,32.7220493539961
Hilmand,2019,12,19.499040228683278
Hirat,2019,12,22.840423907463844
Jawzjan,2019,12,21.96955436327258
Kabul,2019,12,10.23532469574658
Kandahar,2019,12,25.101541905357568
Kapisa,2019,12,12.067278760588868
Kunar,2019,12,14.429265806195927
Kunduz,2019,12,12.855994111917504
Laghman,2019,12,7.366464924329906
Logar,2019,12,14.257384311407392
Nangarhar,2019,12,11.004579223315176
Nimroz,2019,12,10.774086975731347
Nuristan,2019,12,11.524175705645805
Paktya,2019,12,16.229198422806405
Samangan,2019,12,33.067533186784736
Sar-e-Pul,2019,12,38.70149215407689
Takhar,2019,12,13.529533154340076
Wardak,2019,12,9.53065761227663
Zabul,2019,12,24.931088800794296
Khost,2020,1,63.60166845022171
Paktika,2020,1,59.37196743661842
Daykundi,2020,1,70.97507917747826
Panjsher,2020,1,56.49716411464006
Parwan,2020,1,87.28644763801798
Uruzgan,2020,1,88.98739090575921
Badakhshan,2020,1,28.7205971073036
Badghis,2020,1,61.362393737980206
Baghlan,2020,1,56.70591002147453
Balkh,2020,1,31.592495438672675
Bamyan,2020,1,63.32637495736272
Farah,2020,1,70.00155934763863
Faryab,2020,1,53.84137614162868
Ghazni,2020,1,61.299915888501545
Ghor,2020,1,72.73971125701428
Hilmand,2020,1,87.72434038232447
Hirat,2020,1,77.64484771396191
Jawzjan,2020,1,40.366727334749974
Kabul,2020,1,73.45021608112204
Kandahar,2020,1,109.0305993281416
Kapisa,2020,1,68.41244697226097
Kunar,2020,1,78.63747958261197
Kunduz,2020,1,33.74187201017576
Laghman,2020,1,40.28567011313356
Logar,2020,1,71.88785026942965
Nangarhar,2020,1,74.99133000927647
Nimroz,2020,1,72.00210651197558
Nuristan,2020,1,47.90038651901524
Paktya,2020,1,80.24005467779553
Samangan,2020,1,45.55956085741811
Sar-e-Pul,2020,1,43.66575071981117
Takhar,2020,1,40.14152412069073
Wardak,2020,1,66.19375285773056
Zabul,2020,1,73.19795754224288
Khost,2020,2,45.46112785824946
Paktika,2020,2,37.10275927534216
Daykundi,2020,2,40.93862978386657
Panjsher,2020,2,78.21948198318377
Parwan,2020,2,89.47978522576383
Uruzgan,2020,2,48.7132581734739
Badakhshan,2020,2,20.378797213081913
Badghis,2020,2,53.174008286370125
Baghlan,2020,2,71.83577240297996
Balkh,2020,2,51.674248601093524
Bamyan,2020,2,55.41675800914101
Farah,2020,2,16.807927383451972
Faryab,2020,2,67.44496670428227
Ghazni,2020,2,44.34879262727402
Ghor,2020,2,27.398952889468845
Hilmand,2020,2,29.015197736779356
Hirat,2020,2,32.99450204082838
Jawzjan,2020,2,42.559517836427574
Kabul,2020,2,64.90068626567965
Kandahar,2020,2,30.776927454907202
Kapisa,2020,2,64.38759481607372
Kunar,2020,2,57.22813625080717
Kunduz,2020,2,32.08717918777476
Laghman,2020,2,46.250236561299275
Logar,2020,2,74.94133160004492
Nangarhar,2020,2,69.77605645982267
Nimroz,2020,2,12.796469191196461
Nuristan,2020,2,45.0577682494972
Paktya,2020,2,56.375858273937595
Samangan,2020,2,78.79535793271852
Sar-e-Pul,2020,2,72.22567843331457
Takhar,2020,2,38.23717746856444
Wardak,2020,2,53.29272417877606
Zabul,2020,2,40.52952354958141
Khost,2020,3,156.26324204734215
Paktika,2020,3,85.08069163737564
Daykundi,2020,3,69.61940677280475
Panjsher,2020,3,118.41855494562546
Parwan,2020,3,156.19556696158455
Uruzgan,2020,3,95.91529847146872
Badakhshan,2020,3,40.53606393938203
Badghis,2020,3,113.50306696410267
Baghlan,2020,3,125.935659215579
Balkh,2020,3,41.98741068536692
Bamyan,2020,3,63.04002718840063
Farah,2020,3,48.34390799369474
Faryab,2020,3,78.16700850423084
Ghazni,2020,3,69.24779463888312
Ghor,2020,3,64.97875662748632
Hilmand,2020,3,36.30278013777139
Hirat,2020,3,89.51966884863933
Jawzjan,2020,3,35.64956988787738
Kabul,2020,3,159.57255212841258
Kandahar,2020,3,51.42582614744971
Kapisa,2020,3,134.2283045748675
Kunar,2020,3,153.90608869222046
Kunduz,2020,3,81.04872001167118
Laghman,2020,3,122.90093356952714
Logar,2020,3,176.21475622878222
Nangarhar,2020,3,155.77097604991124
Nimroz,2020,3,21.521761785929446
Nuristan,2020,3,93.82069503273077
Paktya,2020,3,173.62144822215527
Samangan,2020,3,88.70939984294793
Sar-e-Pul,2020,3,71.66053831253369
Takhar,2020,3,90.84242272727028
Wardak,2020,3,98.4228761371613
Zabul,2020,3,73.70645171921444
Khost,2020,4,124.40697378993771
Paktika,2020,4,45.02726523939983
Daykundi,2020,4,96.12330170825626
Panjsher,2020,4,128.45840776084785
Parwan,2020,4,175.77194533376257
Uruzgan,2020,4,56.417565514678195
Badakhshan,2020,4,75.34060405884638
Badghis,2020,4,106.89576735176912
Baghlan,2020,4,142.93336913639376
Balkh,2020,4,59.33332433234823
Bamyan,2020,4,91.32506047036843
Farah,2020,4,32.15077497524683
Faryab,2020,4,88.95969120634358
Ghazni,2020,4,61.95036080984862
Ghor,2020,4,83.5396182250007
Hilmand,2020,4,20.91183851897279
Hirat,2020,4,76.81733232057603
Jawzjan,2020,4,55.60059471079878
Kabul,2020,4,141.3050907516935
Kandahar,2020,4,23.105235223973683
Kapisa,2020,4,150.13893003729152
Kunar,2020,4,170.07289973089138
Kunduz,2020,4,91.01066228052416
Laghman,2020,4,169.62102551805293
Logar,2020,4,119.8786722698033
Nangarhar,2020,4,174.87849758856868
Nimroz,2020,4,9.434811575366014
Nuristan,2020,4,119.17739870892262
Paktya,2020,4,123.98964690507317
Samangan,2020,4,90.55319952035784
Sar-e-Pul,2020,4,101.41966732347457
Takhar,2020,4,119.25151041270774
Wardak,2020,4,87.86852310755737
Zabul,2020,4,40.22136907610808
Khost,2020,5,44.883005867859644
Paktika,2020,5,24.329185123424793
Daykundi,2020,5,44.634317243178295
Panjsher,2020,5,61.78498859090911
Parwan,2020,5,81.45916283671971
Uruzgan,2020,5,16.591413458236516
Badakhshan,2020,5,58.32344246388145
Badghis,2020,5,31.94353559096602
Baghlan,2020,5,66.91306168788476
Balkh,2020,5,31.431783133816236
Bamyan,2020,5,47.15708164816192
Farah,2020,5,11.154445051300941
Faryab,2020,5,32.24947457693273
Ghazni,2020,5,27.53975948801286
Ghor,2020,5,42.056432797443044
Hilmand,2020,5,6.407243842508052
Hirat,2020,5,15.287330654016747
Jawzjan,2020,5,24.587371474025222
Kabul,2020,5,39.387942978901364
Kandahar,2020,5,6.460853632662432
Kapisa,2020,5,57.278700710538466
Kunar,2020,5,58.02843080180167
Kunduz,2020,5,57.24287784710237
Laghman,2020,5,52.76000172674955
Logar,2020,5,39.7342140586994
Nangarhar,2020,5,39.293380700154714
Nimroz,2020,5,3.0145977826521735
Nuristan,2020,5,49.50743427517397
Paktya,2020,5,41.47200743186897
Samangan,2020,5,45.66658176656438
Sar-e-Pul,2020,5,36.51603378753044
Takhar,2020,5,71.19562810449999
Wardak,2020,5,45.27015097681429
Zabul,2020,5,12.538373600627951
Khost,2020,6,21.89325245795967
Paktika,2020,6,5.88277743326461
Daykundi,2020,6,2.0980087103137546
Panjsher,2020,6,14.3315229312678
Parwan,2020,6,4.887988566324076
Uruzgan,2020,6,1.0396066269736148
Badakhshan,2020,6,29.05503910264999
Badghis,2020,6,0.853972123654169
Baghlan,2020,6,4.666532054296111
Balkh,2020,6,1.079620046060205
Bamyan,2020,6,2.0102470698051427
Farah,2020,6,0.31455384277140885
Faryab,2020,6,1.0008065616228927
Ghazni,2020,6,2.1798604038684686
Ghor,2020,6,1.102400385239383
Hilmand,2020,6,0.36209693667814247
Hirat,2020,6,0.45610206228376426
Jawzjan,2020,6,0.6057731129106266
Kabul,2020,6,4.156514978696418
Kandahar,2020,6,0.7097004252014526
Kapisa,2020,6,4.840083466362211
Kunar,2020,6,18.3534052441457
Kunduz,2020,6,2.1182453296915353
Laghman,2020,6,11.250450829629902
Logar,2020,6,4.869984854513458
Nangarhar,2020,6,12.589402080627357
Nimroz,2020,6,0.1312242731827631
Nuristan,2020,6,17.284087681307835
Paktya,2020,6,10.163282468934895
Samangan,2020,6,1.564954553461647
Sar-e-Pul,2020,6,1.030287048970814
Takhar,2020,6,9.79130563845502
Wardak,2020,6,3.321063222919555
Zabul,2020,6,1.355628910422354
Khost,2020,7,40.239121384918704
Paktika,2020,7,23.026882619788175
Daykundi,2020,7,1.9539973980140903
Panjsher,2020,7,11.616312097075161
Parwan,2020,7,3.7415794965632436
Uruzgan,2020,7,1.498719691288613
Badakhshan,2020,7,41.68049691449431
Badghis,2020,7,0.3328550528767882
Baghlan,2020,7,3.493573857263256
Balkh,2020,7,0.3581719990843488
Bamyan,2020,7,1.325332904235061
Farah,2020,7,0.013377473378870167
Faryab,2020,7,0.40149735493547717
Ghazni,2020,7,5.618368560637262
Ghor,2020,7,0.7560389771509631
Hilmand,2020,7,0.6938453669554384
Hirat,2020,7,0.08306489840941207
Jawzjan,2020,7,0.1835830645387651
Kabul,2020,7,3.8415946358016644
Kandahar,2020,7,1.9546038463922024
Kapisa,2020,7,3.277720060553827
Kunar,2020,7,53.018777880303375
Kunduz,2020,7,0.5814326685791869
Laghman,2020,7,3.9039571058548104
Logar,2020,7,7.228409279274027
Nangarhar,2020,7,12.02176331925416
Nimroz,2020,7,0.33773064904724676
Nuristan,2020,7,28.148583679506977
Paktya,2020,7,19.3985112654514
Samangan,2020,7,1.1911890223875794
Sar-e-Pul,2020,7,0.791974957205198
Takhar,2020,7,10.205763054072664
Wardak,2020,7,4.49938729417086
Zabul,2020,7,3.738776393476235
Khost,2020,8,41.96339830565885
Paktika,2020,8,9.350127497289906
Daykundi,2020,8,0.5545185158447237
Panjsher,2020,8,2.6610645722790385
Parwan,2020,8,0.3761156901482559
Uruzgan,2020,8,0.09057529774635094
Badakhshan,2020,8,11.720819447750648
Badghis,2020,8,0
Baghlan,2020,8,0.6378408010518173
Balkh,2020,8,0
Bamyan,2020,8,0.013056508522095849
Farah,2020,8,0
Faryab,2020,8,0
Ghazni,2020,8,0.08941155634531534
Ghor,2020,8,0.04776891613000128
Hilmand,2020,8,0.04770139861601291
Hirat,2020,8,0.0038192587040084157
Jawzjan,2020,8,0
Kabul,2020,8,2.3408876897617805
Kandahar,2020,8,0.3659085031303557
Kapisa,2020,8,1.2381972557803291
Kunar,2020,8,23.53276908430403
Kunduz,2020,8,0
Laghman,2020,8,6.1479724348652605
Logar,2020,8,3.6779127330855865
Nangarhar,2020,8,16.852641222752847
Nimroz,2020,8,0.0006406297632223445
Nuristan,2020,8,6.709630814416568
Paktya,2020,8,14.439282168019982
Samangan,2020,8,0
Sar-e-Pul,2020,8,0
Takhar,2020,8,1.5837897414624558
Wardak,2020,8,0.06266135581239514
Zabul,2020,8,0.36982577217420537
Khost,2020,9,25.39038814248624
Paktika,2020,9,2.557819499503526
Daykundi,2020,9,1.2972100799815025
Panjsher,2020,9,5.255950174115121
Parwan,2020,9,2.865103659283672
Uruzgan,2020,9,0.07649754728438095
Badakhshan,2020,9,5.989518655810183
Badghis,2020,9,0.3151156619519863
Baghlan,2020,9,0.9432450355888552
Balkh,2020,9,0.34278981020994514
Bamyan,2020,9,0.6506124011990977
Farah,2020,9,0.013787308808183737
Faryab,2020,9,0.13029111858028972
Ghazni,2020,9,0.6751099575033018
Ghor,2020,9,0.20401677360653367
Hilmand,2020,9,0.12167686292262873
Hirat,2020,9,0.2333325795214552
Jawzjan,2020,9,0.21386134461204837
Kabul,2020,9,1.4430725478372894
Kandahar,2020,9,0.48309878300027753
Kapisa,2020,9,3.7821209478742293
Kunar,2020,9,72.95038568531318
Kunduz,2020,9,0.1535167799931499
Laghman,2020,9,11.511889227689359
Logar,2020,9,1.381913270261432
Nangarhar,2020,9,14.253326205306948
Nimroz,2020,9,0.02913096929191923
Nuristan,2020,9,29.182906661142002
Paktya,2020,9,7.418150700888372
Samangan,2020,9,0.2968334452268917
Sar-e-Pul,2020,9,0.1832628480223326
Takhar,2020,9,2.3575587414538663
Wardak,2020,9,0.5582050073754176
Zabul,2020,9,0.6311070589001521
Khost,2020,10,4.097660803682161
Paktika,2020,10,2.3304580878734584
Daykundi,2020,10,6.148811626669566
Panjsher,2020,10,10.516515173812968
Parwan,2020,10,5.511035829297243
Uruzgan,2020,10,3.6309683034755165
Badakhshan,2020,10,9.424401838662602
Badghis,2020,10,4.0055184469021174
Baghlan,2020,10,6.861209189803798
Balkh,2020,10,2.5311284049627987
Bamyan,2020,10,4.456620011211187
Farah,2020,10,1.884646800541779
Faryab,2020,10,3.216732920243903
Ghazni,2020,10,3.6435186687454992
Ghor,2020,10,6.080905562748318
Hilmand,2020,10,2.4385016675766376
Hirat,2020,10,2.254899331235664
Jawzjan,2020,10,2.632368550104696
Kabul,2020,10,3.041839572813312
Kandahar,2020,10,2.361688442604555
Kapisa,2020,10,4.745563680082226
Kunar,2020,10,13.79534544083562
Kunduz,2020,10,2.781154581776073
Laghman,2020,10,4.878879642432088
Logar,2020,10,3.493547321928517
Nangarhar,2020,10,5.333392487585986
Nimroz,2020,10,1.502300414820727
Nuristan,2020,10,10.776325363547954
Paktya,2020,10,4.109561064761301
Samangan,2020,10,3.2042598030099985
Sar-e-Pul,2020,10,3.263871925417078
Takhar,2020,10,6.147808880317994
Wardak,2020,10,3.7920627842320953
Zabul,2020,10,2.8998434496807395
Khost,2020,11,42.707385146043045
Paktika,2020,11,17.235517786149245
Daykundi,2020,11,44.04359201442737
Panjsher,2020,11,73.59477736221218
Parwan,2020,11,75.90047327778495
Uruzgan,2020,11,34.38476533712578
Badakhshan,2020,11,39.43423485073983
Badghis,2020,11,51.11227276498088
Baghlan,2020,11,76.47920665821616
Balkh,2020,11,24.932222964873418
Bamyan,2020,11,42.52102003826766
Farah,2020,11,13.665583945854692
Faryab,2020,11,43.185351501718095
Ghazni,2020,11,36.971597138628766
Ghor,2020,11,50.94030524374404
Hilmand,2020,11,7.56457877650267
Hirat,2020,11,33.8467576472407
Jawzjan,2020,11,14.643949652554092
Kabul,2020,11,49.9165791993149
Kandahar,2020,11,10.778286978306218
Kapisa,2020,11,61.37518217016167
Kunar,2020,11,51.31622287204469
Kunduz,2020,11,41.42447091951446
Laghman,2020,11,37.09508772019662
Logar,2020,11,45.95598656821491
Nangarhar,2020,11,37.956363729406974
Nimroz,2020,11,3.620082394288376
Nuristan,2020,11,40.04599311832132
Paktya,2020,11,46.43386927032076
Samangan,2020,11,57.842583594816
Sar-e-Pul,2020,11,79.41782657957677
Takhar,2020,11,62.02061119993641
Wardak,2020,11,37.8215429715116
Zabul,2020,11,26.062406003455024
Khost,2020,12,20.112785518081893
Paktika,2020,12,18.698519881966092
Daykundi,2020,12,18.793193939626487
Panjsher,2020,12,21.909447572675322
Parwan,2020,12,36.86302184824734
Uruzgan,2020,12,38.143421034026176
Badakhshan,2020,12,21.507404085516754
Badghis,2020,12,47.45743970871877
Baghlan,2020,12,44.43503001172935
Balkh,2020,12,42.94429180975763
Bamyan,2020,12,30.841009596079097
Farah,2020,12,13.269645893920917
Faryab,2020,12,48.29766118187838
Ghazni,2020,12,18.35173862592329
Ghor,2020,12,23.300553828995305
Hilmand,2020,12,15.228908535178492
Hirat,2020,12,25.673161138703485
Jawzjan,2020,12,32.02367975427217
Kabul,2020,12,19.21827086257312
Kandahar,2020,12,28.183904648201757
Kapisa,2020,12,21.984428468955542
Kunar,2020,12,18.436401871071613
Kunduz,2020,12,38.97014503984967
Laghman,2020,12,11.643165643404153
Logar,2020,12,26.446721084951882
Nangarhar,2020,12,17.721261589973402
Nimroz,2020,12,5.52514480509357
Nuristan,2020,12,14.720697402763705
Paktya,2020,12,32.09422450819311
Samangan,2020,12,55.57855952477718
Sar-e-Pul,2020,12,51.985581995181036
Takhar,2020,12,38.65651034277823
Wardak,2020,12,16.355408918748548
Zabul,2020,12,36.37008234972747
Khost,2021,1,11.833189239724145
Paktika,2021,1,11.739602319031635
Daykundi,2021,1,5.682428136745121
Panjsher,2021,1,12.035640599260669
Parwan,2021,1,13.252795645420145
Uruzgan,2021,1,8.534009465239661
Badakhshan,2021,1,9.246107282119613
Badghis,2021,1,16.924996886946158
Baghlan,2021,1,15.711690879472359
Balkh,2021,1,12.097778727661574
Bamyan,2021,1,9.163922194697795
Farah,2021,1,9.946371114136175
Faryab,2021,1,18.45704129507338
Ghazni,2021,1,4.763171279033848
Ghor,2021,1,8.597786449950767
Hilmand,2021,1,11.08183114404122
Hirat,2021,1,17.265648037164002
Jawzjan,2021,1,10.216169835505687
Kabul,2021,1,7.440483376960193
Kandahar,2021,1,11.162955953049588
Kapisa,2021,1,9.701166502499987
Kunar,2021,1,19.621190896759725
Kunduz,2021,1,12.538539055138775
Laghman,2021,1,6.573597787499831
Logar,2021,1,7.971350913466063
Nangarhar,2021,1,13.182828327736505
Nimroz,2021,1,8.485589169807838
Nuristan,2021,1,13.149767603840653
Paktya,2021,1,14.526594159300515
Samangan,2021,1,20.50703553278255
Sar-e-Pul,2021,1,14.905659790060438
Takhar,2021,1,15.498898524596443
Wardak,2021,1,6.396869321349567
Zabul,2021,1,6.572077443401277
Khost,2021,2,15.260822764315254
Paktika,2021,2,8.81703319632145
Daykundi,2021,2,11.825681450498765
Panjsher,2021,2,31.9595799417895
Parwan,2021,2,41.756792008704124
Uruzgan,2021,2,9.548825461918788
Badakhshan,2021,2,20.927551327022243
Badghis,2021,2,34.3149353507582
Baghlan,2021,2,32.72141291990242
Balkh,2021,2,27.857682309699086
Bamyan,2021,2,19.603635584387117
Farah,2021,2,13.941980090263598
Faryab,2021,2,25.56212088876581
Ghazni,2021,2,10.993286721240965
Ghor,2021,2,14.361537333787423
Hilmand,2021,2,13.921897318420257
Hirat,2021,2,30.08480193986301
Jawzjan,2021,2,15.733178459960529
Kabul,2021,2,21.258037783556617
Kandahar,2021,2,10.101365758922078
Kapisa,2021,2,23.62073842818282
Kunar,2021,2,17.114351477830716
Kunduz,2021,2,23.21925299148501
Laghman,2021,2,13.493115161586976
Logar,2021,2,25.577877227911305
Nangarhar,2021,2,25.448309352873032
Nimroz,2021,2,10.032480478152587
Nuristan,2021,2,15.365434004800745
Paktya,2021,2,23.858499940816653
Samangan,2021,2,46.93985798755618
Sar-e-Pul,2021,2,31.128644521200385
Takhar,2021,2,26.623407774305313
Wardak,2021,2,17.10495466181463
Zabul,2021,2,6.751041862660936
Khost,2021,3,65.90045953943866
Paktika,2021,3,39.2106063502909
Daykundi,2021,3,47.772119746452354
Panjsher,2021,3,145.99581078328114
Parwan,2021,3,152.45545054622292
Uruzgan,2021,3,57.13873367405216
Badakhshan,2021,3,136.48577034478518
Badghis,2021,3,82.55131376232681
Baghlan,2021,3,182.34677200703769
Balkh,2021,3,75.50091306277253
Bamyan,2021,3,70.98983744373051
Farah,2021,3,21.679742755217678
Faryab,2021,3,102.13966153409979
Ghazni,2021,3,43.977733674938584
Ghor,2021,3,45.265961192187476
Hilmand,2021,3,19.453935283459643
Hirat,2021,3,41.80021112747797
Jawzjan,2021,3,61.5640013525977
Kabul,2021,3,114.90746718839775
Kandahar,2021,3,29.71121896481646
Kapisa,2021,3,120.97375673510511
Kunar,2021,3,144.93729651322462
Kunduz,2021,3,136.1574520814577
Laghman,2021,3,106.37676438131663
Logar,2021,3,94.80368879528214
Nangarhar,2021,3,101.79039515714152
Nimroz,2021,3,9.552558452574
Nuristan,2021,3,128.26671767076465
Paktya,2021,3,83.80100698135367
Samangan,2021,3,137.07975055311962
Sar-e-Pul,2021,3,116.96956110998968
Takhar,2021,3,201.9124080905813
Wardak,2021,3,76.26188016721078
Zabul,2021,3,46.624021428434546
Khost,2021,4,77.35707863968409
Paktika,2021,4,26.52129640037114
Daykundi,2021,4,20.67450950360183
Panjsher,2021,4,49.819407404448064
Parwan,2021,4,74.20423064277996
Uruzgan,2021,4,14.274285780308727
Badakhshan,2021,4,33.12803985745823
Badghis,2021,4,15.988568929965236
Baghlan,2021,4,65.08051469201511
Balkh,2021,4,11.974119939088244
Bamyan,2021,4,32.08167499774367
Farah,2021,4,6.755443011870562
Faryab,2021,4,17.33708324692777
Ghazni,2021,4,26.119093747708476
Ghor,2021,4,14.879154265657142
Hilmand,2021,4,5.918526715685784
Hirat,2021,4,9.760108791502887
Jawzjan,2021,4,12.59046183450503
Kabul,2021,4,49.81874312161698
Kandahar,2021,4,7.796546361599457
Kapisa,2021,4,49.38381934780734
Kunar,2021,4,73.34159082131909
Kunduz,2021,4,58.352523306127466
Laghman,2021,4,54.62162273160163
Logar,2021,4,48.01171617123376
Nangarhar,2021,4,72.34357534872946
Nimroz,2021,4,3.0150378865074434
Nuristan,2021,4,47.280036226515115
Paktya,2021,4,64.39612367562361
Samangan,2021,4,31.324862022054038
Sar-e-Pul,2021,4,24.31176782511436
Takhar,2021,4,72.54878624467969
Wardak,2021,4,36.20490983460932
Zabul,2021,4,15.49128176198881
Khost,2021,5,48.02984371230898
Paktika,2021,5,19.852103114632666
Daykundi,2021,5,30.18103268400292
Panjsher,2021,5,39.341463018792744
Parwan,2021,5,56.634468461668895
Uruzgan,2021,5,16.48942818502359
Badakhshan,2021,5,31.754425313515842
Badghis,2021,5,28.6858793477366
Baghlan,2021,5,40.66140770742762
Balkh,2021,5,14.404498986101629
Bamyan,2021,5,28.57490080532443
Farah,2021,5,13.689202479063121
Faryab,2021,5,18.074413443374784
Ghazni,2021,5,20.58604447568831
Ghor,2021,5,27.46368007181318
Hilmand,2021,5,6.795981356035933
Hirat,2021,5,23.10168246630949
Jawzjan,2021,5,9.432810540988017
Kabul,2021,5,30.508895601519132
Kandahar,2021,5,5.833080409192319
Kapisa,2021,5,36.79970276903512
Kunar,2021,5,38.53740849894309
Kunduz,2021,5,23.348667067818194
Laghman,2021,5,30.848407515446098
Logar,2021,5,29.22752201546172
Nangarhar,2021,5,28.986245606975963
Nimroz,2021,5,3.9210725649541005
Nuristan,2021,5,28.68552567326857
Paktya,2021,5,35.45675962445826
Samangan,2021,5,28.731787878520997
Sar-e-Pul,2021,5,21.63011789213685
Takhar,2021,5,41.378821361424365
Wardak,2021,5,29.279479589465318
Zabul,2021,5,11.470262561479641
Khost,2021,6,21.294237009601215
Paktika,2021,6,7.145602735775852
Daykundi,2021,6,0.21524678449766682
Panjsher,2021,6,12.035161788648951
Parwan,2021,6,1.972335273630356
Uruzgan,2021,6,0.11100294175227399
Badakhshan,2021,6,21.922840825770002
Badghis,2021,6,0
Baghlan,2021,6,2.4080369242341475
Balkh,2021,6,0
Bamyan,2021,6,0.20652864978766974
Farah,2021,6,0
Faryab,2021,6,0
Ghazni,2021,6,0.32383095417394697
Ghor,2021,6,0.01255429261261879
Hilmand,2021,6,0
Hirat,2021,6,0.016610912937352527
Jawzjan,2021,6,0
Kabul,2021,6,1.1118177628568293
Kandahar,2021,6,0
Kapisa,2021,6,1.764964041946674
Kunar,2021,6,16.09394767629351
Kunduz,2021,6,0
Laghman,2021,6,9.683809172407503
Logar,2021,6,1.8842564070168943
Nangarhar,2021,6,11.008366662199064
Nimroz,2021,6,0
Nuristan,2021,6,15.326172993236677
Paktya,2021,6,7.746480612675652
Samangan,2021,6,0
Sar-e-Pul,2021,6,0
Takhar,2021,6,6.1082549799890735
Wardak,2021,6,0.5402098646094987
Zabul,2021,6,0.1085405180321799
Khost,2021,7,125.41428614688272
Paktika,2021,7,41.10981056389777
Daykundi,2021,7,0.8441604044878408
Panjsher,2021,7,11.081745599483332
Parwan,2021,7,7.924631491760303
Uruzgan,2021,7,0.750114991735522
Badakhshan,2021,7,31.293421641572372
Badghis,2021,7,0
Baghlan,2021,7,3.073039627566374
Balkh,2021,7,0
Bamyan,2021,7,0.302872682315868
Farah,2021,7,0
Faryab,2021,7,0
Ghazni,2021,7,10.837735161903382
Ghor,2021,7,0.12100309815328149
Hilmand,2021,7,0.5619078290129373
Hirat,2021,7,0.008156711539739622
Jawzjan,2021,7,0
Kabul,2021,7,13.933170708122812
Kandahar,2021,7,2.385240694221973
Kapisa,2021,7,8.278635754555618
Kunar,2021,7,40.63227378472275
Kunduz,2021,7,0
Laghman,2021,7,11.74281241518128
Logar,2021,7,24.18995237363651
Nangarhar,2021,7,36.51695307164031
Nimroz,2021,7,0.046407357837607396
Nuristan,2021,7,15.54067274656596
Paktya,2021,7,65.15009642512553
Samangan,2021,7,0.0163105262843694
Sar-e-Pul,2021,7,0
Takhar,2021,7,7.365260257225709
Wardak,2021,7,10.518867649408628
Zabul,2021,7,3.6244872127816006
Khost,2021,8,42.79341575434192
Paktika,2021,8,11.318342994077986
Daykundi,2021,8,0.5545185155720773
Panjsher,2021,8,1.4589726337913977
Parwan,2021,8,0.11061766947516166
Uruzgan,2021,8,0.09057529628237562
Badakhshan,2021,8,14.230138710248465
Badghis,2021,8,0
Baghlan,2021,8,0.4315334417126781
Balkh,2021,8,0
Bamyan,2021,8,0.013061784007077476
Farah,2021,8,0
Faryab,2021,8,0
Ghazni,2021,8,0.3028939775496799
Ghor,2021,8,0.04776891710747896
Hilmand,2021,8,0
Hirat,2021,8,0.003819920280897545
Jawzjan,2021,8,0
Kabul,2021,8,0.7352089266918594
Kandahar,2021,8,0.012544724646714954
Kapisa,2021,8,0.5119017005098728
Kunar,2021,8,35.82862715207557
Kunduz,2021,8,0
Laghman,2021,8,7.257470981720472
Logar,2021,8,3.0939255962065557
Nangarhar,2021,8,20.13433978000613
Nimroz,2021,8,0
Nuristan,2021,8,10.767735625904004
Paktya,2021,8,15.712039989200946
Samangan,2021,8,0
Sar-e-Pul,2021,8,0
Takhar,2021,8,1.6507126321416048
Wardak,2021,8,0
Zabul,2021,8,0.411042088084876
Khost,2021,9,30.62966471270528
Paktika,2021,9,1.9290599606001813
Daykundi,2021,9,0.5283867974557109
Panjsher,2021,9,3.5326420093565503
Parwan,2021,9,2.7332281859890597
Uruzgan,2021,9,0
Badakhshan,2021,9,2.4971460345871086
Badghis,2021,9,0
Baghlan,2021,9,0.4601700699970796
Balkh,2021,9,0
Bamyan,2021,9,0.053085371541392465
Farah,2021,9,0
Faryab,2021,9,0
Ghazni,2021,9,0.3846647501820485
Ghor,2021,9,0.0390741585410708
Hilmand,2021,9,0
Hirat,2021,9,0
Jawzjan,2021,9,0
Kabul,2021,9,0.46867248103508236
Kandahar,2021,9,0.0028386025177179626
Kapisa,2021,9,3.722530559181265
Kunar,2021,9,39.99837443408309
Kunduz,2021,9,0
Laghman,2021,9,13.923043968265931
Logar,2021,9,1.5692782700270582
Nangarhar,2021,9,17.089288395566793
Nimroz,2021,9,0.0027532901709464304
Nuristan,2021,9,13.662682232635166
Paktya,2021,9,10.235393688722
Samangan,2021,9,0.04880608391319085
Sar-e-Pul,2021,9,0
Takhar,2021,9,0.886480767524277
Wardak,2021,9,0
Zabul,2021,9,0.26266452911166976
Khost,2021,10,19.848047963206458
Paktika,2021,10,2.30895384011928
Daykundi,2021,10,4.8110624577425245
Panjsher,2021,10,26.91963911363071
Parwan,2021,10,15.11711302263987
Uruzgan,2021,10,0.09728514991205192
Badakhshan,2021,10,14.075405809241012
Badghis,2021,10,2.0546920488385916
Baghlan,2021,10,13.482837099824401
Balkh,2021,10,0.18564628060215804
Bamyan,2021,10,3.59147951087588
Farah,2021,10,0
Faryab,2021,10,0.6442328454493103
Ghazni,2021,10,4.254280208239451
Ghor,2021,10,5.098419719686823
Hilmand,2021,10,0.0666471847736078
Hirat,2021,10,0.4956198347735125
Jawzjan,2021,10,0.23155773342790312
Kabul,2021,10,10.57580431343428
Kandahar,2021,10,0
Kapisa,2021,10,16.115687456409994
Kunar,2021,10,26.055733526239234
Kunduz,2021,10,2.7980655663552145
Laghman,2021,10,14.659978848846322
Logar,2021,10,13.14243100583169
Nangarhar,2021,10,15.001399024831043
Nimroz,2021,10,0
Nuristan,2021,10,23.95242483001473
Paktya,2021,10,17.07479829005474
Samangan,2021,10,0.6855392544579335
Sar-e-Pul,2021,10,0.2808216849743298
Takhar,2021,10,12.838271804755632
Wardak,2021,10,8.409121115979042
Zabul,2021,10,0.5223333234430089
Khost,2021,11,2.647434039345655
Paktika,2021,11,0.10100672150535588
Daykundi,2021,11,10.10906452082245
Panjsher,2021,11,17.733692934547722
Parwan,2021,11,16.33678772743388
Uruzgan,2021,11,8.204871159334838
Badakhshan,2021,11,14.76559827610523
Badghis,2021,11,17.727257005027614
Baghlan,2021,11,23.9759271592264
Balkh,2021,11,11.794994564172548
Bamyan,2021,11,14.439952859506107
Farah,2021,11,3.04265528105514
Faryab,2021,11,18.77967823735694
Ghazni,2021,11,6.0486026093578955
Ghor,2021,11,14.742616678208615
Hilmand,2021,11,1.521628320655921
Hirat,2021,11,10.706828482857233
Jawzjan,2021,11,10.679474374443897
Kabul,2021,11,5.857716466128951
Kandahar,2021,11,2.144746531298252
Kapisa,2021,11,10.462744529847749
Kunar,2021,11,10.600438640268356
Kunduz,2021,11,18.15962831682901
Laghman,2021,11,5.191139773491325
Logar,2021,11,3.66422832132832
Nangarhar,2021,11,2.9114025670667254
Nimroz,2021,11,0.027796087418850587
Nuristan,2021,11,9.574495526938522
Paktya,2021,11,2.8974203733171966
Samangan,2021,11,24.472431744066647
Sar-e-Pul,2021,11,28.951724303956336
Takhar,2021,11,25.040439324608073
Wardak,2021,11,4.315084019708472
Zabul,2021,11,5.854629251615721
Khost,2021,12,18.897555420148098
Paktika,2021,12,12.61976237301346
Daykundi,2021,12,17.396105100980485
Panjsher,2021,12,32.6297052522581
Parwan,2021,12,47.027746711205495
Uruzgan,2021,12,31.507127791322507
Badakhshan,2021,12,18.94179351635432
Badghis,2021,12,28.51871048270585
Baghlan,2021,12,42.60522709131625
Balkh,2021,12,15.45387018799948
Bamyan,2021,12,27.002955348007333
Farah,2021,12,10.693570646303542
Faryab,2021,12,22.684837543231716
Ghazni,2021,12,19.20419306855943
Ghor,2021,12,23.600378637533282
Hilmand,2021,12,13.71854418562124
Hirat,2021,12,23.773562906648056
Jawzjan,2021,12,13.33237512117709
Kabul,2021,12,32.76745147499178
Kandahar,2021,12,19.984619120457502
Kapisa,2021,12,37.24211066833867
Kunar,2021,12,27.215152190071585
Kunduz,2021,12,22.04104644516019
Laghman,2021,12,23.338638741838437
Logar,2021,12,31.563156173967737
Nangarhar,2021,12,31.577430149989045
Nimroz,2021,12,3.265293067222684
Nuristan,2021,12,21.453589937946912
Paktya,2021,12,31.04082151384926
Samangan,2021,12,30.114888797086262
Sar-e-Pul,2021,12,22.936344261231163
Takhar,2021,12,36.320805265215114
Wardak,2021,12,24.518207990014094
Zabul,2021,12,27.13860662712876
Khost,2022,1,68.92857831874507
Paktika,2022,1,75.7570334041245
Daykundi,2022,1,47.08716987546005
Panjsher,2022,1,63.81285747568966
Parwan,2022,1,81.32179061142563
Uruzgan,2022,1,88.8408544561753
Badakhshan,2022,1,44.128934791136096
Badghis,2022,1,48.022894390340795
Baghlan,2022,1,69.88713205281762
Balkh,2022,1,36.894061888267096
Bamyan,2022,1,45.48156180468577
Farah,2022,1,45.511457858940794
Faryab,2022,1,43.0288742588003
Ghazni,2022,1,58.408514613440495
Ghor,2022,1,45.00188487194062
Hilmand,2022,1,45.936276040710176
Hirat,2022,1,59.18836251203058
Jawzjan,2022,1,35.07935322826531
Kabul,2022,1,72.48218870775881
Kandahar,2022,1,74.67880777878895
Kapisa,2022,1,73.66950218128332
Kunar,2022,1,113.07859287470839
Kunduz,2022,1,54.75402996461829
Laghman,2022,1,50.48284768084916
Logar,2022,1,75.70550325812327
Nangarhar,2022,1,90.15181043753277
Nimroz,2022,1,29.103552944973668
Nuristan,2022,1,68.42041698476086
Paktya,2022,1,85.38023645937528
Samangan,2022,1,53.9185398645602
Sar-e-Pul,2022,1,39.13372216194418
Takhar,2022,1,66.02440684335721
Wardak,2022,1,56.43184478949448
Zabul,2022,1,59.64024497301679
Khost,2022,2,19.79651307481681
Paktika,2022,2,11.836263799643852
Daykundi,2022,2,20.614296493453562
Panjsher,2022,2,64.7325793109659
Parwan,2022,2,74.54376910197936
Uruzgan,2022,2,15.672531486020569
Badakhshan,2022,2,16.539224967975304
Badghis,2022,2,39.3217145584959
Baghlan,2022,2,45.988927692454936
Balkh,2022,2,35.81793737396273
Bamyan,2022,2,30.620005663162267
Farah,2022,2,14.043110477197592
Faryab,2022,2,34.71800122970608
Ghazni,2022,2,13.318157409851114
Ghor,2022,2,21.74747803365133
Hilmand,2022,2,13.500891391945899
Hirat,2022,2,35.561463194792964
Jawzjan,2022,2,18.89331642193549
Kabul,2022,2,51.63429818438556
Kandahar,2022,2,10.706374114936219
Kapisa,2022,2,48.401857279561554
Kunar,2022,2,24.473520030164906
Kunduz,2022,2,25.694042262199204
Laghman,2022,2,28.652306933556034
Logar,2022,2,50.461661994622084
Nangarhar,2022,2,51.48702272772492
Nimroz,2022,2,8.323121611363455
Nuristan,2022,2,28.67083909469658
Paktya,2022,2,33.94333700921504
Samangan,2022,2,61.80071804639645
Sar-e-Pul,2022,2,37.92561371738651
Takhar,2022,2,29.554590159020897
Wardak,2022,2,27.426899698818943
Zabul,2022,2,9.68063597442438
Khost,2022,3,33.482512197319586
Paktika,2022,3,30.052803450894803
Daykundi,2022,3,35.65879405595876
Panjsher,2022,3,86.90290794703046
Parwan,2022,3,79.35834217411377
Uruzgan,2022,3,43.61438556851896
Badakhshan,2022,3,73.22745504369745
Badghis,2022,3,57.50957023665532
Baghlan,2022,3,85.13260865663482
Balkh,2022,3,41.49662426261151
Bamyan,2022,3,44.45732230608777
Farah,2022,3,20.364374993844706
Faryab,2022,3,76.35762738036337
Ghazni,2022,3,27.357384156436048
Ghor,2022,3,34.745559078207556
Hilmand,2022,3,23.107709260143498
Hirat,2022,3,31.202889381103315
Jawzjan,2022,3,48.24842811439759
Kabul,2022,3,61.80716524784246
Kandahar,2022,3,34.61133434850995
Kapisa,2022,3,72.56840975802798
Kunar,2022,3,71.56109171933662
Kunduz,2022,3,47.02238139000207
Laghman,2022,3,58.934063327761415
Logar,2022,3,53.499879279702704
Nangarhar,2022,3,42.95402413865406
Nimroz,2022,3,11.358971025827342
Nuristan,2022,3,71.95437892570294
Paktya,2022,3,42.633693124886385
Samangan,2022,3,65.12991774609861
Sar-e-Pul,2022,3,71.48240493307652
Takhar,2022,3,74.00059204495108
Wardak,2022,3,42.57885169646338
Zabul,2022,3,37.666764179408325
Khost,2022,4,22.910600951425398
Paktika,2022,4,11.596842699920959
Daykundi,2022,4,18.941062746571642
Panjsher,2022,4,39.533697000438714
Parwan,2022,4,50.46005522614517
Uruzgan,2022,4,13.548738577275943
Badakhshan,2022,4,35.82058162371391
Badghis,2022,4,20.955710088028034
Baghlan,2022,4,48.779524070645024
Balkh,2022,4,16.6391548679662
Bamyan,2022,4,24.497451201708824
Farah,2022,4,9.519342658209217
Faryab,2022,4,18.942947248952198
Ghazni,2022,4,12.695378405430175
Ghor,2022,4,18.5236300205311
Hilmand,2022,4,5.733182671689701
Hirat,2022,4,17.165954088323538
Jawzjan,2022,4,12.986406859616615
Kabul,2022,4,28.103025179198312
Kandahar,2022,4,8.020959510712471
Kapisa,2022,4,33.92405929646454
Kunar,2022,4,41.28441310762109
Kunduz,2022,4,24.9841590731697
Laghman,2022,4,29.4311652583219
Logar,2022,4,22.89402446487911
Nangarhar,2022,4,28.190052334874668
Nimroz,2022,4,2.8815238290784615
Nuristan,2022,4,40.654873228649286
Paktya,2022,4,22.683898609889592
Samangan,2022,4,31.880606902913552
Sar-e-Pul,2022,4,23.526691249255588
Takhar,2022,4,43.798769124565524
Wardak,2022,4,20.868082947143353
Zabul,2022,4,11.471421550603962
Khost,2022,5,28.998536427864245
Paktika,2022,5,10.383667015495112
Daykundi,2022,5,15.44569310159308
Panjsher,2022,5,41.16180346479074
Parwan,2022,5,51.70667376014157
Uruzgan,2022,5,7.95566760084855
Badakhshan,2022,5,32.96763379288614
Badghis,2022,5,15.546985031623896
Baghlan,2022,5,32.42380959968973
Balkh,2022,5,14.89295679435625
Bamyan,2022,5,22.674825418616162
Farah,2022,5,1.9679773556787672
Faryab,2022,5,17.75899078766392
Ghazni,2022,5,12.156417716421805
Ghor,2022,5,11.786100591015721
Hilmand,2022,5,1.4832098551756583
Hirat,2022,5,4.801441213166868
Jawzjan,2022,5,11.176516887361277
Kabul,2022,5,23.430512963640727
Kandahar,2022,5,0.8032974691833462
Kapisa,2022,5,34.9473075362692
Kunar,2022,5,34.04115310476442
Kunduz,2022,5,29.861340888771178
Laghman,2022,5,27.355218744938142
Logar,2022,5,20.79104494147893
Nangarhar,2022,5,25.441552209195216
Nimroz,2022,5,0.1200533746458784
Nuristan,2022,5,31.886595674904893
Paktya,2022,5,27.628334274073953
Samangan,2022,5,23.234759092657697
Sar-e-Pul,2022,5,16.437750426570553
Takhar,2022,5,38.1651956682074
Wardak,2022,5,19.347510149441813
Zabul,2022,5,6.804477288756978
Khost,2022,6,37.88994169953025
Paktika,2022,6,9.8054856653598
Daykundi,2022,6,0.9200998460061381
Panjsher,2022,6,13.50925699298818
Parwan,2022,6,4.346835375749151
Uruzgan,2022,6,0.39553519196994147
Badakhshan,2022,6,34.59297751679998
Badghis,2022,6,0.028984334737985458
Baghlan,2022,6,4.060002319581955
Balkh,2022,6,0.5951404872302497
Bamyan,2022,6,1.4667892453182378
Farah,2022,6,0.030124079094460108
Faryab,2022,6,0.058565347806678526
Ghazni,2022,6,1.3923694677643041
Ghor,2022,6,0.24870377114053105
Hilmand,2022,6,0.04892957915338347
Hirat,2022,6,0.0476241747480453
Jawzjan,2022,6,0.023465963962769724
Kabul,2022,6,4.614653083782779
Kandahar,2022,6,0.2597809807586394
Kapisa,2022,6,4.701983627461488
Kunar,2022,6,17.237878290445256
Kunduz,2022,6,2.2395492522460634
Laghman,2022,6,13.453953408134936
Logar,2022,6,6.532145925206191
Nangarhar,2022,6,20.377483227735887
Nimroz,2022,6,0.01264014279256525
Nuristan,2022,6,15.278737823984265
Paktya,2022,6,16.668101718610487
Samangan,2022,6,1.1404120327044882
Sar-e-Pul,2022,6,0.1596287286600779
Takhar,2022,6,11.053193981395982
Wardak,2022,6,2.510943408902607
Zabul,2022,6,0.6487811584285056
Khost,2022,7,81.3911384673383
Paktika,2022,7,50.00135829690812
Daykundi,2022,7,0.9714039608168483
Panjsher,2022,7,15.088181616665718
Parwan,2022,7,4.490715863339397
Uruzgan,2022,7,2.7082290917889265
Badakhshan,2022,7,30.17955623213721
Badghis,2022,7,0
Baghlan,2022,7,2.731232439704618
Balkh,2022,7,0
Bamyan,2022,7,0.1076763278296729
Farah,2022,7,0.006744171145822861
Faryab,2022,7,0
Ghazni,2022,7,11.983422938041272
Ghor,2022,7,0.12934937929089518
Hilmand,2022,7,1.6054397594576477
Hirat,2022,7,0.008253289723682555
Jawzjan,2022,7,0
Kabul,2022,7,7.684140986904915
Kandahar,2022,7,6.606392778348619
Kapisa,2022,7,8.690993972941907
Kunar,2022,7,39.59062297914957
Kunduz,2022,7,0
Laghman,2022,7,12.628269827114687
Logar,2022,7,15.440651563366083
Nangarhar,2022,7,26.36707000346099
Nimroz,2022,7,0.5257972336029255
Nuristan,2022,7,24.85975494146011
Paktya,2022,7,41.53682513551033
Samangan,2022,7,0.015725370692512047
Sar-e-Pul,2022,7,0
Takhar,2022,7,7.365530493963669
Wardak,2022,7,5.585369129910414
Zabul,2022,7,10.326253542736787
Khost,2022,8,109.62959696125672
Paktika,2022,8,33.33787636233652
Daykundi,2022,8,0.55451850529152
Panjsher,2022,8,4.734997885711476
Parwan,2022,8,0.5378576287196344
Uruzgan,2022,8,0.5276029678700175
Badakhshan,2022,8,23.140880168358546
Badghis,2022,8,0
Baghlan,2022,8,0.8523068446818258
Balkh,2022,8,0
Bamyan,2022,8,0.013060589876985681
Farah,2022,8,0
Faryab,2022,8,0
Ghazni,2022,8,1.0514427538090314
Ghor,2022,8,0.04776891601693484
Hilmand,2022,8,0.022727987832588444
Hirat,2022,8,0.003819920100114135
Jawzjan,2022,8,0
Kabul,2022,8,6.238006990708285
Kandahar,2022,8,1.7540443585151602
Kapisa,2022,8,5.442006904448778
Kunar,2022,8,118.95813372547546
Kunduz,2022,8,0
Laghman,2022,8,28.50677084464102
Logar,2022,8,12.92100052881529
Nangarhar,2022,8,54.21530756125682
Nimroz,2022,8,0.003116463007858432
Nuristan,2022,8,35.6209473778413
Paktya,2022,8,43.6650446271151
Samangan,2022,8,0.004730604182912446
Sar-e-Pul,2022,8,0
Takhar,2022,8,2.742163625032235
Wardak,2022,8,0.08364822203033911
Zabul,2022,8,3.284176030475007
Khost,2022,9,25.847610534123113
Paktika,2022,9,3.4194408223653605
Daykundi,2022,9,1.8727974564685828
Panjsher,2022,9,4.736619760268573
Parwan,2022,9,4.023077845794136
Uruzgan,2022,9,0.4070816727079835
Badakhshan,2022,9,3.669911312220467
Badghis,2022,9,0.8058038376680474
Baghlan,2022,9,1.5862485139731857
Balkh,2022,9,0.6694979269848301
Bamyan,2022,9,1.2610835487358605
Farah,2022,9,0.14850633000873584
Faryab,2022,9,0.5244411433621456
Ghazni,2022,9,1.066030280986667
Ghor,2022,9,0.6080437451491013
Hilmand,2022,9,0.32272067874690774
Hirat,2022,9,0.49399984527384433
Jawzjan,2022,9,0.508796867512141
Kabul,2022,9,2.3698562131269814
Kandahar,2022,9,0.7549173585651607
Kapisa,2022,9,4.520235504240836
Kunar,2022,9,19.950593505033137
Kunduz,2022,9,0.43885936519497043
Laghman,2022,9,8.820999461505318
Logar,2022,9,2.3230137581837176
Nangarhar,2022,9,9.065509966925159
Nimroz,2022,9,0.13783870132935383
Nuristan,2022,9,7.472131148124741
Paktya,2022,9,8.663830678475597
Samangan,2022,9,0.7307331725494463
Sar-e-Pul,2022,9,0.5876330570025594
Takhar,2022,9,2.1339217609645793
Wardak,2022,9,1.227376334380626
Zabul,2022,9,0.9176615126675831
Khost,2022,10,3.6814317029408987
Paktika,2022,10,0.024536760564702897
Daykundi,2022,10,4.84541239197689
Panjsher,2022,10,12.630930980990355
Parwan,2022,10,6.333196383735358
Uruzgan,2022,10,0.13037205986810657
Badakhshan,2022,10,22.18849979337187
Badghis,2022,10,3.507314404960349
Baghlan,2022,10,10.03053506922647
Balkh,2022,10,2.165325960946325
Bamyan,2022,10,3.8111830324413565
Farah,2022,10,0.31517825955595286
Faryab,2022,10,2.9593186740070765
Ghazni,2022,10,1.2060250469297409
Ghor,2022,10,5.4459582875542445
Hilmand,2022,10,0.07815081850853926
Hirat,2022,10,0.8144563895437492
Jawzjan,2022,10,2.9983762193639696
Kabul,2022,10,0.7341705005203231
Kandahar,2022,10,0
Kapisa,2022,10,6.47010824150532
Kunar,2022,10,13.846646604041583
Kunduz,2022,10,6.232735286048568
Laghman,2022,10,5.74368899184225
Logar,2022,10,0.5264873975568332
Nangarhar,2022,10,8.212038048897766
Nimroz,2022,10,0
Nuristan,2022,10,9.252531190652427
Paktya,2022,10,1.71811140968148
Samangan,2022,10,2.8941092539250013
Sar-e-Pul,2022,10,0.9753682266065261
Takhar,2022,10,13.296855317030321
Wardak,2022,10,1.7528597453743662
Zabul,2022,10,0.42648770162747135
Khost,2022,11,22.822689642537412
Paktika,2022,11,10.4321175282935
Daykundi,2022,11,18.83274901253586
Panjsher,2022,11,46.03870195148338
Parwan,2022,11,36.30992868252144
Uruzgan,2022,11,14.87085425823944
Badakhshan,2022,11,43.49337152101466
Badghis,2022,11,25.265016304338616
Baghlan,2022,11,45.45365947241714
Balkh,2022,11,23.179473126895736
Bamyan,2022,11,20.605672264205495
Farah,2022,11,6.2377120379812725
Faryab,2022,11,33.44154213515249
Ghazni,2022,11,17.33989279990687
Ghor,2022,11,21.590908010699405
Hilmand,2022,11,4.864847181212129
Hirat,2022,11,12.743295099287332
Jawzjan,2022,11,23.480650781040712
Kabul,2022,11,28.398511989288988
Kandahar,2022,11,6.33714566319282
Kapisa,2022,11,30.09983434745964
Kunar,2022,11,54.42041299198862
Kunduz,2022,11,37.91779806033438
Laghman,2022,11,26.756581861109577
Logar,2022,11,27.792993578704767
Nangarhar,2022,11,31.08567748763386
Nimroz,2022,11,2.091821589405224
Nuristan,2022,11,39.61476983292431
Paktya,2022,11,25.859862202395544
Samangan,2022,11,34.88138475583796
Sar-e-Pul,2022,11,48.99534838855329
Takhar,2022,11,52.34376926645241
Wardak,2022,11,18.131116602538366
Zabul,2022,11,14.97435560960397
Khost,2022,12,11.000674096536123
Paktika,2022,12,8.374737385397966
Daykundi,2022,12,14.012987856553682
Panjsher,2022,12,11.55138943647152
Parwan,2022,12,25.90781547356046
Uruzgan,2022,12,25.674563689540793
Badakhshan,2022,12,10.610652380621014
Badghis,2022,12,32.79824869390727
Baghlan,2022,12,35.53288976443227
Balkh,2022,12,25.472385968565725
Bamyan,2022,12,22.85956902680983
Farah,2022,12,8.9043334615706
Faryab,2022,12,27.237956102374213
Ghazni,2022,12,11.822521754422782
Ghor,2022,12,15.239847311091093
Hilmand,2022,12,12.959535794137052
Hirat,2022,12,18.219983656084054
Jawzjan,2022,12,14.135817174055934
Kabul,2022,12,12.457750276676652
Kandahar,2022,12,15.945170720902587
Kapisa,2022,12,12.97289008613381
Kunar,2022,12,8.803746299937503
Kunduz,2022,12,26.793357423605283
Laghman,2022,12,7.795880815804139
Logar,2022,12,18.60189279725007
Nangarhar,2022,12,11.745311977608358
Nimroz,2022,12,2.0674869817792136
Nuristan,2022,12,6.509377377424446
Paktya,2022,12,20.477562336662423
Samangan,2022,12,43.8833693937796
Sar-e-Pul,2022,12,31.807276628959272
Takhar,2022,12,31.746316784760563
Wardak,2022,12,11.822544796784392
Zabul,2022,12,19.788794244369473
Khost,2023,1,27.46929151592238
Paktika,2023,1,23.460706659863774
Daykundi,2023,1,29.305766831463394
Panjsher,2023,1,46.98322401942478
Parwan,2023,1,55.488533881202116
Uruzgan,2023,1,38.89507312033988
Badakhshan,2023,1,23.016152571982506
Badghis,2023,1,23.58879787445352
Baghlan,2023,1,38.64952708748631
Balkh,2023,1,18.423435963005986
Bamyan,2023,1,25.961626417848198
Farah,2023,1,31.772231262838346
Faryab,2023,1,24.634351905437878
Ghazni,2023,1,21.48831851801264
Ghor,2023,1,27.191393223697872
Hilmand,2023,1,32.69274763657174
Hirat,2023,1,32.321131812730904
Jawzjan,2023,1,15.624052278483049
Kabul,2023,1,44.073694592722134
Kandahar,2023,1,34.623046395953224
Kapisa,2023,1,45.39937873103329
Kunar,2023,1,71.51804251758139
Kunduz,2023,1,23.60597338685429
Laghman,2023,1,27.421235627739723
Logar,2023,1,36.598352370255206
Nangarhar,2023,1,45.546955511731035
Nimroz,2023,1,22.321783565931643
Nuristan,2023,1,46.67547364408806
Paktya,2023,1,38.060638785617684
Samangan,2023,1,29.80383421522361
Sar-e-Pul,2023,1,21.981363865156364
Takhar,2023,1,31.051809757509535
Wardak,2023,1,28.535374672819895
Zabul,2023,1,23.191452955726177
Khost,2023,2,29.067055402886133
Paktika,2023,2,15.172043085171962
Daykundi,2023,2,36.04905969476685
Panjsher,2023,2,107.57500565036756
Parwan,2023,2,108.64196581887286
Uruzgan,2023,2,23.185125110850265
Badakhshan,2023,2,71.11581498709393
Badghis,2023,2,59.12099585734977
Baghlan,2023,2,97.0322176310689
Balkh,2023,2,59.88382095880453
Bamyan,2023,2,58.15158234678631
Farah,2023,2,26.08120720548362
Faryab,2023,2,69.1639990495382
Ghazni,2023,2,20.456291099485764
Ghor,2023,2,45.285135496915096
Hilmand,2023,2,19.15267581743173
Hirat,2023,2,44.2288326043918
Jawzjan,2023,2,48.008947695161545
Kabul,2023,2,46.79685841540046
Kandahar,2023,2,18.808753697350248
Kapisa,2023,2,83.22455607811159
Kunar,2023,2,63.887613412526974
Kunduz,2023,2,56.002356136268595
Laghman,2023,2,49.719866649930026
Logar,2023,2,38.94736402652585
Nangarhar,2023,2,52.93112934414616
Nimroz,2023,2,12.800698353310002
Nuristan,2023,2,72.58938745608309
Paktya,2023,2,34.530055075649095
Samangan,2023,2,93.1364758021795
Sar-e-Pul,2023,2,79.04813143750626
Takhar,2023,2,94.43505778246636
Wardak,2023,2,30.0313030946788
Zabul,2023,2,17.654592479558634
Khost,2023,3,91.79499523581309
Paktika,2023,3,62.76422803975453
Daykundi,2023,3,53.21592846101658
Panjsher,2023,3,42.7588159679399
Parwan,2023,3,61.95958267673659
Uruzgan,2023,3,96.45707703515913
Badakhshan,2023,3,21.88752063769499
Badghis,2023,3,35.04989504897718
Baghlan,2023,3,52.989423653833704
Balkh,2023,3,25.814466478539504
Bamyan,2023,3,34.780314720446505
Farah,2023,3,19.371659931517595
Faryab,2023,3,36.93906298642124
Ghazni,2023,3,55.21789257253871
Ghor,2023,3,31.663781291523883
Hilmand,2023,3,25.57392172580406
Hirat,2023,3,28.722772425477622
Jawzjan,2023,3,17.931972953519516
Kabul,2023,3,53.52314912428552
Kandahar,2023,3,54.9641805398847
Kapisa,2023,3,47.42591432241309
Kunar,2023,3,51.368857983587645
Kunduz,2023,3,23.567256094461072
Laghman,2023,3,43.13861110071489
Logar,2023,3,70.17709921690341
Nangarhar,2023,3,61.34552766895205
Nimroz,2023,3,12.046321983659146
Nuristan,2023,3,28.014239518359236
Paktya,2023,3,82.43165452194141
Samangan,2023,3,44.027175320958655
Sar-e-Pul,2023,3,50.41909625369617
Takhar,2023,3,35.80135629867012
Wardak,2023,3,44.28462800424203
Zabul,2023,3,78.0129877297734
Khost,2023,4,30.23910461757037
Paktika,2023,4,11.564984546996342
Daykundi,2023,4,16.20367815696124
Panjsher,2023,4,24.611646213314696
Parwan,2023,4,26.099674839175226
Uruzgan,2023,4,18.584183634474204
Badakhshan,2023,4,16.396306657653113
Badghis,2023,4,12.158684313286976
Baghlan,2023,4,20.267283350904947
Balkh,2023,4,9.318195465256546
Bamyan,2023,4,14.049916893435341
Farah,2023,4,6.553462195849407
Faryab,2023,4,12.516092623018674
Ghazni,2023,4,10.207400994749177
Ghor,2023,4,12.518132679379248
Hilmand,2023,4,7.37352150088206
Hirat,2023,4,7.229390706703341
Jawzjan,2023,4,8.687059262527686
Kabul,2023,4,18.695241321017214
Kandahar,2023,4,10.109257781310042
Kapisa,2023,4,22.610931524108178
Kunar,2023,4,44.19374798578138
Kunduz,2023,4,14.626647215029598
Laghman,2023,4,27.607202685442115
Logar,2023,4,17.45175559761603
Nangarhar,2023,4,32.9571792716345
Nimroz,2023,4,3.0747854084386845
Nuristan,2023,4,29.942443642556203
Paktya,2023,4,24.305790052792588
Samangan,2023,4,14.283757359452654
Sar-e-Pul,2023,4,16.65173226781907
Takhar,2023,4,19.28003654860648
Wardak,2023,4,12.431491196890262
Zabul,2023,4,15.631645063716597
Khost,2023,5,55.253429211737064
Paktika,2023,5,28.24384152977742
Daykundi,2023,5,21.854809321442133
Panjsher,2023,5,31.67218750229965
Parwan,2023,5,36.49977749867828
Uruzgan,2023,5,13.250801975236604
Badakhshan,2023,5,29.577100701388126
Badghis,2023,5,12.644127055202356
Baghlan,2023,5,18.755692652702393
Balkh,2023,5,8.93528204673736
Bamyan,2023,5,18.470736790602054
Farah,2023,5,2.9561889042684255
Faryab,2023,5,13.778432428204395
Ghazni,2023,5,21.05998369195855
Ghor,2023,5,14.952776827311792
Hilmand,2023,5,2.4697595545485025
Hirat,2023,5,5.36213321546216
Jawzjan,2023,5,8.43346452030963
Kabul,2023,5,22.085250413437507
Kandahar,2023,5,4.104042043108061
Kapisa,2023,5,28.90764910995468
Kunar,2023,5,53.38859448601921
Kunduz,2023,5,12.380091635197775
Laghman,2023,5,30.38841727794224
Logar,2023,5,23.266439061351598
Nangarhar,2023,5,30.00126257647185
Nimroz,2023,5,0.4102125962378681
Nuristan,2023,5,33.57179686793496
Paktya,2023,5,34.48273189780483
Samangan,2023,5,11.791536946847755
Sar-e-Pul,2023,5,12.826985223773871
Takhar,2023,5,22.895118090800874
Wardak,2023,5,23.717080881576706
Zabul,2023,5,11.190519707296902
Khost,2023,6,29.865558776136837
Paktika,2023,6,14.62991501381045
Daykundi,2023,6,0.32697373266328855
Panjsher,2023,6,10.174724762595547
Parwan,2023,6,2.2605755959505003
Uruzgan,2023,6,0.18589905917978905
Badakhshan,2023,6,22.77899561537768
Badghis,2023,6,0.017919890405406414
Baghlan,2023,6,2.36022026908582
Balkh,2023,6,0
Bamyan,2023,6,0.6457740650209038
Farah,2023,6,0.06979221405142183
Faryab,2023,6,0.001818581970515427
Ghazni,2023,6,0.5600488564098564
Ghor,2023,6,0.8687845671974288
Hilmand,2023,6,0.04245965711319055
Hirat,2023,6,0.02711612596556851
Jawzjan,2023,6,0
Kabul,2023,6,2.1365363096400576
Kandahar,2023,6,0.02361997316825486
Kapisa,2023,6,2.040295861499617
Kunar,2023,6,13.697252799577312
Kunduz,2023,6,0
Laghman,2023,6,9.813334577953823
Logar,2023,6,2.884404603018135
Nangarhar,2023,6,15.107527387444698
Nimroz,2023,6,0.00901784310951422
Nuristan,2023,6,11.0252922749107
Paktya,2023,6,11.052978010148356
Samangan,2023,6,0.019076374734868232
Sar-e-Pul,2023,6,0.222207275600466
Takhar,2023,6,5.695453199783932
Wardak,2023,6,0.8517642539653782
Zabul,2023,6,0.2950079203599712
Khost,2023,7,52.84786817025445
Paktika,2023,7,35.24274061472315
Daykundi,2023,7,0.8375170136663966
Panjsher,2023,7,10.632104589714038
Parwan,2023,7,2.9362629469313455
Uruzgan,2023,7,0.7501149775001218
Badakhshan,2023,7,31.942727708889738
Badghis,2023,7,0
Baghlan,2023,7,2.718952623569318
Balkh,2023,7,0
Bamyan,2023,7,0.11582441108895519
Farah,2023,7,0
Faryab,2023,7,0
Ghazni,2023,7,5.556887583000516
Ghor,2023,7,0.11968012734704384
Hilmand,2023,7,0.10161541381341566
Hirat,2023,7,0.008128966077055157
Jawzjan,2023,7,0
Kabul,2023,7,5.0440422884816245
Kandahar,2023,7,1.2365482803198962
Kapisa,2023,7,3.8683688393565943
Kunar,2023,7,39.152014158613625
Kunduz,2023,7,0
Laghman,2023,7,6.215078830509246
Logar,2023,7,8.730329652191429
Nangarhar,2023,7,22.73767808503636
Nimroz,2023,7,0.015325688016834128
Nuristan,2023,7,17.800990886426902
Paktya,2023,7,24.137762277397226
Samangan,2023,7,0.015762361062541176
Sar-e-Pul,2023,7,0
Takhar,2023,7,7.596995010546985
Wardak,2023,7,4.095619806562339
Zabul,2023,7,3.0397951904243676
Khost,2023,8,25.24280981347724
Paktika,2023,8,4.876121736857454
Daykundi,2023,8,0.5545185116503992
Panjsher,2023,8,1.5895017825172073
Parwan,2023,8,0.26395874307964334
Uruzgan,2023,8,0.09057529491587833
Badakhshan,2023,8,15.642929675144607
Badghis,2023,8,0
Baghlan,2023,8,0.6774899293647287
Balkh,2023,8,0
Bamyan,2023,8,0.013056507976346613
Farah,2023,8,0
Faryab,2023,8,0
Ghazni,2023,8,0.02245040672144435
Ghor,2023,8,0.04776891664375021
Hilmand,2023,8,0
Hirat,2023,8,0.003820810006450175
Jawzjan,2023,8,0
Kabul,2023,8,0.18446026506427904
Kandahar,2023,8,0.0011520140962061848
Kapisa,2023,8,0.17727871429939493
Kunar,2023,8,27.59409253659799
Kunduz,2023,8,0
Laghman,2023,8,2.9523730302684976
Logar,2023,8,1.5999553232900487
Nangarhar,2023,8,12.199214315388787
Nimroz,2023,8,0
Nuristan,2023,8,7.836847064179895
Paktya,2023,8,8.284994345076502
Samangan,2023,8,0
Sar-e-Pul,2023,8,0
Takhar,2023,8,1.648882550262978
Wardak,2023,8,0
Zabul,2023,8,0.06271397481266275
Khost,2023,9,14.575719702343132
Paktika,2023,9,1.4263113200944626
Daykundi,2023,9,0.5250273311496902
Panjsher,2023,9,4.478914132458386
Parwan,2023,9,2.517820073578585
Uruzgan,2023,9,0
Badakhshan,2023,9,3.267079147219907
Badghis,2023,9,0
Baghlan,2023,9,0.5009580772268334
Balkh,2023,9,0
Bamyan,2023,9,0.03588312313444644
Farah,2023,9,0
Faryab,2023,9,0
Ghazni,2023,9,0.36319733628328893
Ghor,2023,9,0.03907415999973216
Hilmand,2023,9,0
Hirat,2023,9,0
Jawzjan,2023,9,0
Kabul,2023,9,0.1559276638554995
Kandahar,2023,9,0.0013381866894001248
Kapisa,2023,9,1.8865863781762826
Kunar,2023,9,24.766772056563617
Kunduz,2023,9,0
Laghman,2023,9,7.869124977733277
Logar,2023,9,0.2815365475067404
Nangarhar,2023,9,8.063197950162657
Nimroz,2023,9,0.002753291177119296
Nuristan,2023,9,10.004493134225752
Paktya,2023,9,3.3543550623445126
Samangan,2023,9,0.048804783549757105
Sar-e-Pul,2023,9,0
Takhar,2023,9,1.1162284828139466
Wardak,2023,9,0
Zabul,2023,9,0.23739529060455897
Khost,2023,10,9.897795708419904
Paktika,2023,10,0.31838564308749406
Daykundi,2023,10,6.887866139422391
Panjsher,2023,10,14.66172403124141
Parwan,2023,10,9.819212434966536
Uruzgan,2023,10,0.1593360093111121
Badakhshan,2023,10,12.744235095711847
Badghis,2023,10,6.0092015168993616
Baghlan,2023,10,12.850314103891186
Balkh,2023,10,3.9409130130826293
Bamyan,2023,10,6.097009383449823
Farah,2023,10,0.21269783944062023
Faryab,2023,10,4.685359914438501
Ghazni,2023,10,3.288523297821957
Ghor,2023,10,6.201762112858861
Hilmand,2023,10,1.4902348627812645
Hirat,2023,10,1.3871353994483466
Jawzjan,2023,10,3.2590583493817857
Kabul,2023,10,6.275891826337333
Kandahar,2023,10,1.8745096662235863
Kapisa,2023,10,10.853557636593447
Kunar,2023,10,20.629645236341485
Kunduz,2023,10,8.929704436713996
Laghman,2023,10,9.947139733036236
Logar,2023,10,6.858124369490768
Nangarhar,2023,10,13.878019262872346
Nimroz,2023,10,1.3063919466225542
Nuristan,2023,10,13.595208852926024
Paktya,2023,10,7.233910893720201
Samangan,2023,10,8.03508718226004
Sar-e-Pul,2023,10,4.965821963143963
Takhar,2023,10,14.852623847163908
Wardak,2023,10,6.914830838707953
Zabul,2023,10,0.5959143918888917
Khost,2023,11,11.8179924162286
Paktika,2023,11,10.657662615228391
Daykundi,2023,11,21.262809307802833
Panjsher,2023,11,17.31084030096677
Parwan,2023,11,25.568945286769154
Uruzgan,2023,11,18.505410180960357
Badakhshan,2023,11,10.667859532825004
Badghis,2023,11,33.116374662614156
Baghlan,2023,11,33.5073023434716
Balkh,2023,11,13.837305590096419
Bamyan,2023,11,19.852319019367744
Farah,2023,11,11.722498881187683
Faryab,2023,11,29.327924130831292
Ghazni,2023,11,12.417072608573966
Ghor,2023,11,31.179475717018587
Hilmand,2023,11,9.721284574093
Hirat,2023,11,22.14754493289
Jawzjan,2023,11,13.838734539731625
Kabul,2023,11,7.098108490669026
Kandahar,2023,11,12.22446979876742
Kapisa,2023,11,10.757654298520476
Kunar,2023,11,8.987546033741507
Kunduz,2023,11,19.926251229486596
Laghman,2023,11,2.7488000251087183
Logar,2023,11,7.166405035943869
Nangarhar,2023,11,9.434656692579592
Nimroz,2023,11,4.939300806590433
Nuristan,2023,11,5.182808996317328
Paktya,2023,11,10.293660954811811
Samangan,2023,11,28.68109348071953
Sar-e-Pul,2023,11,40.23023127151918
Takhar,2023,11,22.096969125378557
Wardak,2023,11,8.517407689700848
Zabul,2023,11,16.157807467554665
Khost,2023,12,10.243644518290996
Paktika,2023,12,7.7897984118942825
Daykundi,2023,12,12.10983565724685
Panjsher,2023,12,13.416963815190046
Parwan,2023,12,23.602479291515408
Uruzgan,2023,12,23.97559459123274
Badakhshan,2023,12,8.901229984416533
Badghis,2023,12,20.645128881544924
Baghlan,2023,12,23.559458517585913
Balkh,2023,12,16.811147428297037
Bamyan,2023,12,16.66613363287666
Farah,2023,12,8.90176678053709
Faryab,2023,12,21.148056177066625
Ghazni,2023,12,10.143614853738208
Ghor,2023,12,12.320360401359746
Hilmand,2023,12,14.272963622068527
Hirat,2023,12,11.44091470098829
Jawzjan,2023,12,13.007501426944676
Kabul,2023,12,14.342691436485222
Kandahar,2023,12,19.287937081899884
Kapisa,2023,12,15.858143641512925
Kunar,2023,12,11.19978502363687
Kunduz,2023,12,17.10054992612099
Laghman,2023,12,9.152984633279596
Logar,2023,12,18.38619410537617
Nangarhar,2023,12,12.638088330407248
Nimroz,2023,12,6.117264715139668
Nuristan,2023,12,8.233901589125956
Paktya,2023,12,19.807252903262636
Samangan,2023,12,23.70722581654617
Sar-e-Pul,2023,12,23.26725866361967
Takhar,2023,12,21.471805681946527
Wardak,2023,12,10.458853508032538
Zabul,2023,12,19.630676976842945
