province,year,month,vv_db,vh_db
Khost,2015,2,-9.675610386929838,-17.560665362003604
Paktika,2015,2,,
Daykundi,2015,2,,
Panjsher,2015,2,,
Parwan,2015,2,,
Uruzgan,2015,2,,
Badakhshan,2015,2,-8.93271106517921,-16.014010965509787
Badghis,2015,2,-6.686535220735711,-17.724477215108266
Baghlan,2015,2,,
Balkh,2015,2,,
Bamyan,2015,2,,
Farah,2015,2,-12.383421351788341,-21.481077318681596
Faryab,2015,2,,
Ghazni,2015,2,,
Ghor,2015,2,,
Hilmand,2015,2,,
Hirat,2015,2,-12.498064393502684,-21.870771663369005
Jawzjan,2015,2,,
Kabul,2015,2,,
Kandahar,2015,2,,
Kapisa,2015,2,,
Kunar,2015,2,-8.333675503152673,-16.351192710374075
Kunduz,2015,2,,
Laghman,2015,2,-10.126730485651333,-18.474885268120282
Logar,2015,2,,
Nangarhar,2015,2,-9.137689669525798,-17.73390650439165
Nimroz,2015,2,-13.412223716268494,-22.88897071342885
Nuristan,2015,2,-8.737486364537066,-15.770079816591322
Paktya,2015,2,,
Samangan,2015,2,,
Sar-e-Pul,2015,2,,
Takhar,2015,2,-40.51298523070463,-47.825242703464205
Wardak,2015,2,,
Zabul,2015,2,,
Khost,2015,1,,
Paktika,2015,1,,
Daykundi,2015,1,,
Panjsher,2015,1,,
Parwan,2015,1,,
Uruzgan,2015,1,,
Badakhshan,2015,1,,
Badghis,2015,1,,
Baghlan,2015,1,,
Balkh,2015,1,,
Bamyan,2015,1,,
Farah,2015,1,,
Faryab,2015,1,,
Ghazni,2015,1,,
Ghor,2015,1,,
Hilmand,2015,1,,
Hirat,2015,1,,
Jawzjan,2015,1,,
Kabul,2015,1,,
Kandahar,2015,1,,
Kapisa,2015,1,,
Kunar,2015,1,,
Kunduz,2015,1,,
Laghman,2015,1,,
Logar,2015,1,,
Nangarhar,2015,1,,
Nimroz,2015,1,,
Nuristan,2015,1,,
Paktya,2015,1,,
Samangan,2015,1,,
Sar-e-Pul,2015,1,,
Takhar,2015,1,,
Wardak,2015,1,,
Zabul,2015,1,,
Khost,2015,3,-8.085168311943802,-16.57159481852018
Paktika,2015,3,-12.071603527674297,-21.128865683953457
Daykundi,2015,3,-8.766728709470923,-17.236829644735085
Panjsher,2015,3,-8.345381645366917,-15.204803042195607
Parwan,2015,3,-8.605433709130587,-17.135144502582985
Uruzgan,2015,3,-8.939985950780416,-17.501649274550473
Badakhshan,2015,3,-7.888042671265075,-15.672582106869113
Badghis,2015,3,-9.58002114942624,-19.24044211069709
Baghlan,2015,3,-9.199427851454958,-17.917417699064732
Balkh,2015,3,-12.864279969600172,-22.14464306069934
Bamyan,2015,3,-10.249729387464129,-18.540887563413172
Farah,2015,3,-10.704271664582643,-19.745899542502396
Faryab,2015,3,-11.072562546675416,-20.57237311182425
Ghazni,2015,3,-11.595461423580895,-20.07804526683341
Ghor,2015,3,-10.314473749677324,-19.10923796033062
Hilmand,2015,3,-14.552472181760145,-23.150536996911892
Hirat,2015,3,-10.640757130864827,-20.192511379740377
Jawzjan,2015,3,-15.001948540730888,-23.41809168640888
Kabul,2015,3,-8.810726818041292,-17.926397069653376
Kandahar,2015,3,-15.417366102507787,-23.067799991943637
Kapisa,2015,3,-9.347008778990702,-17.94018754786525
Kunar,2015,3,-6.016734844428172,-14.4767272074722
Kunduz,2015,3,-12.939433336427154,-21.428050710589822
Laghman,2015,3,-7.511246103730718,-16.258711042692653
Logar,2015,3,-10.661892029620407,-19.310221574332218
Nangarhar,2015,3,-7.242358802243599,-16.29063941385007
Nimroz,2015,3,-15.998236194747994,-25.445729582680354
Nuristan,2015,3,-5.708596279436291,-12.915592678540396
Paktya,2015,3,-9.962432080717125,-18.79255716470094
Samangan,2015,3,-10.736016454576681,-19.684619704334185
Sar-e-Pul,2015,3,-10.03642845342676,-18.96997263233405
Takhar,2015,3,-8.690795604924029,-17.645550554136364
Wardak,2015,3,-9.854290562927131,-18.531049399602423
Zabul,2015,3,-11.49879020717619,-20.250716736667336
Khost,2015,4,-9.241871123112789,-16.69028791030142
Paktika,2015,4,-11.127589831494426,-19.119692247393107
Daykundi,2015,4,-7.9514844139820635,-16.196346777478933
Panjsher,2015,4,-8.406131320593865,-16.503494064117138
Parwan,2015,4,-8.341631953899729,-16.67830138762626
Uruzgan,2015,4,-8.752587096642111,-16.349024013826796
Badakhshan,2015,4,-7.872786927009453,-15.937563584228366
Badghis,2015,4,-11.452424143214735,-19.231900758671703
Baghlan,2015,4,-9.62451118711198,-17.641862071116027
Balkh,2015,4,-12.960978110093958,-20.43334918695171
Bamyan,2015,4,-9.850276604796608,-18.034281683320618
Farah,2015,4,-11.24525870732822,-19.996226562533213
Faryab,2015,4,-10.846492238575978,-18.409022854168086
Ghazni,2015,4,-11.86872769690633,-19.288244337730173
Ghor,2015,4,-9.027683072350952,-17.487852580421617
Hilmand,2015,4,-14.503480498964626,-21.905522107775095
Hirat,2015,4,-11.848040572929792,-20.687046585777427
Jawzjan,2015,4,-13.438791323565146,-19.981525116597968
Kabul,2015,4,-8.043177388171308,-16.4203686354693
Kandahar,2015,4,-14.80958628538007,-21.454137949017294
Kapisa,2015,4,-8.172315551253059,-16.45377285164679
Kunar,2015,4,-6.713766223888246,-14.268009881401591
Kunduz,2015,4,-13.807298053442796,-20.31560076372653
Laghman,2015,4,-8.535052087000834,-16.707144088701128
Logar,2015,4,-9.588838091638657,-17.527397208165276
Nangarhar,2015,4,-7.948513507133195,-16.01881452438857
Nimroz,2015,4,-14.886762061186953,-23.984042304601587
Nuristan,2015,4,-8.074315878012728,-16.027002279944032
Paktya,2015,4,-9.238948672369933,-17.024441684723396
Samangan,2015,4,-10.656383450809429,-18.556080683991116
Sar-e-Pul,2015,4,-9.092215028864848,-17.02389568357661
Takhar,2015,4,-7.657314861650193,-15.793021546375398
Wardak,2015,4,-10.227808169535617,-18.417356843036785
Zabul,2015,4,-11.08834694574757,-18.573629340314145
Khost,2015,5,,
Paktika,2015,5,,
Daykundi,2015,5,,
Panjsher,2015,5,,
Parwan,2015,5,,
Uruzgan,2015,5,,
Badakhshan,2015,5,,
Badghis,2015,5,,
Baghlan,2015,5,,
Balkh,2015,5,,
Bamyan,2015,5,,
Farah,2015,5,,
Faryab,2015,5,,
Ghazni,2015,5,,
Ghor,2015,5,,
Hilmand,2015,5,,
Hirat,2015,5,,
Jawzjan,2015,5,,
Kabul,2015,5,,
Kandahar,2015,5,,
Kapisa,2015,5,,
Kunar,2015,5,,
Kunduz,2015,5,,
Laghman,2015,5,,
Logar,2015,5,,
Nangarhar,2015,5,,
Nimroz,2015,5,,
Nuristan,2015,5,,
Paktya,2015,5,,
Samangan,2015,5,,
Sar-e-Pul,2015,5,,
Takhar,2015,5,,
Wardak,2015,5,,
Zabul,2015,5,,
Khost,2015,6,,
Paktika,2015,6,,
Daykundi,2015,6,,
Panjsher,2015,6,,
Parwan,2015,6,,
Uruzgan,2015,6,,
Badakhshan,2015,6,,
Badghis,2015,6,,
Baghlan,2015,6,,
Balkh,2015,6,,
Bamyan,2015,6,,
Farah,2015,6,,
Faryab,2015,6,,
Ghazni,2015,6,,
Ghor,2015,6,,
Hilmand,2015,6,,
Hirat,2015,6,,
Jawzjan,2015,6,,
Kabul,2015,6,,
Kandahar,2015,6,,
Kapisa,2015,6,,
Kunar,2015,6,,
Kunduz,2015,6,,
Laghman,2015,6,,
Logar,2015,6,,
Nangarhar,2015,6,,
Nimroz,2015,6,,
Nuristan,2015,6,,
Paktya,2015,6,,
Samangan,2015,6,,
Sar-e-Pul,2015,6,,
Takhar,2015,6,,
Wardak,2015,6,,
Zabul,2015,6,,
Khost,2015,7,,
Paktika,2015,7,,
Daykundi,2015,7,,
Panjsher,2015,7,,
Parwan,2015,7,,
Uruzgan,2015,7,,
Badakhshan,2015,7,,
Badghis,2015,7,,
Baghlan,2015,7,,
Balkh,2015,7,,
Bamyan,2015,7,,
Farah,2015,7,,
Faryab,2015,7,,
Ghazni,2015,7,,
Ghor,2015,7,,
Hilmand,2015,7,,
Hirat,2015,7,,
Jawzjan,2015,7,,
Kabul,2015,7,,
Kandahar,2015,7,,
Kapisa,2015,7,,
Kunar,2015,7,,
Kunduz,2015,7,,
Laghman,2015,7,,
Logar,2015,7,,
Nangarhar,2015,7,,
Nimroz,2015,7,,
Nuristan,2015,7,,
Paktya,2015,7,,
Samangan,2015,7,,
Sar-e-Pul,2015,7,,
Takhar,2015,7,,
Wardak,2015,7,,
Zabul,2015,7,,
Khost,2015,8,,
Paktika,2015,8,,
Daykundi,2015,8,,
Panjsher,2015,8,,
Parwan,2015,8,,
Uruzgan,2015,8,,
Badakhshan,2015,8,,
Badghis,2015,8,,
Baghlan,2015,8,,
Balkh,2015,8,,
Bamyan,2015,8,,
Farah,2015,8,,
Faryab,2015,8,,
Ghazni,2015,8,,
Ghor,2015,8,,
Hilmand,2015,8,,
Hirat,2015,8,,
Jawzjan,2015,8,,
Kabul,2015,8,,
Kandahar,2015,8,,
Kapisa,2015,8,,
Kunar,2015,8,,
Kunduz,2015,8,,
Laghman,2015,8,,
Logar,2015,8,,
Nangarhar,2015,8,,
Nimroz,2015,8,,
Nuristan,2015,8,,
Paktya,2015,8,,
Samangan,2015,8,,
Sar-e-Pul,2015,8,,
Takhar,2015,8,,
Wardak,2015,8,,
Zabul,2015,8,,
Khost,2015,9,,
Paktika,2015,9,,
Daykundi,2015,9,,
Panjsher,2015,9,,
Parwan,2015,9,,
Uruzgan,2015,9,,
Badakhshan,2015,9,,
Badghis,2015,9,,
Baghlan,2015,9,,
Balkh,2015,9,,
Bamyan,2015,9,,
Farah,2015,9,,
Faryab,2015,9,,
Ghazni,2015,9,,
Ghor,2015,9,,
Hilmand,2015,9,,
Hirat,2015,9,,
Jawzjan,2015,9,,
Kabul,2015,9,,
Kandahar,2015,9,,
Kapisa,2015,9,,
Kunar,2015,9,,
Kunduz,2015,9,,
Laghman,2015,9,,
Logar,2015,9,,
Nangarhar,2015,9,,
Nimroz,2015,9,,
Nuristan,2015,9,,
Paktya,2015,9,,
Samangan,2015,9,,
Sar-e-Pul,2015,9,,
Takhar,2015,9,,
Wardak,2015,9,,
Zabul,2015,9,,
Khost,2015,10,,
Paktika,2015,10,,
Daykundi,2015,10,,
Panjsher,2015,10,,
Parwan,2015,10,,
Uruzgan,2015,10,,
Badakhshan,2015,10,-7.184301311150656,-15.670283244082295
Badghis,2015,10,,
Baghlan,2015,10,,
Balkh,2015,10,,
Bamyan,2015,10,,
Farah,2015,10,-14.04405586299774,-23.800217518295064
Faryab,2015,10,,
Ghazni,2015,10,,
Ghor,2015,10,,
Hilmand,2015,10,,
Hirat,2015,10,-14.423303417068642,-24.549757040027774
Jawzjan,2015,10,,
Kabul,2015,10,,
Kandahar,2015,10,,
Kapisa,2015,10,,
Kunar,2015,10,,
Kunduz,2015,10,,
Laghman,2015,10,,
Logar,2015,10,,
Nangarhar,2015,10,,
Nimroz,2015,10,,
Nuristan,2015,10,,
Paktya,2015,10,,
Samangan,2015,10,,
Sar-e-Pul,2015,10,,
Takhar,2015,10,,
Wardak,2015,10,,
Zabul,2015,10,,
Khost,2015,11,-7.8768000338256305,-16.543016353351955
Paktika,2015,11,-10.992768183038185,-21.0414665382299
Daykundi,2015,11,-7.485424180155308,-16.590828786248697
Panjsher,2015,11,-7.642132006341761,-16.039479431024123
Parwan,2015,11,-7.944731142288382,-17.111607922632516
Uruzgan,2015,11,-7.51042348923563,-16.66554647680089
Badakhshan,2015,11,-7.825275599826779,-16.27340663394951
Badghis,2015,11,-9.064120950664316,-20.161838045973937
Baghlan,2015,11,-9.12225861072003,-18.621385603539796
Balkh,2015,11,-11.240720483161914,-22.347582657294602
Bamyan,2015,11,-9.52758542085441,-18.645390030743034
Farah,2015,11,-10.443848933814134,-19.963351184294858
Faryab,2015,11,-12.472958579005073,-23.284163600506496
Ghazni,2015,11,-10.787680612462278,-20.460313811113956
Ghor,2015,11,-8.279188353896986,-18.132577525817716
Hilmand,2015,11,-14.029928151397648,-23.92435411725799
Hirat,2015,11,-12.067992708162251,-22.288669559307248
Jawzjan,2015,11,-15.105291103532066,-26.304501198284303
Kabul,2015,11,-7.7024473979814605,-16.884912767365645
Kandahar,2015,11,-14.9046998369922,-23.84406106696579
Kapisa,2015,11,-6.161354607440959,-15.16575007424998
Kunar,2015,11,-7.2474278467204325,-15.560044465981333
Kunduz,2015,11,-13.929301069329075,-23.811579284897476
Laghman,2015,11,-8.069338492808274,-16.97788226835508
Logar,2015,11,-8.37452284362411,-18.228360919763016
Nangarhar,2015,11,-8.540795474760309,-17.198946454918406
Nimroz,2015,11,-15.15069507388789,-26.249423062308058
Nuristan,2015,11,-6.98859338754423,-15.262320557292677
Paktya,2015,11,-8.169614645724442,-17.781634574899716
Samangan,2015,11,-9.582044680677878,-19.675642140737178
Sar-e-Pul,2015,11,-9.07503088382655,-19.503567302520935
Takhar,2015,11,-8.132447333655247,-18.16879896519085
Wardak,2015,11,-9.08946289523028,-18.459776570510133
Zabul,2015,11,-10.22321179919262,-20.10876723563562
Khost,2015,12,,
Paktika,2015,12,,
Daykundi,2015,12,,
Panjsher,2015,12,,
Parwan,2015,12,,
Uruzgan,2015,12,,
Badakhshan,2015,12,,
Badghis,2015,12,,
Baghlan,2015,12,,
Balkh,2015,12,,
Bamyan,2015,12,,
Farah,2015,12,,
Faryab,2015,12,,
Ghazni,2015,12,,
Ghor,2015,12,,
Hilmand,2015,12,,
Hirat,2015,12,,
Jawzjan,2015,12,,
Kabul,2015,12,,
Kandahar,2015,12,,
Kapisa,2015,12,,
Kunar,2015,12,,
Kunduz,2015,12,,
Laghman,2015,12,,
Logar,2015,12,,
Nangarhar,2015,12,,
Nimroz,2015,12,,
Nuristan,2015,12,,
Paktya,2015,12,,
Samangan,2015,12,,
Sar-e-Pul,2015,12,,
Takhar,2015,12,,
Wardak,2015,12,,
Zabul,2015,12,,
Khost,2016,1,,
Paktika,2016,1,,
Daykundi,2016,1,,
Panjsher,2016,1,,
Parwan,2016,1,,
Uruzgan,2016,1,,
Badakhshan,2016,1,,
Badghis,2016,1,,
Baghlan,2016,1,,
Balkh,2016,1,,
Bamyan,2016,1,,
Farah,2016,1,,
Faryab,2016,1,,
Ghazni,2016,1,,
Ghor,2016,1,,
Hilmand,2016,1,,
Hirat,2016,1,,
Jawzjan,2016,1,,
Kabul,2016,1,,
Kandahar,2016,1,,
Kapisa,2016,1,,
Kunar,2016,1,,
Kunduz,2016,1,,
Laghman,2016,1,,
Logar,2016,1,,
Nangarhar,2016,1,,
Nimroz,2016,1,,
Nuristan,2016,1,,
Paktya,2016,1,,
Samangan,2016,1,,
Sar-e-Pul,2016,1,,
Takhar,2016,1,,
Wardak,2016,1,,
Zabul,2016,1,,
Khost,2016,2,-8.661298939337627,-16.08901355977096
Paktika,2016,2,-12.503240665436072,-21.392574483233663
Daykundi,2016,2,-8.334143029207462,-16.53447752078977
Panjsher,2016,2,-7.6964015589838395,-15.557724205544176
Parwan,2016,2,-9.582080904242318,-17.434628073481193
Uruzgan,2016,2,-8.811615265504724,-16.462823476311698
Badakhshan,2016,2,-7.6088089602296,-15.80239225771577
Badghis,2016,2,-13.83311818157866,-21.834804307089072
Baghlan,2016,2,-11.63911058866284,-19.78700527844367
Balkh,2016,2,-13.911133859132578,-23.63776766922349
Bamyan,2016,2,-8.28512037686916,-16.910473555791942
Farah,2016,2,-11.76083659322485,-20.658686244396268
Faryab,2016,2,-15.874559175908239,-24.672071788589545
Ghazni,2016,2,-15.07617327629649,-23.70906595205199
Ghor,2016,2,-11.382465713103807,-19.837372969805543
Hilmand,2016,2,-15.338011926297737,-23.79854546907574
Hirat,2016,2,-13.823771399990907,-23.409369268016093
Jawzjan,2016,2,-17.882053411965384,-26.475976121142647
Kabul,2016,2,-9.572011715579958,-17.561263642181448
Kandahar,2016,2,-15.80183340834868,-24.097203097710533
Kapisa,2016,2,-9.185890751686243,-17.051321987833397
Kunar,2016,2,-6.8495154741209,-14.480372941435164
Kunduz,2016,2,-14.569544507200662,-22.6818427451039
Laghman,2016,2,-8.080857112285038,-16.17930186735643
Logar,2016,2,-10.936786075353183,-18.916363064803267
Nangarhar,2016,2,-7.955991975782758,-15.796052983493333
Nimroz,2016,2,-14.241118365067107,-24.90951210711323
Nuristan,2016,2,-5.875899228513131,-13.681229897117905
Paktya,2016,2,-10.587373060259376,-18.651593304251396
Samangan,2016,2,-11.28409996421182,-19.151619343999275
Sar-e-Pul,2016,2,-11.351264861084015,-19.96993636519389
Takhar,2016,2,-10.456588052223266,-19.087669463710473
Wardak,2016,2,-11.055449993047455,-19.00545983914524
Zabul,2016,2,-14.122006609779756,-22.5173283968002
Khost,2016,3,,
Paktika,2016,3,-10.40351631288371,-21.74779157397841
Daykundi,2016,3,-10.8463639194659,-18.806114759534275
Panjsher,2016,3,,
Parwan,2016,3,-7.049405132569386,-16.479113085223847
Uruzgan,2016,3,-10.184006765063511,-18.447552305966507
Badakhshan,2016,3,,
Badghis,2016,3,-8.946243615853307,-18.102870976026992
Baghlan,2016,3,-9.833718788266026,-18.71221880808661
Balkh,2016,3,-15.508846230832441,-24.765449863223925
Bamyan,2016,3,-11.200974648529682,-19.79374328950393
Farah,2016,3,-9.755796532038634,-18.768833695358857
Faryab,2016,3,-10.904340599160227,-20.946335451876283
Ghazni,2016,3,-10.1024730797741,-19.732129805320135
Ghor,2016,3,-8.749968235440729,-17.553629306535292
Hilmand,2016,3,-14.425495642402552,-24.330173537705075
Hirat,2016,3,-9.868972403261946,-18.938588036142065
Jawzjan,2016,3,-15.717256517993544,-23.50191640512353
Kabul,2016,3,,
Kandahar,2016,3,-15.101067603448039,-23.741570498853175
Kapisa,2016,3,,
Kunar,2016,3,,
Kunduz,2016,3,-14.484524418948029,-22.756689237541565
Laghman,2016,3,,
Logar,2016,3,,
Nangarhar,2016,3,,
Nimroz,2016,3,-16.105898552852803,-26.81129080331717
Nuristan,2016,3,,
Paktya,2016,3,,
Samangan,2016,3,-11.151869646233079,-20.096185270752077
Sar-e-Pul,2016,3,-12.592247415732679,-20.1959016058894
Takhar,2016,3,-10.222891504876111,-19.833088736577956
Wardak,2016,3,-9.688837447074897,-18.89725484288198
Zabul,2016,3,-9.066318793260773,-18.6325423452036
Khost,2016,4,,
Paktika,2016,4,,
Daykundi,2016,4,,
Panjsher,2016,4,,
Parwan,2016,4,,
Uruzgan,2016,4,,
Badakhshan,2016,4,,
Badghis,2016,4,,
Baghlan,2016,4,,
Balkh,2016,4,,
Bamyan,2016,4,,
Farah,2016,4,,
Faryab,2016,4,,
Ghazni,2016,4,,
Ghor,2016,4,,
Hilmand,2016,4,,
Hirat,2016,4,,
Jawzjan,2016,4,,
Kabul,2016,4,,
Kandahar,2016,4,,
Kapisa,2016,4,,
Kunar,2016,4,,
Kunduz,2016,4,,
Laghman,2016,4,,
Logar,2016,4,,
Nangarhar,2016,4,,
Nimroz,2016,4,,
Nuristan,2016,4,,
Paktya,2016,4,,
Samangan,2016,4,,
Sar-e-Pul,2016,4,,
Takhar,2016,4,,
Wardak,2016,4,,
Zabul,2016,4,,
Khost,2016,5,-9.241540740240485,-16.427002890865577
Paktika,2016,5,-11.563395454264512,-19.384994941122365
Daykundi,2016,5,-8.537559851130837,-15.768532893589025
Panjsher,2016,5,-10.273283701483264,-18.34711647508824
Parwan,2016,5,-8.757024412762213,-16.09680429184097
Uruzgan,2016,5,-8.647846434382249,-15.643152483901181
Badakhshan,2016,5,-9.998745633794135,-17.809986582653842
Badghis,2016,5,-12.5203519442248,-20.822272416849586
Baghlan,2016,5,-10.35537235750376,-18.244173383767567
Balkh,2016,5,-14.481731871685591,-22.958233570644722
Bamyan,2016,5,-9.864273169545584,-17.47636444923852
Farah,2016,5,-10.903107397322659,-18.941962674566884
Faryab,2016,5,-13.68489127372594,-22.005052335383322
Ghazni,2016,5,-10.960612387100436,-18.360061310900342
Ghor,2016,5,-10.037990292213504,-17.447540657823296
Hilmand,2016,5,-15.096148483454886,-23.183785590546044
Hirat,2016,5,-12.550050734659857,-20.75226696700932
Jawzjan,2016,5,-17.16028474990633,-25.6370971908415
Kabul,2016,5,-9.147134435014769,-16.381547559410617
Kandahar,2016,5,-15.810552580052297,-22.854470280151208
Kapisa,2016,5,-7.4716329126927095,-14.991070214695124
Kunar,2016,5,-7.903584029855345,-14.856731886898002
Kunduz,2016,5,-15.451906652485851,-23.42164593138667
Laghman,2016,5,-9.202646901670468,-16.813900631068044
Logar,2016,5,-9.569582965852085,-17.073899712817845
Nangarhar,2016,5,-9.086508773239597,-16.160298003145336
Nimroz,2016,5,-16.00006214681229,-25.779228068627013
Nuristan,2016,5,-9.020779800570436,-17.08655981436981
Paktya,2016,5,-9.58921644791362,-16.930915332642993
Samangan,2016,5,-10.987832054543283,-18.606678902208674
Sar-e-Pul,2016,5,-10.870810038895527,-18.9009288545795
Takhar,2016,5,-10.31293682619662,-18.227617970075116
Wardak,2016,5,-9.605386946983826,-17.049556526322316
Zabul,2016,5,-10.98757157052395,-18.61725032809221
Khost,2016,6,,
Paktika,2016,6,,
Daykundi,2016,6,,
Panjsher,2016,6,,
Parwan,2016,6,,
Uruzgan,2016,6,,
Badakhshan,2016,6,,
Badghis,2016,6,,
Baghlan,2016,6,,
Balkh,2016,6,,
Bamyan,2016,6,,
Farah,2016,6,-14.534054118582626,-23.23455840745249
Faryab,2016,6,,
Ghazni,2016,6,,
Ghor,2016,6,,
Hilmand,2016,6,,
Hirat,2016,6,-14.885348643678146,-23.72604840926118
Jawzjan,2016,6,,
Kabul,2016,6,,
Kandahar,2016,6,,
Kapisa,2016,6,,
Kunar,2016,6,,
Kunduz,2016,6,,
Laghman,2016,6,,
Logar,2016,6,,
Nangarhar,2016,6,,
Nimroz,2016,6,,
Nuristan,2016,6,,
Paktya,2016,6,,
Samangan,2016,6,,
Sar-e-Pul,2016,6,,
Takhar,2016,6,,
Wardak,2016,6,,
Zabul,2016,6,,
Khost,2016,7,,
Paktika,2016,7,,
Daykundi,2016,7,,
Panjsher,2016,7,,
Parwan,2016,7,,
Uruzgan,2016,7,,
Badakhshan,2016,7,,
Badghis,2016,7,,
Baghlan,2016,7,,
Balkh,2016,7,,
Bamyan,2016,7,,
Farah,2016,7,,
Faryab,2016,7,,
Ghazni,2016,7,,
Ghor,2016,7,,
Hilmand,2016,7,,
Hirat,2016,7,,
Jawzjan,2016,7,,
Kabul,2016,7,,
Kandahar,2016,7,,
Kapisa,2016,7,,
Kunar,2016,7,,
Kunduz,2016,7,,
Laghman,2016,7,,
Logar,2016,7,,
Nangarhar,2016,7,,
Nimroz,2016,7,,
Nuristan,2016,7,,
Paktya,2016,7,,
Samangan,2016,7,,
Sar-e-Pul,2016,7,,
Takhar,2016,7,,
Wardak,2016,7,,
Zabul,2016,7,,
Khost,2016,8,,
Paktika,2016,8,,
Daykundi,2016,8,,
Panjsher,2016,8,-4.66062120636782,-12.096041264680265
Parwan,2016,8,,
Uruzgan,2016,8,,
Badakhshan,2016,8,-8.062099682165487,-15.329712872772145
Badghis,2016,8,,
Baghlan,2016,8,,
Balkh,2016,8,,
Bamyan,2016,8,,
Farah,2016,8,,
Faryab,2016,8,,
Ghazni,2016,8,,
Ghor,2016,8,,
Hilmand,2016,8,,
Hirat,2016,8,,
Jawzjan,2016,8,,
Kabul,2016,8,,
Kandahar,2016,8,,
Kapisa,2016,8,,
Kunar,2016,8,-7.972194861531982,-14.92182837001332
Kunduz,2016,8,,
Laghman,2016,8,-7.078537214210308,-15.233953162791906
Logar,2016,8,,
Nangarhar,2016,8,-8.346759850099291,-15.424121619357008
Nimroz,2016,8,,
Nuristan,2016,8,-6.598367676036876,-14.34958563779793
Paktya,2016,8,,
Samangan,2016,8,,
Sar-e-Pul,2016,8,,
Takhar,2016,8,-7.545278064506704,-15.818141058226907
Wardak,2016,8,,
Zabul,2016,8,,
Khost,2016,9,,
Paktika,2016,9,,
Daykundi,2016,9,,
Panjsher,2016,9,-4.701173568976194,-12.16809500889655
Parwan,2016,9,,
Uruzgan,2016,9,,
Badakhshan,2016,9,-8.013381355512834,-15.210041414962639
Badghis,2016,9,,
Baghlan,2016,9,,
Balkh,2016,9,,
Bamyan,2016,9,,
Farah,2016,9,,
Faryab,2016,9,,
Ghazni,2016,9,,
Ghor,2016,9,,
Hilmand,2016,9,,
Hirat,2016,9,,
Jawzjan,2016,9,,
Kabul,2016,9,,
Kandahar,2016,9,,
Kapisa,2016,9,,
Kunar,2016,9,-7.844008786748812,-14.88558841507451
Kunduz,2016,9,,
Laghman,2016,9,-7.0985027029907455,-15.356035865633341
Logar,2016,9,,
Nangarhar,2016,9,-8.410463785768691,-15.56942190724348
Nimroz,2016,9,,
Nuristan,2016,9,-6.327036047928322,-13.885927466804851
Paktya,2016,9,,
Samangan,2016,9,,
Sar-e-Pul,2016,9,,
Takhar,2016,9,-7.583078074499431,-15.816776038027074
Wardak,2016,9,,
Zabul,2016,9,,
Khost,2016,10,,
Paktika,2016,10,,
Daykundi,2016,10,,
Panjsher,2016,10,-4.728889148765347,-12.482554764024695
Parwan,2016,10,,
Uruzgan,2016,10,,
Badakhshan,2016,10,-8.276047530061536,-15.960061284684224
Badghis,2016,10,,
Baghlan,2016,10,,
Balkh,2016,10,,
Bamyan,2016,10,,
Farah,2016,10,,
Faryab,2016,10,,
Ghazni,2016,10,,
Ghor,2016,10,,
Hilmand,2016,10,,
Hirat,2016,10,,
Jawzjan,2016,10,,
Kabul,2016,10,,
Kandahar,2016,10,,
Kapisa,2016,10,,
Kunar,2016,10,-7.89547018275854,-15.274418478564261
Kunduz,2016,10,,
Laghman,2016,10,-6.995206360726247,-15.494206796485388
Logar,2016,10,,
Nangarhar,2016,10,-8.316851860965476,-15.644797927055167
Nimroz,2016,10,,
Nuristan,2016,10,-6.4171174549475465,-14.350024955173897
Paktya,2016,10,,
Samangan,2016,10,,
Sar-e-Pul,2016,10,,
Takhar,2016,10,-7.769385172221574,-16.30568132472003
Wardak,2016,10,,
Zabul,2016,10,,
Khost,2016,11,,
Paktika,2016,11,,
Daykundi,2016,11,,
Panjsher,2016,11,,
Parwan,2016,11,,
Uruzgan,2016,11,,
Badakhshan,2016,11,,
Badghis,2016,11,,
Baghlan,2016,11,,
Balkh,2016,11,,
Bamyan,2016,11,,
Farah,2016,11,-14.69890626675405,-23.411904241568664
Faryab,2016,11,,
Ghazni,2016,11,,
Ghor,2016,11,,
Hilmand,2016,11,,
Hirat,2016,11,-16.54510478472688,-25.8598509581539
Jawzjan,2016,11,,
Kabul,2016,11,,
Kandahar,2016,11,,
Kapisa,2016,11,,
Kunar,2016,11,-8.124421947036364,-15.467786238513947
Kunduz,2016,11,,
Laghman,2016,11,-7.206356855112295,-15.876360874204657
Logar,2016,11,,
Nangarhar,2016,11,-8.391154942182201,-15.760785578918982
Nimroz,2016,11,,
Nuristan,2016,11,,
Paktya,2016,11,,
Samangan,2016,11,,
Sar-e-Pul,2016,11,,
Takhar,2016,11,,
Wardak,2016,11,,
Zabul,2016,11,,
Khost,2016,12,,
Paktika,2016,12,,
Daykundi,2016,12,,
Panjsher,2016,12,,
Parwan,2016,12,,
Uruzgan,2016,12,,
Badakhshan,2016,12,,
Badghis,2016,12,,
Baghlan,2016,12,,
Balkh,2016,12,,
Bamyan,2016,12,,
Farah,2016,12,,
Faryab,2016,12,,
Ghazni,2016,12,,
Ghor,2016,12,,
Hilmand,2016,12,,
Hirat,2016,12,,
Jawzjan,2016,12,,
Kabul,2016,12,,
Kandahar,2016,12,,
Kapisa,2016,12,,
Kunar,2016,12,-8.238366595564683,-15.804988409764128
Kunduz,2016,12,,
Laghman,2016,12,-7.211658814882744,-15.958431207892977
Logar,2016,12,,
Nangarhar,2016,12,-8.493962778130633,-16.05832958788345
Nimroz,2016,12,,
Nuristan,2016,12,,
Paktya,2016,12,,
Samangan,2016,12,,
Sar-e-Pul,2016,12,,
Takhar,2016,12,,
Wardak,2016,12,,
Zabul,2016,12,,
Khost,2017,1,,
Paktika,2017,1,,
Daykundi,2017,1,,
Panjsher,2017,1,,
Parwan,2017,1,,
Uruzgan,2017,1,,
Badakhshan,2017,1,,
Badghis,2017,1,,
Baghlan,2017,1,,
Balkh,2017,1,,
Bamyan,2017,1,,
Farah,2017,1,,
Faryab,2017,1,,
Ghazni,2017,1,,
Ghor,2017,1,,
Hilmand,2017,1,,
Hirat,2017,1,,
Jawzjan,2017,1,,
Kabul,2017,1,,
Kandahar,2017,1,,
Kapisa,2017,1,,
Kunar,2017,1,,
Kunduz,2017,1,,
Laghman,2017,1,,
Logar,2017,1,,
Nangarhar,2017,1,,
Nimroz,2017,1,,
Nuristan,2017,1,,
Paktya,2017,1,,
Samangan,2017,1,,
Sar-e-Pul,2017,1,,
Takhar,2017,1,,
Wardak,2017,1,,
Zabul,2017,1,,
Khost,2017,2,-9.414367112688614,-17.180412608317702
Paktika,2017,2,-12.183262960046385,-21.543232485477326
Daykundi,2017,2,-9.891412305874141,-18.190815257468945
Panjsher,2017,2,-8.867159518374782,-15.615299317115413
Parwan,2017,2,-9.816529895659118,-17.649578019824155
Uruzgan,2017,2,-8.922268608367565,-17.406485433568044
Badakhshan,2017,2,-9.09769487236798,-16.320946815451006
Badghis,2017,2,-10.342296513970945,-20.51876477750075
Baghlan,2017,2,-9.868960318994723,-18.821894176543964
Balkh,2017,2,-12.66680996666692,-23.12012827953183
Bamyan,2017,2,-11.30846010567495,-19.21226263963351
Farah,2017,2,-11.645440892405166,-20.676031933834583
Faryab,2017,2,-11.616885567631554,-22.191077791395717
Ghazni,2017,2,-12.765065774738414,-21.340356090552483
Ghor,2017,2,-11.957773332125834,-20.660597939514393
Hilmand,2017,2,-14.77658371401553,-24.05075434250886
Hirat,2017,2,-12.588716771652713,-22.360422403220888
Jawzjan,2017,2,-14.362888036395274,-25.10651830586291
Kabul,2017,2,-9.848351180869454,-18.295984394875745
Kandahar,2017,2,-14.608534893578124,-23.67310695029168
Kapisa,2017,2,-8.69181692212843,-17.112025319392675
Kunar,2017,2,-8.919466082576026,-16.167380880017028
Kunduz,2017,2,-12.663388414727056,-22.584243299471357
Laghman,2017,2,-9.28498232807475,-17.166460660400592
Logar,2017,2,-10.993527154802148,-19.586976736897473
Nangarhar,2017,2,-9.655107834866667,-17.30374945872689
Nimroz,2017,2,-15.680614417335061,-26.321956124110624
Nuristan,2017,2,-8.329998696897427,-14.772176540114602
Paktya,2017,2,-10.7847821890669,-19.510807954805742
Samangan,2017,2,-11.018597581104236,-20.350862682604504
Sar-e-Pul,2017,2,-10.887777551188083,-20.038849483322057
Takhar,2017,2,-8.714458913318643,-17.69531959683923
Wardak,2017,2,-11.347776221113772,-19.307882303898865
Zabul,2017,2,-11.291940260713334,-20.485042559723215
Khost,2017,3,-9.46684979544123,-16.874935070248352
Paktika,2017,3,-12.123358387613264,-21.294978146441057
Daykundi,2017,3,-9.559012271883118,-17.706717630843183
Panjsher,2017,3,-9.246417438686656,-16.383559613048487
Parwan,2017,3,-9.794913714257262,-17.864029873401293
Uruzgan,2017,3,-9.709922561932295,-17.736548370908462
Badakhshan,2017,3,-9.00428052633248,-16.373054981591704
Badghis,2017,3,-12.147716239224973,-21.82031064478267
Baghlan,2017,3,-10.566360727597703,-19.002415823659963
Balkh,2017,3,-13.174438079072491,-23.108202533327464
Bamyan,2017,3,-11.64124781997463,-19.698501846326185
Farah,2017,3,-11.746415422074884,-20.26000683339968
Faryab,2017,3,-12.959420294802094,-22.66849683488925
Ghazni,2017,3,-12.743506580600314,-21.419906184714712
Ghor,2017,3,-11.20031590629415,-19.788291328840305
Hilmand,2017,3,-15.3042547326297,-23.75858475104411
Hirat,2017,3,-12.779584620035578,-22.1528726864635
Jawzjan,2017,3,-15.7768909721021,-25.276000637821028
Kabul,2017,3,-9.585794693340805,-17.917593456742072
Kandahar,2017,3,-15.631041678146598,-23.56502971545003
Kapisa,2017,3,-9.06369233896861,-17.187663328386723
Kunar,2017,3,-8.582507577797955,-15.973283424783343
Kunduz,2017,3,-15.121028883352624,-23.567637998070605
Laghman,2017,3,-9.283363240345894,-17.12337769891528
Logar,2017,3,-10.642352397387373,-19.296043804262048
Nangarhar,2017,3,-9.410296133133766,-16.973281299437723
Nimroz,2017,3,-16.391128747949463,-26.23633905906168
Nuristan,2017,3,-8.003312912141908,-14.966905613810967
Paktya,2017,3,-10.074949416016501,-18.639207993662104
Samangan,2017,3,-11.045153018393371,-20.159313656555135
Sar-e-Pul,2017,3,-10.693088260960367,-19.658167982414493
Takhar,2017,3,-9.943369415668101,-18.670552497829238
Wardak,2017,3,-11.722891907560836,-19.98891016548293
Zabul,2017,3,-11.552576886058263,-20.307850702300886
Khost,2017,4,-9.60404666529449,-16.820969007231447
Paktika,2017,4,-12.15911990216996,-20.433977422154843
Daykundi,2017,4,-9.493423244040464,-17.330988259543417
Panjsher,2017,4,-10.34017378595333,-18.072637601166257
Parwan,2017,4,-9.693046102910637,-17.598705450250826
Uruzgan,2017,4,-9.700063571987457,-17.05063685243301
Badakhshan,2017,4,-10.047596214653247,-17.608705214953062
Badghis,2017,4,-12.128769028264589,-20.800843194475757
Baghlan,2017,4,-9.991191151510067,-18.23663912035199
Balkh,2017,4,-14.156098163431167,-22.71578105582956
Bamyan,2017,4,-11.514138737126185,-19.678919829527292
Farah,2017,4,-11.576347997730075,-19.77066523338141
Faryab,2017,4,-13.008692650316743,-21.786205567574076
Ghazni,2017,4,-12.027808273488859,-20.271303359349012
Ghor,2017,4,-10.824671653332114,-19.233069549357133
Hilmand,2017,4,-15.208316486450641,-23.361589089029504
Hirat,2017,4,-13.053949114409004,-21.65354311208469
Jawzjan,2017,4,-16.633787425962808,-24.634832647085585
Kabul,2017,4,-9.613500864182818,-17.60680464315529
Kandahar,2017,4,-15.759338829334009,-22.852750203163843
Kapisa,2017,4,-8.951557597277727,-16.89420175557587
Kunar,2017,4,-8.402888755998031,-15.466922120265883
Kunduz,2017,4,-14.671932088169099,-22.305189200576066
Laghman,2017,4,-9.401532564131116,-17.179999088597146
Logar,2017,4,-10.611848596819616,-18.757887160026538
Nangarhar,2017,4,-9.212793370926098,-16.638112986434187
Nimroz,2017,4,-16.401143479810266,-26.12826627696211
Nuristan,2017,4,-9.489374479967537,-17.13978409207311
Paktya,2017,4,-10.198895662419714,-18.263303201125094
Samangan,2017,4,-10.820574976380378,-19.557777727116044
Sar-e-Pul,2017,4,-11.635569156367154,-20.029604390907583
Takhar,2017,4,-9.190193968891117,-17.468929434938698
Wardak,2017,4,-11.22317602011046,-19.445174724457164
Zabul,2017,4,-11.51753951605915,-19.533645697472213
Khost,2017,5,-9.114953223086957,-16.457820288505562
Paktika,2017,5,-11.758463052448356,-19.90691603919685
Daykundi,2017,5,-8.815782001602505,-16.121761893925022
Panjsher,2017,5,-10.013012671884887,-18.07119241141438
Parwan,2017,5,-8.874551096752056,-16.52696092979776
Uruzgan,2017,5,-8.922241166767972,-15.877158192730107
Badakhshan,2017,5,-10.15224532660852,-18.12325269099465
Badghis,2017,5,-12.62310416857055,-20.544816972482344
Baghlan,2017,5,-10.884785579158278,-18.646389669638506
Balkh,2017,5,-14.510470523148896,-22.110829788607997
Bamyan,2017,5,-10.315657968314765,-18.141520766855916
Farah,2017,5,-11.22565688672024,-19.196147061491132
Faryab,2017,5,-13.873263856416745,-21.79552031548342
Ghazni,2017,5,-11.430457577362866,-18.983703498000253
Ghor,2017,5,-10.347870221098685,-17.882743230709693
Hilmand,2017,5,-14.948929948623304,-22.947723129261917
Hirat,2017,5,-12.635809270865987,-20.537554832279646
Jawzjan,2017,5,-16.760763238678035,-24.037608970211757
Kabul,2017,5,-9.138088248610112,-16.787035373014188
Kandahar,2017,5,-15.438203195944233,-22.349621060940844
Kapisa,2017,5,-8.324454451876308,-16.042395250775535
Kunar,2017,5,-8.286237763435896,-15.301877278926577
Kunduz,2017,5,-15.479298157529517,-22.729687412430692
Laghman,2017,5,-9.030037461343948,-16.64534068131814
Logar,2017,5,-9.923334458048208,-17.822753904427035
Nangarhar,2017,5,-8.960901900160263,-16.274926862637507
Nimroz,2017,5,-16.05271194458894,-25.71344082116735
Nuristan,2017,5,-9.165907603810444,-17.247451512797383
Paktya,2017,5,-9.596734880898786,-17.316867352118553
Samangan,2017,5,-11.095572475975887,-18.923527621288883
Sar-e-Pul,2017,5,-11.380732141609696,-18.88647250552357
Takhar,2017,5,-10.666164138571112,-18.32352563991072
Wardak,2017,5,-10.064322596979157,-17.863299154148187
Zabul,2017,5,-11.318013650481149,-18.864387487897222
Khost,2017,6,-8.880149128867082,-16.41516386451965
Paktika,2017,6,-11.569708484633825,-19.70608135018402
Daykundi,2017,6,-8.396755254163647,-15.415327412056243
Panjsher,2017,6,-7.97844258301112,-15.57653121723695
Parwan,2017,6,-8.090438074586933,-15.218600045178334
Uruzgan,2017,6,-8.436258380961466,-15.25994695283522
Badakhshan,2017,6,-9.423024461608023,-17.042892988155508
Badghis,2017,6,-12.250623182541961,-20.444747537954598
Baghlan,2017,6,-10.3170332660829,-18.10462736468487
Balkh,2017,6,-14.53330930296234,-22.43816765370685
Bamyan,2017,6,-9.457786498734881,-16.486209728446013
Farah,2017,6,-10.653455709496882,-18.639569445646227
Faryab,2017,6,-13.663270181814633,-21.863095095920627
Ghazni,2017,6,-10.707047548748315,-17.956085119806392
Ghor,2017,6,-9.745458861783183,-16.920884637884832
Hilmand,2017,6,-14.731421762464386,-22.762415674183355
Hirat,2017,6,-12.316406580391819,-20.408579244709614
Jawzjan,2017,6,-16.917894642477602,-24.694001355869222
Kabul,2017,6,-8.912656376887334,-16.00453278111144
Kandahar,2017,6,-15.42078004335003,-22.341056787343266
Kapisa,2017,6,-7.865698291876895,-15.052274988138935
Kunar,2017,6,-7.99077164465341,-14.88109563813374
Kunduz,2017,6,-15.369206304035636,-22.980447093767424
Laghman,2017,6,-8.629085809485856,-16.123235503769166
Logar,2017,6,-9.680216816366823,-16.92929790058342
Nangarhar,2017,6,-8.685784351905129,-15.82742502672708
Nimroz,2017,6,-15.67752593343559,-25.325424574513193
Nuristan,2017,6,-7.791928244517043,-15.485191902526386
Paktya,2017,6,-9.671467576020518,-16.977511973209342
Samangan,2017,6,-10.678582392878646,-18.025794162388696
Sar-e-Pul,2017,6,-10.789977559352018,-18.278941562534108
Takhar,2017,6,-9.944431392488212,-18.12844461748919
Wardak,2017,6,-9.193421274512277,-16.40676080022887
Zabul,2017,6,-10.755569560375262,-18.29311714884277
Khost,2017,7,-8.774790704678683,-16.296319508228233
Paktika,2017,7,-11.655968799206207,-19.96643431717843
Daykundi,2017,7,-8.123394917155691,-15.16921228914956
Panjsher,2017,7,-7.155639631585053,-14.432929188550903
Parwan,2017,7,-8.069176747032417,-15.286980198883438
Uruzgan,2017,7,-8.218093769819415,-15.012186970443839
Badakhshan,2017,7,-8.741671709854272,-16.23673374908673
Badghis,2017,7,-12.326776630104202,-20.530539197941337
Baghlan,2017,7,-10.196661335616799,-17.935718027938492
Balkh,2017,7,-14.320246107558583,-22.30224285390202
Bamyan,2017,7,-9.158464785460161,-16.144626916835552
Farah,2017,7,-10.64582875173358,-18.529479263546968
Faryab,2017,7,-13.874342845471919,-22.129922503536495
Ghazni,2017,7,-10.793605300924904,-18.137205987404222
Ghor,2017,7,-9.66679684856829,-16.845999936717114
Hilmand,2017,7,-14.582511265059976,-22.614200923730547
Hirat,2017,7,-12.289247923249375,-20.413007010341033
Jawzjan,2017,7,-16.917539703484493,-24.75453613374008
Kabul,2017,7,-8.8342170961744,-16.21902507925789
Kandahar,2017,7,-15.439708621509615,-22.4499636605326
Kapisa,2017,7,-7.754936839415933,-15.134209230592873
Kunar,2017,7,-8.145088254475034,-15.159491916024646
Kunduz,2017,7,-15.417259467603403,-22.919762401809564
Laghman,2017,7,-8.58806937078153,-16.273334175272087
Logar,2017,7,-9.643410980740297,-17.23277762620428
Nangarhar,2017,7,-8.71983871669763,-16.028483209294198
Nimroz,2017,7,-15.668045067772354,-25.30102009494655
Nuristan,2017,7,-7.195656956974303,-14.80737055819715
Paktya,2017,7,-9.62528125521905,-17.22254632757015
Samangan,2017,7,-10.38765376503427,-17.78964674012108
Sar-e-Pul,2017,7,-10.478601938479587,-18.027224634249777
Takhar,2017,7,-9.831973802531088,-18.027417141308142
Wardak,2017,7,-9.313939980568088,-16.68751070093634
Zabul,2017,7,-10.702969078765582,-18.275880398942775
Khost,2017,8,-9.191734366674421,-16.4235885488027
Paktika,2017,8,-11.678793540828748,-19.954060693047566
Daykundi,2017,8,-8.267071054944038,-15.263611883137578
Panjsher,2017,8,-6.978280009539595,-14.053628359457594
Parwan,2017,8,-7.889329960240789,-15.039468035535073
Uruzgan,2017,8,-8.325090297787495,-15.033705333181421
Badakhshan,2017,8,-8.492980038873243,-15.676228163530336
Badghis,2017,8,-12.58535487094151,-20.877292235169453
Baghlan,2017,8,-10.044657578200743,-17.75837847971106
Balkh,2017,8,-14.545392300432539,-22.53378606287531
Bamyan,2017,8,-9.249007338561023,-16.230351911397825
Farah,2017,8,-10.635516998232076,-18.510814979581586
Faryab,2017,8,-14.232826251702505,-22.558323197607493
Ghazni,2017,8,-10.754983534072345,-18.108828672768194
Ghor,2017,8,-9.766665915771462,-16.98538454369295
Hilmand,2017,8,-14.729301144986753,-22.74333283294887
Hirat,2017,8,-12.43554331590843,-20.674074571708857
Jawzjan,2017,8,-17.298303126449913,-25.077149969646495
Kabul,2017,8,-9.12220410116818,-16.47341560555407
Kandahar,2017,8,-15.494341265464012,-22.569942414412306
Kapisa,2017,8,-7.79933421496374,-15.10096008657787
Kunar,2017,8,-8.0829830317871,-15.174485764063197
Kunduz,2017,8,-15.322442761284128,-22.833933760577594
Laghman,2017,8,-8.862687032298524,-16.48992262860784
Logar,2017,8,-9.64399824705409,-17.11689355807429
Nangarhar,2017,8,-8.997540502413718,-16.32131638480659
Nimroz,2017,8,-15.778726328857735,-25.364689349182306
Nuristan,2017,8,-7.262281639153645,-14.819560313322706
Paktya,2017,8,-9.81884358921641,-17.33336035168461
Samangan,2017,8,-10.535670850235194,-17.943279159306172
Sar-e-Pul,2017,8,-10.770376593162714,-18.288526269675828
Takhar,2017,8,-9.690765628033057,-17.818156356212036
Wardak,2017,8,-9.134549354856146,-16.47878301957526
Zabul,2017,8,-10.812291154196345,-18.34213303786739
Khost,2017,9,-9.16439966704309,-16.405982102107565
Paktika,2017,9,-11.907733854340613,-20.15431898816632
Daykundi,2017,9,-8.069624737773323,-15.109886517797232
Panjsher,2017,9,-6.97690547394834,-14.180320145851958
Parwan,2017,9,-8.288588227580453,-15.299615001818234
Uruzgan,2017,9,-8.20428451828725,-14.92969754903941
Badakhshan,2017,9,-8.376904026615259,-15.706641626922544
Badghis,2017,9,-12.723722507289827,-21.142904598286783
Baghlan,2017,9,-10.568651268874696,-18.23526229504274
Balkh,2017,9,-14.589792736803345,-22.656779114966703
Bamyan,2017,9,-9.200620617247402,-16.227159805783053
Farah,2017,9,-10.692635281771208,-18.52252974689572
Faryab,2017,9,-14.115264304469656,-22.631506040387514
Ghazni,2017,9,-11.008901655287735,-18.367073108675267
Ghor,2017,9,-9.774728584283451,-17.055440607840662
Hilmand,2017,9,-14.632130550652718,-22.61005701873259
Hirat,2017,9,-12.54733600750854,-20.839534481684762
Jawzjan,2017,9,-17.15864706466912,-25.175170107730832
Kabul,2017,9,-9.100830993668009,-16.338528340796017
Kandahar,2017,9,-15.661546377304674,-22.75310550599489
Kapisa,2017,9,-8.053868850117352,-15.230489322410314
Kunar,2017,9,-8.357669626408658,-15.379608335662112
Kunduz,2017,9,-15.848881142378941,-23.36891251374953
Laghman,2017,9,-8.72688384144586,-16.35543807312629
Logar,2017,9,-9.85263418617446,-17.15687764392188
Nangarhar,2017,9,-8.801250568797025,-16.083790262837933
Nimroz,2017,9,-15.877415930621817,-25.42070065260487
Nuristan,2017,9,-7.229674477988507,-14.824461288094739
Paktya,2017,9,-9.957149661911748,-17.41375014902144
Samangan,2017,9,-10.692303649823826,-18.130245835941
Sar-e-Pul,2017,9,-10.544378166355427,-18.232387033982345
Takhar,2017,9,-9.94644372579057,-18.105408072607545
Wardak,2017,9,-9.574105366611576,-16.79899276206597
Zabul,2017,9,-10.76817598558076,-18.335261724085107
Khost,2017,10,-9.32080378406454,-16.463973359624713
Paktika,2017,10,-11.920813367821825,-20.203209364556912
Daykundi,2017,10,-7.834316490385666,-15.002288646575318
Panjsher,2017,10,-7.50790274708206,-15.185417638717437
Parwan,2017,10,-8.448409762634348,-15.662904366118136
Uruzgan,2017,10,-8.054014886735313,-14.893901677938029
Badakhshan,2017,10,-8.583643579656748,-16.038166586345817
Badghis,2017,10,-12.918676268153835,-21.54366232848594
Baghlan,2017,10,-10.693039552704644,-18.493305507782594
Balkh,2017,10,-14.448527578636917,-22.947772603619384
Bamyan,2017,10,-9.31172811498408,-16.325223888540354
Farah,2017,10,-10.747133359351922,-18.648079477562607
Faryab,2017,10,-14.690797733209495,-23.355864128073815
Ghazni,2017,10,-11.374825360800001,-18.776266884684098
Ghor,2017,10,-9.784921444113627,-17.19217869275685
Hilmand,2017,10,-14.843342854843254,-22.926686817690456
Hirat,2017,10,-12.697049120362221,-21.159401674310082
Jawzjan,2017,10,-18.294666913621835,-26.274188129378032
Kabul,2017,10,-9.141951042993528,-16.402539408012057
Kandahar,2017,10,-15.040211470565255,-22.478195946222165
Kapisa,2017,10,-8.157896138702842,-15.493580033112792
Kunar,2017,10,-8.50314752450659,-15.507568777423423
Kunduz,2017,10,-16.31188381817662,-24.07338312376
Laghman,2017,10,-8.873740127490201,-16.445756181356618
Logar,2017,10,-9.758910774500837,-17.120325380640956
Nangarhar,2017,10,-8.904557612685384,-16.024835734535444
Nimroz,2017,10,-15.942839972424693,-25.499284904309
Nuristan,2017,10,-7.517137736701436,-15.186254751691319
Paktya,2017,10,-9.920488926731153,-17.371797436414784
Samangan,2017,10,-10.754361017894603,-18.254663579739695
Sar-e-Pul,2017,10,-10.790561951580752,-18.591057394750436
Takhar,2017,10,-10.259731423901341,-18.604330618379247
Wardak,2017,10,-9.700173716682764,-16.9263082650298
Zabul,2017,10,-11.250656964805033,-18.743249005235125
Khost,2017,11,-9.281614946811628,-16.831698786198874
Paktika,2017,11,-12.008812285112214,-20.971408759036702
Daykundi,2017,11,-8.681781009146237,-16.36610881892154
Panjsher,2017,11,-7.437800582657704,-14.790521434080182
Parwan,2017,11,-8.981468298934185,-16.612759784101577
Uruzgan,2017,11,-8.849059275981269,-16.227155838887967
Badakhshan,2017,11,-8.587451404211828,-15.987386846919057
Badghis,2017,11,-12.329610957173802,-21.674182104879478
Baghlan,2017,11,-10.879237210585556,-18.97828256460008
Balkh,2017,11,-14.88830849494125,-24.066947012849145
Bamyan,2017,11,-10.02548335818928,-18.07843046867147
Farah,2017,11,-10.95194852238955,-19.114481852235365
Faryab,2017,11,-13.864585141329746,-23.214137510924733
Ghazni,2017,11,-11.58943295654527,-20.10235353089341
Ghor,2017,11,-10.238863917998598,-18.240510906975697
Hilmand,2017,11,-14.796706363094051,-23.126073142263287
Hirat,2017,11,-12.90100329434737,-21.74811012180521
Jawzjan,2017,11,-18.170780639391257,-26.827823924146283
Kabul,2017,11,-9.575628681054631,-17.18458871946506
Kandahar,2017,11,-15.894301361282816,-23.49153958558928
Kapisa,2017,11,-8.460338953065447,-16.145021721512556
Kunar,2017,11,-8.35049513049868,-15.780204386145817
Kunduz,2017,11,-16.513144402513834,-24.693194953431036
Laghman,2017,11,-8.921794866884026,-16.808125851772395
Logar,2017,11,-10.283045368612035,-18.120115910890167
Nangarhar,2017,11,-8.94000395973208,-16.695181759298237
Nimroz,2017,11,-15.96174834207923,-25.723513044793446
Nuristan,2017,11,-7.578246873598031,-15.158786037721422
Paktya,2017,11,-10.228617946684878,-18.153390089290554
Samangan,2017,11,-11.26908816720702,-19.875588570876197
Sar-e-Pul,2017,11,-11.121404452579089,-19.644402773265647
Takhar,2017,11,-10.200726647015795,-18.78644268158241
Wardak,2017,11,-10.217638553621011,-18.324655228133253
Zabul,2017,11,-11.466656509390376,-19.891843422579786
Khost,2017,12,-9.539537178636522,-17.091392296057286
Paktika,2017,12,-12.521804263910912,-21.50555855338832
Daykundi,2017,12,-9.292869961695947,-17.069199632644494
Panjsher,2017,12,-8.33198357066862,-15.850713015567363
Parwan,2017,12,-9.243776096750128,-17.182546828541774
Uruzgan,2017,12,-9.255328511679089,-16.72372169373096
Badakhshan,2017,12,-9.130682702187658,-16.7360441460714
Badghis,2017,12,-13.768896285998997,-23.18018374724863
Baghlan,2017,12,-11.078027282200233,-19.710759718722745
Balkh,2017,12,-15.622640313863513,-24.92833722854518
Bamyan,2017,12,-10.645576118407018,-18.58302455003238
Farah,2017,12,-11.1197811382555,-19.37159500162539
Faryab,2017,12,-15.336345035365834,-24.85566042448849
Ghazni,2017,12,-12.155725464514255,-20.55618266563324
Ghor,2017,12,-11.229395812250011,-19.517794229686434
Hilmand,2017,12,-15.167195554925915,-23.653001395642317
Hirat,2017,12,-13.398158510314751,-22.455561136545082
Jawzjan,2017,12,-19.10641020401702,-27.745694716221603
Kabul,2017,12,-9.857135250794725,-17.874578844764333
Kandahar,2017,12,-15.84756895598905,-23.70447599053939
Kapisa,2017,12,-8.945710033744794,-17.096806558097736
Kunar,2017,12,-8.596412317125736,-16.098853492404587
Kunduz,2017,12,-16.293698102616915,-24.942818380323203
Laghman,2017,12,-9.1831006875804,-17.22676451540486
Logar,2017,12,-10.690707077786067,-18.725276030242554
Nangarhar,2017,12,-9.389245552140235,-17.273731680143428
Nimroz,2017,12,-16.093090304114682,-25.924841409082557
Nuristan,2017,12,-8.178244296840228,-15.666745926292277
Paktya,2017,12,-10.72882636777852,-18.859526933221368
Samangan,2017,12,-12.093467729373234,-20.678944816016116
Sar-e-Pul,2017,12,-11.973562707026835,-20.781078108026698
Takhar,2017,12,-10.276708333473794,-19.411860621865646
Wardak,2017,12,-10.465838480303653,-18.584437258293036
Zabul,2017,12,-12.001566689667436,-20.196803665587286
Khost,2018,1,-9.470809983593456,-16.932461939512685
Paktika,2018,1,-12.469400099657529,-21.372214827412733
Daykundi,2018,1,-9.343761747976236,-17.034177989781245
Panjsher,2018,1,-8.05876153264574,-15.627450664831898
Parwan,2018,1,-9.063533641624119,-16.895708965386643
Uruzgan,2018,1,-9.20769148353144,-16.603639763373288
Badakhshan,2018,1,-9.011653684506978,-16.7097210973764
Badghis,2018,1,-13.726050514926087,-23.00056101269209
Baghlan,2018,1,-11.138429505899738,-19.70321166577684
Balkh,2018,1,-15.461586400085082,-24.92058035650431
Bamyan,2018,1,-10.528020794334443,-18.44300807581608
Farah,2018,1,-10.987830427997467,-19.237361360307627
Faryab,2018,1,-14.675995053991672,-24.343551053889307
Ghazni,2018,1,-11.98929364278314,-20.385366480042297
Ghor,2018,1,-11.13890562692969,-19.358906615075536
Hilmand,2018,1,-15.015887294934073,-23.51751991711823
Hirat,2018,1,-13.347152814249732,-22.339520222909552
Jawzjan,2018,1,-17.46882319996479,-26.79497214027639
Kabul,2018,1,-9.884449056415544,-17.655807813933873
Kandahar,2018,1,-16.11879138870925,-23.90147357798217
Kapisa,2018,1,-8.84849919277711,-16.8028921588652
Kunar,2018,1,-8.67569196108921,-16.245732626041946
Kunduz,2018,1,-16.295020564960865,-24.96615279461437
Laghman,2018,1,-9.205420263073062,-17.150209220753965
Logar,2018,1,-10.737330541722663,-18.653466651807744
Nangarhar,2018,1,-9.279658313939835,-16.95592265622788
Nimroz,2018,1,-16.011329561533287,-25.90098157187566
Nuristan,2018,1,-7.853260307785417,-15.468282089507843
Paktya,2018,1,-10.80039772779001,-18.850611530316243
Samangan,2018,1,-12.077483464709514,-20.59994891689716
Sar-e-Pul,2018,1,-11.714902927529106,-20.499134397637288
Takhar,2018,1,-10.164051022580614,-19.459889696107954
Wardak,2018,1,-10.292668631868391,-18.402725943096094
Zabul,2018,1,-11.550469864548491,-19.882425862673728
Khost,2018,2,-8.834370473075072,-16.756015081238857
Paktika,2018,2,-11.878673506248004,-21.298889412594363
Daykundi,2018,2,-9.168824217050663,-17.463710720504128
Panjsher,2018,2,-8.502721437159975,-15.965240770580309
Parwan,2018,2,-9.299814866915659,-17.593971832763927
Uruzgan,2018,2,-9.290971846322943,-17.192719636837616
Badakhshan,2018,2,-8.730258135241858,-16.325894131730777
Badghis,2018,2,-13.512206549330458,-23.20656911570699
Baghlan,2018,2,-9.927323819687789,-18.92053494983263
Balkh,2018,2,-13.80083525344201,-23.92577839573683
Bamyan,2018,2,-10.731991038149028,-18.8603718612613
Farah,2018,2,-11.193138121322376,-19.57307824725535
Faryab,2018,2,-14.408179129961246,-24.35471919983183
Ghazni,2018,2,-11.949053499934955,-20.76803198758646
Ghor,2018,2,-11.09640104150524,-19.803829060842215
Hilmand,2018,2,-15.102916668586326,-23.63944211399816
Hirat,2018,2,-13.323897634599657,-22.569919916949708
Jawzjan,2018,2,-17.698128962483963,-27.079802497967826
Kabul,2018,2,-9.36495023886384,-17.908290948051956
Kandahar,2018,2,-15.94147861849174,-23.82907847818632
Kapisa,2018,2,-8.588223291665821,-17.029762300664498
Kunar,2018,2,-8.471801749250728,-16.026295029168676
Kunduz,2018,2,-13.668343814425066,-23.225664123755625
Laghman,2018,2,-8.973325686147357,-17.034413405258245
Logar,2018,2,-10.520691207963475,-19.153118470016008
Nangarhar,2018,2,-9.10458007965523,-17.003472694630844
Nimroz,2018,2,-16.114607710075447,-25.979106409447738
Nuristan,2018,2,-7.688147691519894,-15.062393334846002
Paktya,2018,2,-10.31710463568443,-19.005219817251167
Samangan,2018,2,-10.89536196618639,-20.28990997320933
Sar-e-Pul,2018,2,-11.342317552603582,-20.46628576578839
Takhar,2018,2,-8.649357763161893,-17.76714547931025
Wardak,2018,2,-10.613818776912842,-19.070884848182896
Zabul,2018,2,-12.021619331684473,-20.694459924950895
Khost,2018,3,-9.199088078978164,-16.811821829237463
Paktika,2018,3,-12.214986117397679,-21.417921887819958
Daykundi,2018,3,-9.184568030560476,-17.38925856706886
Panjsher,2018,3,-9.195954349458077,-16.558547083718494
Parwan,2018,3,-9.712177440599163,-17.75316814978091
Uruzgan,2018,3,-9.332216196594288,-17.367953496623777
Badakhshan,2018,3,-9.159730263655794,-16.792482549207996
Badghis,2018,3,-11.82020746134789,-22.087761245254743
Baghlan,2018,3,-10.034363458348198,-18.890990502154185
Balkh,2018,3,-14.659771484875183,-24.635320630591046
Bamyan,2018,3,-10.786124755065437,-19.056280952390768
Farah,2018,3,-11.429808856121323,-20.48957197044854
Faryab,2018,3,-13.65505406333658,-23.845419411986434
Ghazni,2018,3,-11.808918603216853,-20.74141241758076
Ghor,2018,3,-10.626771113631845,-19.52087577743962
Hilmand,2018,3,-15.307185335663267,-24.317814112377356
Hirat,2018,3,-12.876731644856097,-22.70768327833811
Jawzjan,2018,3,-18.332628787314274,-27.69427227323356
Kabul,2018,3,-9.73267183461575,-18.019739314872584
Kandahar,2018,3,-16.477667055741005,-24.599802454173048
Kapisa,2018,3,-8.940594950276166,-17.04755956973654
Kunar,2018,3,-8.484729119393776,-15.81148410807383
Kunduz,2018,3,-14.79412413820007,-23.79066113422042
Laghman,2018,3,-9.344707382895965,-17.26259154717759
Logar,2018,3,-10.821576767824768,-19.260198367682296
Nangarhar,2018,3,-9.425068133443895,-16.90246810176215
Nimroz,2018,3,-17.179386668552294,-27.556368901678237
Nuristan,2018,3,-8.260063285643978,-15.554743280164683
Paktya,2018,3,-10.447140522623608,-18.90207043109362
Samangan,2018,3,-10.800973201766878,-20.17470962767545
Sar-e-Pul,2018,3,-11.55452562221045,-20.81295481179445
Takhar,2018,3,-9.257750454461686,-18.278518662641066
Wardak,2018,3,-10.661290822891171,-19.103091170340857
Zabul,2018,3,-11.518290597500181,-20.371394187181746
Khost,2018,4,-8.703041320645804,-16.328064676165493
Paktika,2018,4,-11.57781534388512,-20.497610873356557
Daykundi,2018,4,-8.791669084288268,-16.7657248530661
Panjsher,2018,4,-9.923313222252531,-18.18639485019287
Parwan,2018,4,-9.197849106484057,-17.428197842319385
Uruzgan,2018,4,-9.138026549748652,-16.66866464298537
Badakhshan,2018,4,-9.084393282314615,-17.246265538221728
Badghis,2018,4,-11.215266682069112,-21.41126745580292
Baghlan,2018,4,-9.924924130271854,-18.80734180699987
Balkh,2018,4,-14.462673526639453,-24.22325187473896
Bamyan,2018,4,-9.881669893770871,-18.761032840156155
Farah,2018,4,-11.290410620020243,-20.054922198653255
Faryab,2018,4,-13.986055645082144,-24.188571178239307
Ghazni,2018,4,-11.71889942359118,-20.354184737104035
Ghor,2018,4,-10.176980271509995,-18.80203964929427
Hilmand,2018,4,-15.172109459517023,-24.296683890471932
Hirat,2018,4,-12.816818764211979,-22.297413519931734
Jawzjan,2018,4,-18.378926758270556,-27.813573514263382
Kabul,2018,4,-8.955282877695597,-17.11706765527926
Kandahar,2018,4,-16.072204095877684,-24.291905506649787
Kapisa,2018,4,-8.30658602412467,-16.40169245393951
Kunar,2018,4,-8.127270158336213,-15.612032646389903
Kunduz,2018,4,-14.93317460789883,-23.745738018548185
Laghman,2018,4,-9.013394424450984,-17.049156139603944
Logar,2018,4,-9.824830397925739,-18.30945887726932
Nangarhar,2018,4,-9.040966075546825,-16.683708275732954
Nimroz,2018,4,-16.127721411965307,-27.001753595213476
Nuristan,2018,4,-8.721778223025801,-16.896266361598823
Paktya,2018,4,-9.380905822358175,-17.694558044981115
Samangan,2018,4,-9.736036753522926,-19.108860130396017
Sar-e-Pul,2018,4,-10.94634524087661,-20.206926900448817
Takhar,2018,4,-9.544338522240233,-18.04530716742448
Wardak,2018,4,-10.072463860967764,-18.799548572187128
Zabul,2018,4,-11.715816463704238,-20.080332822611567
Khost,2018,5,-9.366142441219708,-16.74326213454322
Paktika,2018,5,-11.929541641313673,-20.243405303828208
Daykundi,2018,5,-8.311823684477496,-16.2813046797401
Panjsher,2018,5,-9.680878391266138,-18.038857456453744
Parwan,2018,5,-8.85010152106018,-16.86171728245263
Uruzgan,2018,5,-9.024961103376667,-16.57014703006032
Badakhshan,2018,5,-9.145414238740813,-17.25921369861703
Badghis,2018,5,-11.186761853794302,-20.949516482993033
Baghlan,2018,5,-9.962980161423483,-18.605655567243456
Balkh,2018,5,-14.57637562840772,-23.992780964892862
Bamyan,2018,5,-9.644645981517847,-18.155238549373472
Farah,2018,5,-11.024756263141606,-19.791749117637487
Faryab,2018,5,-13.936909812397603,-23.999119374568973
Ghazni,2018,5,-11.328333047063127,-19.43521357038654
Ghor,2018,5,-9.655986912778484,-18.070932450193325
Hilmand,2018,5,-15.043722546823242,-24.12255355637339
Hirat,2018,5,-12.80555443721295,-22.07699746829143
Jawzjan,2018,5,-18.28075855864263,-27.954177029714455
Kabul,2018,5,-9.372360719017456,-17.2026708058283
Kandahar,2018,5,-16.361058817657923,-24.26746517188494
Kapisa,2018,5,-8.392842112365164,-16.267119193850828
Kunar,2018,5,-7.968075358870735,-15.285118741702545
Kunduz,2018,5,-15.022680587271298,-23.67692877595733
Laghman,2018,5,-9.07785169876527,-17.04604923985388
Logar,2018,5,-10.231196897706036,-18.178286420863113
Nangarhar,2018,5,-9.075048676238,-16.74487113274275
Nimroz,2018,5,-15.991451130075104,-26.872798327733733
Nuristan,2018,5,-9.066622198402525,-17.367052873090504
Paktya,2018,5,-10.031571336342326,-17.740141970867718
Samangan,2018,5,-9.874955927175693,-18.425879734469575
Sar-e-Pul,2018,5,-10.718599580463398,-19.805100500399963
Takhar,2018,5,-9.622083941297447,-17.794610947193984
Wardak,2018,5,-9.679525057813418,-17.856291539067467
Zabul,2018,5,-11.313108941367604,-19.543574751122208
Khost,2018,6,-8.962580103970915,-16.591402764649526
Paktika,2018,6,-11.646081449691488,-20.04530017028828
Daykundi,2018,6,-8.287218687661518,-15.516120070547126
Panjsher,2018,6,-8.629771569225937,-16.52224845770905
Parwan,2018,6,-8.35979796043755,-15.755316242724795
Uruzgan,2018,6,-8.409728191049043,-15.50780508781356
Badakhshan,2018,6,-9.164953533271687,-17.09944471695653
Badghis,2018,6,-12.71760895900262,-22.046954897419177
Baghlan,2018,6,-10.559646334691408,-18.847350016436387
Balkh,2018,6,-14.87117791385433,-24.194398370872296
Bamyan,2018,6,-9.686084587211097,-17.02988832158768
Farah,2018,6,-10.772937506041742,-19.171652383737335
Faryab,2018,6,-14.468004245264963,-24.147614315141933
Ghazni,2018,6,-11.077429017779536,-18.577515987794378
Ghor,2018,6,-9.908592417710404,-17.280355070495755
Hilmand,2018,6,-14.826261019065235,-23.83815648662962
Hirat,2018,6,-12.739183289494902,-21.794001760034504
Jawzjan,2018,6,-18.42605532369978,-27.93390206560783
Kabul,2018,6,-9.040667384954851,-16.45846775764397
Kandahar,2018,6,-16.010277348317665,-23.8829413455426
Kapisa,2018,6,-8.055156166956278,-15.482912716770464
Kunar,2018,6,-7.962435319299081,-15.197823666825581
Kunduz,2018,6,-15.68835811573638,-24.39776107977198
Laghman,2018,6,-8.793972380365632,-16.517233110072016
Logar,2018,6,-9.67512511953485,-17.25072584915254
Nangarhar,2018,6,-8.843419350537445,-16.22308601594803
Nimroz,2018,6,-15.822081890075806,-26.534687674721702
Nuristan,2018,6,-8.050955794240394,-16.104572777756054
Paktya,2018,6,-9.662466524136455,-17.172070874228652
Samangan,2018,6,-10.904484572271087,-18.621245398793764
Sar-e-Pul,2018,6,-11.073255299416068,-19.309111002876726
Takhar,2018,6,-10.105478469810237,-18.605847191955633
Wardak,2018,6,-9.390193592763387,-16.81924368046301
Zabul,2018,6,-11.13837083090941,-18.987126113147077
Khost,2018,7,-8.974285833115625,-16.600379018002677
Paktika,2018,7,-11.846285459008286,-20.496006439865038
Daykundi,2018,7,-8.123612456030346,-15.40068862110614
Panjsher,2018,7,-7.197465048946766,-14.617584323409886
Parwan,2018,7,-8.013948058016618,-15.304034706686124
Uruzgan,2018,7,-8.245511664202176,-15.317454428555635
Badakhshan,2018,7,-8.534941671504233,-16.23989167957818
Badghis,2018,7,-12.644321523498489,-22.34526843101704
Baghlan,2018,7,-10.166218094693551,-18.445214432148603
Balkh,2018,7,-15.001049073571405,-24.376515099179745
Bamyan,2018,7,-9.29906906260179,-16.5480790898199
Farah,2018,7,-10.650877472721008,-19.238686379121116
Faryab,2018,7,-14.362756098206537,-24.449059406636938
Ghazni,2018,7,-10.885273663218625,-18.64913129073232
Ghor,2018,7,-9.71503854695746,-17.302971063916104
Hilmand,2018,7,-14.810715041922393,-24.31726616722647
Hirat,2018,7,-12.79429738871098,-22.16071824431365
Jawzjan,2018,7,-18.338822280101194,-28.133370538833447
Kabul,2018,7,-9.026607821717892,-16.45658026365714
Kandahar,2018,7,-16.10000190063325,-24.48370913197798
Kapisa,2018,7,-7.919376394518509,-15.33616606370677
Kunar,2018,7,-8.109521691852924,-15.316470881739756
Kunduz,2018,7,-15.674569596658383,-24.566808209796893
Laghman,2018,7,-8.718187216165214,-16.543685752796794
Logar,2018,7,-9.694998313513032,-17.292633967401283
Nangarhar,2018,7,-8.89455840340833,-16.325086744272948
Nimroz,2018,7,-15.917452651600643,-27.350800933578547
Nuristan,2018,7,-7.22392658479684,-15.014725967288353
Paktya,2018,7,-9.850710022812823,-17.595495569416677
Samangan,2018,7,-10.70669265857891,-18.532991453229148
Sar-e-Pul,2018,7,-10.701736602833432,-19.06234376854672
Takhar,2018,7,-9.646026639659224,-18.388572329256384
Wardak,2018,7,-9.193407638301517,-16.669942123799053
Zabul,2018,7,-10.873955538294235,-18.971796877719168
Khost,2018,8,-9.118052382354573,-16.62015801165631
Paktika,2018,8,-11.929378612315718,-20.605438681464392
Daykundi,2018,8,-8.035471644322614,-15.31919421490598
Panjsher,2018,8,-7.005689441121193,-14.204934511740799
Parwan,2018,8,-8.085486367574577,-15.288227052262624
Uruzgan,2018,8,-8.186348888353647,-15.216783725966453
Badakhshan,2018,8,-8.227027324753056,-15.701536019368756
Badghis,2018,8,-12.796447479615452,-22.463223130326593
Baghlan,2018,8,-10.269235280753877,-18.510198993986208
Balkh,2018,8,-14.913805086971957,-24.295078598875772
Bamyan,2018,8,-9.257628818444516,-16.506331110627528
Farah,2018,8,-10.681255439225316,-19.208736645682862
Faryab,2018,8,-14.443281298783829,-24.579662150178404
Ghazni,2018,8,-11.006779427677017,-18.72192054109675
Ghor,2018,8,-9.772373616241273,-17.413650075197054
Hilmand,2018,8,-14.84334791670458,-24.262063652718837
Hirat,2018,8,-12.77059645482554,-22.21902014745993
Jawzjan,2018,8,-18.319402763400987,-28.1482138037442
Kabul,2018,8,-8.972448455466253,-16.359353824774093
Kandahar,2018,8,-16.15200695216321,-24.500081340744178
Kapisa,2018,8,-7.834336498834844,-15.093298277907104
Kunar,2018,8,-8.297616822610946,-15.37722651106073
Kunduz,2018,8,-15.78884520011448,-24.48710238261667
Laghman,2018,8,-8.756195851222774,-16.505634488188132
Logar,2018,8,-9.587577264981459,-17.145576161104756
Nangarhar,2018,8,-8.921720795419903,-16.298106051441078
Nimroz,2018,8,-15.898324521126796,-27.32895705831545
Nuristan,2018,8,-7.096336120654754,-14.670065578327819
Paktya,2018,8,-9.867870897381176,-17.60151400456239
Samangan,2018,8,-10.689055100256827,-18.589409496811047
Sar-e-Pul,2018,8,-10.699574295583258,-19.114890677216096
Takhar,2018,8,-9.865937193712707,-18.467660844901832
Wardak,2018,8,-9.29462210395709,-16.717625868797512
Zabul,2018,8,-10.969784144239027,-19.000496332501502
Khost,2018,9,-9.392629302211512,-16.727551217020252
Paktika,2018,9,-11.858956034315442,-20.552427797562153
Daykundi,2018,9,-8.15100668067702,-15.392041668522703
Panjsher,2018,9,-6.8986029082152065,-14.0646248391521
Parwan,2018,9,-7.935611059699345,-15.185668562319174
Uruzgan,2018,9,-8.276460804618159,-15.277372131025091
Badakhshan,2018,9,-8.339533995040853,-15.957090671544721
Badghis,2018,9,-12.827308631290414,-22.63506909443869
Baghlan,2018,9,-10.19514306793404,-18.483406711306564
Balkh,2018,9,-15.105159603527266,-24.574068556509875
Bamyan,2018,9,-9.326017898332001,-16.599632547428882
Farah,2018,9,-10.721931807767737,-19.22029120215018
Faryab,2018,9,-14.74249532878378,-24.842962735649945
Ghazni,2018,9,-10.948422725905028,-18.808823960039334
Ghor,2018,9,-9.792053603809451,-17.46061204004992
Hilmand,2018,9,-15.048051527883127,-24.371731018860345
Hirat,2018,9,-12.847436715548177,-22.333112182704294
Jawzjan,2018,9,-18.730257293069613,-28.593370437613316
Kabul,2018,9,-9.0543114983369,-16.441958335072222
Kandahar,2018,9,-16.064155403009885,-24.47515136236869
Kapisa,2018,9,-7.904346704502656,-15.113960637325649
Kunar,2018,9,-8.257088344702511,-15.582020242597304
Kunduz,2018,9,-15.936668148895256,-24.737256990113952
Laghman,2018,9,-8.854669237406453,-16.682527356036005
Logar,2018,9,-9.594947531111007,-17.099755894984106
Nangarhar,2018,9,-8.996826959304626,-16.46535838361951
Nimroz,2018,9,-15.991169954582787,-27.280759196406752
Nuristan,2018,9,-7.17745861400474,-14.903627964646105
Paktya,2018,9,-9.865064871502403,-17.554338991342078
Samangan,2018,9,-10.828550592102435,-18.818835316385766
Sar-e-Pul,2018,9,-10.934377281145704,-19.32013051750255
Takhar,2018,9,-9.756209523464257,-18.415326852987214
Wardak,2018,9,-9.117322182784399,-16.63351185370141
Zabul,2018,9,-11.059504480644643,-19.075284482574336
Khost,2018,10,-9.414255964985136,-17.096121955926417
Paktika,2018,10,-12.051500030960435,-20.9237576824699
Daykundi,2018,10,-8.410158835851918,-15.69613578488043
Panjsher,2018,10,-7.817106241700016,-15.669233675325694
Parwan,2018,10,-8.455387452958325,-16.085789107043553
Uruzgan,2018,10,-8.510655401232533,-15.548688269760845
Badakhshan,2018,10,-8.553357305671327,-16.607896775852783
Badghis,2018,10,-12.180778340380161,-22.36628100001361
Baghlan,2018,10,-10.594636886205926,-19.44393046380788
Balkh,2018,10,-15.501811192884459,-25.383665684537878
Bamyan,2018,10,-9.764854256128,-17.368926281845283
Farah,2018,10,-10.833785916669745,-19.422964245121918
Faryab,2018,10,-14.205597717330305,-24.75699707057808
Ghazni,2018,10,-11.256069489097074,-19.305504645687687
Ghor,2018,10,-9.97152569646252,-17.81626918126151
Hilmand,2018,10,-14.937439025856058,-24.389851925648962
Hirat,2018,10,-12.9045767539885,-22.584684129547547
Jawzjan,2018,10,-18.794335140496717,-28.92255763651352
Kabul,2018,10,-9.318614946768733,-17.00165889769749
Kandahar,2018,10,-16.560397994349017,-24.80236139301995
Kapisa,2018,10,-8.38516595520667,-16.158232837181547
Kunar,2018,10,-8.195420617400337,-15.654556041615853
Kunduz,2018,10,-16.180672427496432,-25.36438515215313
Laghman,2018,10,-8.990100237458634,-17.079823581396504
Logar,2018,10,-9.918185985588515,-17.7052478699054
Nangarhar,2018,10,-9.122334925139661,-16.945553788549006
Nimroz,2018,10,-16.032688848124234,-27.48716702856126
Nuristan,2018,10,-7.5801139726770845,-15.690416348965096
Paktya,2018,10,-10.112639239688999,-18.216168985901184
Samangan,2018,10,-11.345649557257035,-19.946663905318935
Sar-e-Pul,2018,10,-11.223904358910676,-20.068190716548266
Takhar,2018,10,-9.951578873537006,-19.171023992762432
Wardak,2018,10,-9.517654660637469,-17.245234685757367
Zabul,2018,10,-11.174580143352072,-19.374761487544664
Khost,2018,11,-9.519225450180668,-17.303546090701357
Paktika,2018,11,-12.156375526284764,-21.466634784035204
Daykundi,2018,11,-8.798039887020376,-17.19621759244137
Panjsher,2018,11,-8.246579003684335,-16.316453593590346
Parwan,2018,11,-8.935576753287364,-17.23493194447751
Uruzgan,2018,11,-9.045550424441736,-16.879782796626813
Badakhshan,2018,11,-8.601246393339462,-16.64102969036098
Badghis,2018,11,-11.393680855649757,-22.47251106977558
Baghlan,2018,11,-9.812179717079292,-19.207560427439198
Balkh,2018,11,-14.684861039312086,-25.614418916022174
Bamyan,2018,11,-10.30992462932437,-19.166087638736606
Farah,2018,11,-11.239052046637637,-20.743334370013375
Faryab,2018,11,-13.982960308173215,-25.32521282614232
Ghazni,2018,11,-11.852373007417448,-20.663982831368024
Ghor,2018,11,-10.372164896506302,-19.6158361542843
Hilmand,2018,11,-15.145576289312451,-25.121475849356106
Hirat,2018,11,-12.515737540166507,-23.105972764079127
Jawzjan,2018,11,-18.522969888112105,-29.347126386758408
Kabul,2018,11,-9.505407512662826,-17.617042164131284
Kandahar,2018,11,-16.25647808461502,-25.091333181544368
Kapisa,2018,11,-8.473676308488116,-16.82691935558094
Kunar,2018,11,-8.392058607227678,-16.061024913949822
Kunduz,2018,11,-15.082514370266285,-25.01874999019849
Laghman,2018,11,-9.223957123888736,-17.499806141351193
Logar,2018,11,-10.077289391668234,-18.489073263618106
Nangarhar,2018,11,-9.392572120354595,-17.214503229394058
Nimroz,2018,11,-16.105003546599352,-27.840296270431164
Nuristan,2018,11,-7.8682493420281725,-15.990317368157548
Paktya,2018,11,-10.288692330426725,-18.813740084735308
Samangan,2018,11,-10.971990549843728,-20.730981523450424
Sar-e-Pul,2018,11,-11.513293472444191,-21.369176869441894
Takhar,2018,11,-8.890437459324183,-18.38756607700361
Wardak,2018,11,-10.084648563934296,-18.685759342983747
Zabul,2018,11,-11.651053936892517,-20.340700923509036
Khost,2018,12,-9.37839998377914,-17.368887643429666
Paktika,2018,12,-12.644114103712656,-22.178804027972117
Daykundi,2018,12,-9.065055931460586,-17.32108835110362
Panjsher,2018,12,-8.221783041160098,-16.141875137159083
Parwan,2018,12,-9.32227298215261,-17.59957087917836
Uruzgan,2018,12,-9.234438862224255,-17.203440243491464
Badakhshan,2018,12,-8.641256733241313,-16.64540321365007
Badghis,2018,12,-13.172711102348746,-24.15780775051355
Baghlan,2018,12,-11.113400792322222,-20.36919172965976
Balkh,2018,12,-14.987928322244784,-25.978123581909887
Bamyan,2018,12,-10.686769366825361,-19.263127011080655
Farah,2018,12,-11.472094257658021,-20.666710832288185
Faryab,2018,12,-14.483271538651936,-25.688007540958793
Ghazni,2018,12,-12.194013082494818,-21.038843865052343
Ghor,2018,12,-11.122484224060688,-20.333645262313944
Hilmand,2018,12,-15.313434351823282,-25.199141942680466
Hirat,2018,12,-13.61559502400213,-23.965082549918833
Jawzjan,2018,12,-18.12929022830433,-29.022955373034286
Kabul,2018,12,-9.80190753988348,-18.194876982494055
Kandahar,2018,12,-16.705311632378955,-25.568272198188584
Kapisa,2018,12,-8.933913292985173,-17.384521427056622
Kunar,2018,12,-8.656681326937152,-16.36021193658796
Kunduz,2018,12,-15.355529904809297,-25.428656927660093
Laghman,2018,12,-9.054573881666956,-17.457643764293277
Logar,2018,12,-10.830309826660871,-19.454747085248002
Nangarhar,2018,12,-9.198829280897844,-17.234742137609818
Nimroz,2018,12,-16.251317317928258,-27.935426821697426
Nuristan,2018,12,-7.665025646326738,-15.64242013091435
Paktya,2018,12,-10.732992264606349,-19.49079514868775
Samangan,2018,12,-12.12396926901981,-21.61680996811311
Sar-e-Pul,2018,12,-11.22728384092375,-21.03453706572388
Takhar,2018,12,-9.624195332159106,-19.21500490433474
Wardak,2018,12,-10.643087386182321,-19.25671246793994
Zabul,2018,12,-11.866272609011924,-20.759634759569934
Khost,2019,1,-9.377981614021923,-17.608319706523663
Paktika,2019,1,-12.3259714102373,-22.280496801297105
Daykundi,2019,1,-9.450294266396378,-18.079497006275638
Panjsher,2019,1,-8.608043552530406,-16.343447118036476
Parwan,2019,1,-9.54618240437295,-18.168874025508327
Uruzgan,2019,1,-9.51249065156704,-17.701688234471444
Badakhshan,2019,1,-8.779053844212715,-16.515028731904493
Badghis,2019,1,-11.63866386883819,-22.793615146407312
Baghlan,2019,1,-9.70215535992356,-18.960609554973644
Balkh,2019,1,-13.050865758930318,-24.388389186710818
Bamyan,2019,1,-11.15118707579272,-19.75487818606065
Farah,2019,1,-11.555490756367282,-20.980447012027746
Faryab,2019,1,-13.97270551408061,-25.32346301217174
Ghazni,2019,1,-12.468466279766872,-21.876979132694842
Ghor,2019,1,-11.298111265460376,-20.7826310616361
Hilmand,2019,1,-15.482723446999003,-25.34061132844243
Hirat,2019,1,-13.610096154151101,-24.04667493648919
Jawzjan,2019,1,-18.15820040077423,-29.024610343447712
Kabul,2019,1,-9.715795685760646,-18.64013917644061
Kandahar,2019,1,-16.564527120698095,-25.63911013928458
Kapisa,2019,1,-8.749435571673859,-17.518459871348302
Kunar,2019,1,-8.814166934887707,-16.711759743026715
Kunduz,2019,1,-13.190242921240696,-23.54847938422073
Laghman,2019,1,-9.19622017025186,-17.654172281560793
Logar,2019,1,-10.946777460715406,-20.15685644398532
Nangarhar,2019,1,-9.496305439864804,-17.642582515081497
Nimroz,2019,1,-16.359199113603268,-27.992500628647495
Nuristan,2019,1,-8.041793941118556,-15.786948862259404
Paktya,2019,1,-10.723460724271478,-19.978291953977145
Samangan,2019,1,-10.815101698690217,-20.640805238351145
Sar-e-Pul,2019,1,-11.43061396924181,-21.278843513604397
Takhar,2019,1,-8.54773790406374,-17.671623402834605
Wardak,2019,1,-11.144400953915202,-19.96762070402264
Zabul,2019,1,-12.011860229002489,-21.41501428166887
Khost,2019,2,-9.201786435508524,-17.539636326838906
Paktika,2019,2,-11.936045382580382,-22.10127963090545
Daykundi,2019,2,-9.586195491138822,-18.190281583573224
Panjsher,2019,2,-8.457679734386028,-15.856681558206075
Parwan,2019,2,-9.42617340323022,-17.91397584149491
Uruzgan,2019,2,-9.357375102515244,-18.110735152522707
Badakhshan,2019,2,-8.678874305259171,-16.36833270590044
Badghis,2019,2,-10.650637743779424,-21.343885025037856
Baghlan,2019,2,-9.66901620829093,-19.013051615322514
Balkh,2019,2,-13.990084529862175,-25.255846899703393
Bamyan,2019,2,-10.939803576592372,-19.544409547786362
Farah,2019,2,-11.648682226886896,-21.673674766964545
Faryab,2019,2,-12.137891449506233,-23.32408187438046
Ghazni,2019,2,-12.212072359204384,-21.845690528008312
Ghor,2019,2,-11.495971075738197,-20.69662423872175
Hilmand,2019,2,-14.979359945761262,-25.72372094113771
Hirat,2019,2,-12.355365445725152,-23.25112265884996
Jawzjan,2019,2,-16.497917970145757,-27.890308074224688
Kabul,2019,2,-9.78418239268798,-18.73627368662769
Kandahar,2019,2,-15.804426630796637,-25.75371714204118
Kapisa,2019,2,-8.74114945005955,-17.4630388701349
Kunar,2019,2,-8.212357267399346,-15.820085533267703
Kunduz,2019,2,-13.235045755797358,-23.645989336311146
Laghman,2019,2,-8.760968798971104,-17.211687970835744
Logar,2019,2,-11.518634202409828,-20.747799009905755
Nangarhar,2019,2,-9.043803077961071,-17.517039473770346
Nimroz,2019,2,-16.092532610656665,-28.30675362216412
Nuristan,2019,2,-7.69302306927498,-14.814935183830631
Paktya,2019,2,-10.680191021801948,-19.894735599902514
Samangan,2019,2,-11.091229649102777,-20.926880793420036
Sar-e-Pul,2019,2,-10.854732184224916,-20.510737157517696
Takhar,2019,2,-8.468159799458368,-17.694995660448086
Wardak,2019,2,-11.04806660953274,-19.866293088490195
Zabul,2019,2,-11.256005808043781,-21.299038287546793
Khost,2019,3,-9.038914170435167,-17.304385497644642
Paktika,2019,3,-11.371609156023066,-21.5304226842372
Daykundi,2019,3,-10.046490284057306,-19.056205471987028
Panjsher,2019,3,-8.75081986258743,-16.62628714798179
Parwan,2019,3,-9.856503213042279,-18.61111939294175
Uruzgan,2019,3,-9.603476414512738,-18.655703288883206
Badakhshan,2019,3,-8.745493088445295,-16.856794094739797
Badghis,2019,3,-10.760560239835693,-20.923312016722328
Baghlan,2019,3,-9.828521652630126,-18.85455042280412
Balkh,2019,3,-13.57296415922505,-24.470446367415953
Bamyan,2019,3,-11.302468510226165,-20.195956959916455
Farah,2019,3,-11.626569821286596,-21.823892776676107
Faryab,2019,3,-12.26809470068764,-22.49058663531041
Ghazni,2019,3,-13.1974722810889,-22.7262046042951
Ghor,2019,3,-12.226876088483657,-21.731990015499075
Hilmand,2019,3,-15.142322010235892,-25.993121750431794
Hirat,2019,3,-12.862283767870812,-23.54200373324247
Jawzjan,2019,3,-16.83494799123449,-27.302195095753834
Kabul,2019,3,-9.69572995409948,-18.70213841603177
Kandahar,2019,3,-15.470647814838516,-25.62607494761557
Kapisa,2019,3,-8.818302681653957,-17.606212892016643
Kunar,2019,3,-8.28798709824211,-16.02951174272756
Kunduz,2019,3,-13.895967811887981,-22.873701395634402
Laghman,2019,3,-8.938626386186762,-17.45666995559219
Logar,2019,3,-11.73671307984815,-21.078646259153956
Nangarhar,2019,3,-9.081166830660083,-17.478868538534865
Nimroz,2019,3,-15.694481107860296,-28.548476362009804
Nuristan,2019,3,-7.659073430916006,-14.872906579366335
Paktya,2019,3,-10.794176225433954,-20.02060327498
Samangan,2019,3,-10.984700859816343,-20.924907697662952
Sar-e-Pul,2019,3,-11.011584355204825,-20.521818723723133
Takhar,2019,3,-9.067722630936638,-18.157155856899323
Wardak,2019,3,-11.964147272357726,-20.88204992830114
Zabul,2019,3,-11.288425127448166,-21.460467579082913
Khost,2019,4,-8.252650219457308,-16.48408341474798
Paktika,2019,4,-11.241079173981703,-20.815471354825533
Daykundi,2019,4,-8.471019049576604,-17.28233688885867
Panjsher,2019,4,-9.80848760935183,-18.60919782526054
Parwan,2019,4,-9.342574638383892,-18.376241494205633
Uruzgan,2019,4,-9.09107031434849,-17.637500475435584
Badakhshan,2019,4,-8.976322060199962,-17.53173054485096
Badghis,2019,4,-9.709836677860869,-18.320648804970876
Baghlan,2019,4,-9.211257557237044,-17.740525385521913
Balkh,2019,4,-12.775203053523544,-22.090515296386254
Bamyan,2019,4,-10.846722445384323,-20.14147335069596
Farah,2019,4,-11.418910574467432,-20.97773692884508
Faryab,2019,4,-10.485207828297163,-19.04863140276179
Ghazni,2019,4,-11.424775954871443,-21.014560266119588
Ghor,2019,4,-10.055920039684192,-19.5839586627836
Hilmand,2019,4,-15.019136369507097,-25.12353207032239
Hirat,2019,4,-12.375626648528742,-21.822947376531058
Jawzjan,2019,4,-15.054615161663532,-23.64244056868848
Kabul,2019,4,-8.326694731126489,-17.23966061988415
Kandahar,2019,4,-15.564680523032845,-24.323499249019278
Kapisa,2019,4,-7.925391990922923,-16.61640963710999
Kunar,2019,4,-8.144308789486228,-15.87418815028526
Kunduz,2019,4,-13.482572506664319,-21.52332479134733
Laghman,2019,4,-8.780523141603402,-17.389676086608603
Logar,2019,4,-9.553847675056785,-18.981967011326965
Nangarhar,2019,4,-8.927340390712619,-17.055240949412116
Nimroz,2019,4,-16.022350610894442,-28.394135601055115
Nuristan,2019,4,-9.00246492381562,-17.497959088315685
Paktya,2019,4,-8.77593992436848,-17.87613424007486
Samangan,2019,4,-9.147072452294356,-18.40967102186896
Sar-e-Pul,2019,4,-9.4538986780686,-18.27089247162646
Takhar,2019,4,-8.815591245744905,-17.26115626688653
Wardak,2019,4,-10.789159524261057,-20.27754220910529
Zabul,2019,4,-10.999777691347917,-20.43328056892959
Khost,2019,5,-8.864409067386145,-16.691337128302155
Paktika,2019,5,-11.4415266543256,-20.277096848883872
Daykundi,2019,5,-8.492888581090732,-16.61835260138836
Panjsher,2019,5,-10.110695702689359,-18.86326633760973
Parwan,2019,5,-9.033388639655698,-17.371123765394678
Uruzgan,2019,5,-8.852499177750085,-16.666602100135236
Badakhshan,2019,5,-9.265859361382196,-17.75996911560666
Badghis,2019,5,-11.457073542859463,-19.136240197540122
Baghlan,2019,5,-10.258075457039483,-18.511133960854444
Balkh,2019,5,-14.331401080952846,-23.16337073208434
Bamyan,2019,5,-9.40012509430981,-18.12837331488845
Farah,2019,5,-11.242103664112209,-20.328646015513222
Faryab,2019,5,-12.641495559445364,-20.586357683169545
Ghazni,2019,5,-11.001383804661929,-19.626851957530068
Ghor,2019,5,-10.253499997252055,-18.654180831065702
Hilmand,2019,5,-15.089602839886542,-24.728111990568845
Hirat,2019,5,-12.313833081428573,-20.81091281187557
Jawzjan,2019,5,-16.105638584716395,-23.84829725538735
Kabul,2019,5,-9.09746324242746,-17.324620963214098
Kandahar,2019,5,-15.246674210417678,-23.61382812763153
Kapisa,2019,5,-8.329629911864032,-16.65199005597275
Kunar,2019,5,-8.098678909809921,-15.706511404180842
Kunduz,2019,5,-14.958534890153127,-23.478980202413915
Laghman,2019,5,-9.076936652320837,-17.45410014752383
Logar,2019,5,-9.814756852948403,-18.47110474623194
Nangarhar,2019,5,-9.04159979678394,-16.845589010622373
Nimroz,2019,5,-16.058348769187266,-28.082984735563826
Nuristan,2019,5,-9.418134408458702,-18.174209537588116
Paktya,2019,5,-9.300729573818883,-17.706643146869723
Samangan,2019,5,-10.287136913439285,-18.746354583044507
Sar-e-Pul,2019,5,-10.793696859651844,-18.964966456249286
Takhar,2019,5,-10.08432660161089,-18.151867169358397
Wardak,2019,5,-9.590627653537702,-18.241066597698648
Zabul,2019,5,-11.274704038699097,-19.673131428240772
Khost,2019,6,-8.965674858815026,-16.895881940875444
Paktika,2019,6,-11.5691134173206,-20.033813054659262
Daykundi,2019,6,-8.335047232753755,-15.974800058659609
Panjsher,2019,6,-9.212167938909307,-17.778358031513157
Parwan,2019,6,-8.510354008214849,-16.301084999170943
Uruzgan,2019,6,-8.53291450844508,-16.018109086638663
Badakhshan,2019,6,-9.441553261720598,-17.94240512186352
Badghis,2019,6,-11.820391798741573,-20.387611774562345
Baghlan,2019,6,-10.472041302001221,-19.03169055007755
Balkh,2019,6,-14.494393931503375,-23.89325651635155
Bamyan,2019,6,-9.647453038397868,-17.554022438109826
Farah,2019,6,-10.947204801015985,-19.88509217391892
Faryab,2019,6,-13.291680753666084,-22.284367242260593
Ghazni,2019,6,-10.89100979955925,-18.73378693215156
Ghor,2019,6,-9.94406880574796,-17.743312640330792
Hilmand,2019,6,-14.80596704122939,-24.505701574190926
Hirat,2019,6,-12.191190259200647,-20.775452856791627
Jawzjan,2019,6,-16.218708990595353,-24.65930827557338
Kabul,2019,6,-9.025068784782809,-16.715759873352
Kandahar,2019,6,-15.53191171064698,-23.83729641685917
Kapisa,2019,6,-8.021464016956863,-15.799093389448283
Kunar,2019,6,-7.992547372237183,-15.479489062525422
Kunduz,2019,6,-15.030742983849617,-24.12531795321457
Laghman,2019,6,-8.848854567551438,-17.03553393357088
Logar,2019,6,-9.791649192967162,-17.807150466156752
Nangarhar,2019,6,-8.79979872604671,-16.546439140208733
Nimroz,2019,6,-15.957163525710016,-27.812259336919606
Nuristan,2019,6,-8.696562297515117,-17.38296759350233
Paktya,2019,6,-9.494676791630924,-17.501786442745612
Samangan,2019,6,-10.624474813363493,-18.772170612278597
Sar-e-Pul,2019,6,-10.776036928498021,-19.370332474870935
Takhar,2019,6,-10.016584924721915,-18.78735757757651
Wardak,2019,6,-9.450189326097258,-17.262444981680133
Zabul,2019,6,-10.826618645275403,-19.017304508369538
Khost,2019,7,-8.668188010277307,-16.56131762171316
Paktika,2019,7,-11.412365459424757,-20.19376053379641
Daykundi,2019,7,-8.006554267612662,-15.577874707094423
Panjsher,2019,7,-7.600737426823975,-15.4813473044582
Parwan,2019,7,-8.0397392739805,-15.637544014112168
Uruzgan,2019,7,-8.147782616747852,-15.51189108524548
Badakhshan,2019,7,-8.755908929934915,-16.81055800088242
Badghis,2019,7,-12.197284476955156,-21.41979163249509
Baghlan,2019,7,-10.177536704465581,-18.639860957314916
Balkh,2019,7,-14.438229116084427,-24.01534392684548
Bamyan,2019,7,-9.270423281391823,-16.757572409489253
Farah,2019,7,-10.69964392849873,-19.462593619415934
Faryab,2019,7,-13.753547747096485,-23.15505772384712
Ghazni,2019,7,-10.765948990579915,-18.51407939839779
Ghor,2019,7,-9.69559933799589,-17.37140080702421
Hilmand,2019,7,-14.777729008606933,-24.303159308403483
Hirat,2019,7,-12.07390576341489,-20.83782808925323
Jawzjan,2019,7,-16.999005155451965,-25.808005388795458
Kabul,2019,7,-8.828580012716774,-16.497785878014163
Kandahar,2019,7,-15.424841240926721,-23.79527327846474
Kapisa,2019,7,-7.82582349395659,-15.506248189464516
Kunar,2019,7,-7.981973167668902,-15.308649019275238
Kunduz,2019,7,-15.52446085006698,-24.659118607071893
Laghman,2019,7,-8.603504459278701,-16.70754033840702
Logar,2019,7,-9.473609130296019,-17.418665700099567
Nangarhar,2019,7,-8.667301605243141,-16.26967723089869
Nimroz,2019,7,-15.856947842943825,-27.500707713555197
Nuristan,2019,7,-7.352654999718858,-15.513902857678113
Paktya,2019,7,-9.327789493858111,-17.356784648308942
Samangan,2019,7,-10.506564747822177,-18.568785261548356
Sar-e-Pul,2019,7,-10.667890199694561,-19.182273519917942
Takhar,2019,7,-9.977494797855545,-18.794361063868845
Wardak,2019,7,-9.144822080149108,-16.792176459017483
Zabul,2019,7,-10.938800889995848,-19.09634736456491
Khost,2019,8,-8.982291014017951,-16.75632336016694
Paktika,2019,8,-11.737774163365309,-20.569853015373162
Daykundi,2019,8,-8.130357139062689,-15.662733308730695
Panjsher,2019,8,-7.019540715409947,-14.596970556677688
Parwan,2019,8,-7.990812209533153,-15.564174764458432
Uruzgan,2019,8,-8.210043798147657,-15.507521737632628
Badakhshan,2019,8,-8.308037540359338,-16.138750259576504
Badghis,2019,8,-12.346173767625087,-21.8680201075691
Baghlan,2019,8,-10.099925773596317,-18.545957870784154
Balkh,2019,8,-14.786612923862132,-24.21646722821034
Bamyan,2019,8,-9.268720799043816,-16.818971176770937
Farah,2019,8,-10.707894483267932,-19.443813272256357
Faryab,2019,8,-13.829582264469265,-23.637562812806316
Ghazni,2019,8,-10.777057931304684,-18.760734921924747
Ghor,2019,8,-9.606620476392843,-17.475617360293306
Hilmand,2019,8,-14.73425430769706,-24.312246151600505
Hirat,2019,8,-12.382508127689336,-21.254893779400604
Jawzjan,2019,8,-17.339626892704903,-26.434263199407358
Kabul,2019,8,-8.976115440418754,-16.651867282516747
Kandahar,2019,8,-15.627214971413244,-24.056143387955345
Kapisa,2019,8,-7.881606607827096,-15.535877826768674
Kunar,2019,8,-7.962702010009626,-15.39222940316227
Kunduz,2019,8,-15.456977756951186,-24.536515416951573
Laghman,2019,8,-8.630910242502857,-16.81887532487476
Logar,2019,8,-9.620546859377646,-17.45984719052722
Nangarhar,2019,8,-8.756305587037945,-16.536640848588334
Nimroz,2019,8,-15.965981406391293,-27.557682103797696
Nuristan,2019,8,-7.080099490034044,-15.256131829777859
Paktya,2019,8,-9.751353606039897,-17.723155493825608
Samangan,2019,8,-10.617523001801757,-18.770793716602913
Sar-e-Pul,2019,8,-10.718564864608329,-19.304599268439027
Takhar,2019,8,-9.645743659714153,-18.419239441309387
Wardak,2019,8,-9.206187745779125,-17.018785961048327
Zabul,2019,8,-10.968989550184796,-19.287809160421464
Khost,2019,9,-9.086142894277222,-16.779486066417576
Paktika,2019,9,-11.714242082472163,-20.543020564618583
Daykundi,2019,9,-7.801444132525999,-15.396012841493901
Panjsher,2019,9,-6.908511321210873,-14.480632948105498
Parwan,2019,9,-8.031784247453322,-15.598290254520572
Uruzgan,2019,9,-8.016034718896186,-15.298967198534847
Badakhshan,2019,9,-8.039125542601536,-15.70086606168789
Badghis,2019,9,-12.643300363954996,-22.254710358336595
Baghlan,2019,9,-10.19663979506859,-18.595145142456275
Balkh,2019,9,-14.492235792768577,-24.12469205823866
Bamyan,2019,9,-9.136808023298473,-16.65228737447166
Farah,2019,9,-10.76404464554592,-19.394042110837304
Faryab,2019,9,-14.259627436421026,-24.188054150797072
Ghazni,2019,9,-10.948626010986427,-18.78549708206018
Ghor,2019,9,-9.75191288633535,-17.603527332631902
Hilmand,2019,9,-14.808042173135304,-24.25229595432622
Hirat,2019,9,-12.503781460599145,-21.53608578630009
Jawzjan,2019,9,-17.6981803613001,-27.034793244692178
Kabul,2019,9,-8.899992477565814,-16.675960737179494
Kandahar,2019,9,-15.48153332151631,-24.050527969870434
Kapisa,2019,9,-7.892541298980659,-15.658651940030003
Kunar,2019,9,-8.343223097924376,-15.684867295845628
Kunduz,2019,9,-15.771857343483719,-24.755678266565614
Laghman,2019,9,-8.73418355508598,-16.879115519740942
Logar,2019,9,-9.510800449573196,-17.49166693930471
Nangarhar,2019,9,-8.892779906134223,-16.59873961897055
Nimroz,2019,9,-15.921957593039275,-27.478368527088886
Nuristan,2019,9,-7.071343806881657,-14.949310890184899
Paktya,2019,9,-9.641292059722309,-17.676004146797244
Samangan,2019,9,-10.522265392339861,-18.68537319953411
Sar-e-Pul,2019,9,-10.65974474603296,-19.335848415728517
Takhar,2019,9,-9.931321334870315,-18.675059739086443
Wardak,2019,9,-9.305820377498774,-16.988211878954285
Zabul,2019,9,-10.98390741089215,-19.12641396408143
Khost,2019,10,-9.369072746962535,-17.35949917596499
Paktika,2019,10,-12.029608939412213,-21.024497277672772
Daykundi,2019,10,-8.265151128644701,-16.317553862391005
Panjsher,2019,10,-7.9881537153650966,-16.436960085970398
Parwan,2019,10,-8.611524366823915,-16.893590390836774
Uruzgan,2019,10,-8.499210200708415,-16.047070660200315
Badakhshan,2019,10,-8.435339897736869,-16.680448613312073
Badghis,2019,10,-12.736848795293508,-22.771697539971974
Baghlan,2019,10,-10.578752028690444,-19.422665332066867
Balkh,2019,10,-15.038571516728881,-24.820368116038857
Bamyan,2019,10,-9.702623320211584,-17.791144164540803
Farah,2019,10,-10.813099151269746,-19.629550793348855
Faryab,2019,10,-14.29279076433659,-24.701841946027244
Ghazni,2019,10,-11.146071943707328,-19.47608145642202
Ghor,2019,10,-9.80100993025983,-18.25304878323247
Hilmand,2019,10,-15.016180122481455,-24.579863895241928
Hirat,2019,10,-12.582126234528701,-22.007580249810157
Jawzjan,2019,10,-18.231991728312742,-27.92409035134168
Kabul,2019,10,-9.424601886033331,-17.699234568121398
Kandahar,2019,10,-15.745770509001328,-24.45780990452401
Kapisa,2019,10,-8.508460493673992,-16.890575292072224
Kunar,2019,10,-8.174666522033574,-15.857185411675054
Kunduz,2019,10,-15.926431477364554,-25.207160573189626
Laghman,2019,10,-8.952073189161448,-17.42959987470149
Logar,2019,10,-10.129467061942918,-18.436362655436227
Nangarhar,2019,10,-9.043978860060783,-17.1533866580398
Nimroz,2019,10,-16.023685269173143,-27.578391003487734
Nuristan,2019,10,-7.527835642509714,-15.964796858459039
Paktya,2019,10,-10.146948972322337,-18.577081105858426
Samangan,2019,10,-10.961272592551952,-19.395457845116706
Sar-e-Pul,2019,10,-10.943792324324477,-20.11380281106221
Takhar,2019,10,-10.033533192671701,-19.348474652685717
Wardak,2019,10,-9.693267632334742,-17.920540087679896
Zabul,2019,10,-11.115459533747973,-19.533388419062543
Khost,2019,11,-8.823022711352479,-17.285631127049424
Paktika,2019,11,-12.127118074949719,-22.00484739381505
Daykundi,2019,11,-8.485657256111123,-17.47080592791457
Panjsher,2019,11,-8.167142918398742,-16.575385949323486
Parwan,2019,11,-8.853751481231999,-17.65325587780137
Uruzgan,2019,11,-8.5418075749019,-17.58605775213059
Badakhshan,2019,11,-8.416857670062457,-16.773934685945108
Badghis,2019,11,-12.440481884769175,-23.32635764490883
Baghlan,2019,11,-10.435720905211623,-19.681086991066095
Balkh,2019,11,-14.36517872478637,-25.258587393451954
Bamyan,2019,11,-10.27549749418787,-19.344976660688594
Farah,2019,11,-11.10004140955785,-20.7554144664694
Faryab,2019,11,-13.670292210149833,-25.028610562920917
Ghazni,2019,11,-11.68940550382195,-21.21360952796452
Ghor,2019,11,-10.313057380813765,-19.959348162081287
Hilmand,2019,11,-14.818770742194252,-25.400616072764553
Hirat,2019,11,-12.369264790543445,-22.565705580952027
Jawzjan,2019,11,-17.133941582331005,-28.037540936493816
Kabul,2019,11,-8.840525400186083,-17.714708343621204
Kandahar,2019,11,-15.386601180532137,-25.173004120491285
Kapisa,2019,11,-8.052826627316533,-16.947237588799275
Kunar,2019,11,-8.044355533403419,-16.101983532675852
Kunduz,2019,11,-14.89431542832299,-24.487520029083324
Laghman,2019,11,-8.745279850238619,-17.51439732209598
Logar,2019,11,-10.072435458966325,-19.246160784202953
Nangarhar,2019,11,-8.984432185553311,-17.51833959645772
Nimroz,2019,11,-15.73856802638698,-27.97440939891728
Nuristan,2019,11,-7.709930039045722,-15.876659368628001
Paktya,2019,11,-9.749928339794593,-18.83500935774005
Samangan,2019,11,-11.226909098149264,-20.976692124594926
Sar-e-Pul,2019,11,-10.76299715034423,-20.772078504649674
Takhar,2019,11,-9.39507311726706,-18.999446496876292
Wardak,2019,11,-10.272059780871063,-19.409929413516018
Zabul,2019,11,-11.462083908396794,-21.06919473990725
Khost,2019,12,-9.550934187764662,-17.712210396161744
Paktika,2019,12,-11.968835940836376,-22.220989623865155
Daykundi,2019,12,-9.267640370877546,-18.07872816008282
Panjsher,2019,12,-8.251403017495996,-16.438491519265423
Parwan,2019,12,-8.945699568954012,-17.698914684992115
Uruzgan,2019,12,-9.258883278873391,-18.096224063643202
Badakhshan,2019,12,-8.80901126780742,-17.147375176693988
Badghis,2019,12,-11.637478130927766,-22.589644659954924
Baghlan,2019,12,-10.481574327612458,-19.9907289190548
Balkh,2019,12,-14.641468124218429,-25.746260787347246
Bamyan,2019,12,-10.764526496938702,-19.761761786451025
Farah,2019,12,-11.390170973185398,-21.405773544321512
Faryab,2019,12,-14.51400023694952,-25.855756272025562
Ghazni,2019,12,-11.62126288588144,-21.4594858883385
Ghor,2019,12,-10.983168573758402,-20.657905632947006
Hilmand,2019,12,-15.20446964021148,-25.90854817343726
Hirat,2019,12,-13.06425763851022,-23.755128443852044
Jawzjan,2019,12,-18.328383151655174,-29.36652892834779
Kabul,2019,12,-9.682085510199396,-18.37519508611527
Kandahar,2019,12,-15.796462643589017,-25.688784236629747
Kapisa,2019,12,-8.554551351090456,-17.276820205812346
Kunar,2019,12,-8.69388936126568,-16.756874279950473
Kunduz,2019,12,-15.452107823646081,-25.73409034042158
Laghman,2019,12,-9.339547859416246,-17.882665177787597
Logar,2019,12,-10.536196042885837,-19.64740049029726
Nangarhar,2019,12,-9.47035018629932,-17.783824504387788
Nimroz,2019,12,-16.228244991077524,-28.634462924184618
Nuristan,2019,12,-7.969407070267044,-16.06710651487301
Paktya,2019,12,-10.384773587500236,-19.57915796603427
Samangan,2019,12,-11.70752985706102,-21.52097046110439
Sar-e-Pul,2019,12,-11.666668151244922,-21.664074965046012
Takhar,2019,12,-10.228606342319363,-20.091610009350394
Wardak,2019,12,-10.184235721055924,-19.443421731112796
Zabul,2019,12,-11.371857982725492,-21.304537666739204
Khost,2020,1,-9.214265813982776,-17.740022782319553
Paktika,2020,1,-12.133920981896246,-22.087773131714886
Daykundi,2020,1,-9.728738204624753,-18.622333994685015
Panjsher,2020,1,-8.315561270373568,-16.553448133383732
Parwan,2020,1,-9.599354585557219,-18.272820668640485
Uruzgan,2020,1,-9.542923671667754,-18.65008167069757
Badakhshan,2020,1,-8.74549827658819,-17.040785522805596
Badghis,2020,1,-11.474779235445245,-22.140382135640618
Baghlan,2020,1,-10.853931668575761,-20.289648011065072
Balkh,2020,1,-14.93647368508821,-25.31274121728066
Bamyan,2020,1,-10.95787504327049,-19.724451539011643
Farah,2020,1,-11.409690730702051,-21.562540996980733
Faryab,2020,1,-13.175781856959906,-24.123700994856893
Ghazni,2020,1,-12.184094416816485,-21.649103701310597
Ghor,2020,1,-11.478497802870129,-21.010756350210308
Hilmand,2020,1,-14.504289452095636,-24.92276873962017
Hirat,2020,1,-12.308909431034637,-22.97411567879688
Jawzjan,2020,1,-16.376216402397613,-26.93651253918643
Kabul,2020,1,-10.046684787677018,-19.002728749305533
Kandahar,2020,1,-14.715638551433006,-24.48974000900636
Kapisa,2020,1,-9.08074137875186,-18.02318903671857
Kunar,2020,1,-8.344178056018167,-16.45666089470349
Kunduz,2020,1,-15.415383386500457,-24.995923473183023
Laghman,2020,1,-8.681034209592296,-17.480376871694787
Logar,2020,1,-11.344027560096274,-20.66022189827154
Nangarhar,2020,1,-9.095399464610168,-17.820729278787894
Nimroz,2020,1,-15.762931510266739,-27.502155395687172
Nuristan,2020,1,-7.601982010093988,-15.57808194479084
Paktya,2020,1,-10.93267422850801,-20.20322475516592
Samangan,2020,1,-12.05748529510929,-21.66314783645356
Sar-e-Pul,2020,1,-11.35996889646163,-21.286073002380412
Takhar,2020,1,-9.833268315260083,-19.702807502116034
Wardak,2020,1,-10.92257582243607,-19.976670926990337
Zabul,2020,1,-11.580225737086902,-21.452622053134593
Khost,2020,2,-9.45250059866207,-17.699451009818585
Paktika,2020,2,-12.378106775774206,-21.966208294202154
Daykundi,2020,2,-9.732446732638136,-18.694940162560382
Panjsher,2020,2,-8.316299528290859,-16.451821911938133
Parwan,2020,2,-9.247764544995881,-18.08862322779475
Uruzgan,2020,2,-9.670776273383654,-18.646762808858135
Badakhshan,2020,2,-8.767949782613751,-16.908291553742558
Badghis,2020,2,-12.400348691933804,-22.656815970585324
Baghlan,2020,2,-10.324473156702657,-19.61993128033154
Balkh,2020,2,-13.707619386849972,-23.694266734467103
Bamyan,2020,2,-10.980542340235973,-19.727342436544934
Farah,2020,2,-11.820857084485946,-21.14088504310708
Faryab,2020,2,-12.691580189846862,-22.981902468042257
Ghazni,2020,2,-12.824530444122715,-21.822197308327198
Ghor,2020,2,-11.441651366113325,-20.79223876363767
Hilmand,2020,2,-15.363620450034936,-24.452866450956424
Hirat,2020,2,-13.134196743581832,-23.029141322083113
Jawzjan,2020,2,-15.86447199625669,-25.53643934810787
Kabul,2020,2,-9.476173516101078,-18.52355268175018
Kandahar,2020,2,-14.859772205166784,-23.890628702057082
Kapisa,2020,2,-8.530838914733321,-17.497429819157983
Kunar,2020,2,-8.518766531432835,-16.356598537192085
Kunduz,2020,2,-14.28114682724,-23.452169341067002
Laghman,2020,2,-9.25715691531798,-17.716144609446815
Logar,2020,2,-11.079630320083169,-20.348530245335144
Nangarhar,2020,2,-9.492137758214593,-17.740420808139906
Nimroz,2020,2,-16.62270546694478,-26.7127214617788
Nuristan,2020,2,-7.883410374886456,-15.557256280318569
Paktya,2020,2,-10.525508583870433,-19.62058753714888
Samangan,2020,2,-11.310261082564292,-20.900341276039985
Sar-e-Pul,2020,2,-10.951103917250794,-20.461469837696416
Takhar,2020,2,-9.45104672985628,-19.078839769862466
Wardak,2020,2,-10.943125212023915,-20.04853034430962
Zabul,2020,2,-12.203514169467946,-21.686647371425995
Khost,2020,3,-8.461498895808154,-16.740894390304952
Paktika,2020,3,-10.858656346187548,-20.584692335811624
Daykundi,2020,3,-9.283809739464825,-18.021089339367354
Panjsher,2020,3,-8.120341823910968,-16.124954940522418
Parwan,2020,3,-9.11730972513154,-17.887273202886362
Uruzgan,2020,3,-9.192635821243273,-18.032477616547794
Badakhshan,2020,3,-8.579983679061343,-16.656733504499403
Badghis,2020,3,-10.741359859907796,-20.3356524238226
Baghlan,2020,3,-9.873828962897985,-19.00954731491609
Balkh,2020,3,-14.255534873890092,-23.82137128922777
Bamyan,2020,3,-11.043146508040028,-19.767517443102676
Farah,2020,3,-11.538202138221717,-20.684792967813753
Faryab,2020,3,-12.473165790081504,-22.078691941480017
Ghazni,2020,3,-11.763750048968536,-21.05406022857695
Ghor,2020,3,-10.705740109967639,-19.876596605289482
Hilmand,2020,3,-14.796524043682204,-23.609199032817315
Hirat,2020,3,-12.328925715370852,-22.063606639846473
Jawzjan,2020,3,-16.30466061622018,-25.041459192631297
Kabul,2020,3,-8.565463580968668,-17.62871693615653
Kandahar,2020,3,-13.799463539647425,-22.596867600878976
Kapisa,2020,3,-7.994193529962362,-16.708344814842263
Kunar,2020,3,-8.146056622868599,-15.832167664706303
Kunduz,2020,3,-14.19340875339315,-22.932673239882416
Laghman,2020,3,-8.442366961718964,-17.02955168173443
Logar,2020,3,-10.3073044114535,-19.67248735178854
Nangarhar,2020,3,-8.732051762354054,-17.070984436886732
Nimroz,2020,3,-16.49552231835336,-26.49847949765135
Nuristan,2020,3,-7.526019389324294,-15.10932624069238
Paktya,2020,3,-9.79110231171625,-18.85749186385073
Samangan,2020,3,-10.469931976160144,-20.207895262606996
Sar-e-Pul,2020,3,-10.479846524588892,-19.91033847492662
Takhar,2020,3,-8.754015084498985,-18.15988954436531
Wardak,2020,3,-11.17759344335167,-20.124389498988073
Zabul,2020,3,-10.483990990612323,-20.153379770290712
Khost,2020,4,-8.46510817744625,-16.577475621758705
Paktika,2020,4,-11.253940122472596,-20.427532142937928
Daykundi,2020,4,-8.885656509397315,-17.46040365939171
Panjsher,2020,4,-9.23594027855465,-17.43416757899656
Parwan,2020,4,-9.450623586897883,-18.034446082948026
Uruzgan,2020,4,-9.30299781467629,-17.622430994789976
Badakhshan,2020,4,-8.807938689133941,-17.00619957832823
Badghis,2020,4,-10.46395254753698,-19.49311298391427
Baghlan,2020,4,-9.551620125909864,-18.364557528117814
Balkh,2020,4,-13.618843354540836,-22.556127055162374
Bamyan,2020,4,-11.2085757417448,-19.801797631170476
Farah,2020,4,-11.402524200035336,-20.513045658585884
Faryab,2020,4,-11.352175603807591,-20.15331724002611
Ghazni,2020,4,-11.877985155569265,-20.701314752463333
Ghor,2020,4,-10.235677872451282,-19.362666547416044
Hilmand,2020,4,-14.90628988018109,-23.426722981144543
Hirat,2020,4,-11.464382407817146,-20.648153303799955
Jawzjan,2020,4,-15.258801137778843,-23.177787018386322
Kabul,2020,4,-8.826511472216945,-17.49244683665149
Kandahar,2020,4,-14.546078434292909,-22.37659696223188
Kapisa,2020,4,-8.421093649838475,-16.955122581966204
Kunar,2020,4,-8.432235277100311,-15.982021950705288
Kunduz,2020,4,-14.418554303613774,-22.360206504752384
Laghman,2020,4,-9.093982177864541,-17.311088490035058
Logar,2020,4,-9.703300503611493,-18.917405987880123
Nangarhar,2020,4,-9.078800285905912,-17.00665527867201
Nimroz,2020,4,-16.24982935583668,-26.398690008722834
Nuristan,2020,4,-9.038715811206606,-16.976543405392373
Paktya,2020,4,-9.038520968870307,-17.969565665123707
Samangan,2020,4,-10.179590039676597,-19.61494478443498
Sar-e-Pul,2020,4,-10.358280532583453,-19.06407809914339
Takhar,2020,4,-9.123681395413792,-17.93332517921335
Wardak,2020,4,-11.115500111487478,-19.93634836487285
Zabul,2020,4,-11.577036816139747,-20.302644418093433
Khost,2020,5,-9.069943057780224,-16.85898102915452
Paktika,2020,5,-11.664112916964774,-20.015255723345422
Daykundi,2020,5,-8.706703126321555,-16.70411947962037
Panjsher,2020,5,-10.395686541125722,-18.812647562292355
Parwan,2020,5,-9.205218953094462,-17.270268441038244
Uruzgan,2020,5,-8.989896964677785,-16.6867583207987
Badakhshan,2020,5,-9.11639170190064,-17.384674308049824
Badghis,2020,5,-11.649182164867502,-19.844859674000446
Baghlan,2020,5,-10.048298118937684,-18.41262487108277
Balkh,2020,5,-14.049361308356463,-22.26318052150924
Bamyan,2020,5,-9.951477961464409,-18.536523172676173
Farah,2020,5,-11.10621693128435,-19.744239795834687
Faryab,2020,5,-12.8961746276034,-21.142580302533595
Ghazni,2020,5,-11.138903490700438,-19.341181783557744
Ghor,2020,5,-10.092841591123795,-18.39254707225361
Hilmand,2020,5,-14.701620770544936,-23.192449472572388
Hirat,2020,5,-12.102574968178812,-20.344311457179995
Jawzjan,2020,5,-16.139641967127417,-23.583234320632474
Kabul,2020,5,-9.19200054460972,-17.1238971284483
Kandahar,2020,5,-15.081503237208416,-22.655945834108184
Kapisa,2020,5,-8.41878805291962,-16.516284918440878
Kunar,2020,5,-8.134074698350068,-15.679219439030712
Kunduz,2020,5,-14.736430071952533,-22.20587124970257
Laghman,2020,5,-9.108456215277146,-17.249264963763256
Logar,2020,5,-10.06661629451755,-18.281224611212586
Nangarhar,2020,5,-9.091846712479866,-16.804895297960194
Nimroz,2020,5,-15.74924231686435,-25.926925509768537
Nuristan,2020,5,-9.396319053238145,-17.80688366960993
Paktya,2020,5,-9.660806296463907,-17.78598441638043
Samangan,2020,5,-9.85562442802912,-18.370821962528307
Sar-e-Pul,2020,5,-10.562380456599778,-18.791732419417787
Takhar,2020,5,-9.847754008529835,-18.045033703452262
Wardak,2020,5,-9.95262262011542,-18.437830892899303
Zabul,2020,5,-11.014223958501125,-19.191551935991768
Khost,2020,6,-9.029164293045577,-16.836411346199245
Paktika,2020,6,-11.316916298445493,-19.62218814078889
Daykundi,2020,6,-8.135708920368087,-15.675397659776133
Panjsher,2020,6,-8.735488596591068,-16.90347094673726
Parwan,2020,6,-8.270967608246144,-15.860795084102755
Uruzgan,2020,6,-8.343723153444197,-15.749615163833983
Badakhshan,2020,6,-8.950162853294811,-17.147652878921935
Badghis,2020,6,-12.210419180303147,-20.980131143382938
Baghlan,2020,6,-10.428955803387055,-18.597456285406718
Balkh,2020,6,-14.413452369025846,-22.941072119118243
Bamyan,2020,6,-9.453826449221626,-16.994849840940457
Farah,2020,6,-10.78984092856669,-19.254534044925396
Faryab,2020,6,-13.870621672728424,-22.460197238716457
Ghazni,2020,6,-10.65014671504492,-18.156819118678968
Ghor,2020,6,-9.741819459382873,-17.39338059281769
Hilmand,2020,6,-14.652954975905297,-23.141767577430734
Hirat,2020,6,-12.056541521725757,-20.525431131688492
Jawzjan,2020,6,-17.04101566991789,-25.152520626250546
Kabul,2020,6,-8.857315983511278,-16.436149766539977
Kandahar,2020,6,-15.017197594886145,-22.61521732283656
Kapisa,2020,6,-8.017132778321402,-15.711037529582454
Kunar,2020,6,-8.01618074822773,-15.491695732217254
Kunduz,2020,6,-15.374860442281776,-23.14361723007514
Laghman,2020,6,-8.789174287162142,-16.847918359057726
Logar,2020,6,-9.512167164558297,-17.317012749853458
Nangarhar,2020,6,-8.745453835466883,-16.428779512743613
Nimroz,2020,6,-15.765897090922804,-25.749953281694836
Nuristan,2020,6,-8.19211490435465,-16.608210932704335
Paktya,2020,6,-9.53645395520797,-17.25982845871577
Samangan,2020,6,-10.706799841658793,-18.54697353719395
Sar-e-Pul,2020,6,-10.795423090907336,-18.891322287653797
Takhar,2020,6,-10.262607077776131,-18.84432470666565
Wardak,2020,6,-9.248032606776365,-16.917240235418124
Zabul,2020,6,-10.819916758080891,-18.71238914233188
Khost,2020,7,-9.117235121337234,-16.92600511550927
Paktika,2020,7,-11.59510228474011,-20.114230898070097
Daykundi,2020,7,-8.141888660223003,-15.713996628924528
Panjsher,2020,7,-7.614735090599943,-15.709243994224055
Parwan,2020,7,-8.144484805360735,-16.018102089893688
Uruzgan,2020,7,-8.247012872341196,-15.575333946523472
Badakhshan,2020,7,-8.679871699738314,-16.847368817394607
Badghis,2020,7,-12.300484503550582,-21.216518959684205
Baghlan,2020,7,-10.124702151388092,-18.451876537112593
Balkh,2020,7,-14.67670532358946,-23.122128266594817
Bamyan,2020,7,-9.44529841672107,-17.288828109080683
Farah,2020,7,-10.639864825503748,-19.111928911447894
Faryab,2020,7,-13.844610759189717,-22.516676710497254
Ghazni,2020,7,-10.59953396726101,-18.312264671419772
Ghor,2020,7,-9.699502593183496,-17.418680421700607
Hilmand,2020,7,-14.582604514334328,-23.02140628614317
Hirat,2020,7,-12.195544258612546,-20.799984290433187
Jawzjan,2020,7,-17.073186007851525,-25.197003166552363
Kabul,2020,7,-8.890390344430937,-16.620394194602323
Kandahar,2020,7,-15.290245095806286,-22.878551342096177
Kapisa,2020,7,-7.894483338243175,-15.647224040036495
Kunar,2020,7,-8.028229225406116,-15.49869288722
Kunduz,2020,7,-15.375741316864788,-23.17135109971023
Laghman,2020,7,-8.640989979549808,-16.70296830935658
Logar,2020,7,-9.62542320317838,-17.597036885119252
Nangarhar,2020,7,-8.716385359074707,-16.37674193678002
Nimroz,2020,7,-15.838369130350431,-25.730069375726337
Nuristan,2020,7,-7.446922678778174,-15.711275141086917
Paktya,2020,7,-9.77228705511478,-17.677353937165265
Samangan,2020,7,-10.69376322704581,-18.712149305022876
Sar-e-Pul,2020,7,-10.56718350051848,-18.74400168851981
Takhar,2020,7,-9.719635563960013,-18.62540968837954
Wardak,2020,7,-9.277047974301928,-17.221050427812212
Zabul,2020,7,-10.61649524592201,-18.703918836348073
Khost,2020,8,-8.986116703103274,-16.706136095815506
Paktika,2020,8,-11.49645768133145,-20.271902885862048
Daykundi,2020,8,-8.034827423732244,-15.552022427050924
Panjsher,2020,8,-7.334363389828083,-15.335105453305076
Parwan,2020,8,-8.104839143596896,-15.977684701145805
Uruzgan,2020,8,-8.174397716324929,-15.52054527443253
Badakhshan,2020,8,-8.3111622154627,-16.128258006665096
Badghis,2020,8,-12.509749046053338,-21.479538645474502
Baghlan,2020,8,-10.188229986689652,-18.446193543952358
Balkh,2020,8,-14.54572019802767,-23.015736462780048
Bamyan,2020,8,-9.285558190554315,-16.856855454680694
Farah,2020,8,-10.724782175411647,-19.0937825280453
Faryab,2020,8,-14.13895721048856,-22.865333768379276
Ghazni,2020,8,-10.686950867250117,-18.51868537243644
Ghor,2020,8,-9.660888256570482,-17.455469207635492
Hilmand,2020,8,-14.587988654157828,-22.97729410342281
Hirat,2020,8,-12.343963004885037,-21.018479759486294
Jawzjan,2020,8,-17.578901627609188,-25.62855402853315
Kabul,2020,8,-8.85273172654372,-16.87539517232823
Kandahar,2020,8,-15.140962632455576,-22.81672762660049
Kapisa,2020,8,-7.934942142952334,-15.958418449763025
Kunar,2020,8,-8.18985971639552,-15.54619116246554
Kunduz,2020,8,-15.532949142787817,-23.18727646295128
Laghman,2020,8,-8.656631051015866,-16.9103920458881
Logar,2020,8,-9.536548911061194,-17.831726204077757
Nangarhar,2020,8,-8.734537355231282,-16.49385626080291
Nimroz,2020,8,-15.904565965662192,-25.829967688183203
Nuristan,2020,8,-7.148152011941535,-15.195014522088545
Paktya,2020,8,-9.66587106405403,-17.802066898860517
Samangan,2020,8,-10.575950574088703,-18.639145927605426
Sar-e-Pul,2020,8,-10.7087425991389,-18.868127342388043
Takhar,2020,8,-9.968593840210518,-18.71509476219317
Wardak,2020,8,-9.267771568792085,-17.206358665489542
Zabul,2020,8,-10.717821850462903,-18.890145618674435
Khost,2020,9,-9.395721547671343,-16.846696117962544
Paktika,2020,9,-11.83301431984106,-20.383986430411703
Daykundi,2020,9,-8.174761218959643,-15.62280432279517
Panjsher,2020,9,-7.148526822085532,-14.84468197022577
Parwan,2020,9,-8.21992917716188,-15.965398475867572
Uruzgan,2020,9,-8.250204067610502,-15.456408193610525
Badakhshan,2020,9,-8.350645032964701,-16.22848846653451
Badghis,2020,9,-12.573194096243277,-21.672367193981636
Baghlan,2020,9,-10.245098412899386,-18.424190223304368
Balkh,2020,9,-14.954835487983564,-23.35093468075475
Bamyan,2020,9,-9.344073706614,-16.89212835385063
Farah,2020,9,-10.626293110019985,-18.991940913629204
Faryab,2020,9,-14.232186608050203,-23.09270828311493
Ghazni,2020,9,-10.774451798398045,-18.5624996555823
Ghor,2020,9,-9.675194831614807,-17.533430558288117
Hilmand,2020,9,-14.608421920868954,-23.011175891076828
Hirat,2020,9,-12.41911634100192,-21.171374485962893
Jawzjan,2020,9,-17.6824868885675,-25.77177265137736
Kabul,2020,9,-9.124089130482153,-16.831683747491613
Kandahar,2020,9,-15.186200985359152,-22.920500990137853
Kapisa,2020,9,-8.105516284590566,-15.861516814303757
Kunar,2020,9,-8.182545437761448,-15.691823870188697
Kunduz,2020,9,-15.779705351985964,-23.34033001205794
Laghman,2020,9,-8.8779997787889,-16.891190991118485
Logar,2020,9,-9.848993276464919,-17.758661004166726
Nangarhar,2020,9,-8.95294360658832,-16.514079731473817
Nimroz,2020,9,-15.908820786510512,-25.752679130316746
Nuristan,2020,9,-7.216236721000528,-15.42696412665417
Paktya,2020,9,-9.93654269044877,-17.7558418563196
Samangan,2020,9,-10.79466060842249,-18.814853642938544
Sar-e-Pul,2020,9,-10.852075220511034,-19.02488984503655
Takhar,2020,9,-9.820446363506358,-18.50070416559402
Wardak,2020,9,-9.380683873010051,-17.31301710665499
Zabul,2020,9,-10.833922262403323,-18.883627265569757
Khost,2020,10,-9.36933047197188,-16.942843525790934
Paktika,2020,10,-11.844462654011778,-20.530004990665173
Daykundi,2020,10,-8.000924181303514,-15.599799812825681
Panjsher,2020,10,-7.7033828584866475,-15.802421908407169
Parwan,2020,10,-8.373055337998217,-16.083394640344686
Uruzgan,2020,10,-8.2133105645855,-15.526351134444816
Badakhshan,2020,10,-8.597064866118904,-16.722093484455172
Badghis,2020,10,-12.855445043916568,-22.01509357976446
Baghlan,2020,10,-10.674265050667787,-19.14707312175854
Balkh,2020,10,-14.886815652443547,-23.547156249323347
Bamyan,2020,10,-9.34264063705669,-17.004795799162103
Farah,2020,10,-10.754923677482012,-19.136116668185288
Faryab,2020,10,-14.590626819995096,-23.572165710367287
Ghazni,2020,10,-10.947856369919087,-18.85951593191452
Ghor,2020,10,-9.887912418971101,-17.872173724886995
Hilmand,2020,10,-14.669235624997079,-23.06640159360322
Hirat,2020,10,-12.60442425123716,-21.511065910023216
Jawzjan,2020,10,-17.85815105254722,-26.082178013430326
Kabul,2020,10,-9.111709447766753,-16.78959901356092
Kandahar,2020,10,-15.199329567475687,-23.065620147066802
Kapisa,2020,10,-8.281300848581058,-16.06940293449893
Kunar,2020,10,-8.492125989841824,-15.940821345701341
Kunduz,2020,10,-16.051074373922244,-23.805761696860362
Laghman,2020,10,-8.952467738516685,-17.02617810227442
Logar,2020,10,-9.774156250102665,-17.692726731582855
Nangarhar,2020,10,-8.907915527963965,-16.47387448248965
Nimroz,2020,10,-15.908271269386912,-25.850822797706368
Nuristan,2020,10,-7.551722478851893,-15.833610700861342
Paktya,2020,10,-9.929617462180873,-17.847630603555473
Samangan,2020,10,-11.084434841124757,-19.30791424264645
Sar-e-Pul,2020,10,-10.909335757573883,-19.344753795468996
Takhar,2020,10,-10.412071016215108,-19.481042987652856
Wardak,2020,10,-9.429091185962774,-17.275669894975746
Zabul,2020,10,-10.885931124727636,-19.041654642487483
Khost,2020,11,-9.288456271213185,-17.320504168033324
Paktika,2020,11,-11.428840771726424,-20.738352158754786
Daykundi,2020,11,-8.618048530183572,-16.926933913903877
Panjsher,2020,11,-7.736675787577814,-15.63219199091805
Parwan,2020,11,-8.455265085339828,-16.696200208440363
Uruzgan,2020,11,-8.774951053077512,-16.9970998042169
Badakhshan,2020,11,-8.667309481853804,-16.76262558556595
Badghis,2020,11,-11.863907090161888,-21.584240719182723
Baghlan,2020,11,-9.829907744079534,-18.728502452537796
Balkh,2020,11,-13.588580001562345,-23.258414667246182
Bamyan,2020,11,-9.955418066018607,-18.254086809595417
Farah,2020,11,-11.177219895560162,-20.21380513560568
Faryab,2020,11,-14.334981298412604,-23.865050625819304
Ghazni,2020,11,-10.998104105321547,-19.76457921268214
Ghor,2020,11,-10.331502670699987,-19.19200778151427
Hilmand,2020,11,-14.952653486332139,-23.863706567402243
Hirat,2020,11,-12.639427211508956,-22.168723245830673
Jawzjan,2020,11,-17.83306982448846,-26.439426533099613
Kabul,2020,11,-9.125612071316787,-17.44160391856763
Kandahar,2020,11,-15.180890254128212,-23.58170206108247
Kapisa,2020,11,-8.321978806781347,-16.625386114215154
Kunar,2020,11,-8.265521241800242,-16.03231144940652
Kunduz,2020,11,-13.954490394930646,-22.826491991791233
Laghman,2020,11,-8.932015730254912,-17.252338783559917
Logar,2020,11,-9.984410628349302,-18.572347813901622
Nangarhar,2020,11,-8.906190671190375,-16.98102072478108
Nimroz,2020,11,-15.96052225777462,-26.30316158727325
Nuristan,2020,11,-7.723656603604265,-15.773989790823862
Paktya,2020,11,-9.745323954541615,-18.31284417078787
Samangan,2020,11,-10.235720099454227,-19.372040892816027
Sar-e-Pul,2020,11,-10.862543021321748,-20.031215541074577
Takhar,2020,11,-9.317929650221101,-18.49107167772554
Wardak,2020,11,-9.65872017110113,-18.22223673671427
Zabul,2020,11,-10.755256217335026,-19.692939635715234
Khost,2020,12,-9.293712049703824,-17.59500341372432
Paktika,2020,12,-12.219999680581582,-21.987005480872323
Daykundi,2020,12,-9.027037880678455,-17.78831641060369
Panjsher,2020,12,-8.455454611608948,-16.344502748238206
Parwan,2020,12,-9.040634251092474,-17.740600126935195
Uruzgan,2020,12,-9.189962279237124,-17.93759222042661
Badakhshan,2020,12,-8.716093183209813,-16.80348152220328
Badghis,2020,12,-10.929463479680008,-21.375540356904846
Baghlan,2020,12,-9.976176393074624,-19.385917883221307
Balkh,2020,12,-13.611145602220363,-23.832350345182736
Bamyan,2020,12,-10.501631751998174,-19.331262939227827
Farah,2020,12,-11.583968083340032,-20.950652481275757
Faryab,2020,12,-12.81632527241322,-23.15529029715548
Ghazni,2020,12,-11.890079725811523,-21.11557317891522
Ghor,2020,12,-10.918125962508576,-20.288901291095637
Hilmand,2020,12,-15.149508322776017,-24.126171959929845
Hirat,2020,12,-12.451871677661629,-22.56520523030337
Jawzjan,2020,12,-16.031153999327394,-25.574745777128573
Kabul,2020,12,-9.48921959737474,-18.360361623406515
Kandahar,2020,12,-15.783216864471422,-24.324643006283598
Kapisa,2020,12,-8.506553826837674,-17.35940739773358
Kunar,2020,12,-8.283984209838524,-16.220242078928234
Kunduz,2020,12,-13.620391372026086,-23.16444831055471
Laghman,2020,12,-9.065938541298724,-17.65636215017276
Logar,2020,12,-10.68254325187972,-19.775756287557552
Nangarhar,2020,12,-9.372525028951303,-17.723075062966895
Nimroz,2020,12,-16.412286314709736,-26.6331412977248
Nuristan,2020,12,-7.914100642206028,-15.718714814227855
Paktya,2020,12,-10.095564004009962,-19.131578443498753
Samangan,2020,12,-10.691009323986183,-20.54609368056831
Sar-e-Pul,2020,12,-10.231298312231472,-19.916596310850913
Takhar,2020,12,-9.054292542000175,-18.591060850497975
Wardak,2020,12,-10.296163666925805,-19.393215322355882
Zabul,2020,12,-11.592665120858147,-21.0027657533699
Khost,2021,1,-9.408772434112135,-17.544057662628177
Paktika,2021,1,-12.538997476806246,-22.02932590009592
Daykundi,2021,1,-9.04049664068088,-17.6355496586999
Panjsher,2021,1,-8.137161035811848,-16.09177877362919
Parwan,2021,1,-9.193397574242882,-17.7141585031976
Uruzgan,2021,1,-9.299404886779564,-17.55720551224878
Badakhshan,2021,1,-8.706146446072013,-16.853177610788528
Badghis,2021,1,-11.881374473812581,-22.248835514909054
Baghlan,2021,1,-10.574856585303891,-19.833372237377116
Balkh,2021,1,-14.347578318523176,-24.4429855471738
Bamyan,2021,1,-10.567976887086017,-19.30430686912631
Farah,2021,1,-11.431950445752774,-20.49284604079149
Faryab,2021,1,-13.864809120327536,-24.091001851682698
Ghazni,2021,1,-12.175342279404278,-21.061617178383923
Ghor,2021,1,-11.012254213687681,-20.2376737705683
Hilmand,2021,1,-15.306434873540752,-24.181301621897433
Hirat,2021,1,-13.156004400557576,-22.942932810730536
Jawzjan,2021,1,-16.601399524592697,-26.331972243792425
Kabul,2021,1,-9.908948967612053,-18.583820044441158
Kandahar,2021,1,-15.70769228353585,-23.904523315087363
Kapisa,2021,1,-8.86919802253161,-17.522386463464507
Kunar,2021,1,-8.69815791671181,-16.618997548003374
Kunduz,2021,1,-14.854206473368887,-24.060978353354308
Laghman,2021,1,-9.25140004238707,-17.699150051533206
Logar,2021,1,-10.853662160107723,-19.643777889519008
Nangarhar,2021,1,-9.347236975587611,-17.585070290077397
Nimroz,2021,1,-16.35085243010739,-26.477044791356317
Nuristan,2021,1,-7.780096043603197,-15.624129221331707
Paktya,2021,1,-10.565179785056044,-19.404968222106486
Samangan,2021,1,-11.615834222701219,-21.183503199523177
Sar-e-Pul,2021,1,-11.180641061183959,-20.81919526254165
Takhar,2021,1,-9.93328765913887,-19.5243445734269
Wardak,2021,1,-10.32837249064169,-19.279683916929883
Zabul,2021,1,-11.964669013808674,-20.89729063931737
Khost,2021,2,-9.410054408973602,-17.259671902433965
Paktika,2021,2,-12.39065304252008,-21.548501955605218
Daykundi,2021,2,-9.049677856508493,-17.568177716552867
Panjsher,2021,2,-8.175645266133197,-16.309284561219535
Parwan,2021,2,-9.184680141927752,-17.643661491196102
Uruzgan,2021,2,-9.028052495855187,-17.2030260584997
Badakhshan,2021,2,-8.56600656175027,-16.698844063235367
Badghis,2021,2,-12.78834878726822,-22.749837621743506
Baghlan,2021,2,-10.61477834711128,-19.638365636900875
Balkh,2021,2,-14.737010472826396,-24.291218729351282
Bamyan,2021,2,-10.42161556455106,-19.161595257567082
Farah,2021,2,-11.192145813946029,-20.054642490172977
Faryab,2021,2,-13.982098022472066,-23.61794352210542
Ghazni,2021,2,-11.942825919599873,-20.89476168111108
Ghor,2021,2,-10.753724384233175,-20.000304164115942
Hilmand,2021,2,-15.049491044318087,-23.784940244832075
Hirat,2021,2,-12.94897008078543,-22.5092739672695
Jawzjan,2021,2,-16.704963925332468,-25.748594087310213
Kabul,2021,2,-9.715192777321532,-18.2360525967077
Kandahar,2021,2,-15.852553064429422,-23.83773547603259
Kapisa,2021,2,-8.79217732979383,-17.30360665415253
Kunar,2021,2,-8.56471399324695,-16.22407454774526
Kunduz,2021,2,-15.48577670585156,-23.95556027323882
Laghman,2021,2,-9.121306492873682,-17.500817442130135
Logar,2021,2,-10.809088894892103,-19.46603297470775
Nangarhar,2021,2,-9.201672306844383,-17.146802665626108
Nimroz,2021,2,-16.18967497015791,-26.31030666868938
Nuristan,2021,2,-7.768743592892591,-15.735189886191623
Paktya,2021,2,-10.698580334968016,-19.34155976244618
Samangan,2021,2,-11.363738627306303,-20.66086086209676
Sar-e-Pul,2021,2,-10.932306878528989,-20.304496966854742
Takhar,2021,2,-9.501634810044619,-18.96248644369043
Wardak,2021,2,-10.41471909021795,-19.317139393959526
Zabul,2021,2,-11.51296871773386,-20.325736834457494
Khost,2021,3,-9.33130930570297,-17.22401340179786
Paktika,2021,3,-12.00633678689416,-21.35210249895905
Daykundi,2021,3,-9.049691013073554,-17.455935019874172
Panjsher,2021,3,-8.790777810568263,-16.71894595501281
Parwan,2021,3,-9.015584747924398,-17.790376279671964
Uruzgan,2021,3,-9.19561541417275,-17.30692907734052
Badakhshan,2021,3,-8.479162021968426,-16.470507264590076
Badghis,2021,3,-12.417411122502525,-22.418980140326617
Baghlan,2021,3,-9.247200391337389,-18.398821267352776
Balkh,2021,3,-13.899563824808093,-23.61298670360384
Bamyan,2021,3,-10.536701174677608,-19.265863773342243
Farah,2021,3,-11.144120203257051,-19.83184230748203
Faryab,2021,3,-13.510873436948202,-23.343263155492306
Ghazni,2021,3,-11.897851434829326,-20.84420163254227
Ghor,2021,3,-10.83040448025938,-19.950906797986416
Hilmand,2021,3,-15.180190453601968,-23.633221030884226
Hirat,2021,3,-12.944130498053223,-22.418864990450437
Jawzjan,2021,3,-16.657991174726828,-25.696601475189496
Kabul,2021,3,-8.99871343034182,-17.957316377888258
Kandahar,2021,3,-15.69465618620426,-23.468131749832942
Kapisa,2021,3,-8.317412896299174,-17.050467470125653
Kunar,2021,3,-8.146337319293472,-15.94152183236709
Kunduz,2021,3,-13.049472338849892,-21.91183781283406
Laghman,2021,3,-9.219468034356233,-17.60639733654129
Logar,2021,3,-10.135226522383725,-19.187469332227387
Nangarhar,2021,3,-9.133573667496899,-17.167538360314435
Nimroz,2021,3,-16.22590819534153,-26.152692986115085
Nuristan,2021,3,-7.877572329862516,-15.706723171487097
Paktya,2021,3,-10.188708273159488,-18.98304550122807
Samangan,2021,3,-10.371059351581273,-20.09894874515254
Sar-e-Pul,2021,3,-11.039949786425504,-20.37297521246012
Takhar,2021,3,-8.09758219790733,-17.33554880436338
Wardak,2021,3,-10.301092619021562,-19.323829162603086
Zabul,2021,3,-11.588037292459108,-20.401715373911838
Khost,2021,4,-9.227674295429184,-16.98025025874934
Paktika,2021,4,-11.957260092052383,-20.847449815583406
Daykundi,2021,4,-8.913426090635296,-16.963502469476474
Panjsher,2021,4,-9.087828883673401,-17.023050444214864
Parwan,2021,4,-9.282017992967086,-17.53957888957253
Uruzgan,2021,4,-8.959789822812226,-16.580046630926475
Badakhshan,2021,4,-9.05624825957884,-16.92165226671832
Badghis,2021,4,-12.686849013972441,-21.585719346182767
Baghlan,2021,4,-10.207983446674971,-18.58658998090541
Balkh,2021,4,-14.66743949634631,-23.1983799765076
Bamyan,2021,4,-10.249912221525543,-18.93652018278852
Farah,2021,4,-10.935451440331073,-19.462547741342608
Faryab,2021,4,-14.034758879264244,-22.94751974085762
Ghazni,2021,4,-11.50210381047536,-20.057103860025727
Ghor,2021,4,-10.471308603761639,-19.044950352765273
Hilmand,2021,4,-14.948614804011394,-23.232964943816846
Hirat,2021,4,-12.737959396504989,-21.72935487994724
Jawzjan,2021,4,-16.910305761343693,-24.91127949512217
Kabul,2021,4,-9.45630634440885,-17.689676135178637
Kandahar,2021,4,-16.05036916285702,-23.462227422501375
Kapisa,2021,4,-8.838585030746753,-17.050765022544137
Kunar,2021,4,-8.280748792280527,-15.998042810684337
Kunduz,2021,4,-14.523742797585998,-21.797009560437377
Laghman,2021,4,-9.136314172762885,-17.324833063139447
Logar,2021,4,-10.353299993423555,-18.89790552334527
Nangarhar,2021,4,-9.273143894523335,-17.019993827554938
Nimroz,2021,4,-16.09936248705821,-25.99785887984553
Nuristan,2021,4,-8.086572766848683,-15.985718903368642
Paktya,2021,4,-10.035769979048514,-18.420226642614757
Samangan,2021,4,-10.475212363106879,-19.46704385390061
Sar-e-Pul,2021,4,-11.303068086191116,-19.96146583013813
Takhar,2021,4,-9.637794374105242,-18.072242708249284
Wardak,2021,4,-10.257225532512505,-18.991379772591035
Zabul,2021,4,-11.11124672216591,-19.714649433987134
Khost,2021,5,-8.846280421971993,-16.79398815843113
Paktika,2021,5,-11.53744507537334,-20.34876014530664
Daykundi,2021,5,-8.13056633776734,-16.192607893449946
Panjsher,2021,5,-9.973556783092116,-18.56250683762931
Parwan,2021,5,-8.638472870405943,-16.838919157380655
Uruzgan,2021,5,-8.568024810277288,-16.559895759622364
Badakhshan,2021,5,-9.576131565332005,-18.032638490656467
Badghis,2021,5,-12.339311421935443,-21.606621195950005
Baghlan,2021,5,-10.0828717909943,-18.47345349624687
Balkh,2021,5,-14.205502782951745,-22.716771147606703
Bamyan,2021,5,-9.68999924326174,-18.09876014708386
Farah,2021,5,-11.083572653248247,-19.966808210944297
Faryab,2021,5,-13.769016158659099,-22.76256003457744
Ghazni,2021,5,-11.167681099518681,-19.339596817356203
Ghor,2021,5,-9.508926563055857,-18.15259605843187
Hilmand,2021,5,-14.967397070966665,-23.6994425461128
Hirat,2021,5,-12.595725721128566,-21.817939074952243
Jawzjan,2021,5,-17.125950192140778,-25.235373456782224
Kabul,2021,5,-8.793330226973763,-16.97274199669735
Kandahar,2021,5,-15.548044363904715,-23.316656927404136
Kapisa,2021,5,-8.09865760572839,-16.171408178573976
Kunar,2021,5,-8.12241148756422,-15.625643267940102
Kunduz,2021,5,-15.16725670408752,-22.807327968295613
Laghman,2021,5,-8.973946976182077,-17.13149235915635
Logar,2021,5,-9.55020075857872,-18.103870411404547
Nangarhar,2021,5,-8.903983087409364,-16.61863798494372
Nimroz,2021,5,-16.059325926153985,-26.16721486884702
Nuristan,2021,5,-9.156547125363042,-17.70369860345103
Paktya,2021,5,-9.419307316980786,-17.70781269672369
Samangan,2021,5,-9.969520028106917,-18.57943135373446
Sar-e-Pul,2021,5,-10.536359470014002,-19.282361024163315
Takhar,2021,5,-9.991798535328122,-18.25479711080222
Wardak,2021,5,-9.672079967205889,-17.9983345131636
Zabul,2021,5,-11.105912297763494,-19.52942345831626
Khost,2021,6,-8.923655707112038,-16.59170217967399
Paktika,2021,6,-11.418111032721542,-19.983705889430187
Daykundi,2021,6,-8.076519281010482,-15.638568104450613
Panjsher,2021,6,-7.882953651037571,-15.846449318994798
Parwan,2021,6,-8.017529007001727,-15.606916133475863
Uruzgan,2021,6,-8.267451838182998,-15.70043001896219
Badakhshan,2021,6,-9.06001417306686,-17.084016090546136
Badghis,2021,6,-12.554429732462586,-21.595847902563563
Baghlan,2021,6,-10.222296576075541,-18.426514455149174
Balkh,2021,6,-14.686991314288575,-23.1482102644196
Bamyan,2021,6,-9.357663928855843,-16.965164495125013
Farah,2021,6,-10.680622616439836,-18.979953902736305
Faryab,2021,6,-14.144201921105049,-22.901451541996156
Ghazni,2021,6,-10.595735318813515,-18.388786263680633
Ghor,2021,6,-9.62942642702842,-17.520568894464144
Hilmand,2021,6,-14.631639133373179,-23.186485843266702
Hirat,2021,6,-12.50095566376456,-21.361109584952843
Jawzjan,2021,6,-17.28916376680998,-25.39145681682323
Kabul,2021,6,-8.700107896852158,-16.23882353297294
Kandahar,2021,6,-15.821667972162793,-23.235235814192436
Kapisa,2021,6,-7.743150813532468,-15.219918561788326
Kunar,2021,6,-7.946882698401183,-15.188962565426516
Kunduz,2021,6,-15.60144961489845,-23.388331175508604
Laghman,2021,6,-8.417093376023827,-16.256897386063166
Logar,2021,6,-9.35364192382566,-17.072663852621947
Nangarhar,2021,6,-8.49844064172468,-15.916444824541479
Nimroz,2021,6,-15.788887171459042,-25.834938186758876
Nuristan,2021,6,-7.599868389907616,-15.72343401058966
Paktya,2021,6,-9.458916586822319,-17.05189161873043
Samangan,2021,6,-10.689403822006483,-18.63775680979683
Sar-e-Pul,2021,6,-10.60186156607584,-18.759664507445176
Takhar,2021,6,-9.911294025046672,-18.6284585345865
Wardak,2021,6,-9.149018415238535,-16.89325418970849
Zabul,2021,6,-10.536243137784405,-18.784564130549835
Khost,2021,7,-8.65643821332366,-16.63730804837701
Paktika,2021,7,-11.488159950948976,-20.486875931637126
Daykundi,2021,7,-8.01419942992713,-15.602127461765246
Panjsher,2021,7,-7.186017819522054,-14.977992761835369
Parwan,2021,7,-8.016172426727826,-15.778461336092448
Uruzgan,2021,7,-8.153719835786816,-15.56135543320802
Badakhshan,2021,7,-8.52207299326177,-16.48418796351518
Badghis,2021,7,-12.488711419955914,-21.574496441789737
Baghlan,2021,7,-10.096105533906389,-18.36635194866757
Balkh,2021,7,-14.451855240945378,-22.95850249168119
Bamyan,2021,7,-9.315886432376436,-16.931653251351293
Farah,2021,7,-10.643933450889884,-19.108372991960685
Faryab,2021,7,-14.31892423279926,-23.139745951033635
Ghazni,2021,7,-10.881683505536277,-18.851635838019252
Ghor,2021,7,-9.578929047769485,-17.512452746019495
Hilmand,2021,7,-14.81968234682998,-23.271161049232933
Hirat,2021,7,-12.504337876732237,-21.487450570076735
Jawzjan,2021,7,-17.740789239383435,-25.79509207119969
Kabul,2021,7,-8.79671952732208,-16.680628580998754
Kandahar,2021,7,-15.58410133542052,-23.038328397898642
Kapisa,2021,7,-7.8020643989234015,-15.569205040996573
Kunar,2021,7,-7.956553239262214,-15.363324893610017
Kunduz,2021,7,-15.479746047901664,-23.23424708505604
Laghman,2021,7,-8.649167126514143,-16.747217467507824
Logar,2021,7,-9.38845554922956,-17.645794395564483
Nangarhar,2021,7,-8.700596534296205,-16.35165064395461
Nimroz,2021,7,-15.899370116394502,-25.79964478825167
Nuristan,2021,7,-7.145500685673275,-15.23406040563177
Paktya,2021,7,-9.429732506982853,-17.692782337971444
Samangan,2021,7,-10.50208006865011,-18.566799075610785
Sar-e-Pul,2021,7,-10.663070643837708,-18.814955475133836
Takhar,2021,7,-9.857210243792661,-18.63963370704294
Wardak,2021,7,-9.360159486930517,-17.37241467801054
Zabul,2021,7,-10.889867180743932,-19.164967736628377
Khost,2021,8,-9.338151469865494,-16.926588533008676
Paktika,2021,8,-11.710297801282152,-20.41050921858442
Daykundi,2021,8,-8.043882586128406,-15.524880065437875
Panjsher,2021,8,-7.066205981329144,-14.704988844536755
Parwan,2021,8,-7.928970212583294,-15.60722069544534
Uruzgan,2021,8,-8.157480275550185,-15.411246438027915
Badakhshan,2021,8,-8.371518381961781,-16.095218217297887
Badghis,2021,8,-12.644046760970795,-21.734343361715812
Baghlan,2021,8,-9.945972321758768,-18.178606040604414
Balkh,2021,8,-14.798077896936697,-23.156062420967658
Bamyan,2021,8,-9.18423920930537,-16.710958226643445
Farah,2021,8,-10.5713657171496,-19.025016484424462
Faryab,2021,8,-14.31421958488869,-23.050095530482274
Ghazni,2021,8,-10.59425265119532,-18.461072643402094
Ghor,2021,8,-9.59046376845868,-17.496798270588794
Hilmand,2021,8,-14.713638897343287,-23.08924429357485
Hirat,2021,8,-12.5159382757991,-21.538725651821284
Jawzjan,2021,8,-17.72396759423995,-25.587693294608737
Kabul,2021,8,-8.988924537170837,-16.75864248408693
Kandahar,2021,8,-15.81284137427595,-23.20099574763085
Kapisa,2021,8,-7.690897189472108,-15.379820605061033
Kunar,2021,8,-8.188565023127966,-15.652374003099752
Kunduz,2021,8,-15.371038095845751,-22.95022185562202
Laghman,2021,8,-8.993778904829412,-16.957186362431727
Logar,2021,8,-9.414635668490876,-17.32273783689332
Nangarhar,2021,8,-9.037482964657976,-16.603437765622672
Nimroz,2021,8,-15.879640062594673,-25.78479934693355
Nuristan,2021,8,-7.3244682424564855,-15.314483248175105
Paktya,2021,8,-9.752527845288748,-17.69447895559296
Samangan,2021,8,-10.575923869775067,-18.562253964686665
Sar-e-Pul,2021,8,-10.563111523483148,-18.65095705794291
Takhar,2021,8,-9.572306746690982,-18.28138912508411
Wardak,2021,8,-9.122665840145936,-17.04560728137361
Zabul,2021,8,-10.55831114080303,-18.80541442384378
Khost,2021,9,-9.133909108534782,-16.758284613391513
Paktika,2021,9,-11.635698275440708,-20.56463928010054
Daykundi,2021,9,-7.982684529904519,-15.475511092284052
Panjsher,2021,9,-6.877207073773158,-14.370804827719962
Parwan,2021,9,-7.958386728245823,-15.582469315143083
Uruzgan,2021,9,-8.102648537297833,-15.355008242899979
Badakhshan,2021,9,-8.022469124995025,-15.644069547033721
Badghis,2021,9,-12.673855347917623,-21.7676887224139
Baghlan,2021,9,-10.115154255180101,-18.262532953947453
Balkh,2021,9,-14.600887372309025,-23.142256239814685
Bamyan,2021,9,-9.17257452606964,-16.652613857150808
Farah,2021,9,-10.601512126244632,-18.957497567725788
Faryab,2021,9,-14.59028566306188,-23.37801091450424
Ghazni,2021,9,-10.809091425301142,-18.640225876083626
Ghor,2021,9,-9.585434660854977,-17.457910127546366
Hilmand,2021,9,-14.784432565854855,-23.09641730430816
Hirat,2021,9,-12.50769767073691,-21.497470423502293
Jawzjan,2021,9,-18.093148116512133,-26.152071873355393
Kabul,2021,9,-8.952734917305088,-16.849844518947297
Kandahar,2021,9,-15.658002570904557,-23.054664747740865
Kapisa,2021,9,-7.948096483943561,-15.693554515882344
Kunar,2021,9,-8.105259069002065,-15.616148962183727
Kunduz,2021,9,-15.704629741929317,-23.35771000144559
Laghman,2021,9,-8.770833591727257,-16.88483463231538
Logar,2021,9,-9.416052511323963,-17.41845579844149
Nangarhar,2021,9,-8.847877161323769,-16.503155756541375
Nimroz,2021,9,-15.941069951897884,-25.716500234651587
Nuristan,2021,9,-7.059974417520748,-15.032844593139854
Paktya,2021,9,-9.664843278404119,-17.722451208035427
Samangan,2021,9,-10.503304313866435,-18.530738176711655
Sar-e-Pul,2021,9,-10.689958126499102,-18.80562966878556
Takhar,2021,9,-9.90652967524357,-18.54800915089263
Wardak,2021,9,-9.212439267153588,-17.048719955099294
Zabul,2021,9,-10.835304921077428,-18.98377311177717
Khost,2021,10,-9.401886880774754,-16.978325556231166
Paktika,2021,10,-11.818312430736997,-20.61331638486835
Daykundi,2021,10,-8.163067008441667,-15.681474005002297
Panjsher,2021,10,-7.097087370248639,-14.849283409869855
Parwan,2021,10,-8.104500827679788,-15.812436849674013
Uruzgan,2021,10,-8.250318499741482,-15.53841269890264
Badakhshan,2021,10,-8.309587487657005,-16.196931913301388
Badghis,2021,10,-12.799028462556787,-22.126500715557945
Baghlan,2021,10,-10.146950081852752,-18.5057786381496
Balkh,2021,10,-15.140743387513238,-23.714675008393478
Bamyan,2021,10,-9.500712106727805,-17.31071390481424
Farah,2021,10,-10.629528414917221,-19.109036712715135
Faryab,2021,10,-14.534883456374661,-23.41986164907428
Ghazni,2021,10,-10.85320364803176,-18.83605795495898
Ghor,2021,10,-9.624699368426414,-17.69775450818658
Hilmand,2021,10,-14.741137649288907,-23.16668924023217
Hirat,2021,10,-12.711689905401858,-21.81301945968703
Jawzjan,2021,10,-18.24999224033582,-26.28218688535435
Kabul,2021,10,-8.994797748559503,-16.740425253615882
Kandahar,2021,10,-15.812788338677748,-23.22269479857183
Kapisa,2021,10,-8.071389831266954,-15.830109776740867
Kunar,2021,10,-8.505719375245814,-16.0458523253152
Kunduz,2021,10,-15.618628735764354,-23.337693067938147
Laghman,2021,10,-8.822338657076374,-16.86358872048782
Logar,2021,10,-9.636143769117963,-17.46642518189863
Nangarhar,2021,10,-8.98231041670752,-16.648921774783485
Nimroz,2021,10,-15.93918631472647,-25.899003720049148
Nuristan,2021,10,-7.248116737390678,-15.235510016593004
Paktya,2021,10,-9.853122049456577,-17.767191977609876
Samangan,2021,10,-11.03863383247983,-19.445287110012305
Sar-e-Pul,2021,10,-10.902514986161485,-19.24370655006086
Takhar,2021,10,-9.481655760303294,-18.38328838989506
Wardak,2021,10,-9.31253181606093,-17.2506119723967
Zabul,2021,10,-10.816871639160098,-19.115178006173988
Khost,2021,11,-9.259408445829072,-17.04094966946487
Paktika,2021,11,-11.810375589759182,-20.88501117451984
Daykundi,2021,11,-8.499320241983037,-16.756718623456557
Panjsher,2021,11,-7.7824082878534275,-15.747074766804056
Parwan,2021,11,-8.413492100158537,-16.390360162828504
Uruzgan,2021,11,-8.419795132466396,-16.072864379851836
Badakhshan,2021,11,-8.620943273350603,-16.834685316238158
Badghis,2021,11,-12.118849487560624,-22.72265191869554
Baghlan,2021,11,-10.401129023633684,-19.568021624172406
Balkh,2021,11,-13.617398573748835,-23.53284904911344
Bamyan,2021,11,-10.206659833824215,-18.904176776284054
Farah,2021,11,-11.015735399039386,-19.71786846994659
Faryab,2021,11,-14.599212756165008,-24.503296568692566
Ghazni,2021,11,-11.261331362809367,-19.596145335790812
Ghor,2021,11,-10.697619921529434,-19.772974994038083
Hilmand,2021,11,-15.108448386326675,-23.673422249184142
Hirat,2021,11,-12.989317635395341,-22.695951334624066
Jawzjan,2021,11,-18.085152797499493,-26.650649384938784
Kabul,2021,11,-9.146556469445466,-17.066759017130124
Kandahar,2021,11,-15.866227485820788,-23.477216774402912
Kapisa,2021,11,-8.233064821108455,-16.210133628425
Kunar,2021,11,-8.708991461384867,-16.33541560955721
Kunduz,2021,11,-15.217476451759449,-23.835421024832872
Laghman,2021,11,-8.946625553745026,-17.12128478974945
Logar,2021,11,-9.663842132373992,-17.7694391822011
Nangarhar,2021,11,-9.001172196671059,-16.746086229359996
Nimroz,2021,11,-15.983687101509144,-25.977858624111786
Nuristan,2021,11,-7.627227016725561,-15.752941614148932
Paktya,2021,11,-9.883821945571462,-18.056743919798368
Samangan,2021,11,-10.71065042493685,-20.391941386803214
Sar-e-Pul,2021,11,-10.763598561407608,-20.395547060361597
Takhar,2021,11,-9.638956107660894,-19.24148576314967
Wardak,2021,11,-9.72647033158188,-18.12191963715276
Zabul,2021,11,-11.07974669702243,-19.6108225467294
Khost,2021,12,-9.441709160552426,-17.3836998967863
Paktika,2021,12,-11.891961959688992,-20.994279986063578
Daykundi,2021,12,-8.76795731794595,-16.94808427838867
Panjsher,2021,12,-7.8975918270293874,-15.945168919345164
Parwan,2021,12,-8.694783694972292,-16.968426472076956
Uruzgan,2021,12,-8.664774541626983,-16.49574218893736
Badakhshan,2021,12,-8.757501998900262,-16.950582717290512
Badghis,2021,12,-12.934201077727858,-23.134851280367716
Baghlan,2021,12,-10.388976792517248,-19.585094457341064
Balkh,2021,12,-14.773588319227995,-24.40760124887617
Bamyan,2021,12,-10.392737737077631,-18.87251657299239
Farah,2021,12,-11.099003743774647,-19.90956761180862
Faryab,2021,12,-15.109086445440527,-24.703207280988355
Ghazni,2021,12,-11.255685071599608,-19.698131204683097
Ghor,2021,12,-11.048356042228328,-20.173555645737213
Hilmand,2021,12,-15.116291388833268,-23.872015746622843
Hirat,2021,12,-13.213821320423268,-22.753446303727287
Jawzjan,2021,12,-18.166095394435605,-26.668888320122363
Kabul,2021,12,-9.460551171034034,-17.750456179149477
Kandahar,2021,12,-15.917630226138645,-23.648319172966097
Kapisa,2021,12,-8.602386100482057,-16.888161300051234
Kunar,2021,12,-8.722297261201065,-16.673058959749728
Kunduz,2021,12,-14.448090794851769,-23.447064290243556
Laghman,2021,12,-9.041454489906675,-17.34105371246901
Logar,2021,12,-10.144486336857685,-18.569056275245867
Nangarhar,2021,12,-9.110113799352677,-17.096218793446045
Nimroz,2021,12,-16.14595697385204,-26.15941139864035
Nuristan,2021,12,-7.756429073654292,-15.885079840458157
Paktya,2021,12,-10.332515169705394,-18.8195957217006
Samangan,2021,12,-11.347550467890914,-20.907824162164047
Sar-e-Pul,2021,12,-11.518805740693653,-20.903143050907545
Takhar,2021,12,-9.172093437307435,-18.799706402023084
Wardak,2021,12,-9.877351413956408,-18.378150029006274
Zabul,2021,12,-11.053377540821419,-19.779101224534188
Khost,2022,1,-9.041487659620884,-17.50206639631707
Paktika,2022,1,-11.539932448915097,-21.653736792392376
Daykundi,2022,1,-9.319106006367175,-18.19818107411702
Panjsher,2022,1,-8.354070094989705,-16.26352330989081
Parwan,2022,1,-9.361084160508526,-17.935096023672884
Uruzgan,2022,1,-9.129357986752822,-18.131839434909246
Badakhshan,2022,1,-8.649360745149414,-16.726884693498338
Badghis,2022,1,-9.704589847396212,-20.359537673652127
Baghlan,2022,1,-10.121872357699715,-19.421547676229807
Balkh,2022,1,-12.966282908690951,-23.320440640977377
Bamyan,2022,1,-10.984787277801829,-19.652724221703533
Farah,2022,1,-11.230093257668832,-21.230507102772226
Faryab,2022,1,-12.40208832255628,-23.06464776691723
Ghazni,2022,1,-11.888353215938384,-21.23967192632631
Ghor,2022,1,-11.18355236354785,-20.711764937958144
Hilmand,2022,1,-14.581823754359913,-24.22204847004296
Hirat,2022,1,-12.089005035590647,-22.542338088606332
Jawzjan,2022,1,-16.527980006570136,-26.042864899295207
Kabul,2022,1,-9.585774411279221,-18.48774080819389
Kandahar,2022,1,-15.15745761775731,-23.96019939047079
Kapisa,2022,1,-8.782175772108276,-17.565502017966455
Kunar,2022,1,-8.403277275018619,-16.46372130299603
Kunduz,2022,1,-13.009865389741964,-22.684751698435868
Laghman,2022,1,-8.97984440617316,-17.58342738984172
Logar,2022,1,-10.744126322904094,-19.936044199711365
Nangarhar,2022,1,-8.900711401899855,-17.473589226338834
Nimroz,2022,1,-15.709931279177153,-26.674154125710245
Nuristan,2022,1,-7.8487904678198985,-15.680931905524337
Paktya,2022,1,-10.394089052779572,-19.59700318829129
Samangan,2022,1,-10.719623961249761,-20.56132427619363
Sar-e-Pul,2022,1,-10.885536914931915,-20.622531121089374
Takhar,2022,1,-9.148769836725798,-18.730038425395815
Wardak,2022,1,-10.916030664483864,-19.79836543324062
Zabul,2022,1,-10.260902281861416,-20.26293679811282
Khost,2022,2,-9.395660486792123,-17.685165689377754
Paktika,2022,2,-12.363812068962341,-22.1177698344056
Daykundi,2022,2,-9.484391815451279,-18.326322386525323
Panjsher,2022,2,-8.243186339791999,-16.175954284150947
Parwan,2022,2,-9.391724752173328,-18.033596934655343
Uruzgan,2022,2,-9.537836372734601,-18.25639736824941
Badakhshan,2022,2,-8.682029856077914,-16.597973355899832
Badghis,2022,2,-10.652422199853138,-21.300562264928733
Baghlan,2022,2,-9.990186248267142,-19.16454573415697
Balkh,2022,2,-14.208627423533947,-24.054388638424754
Bamyan,2022,2,-11.063151481072515,-19.854782104476488
Farah,2022,2,-11.751683660983607,-21.014950455658795
Faryab,2022,2,-13.399650438000064,-23.617316826456385
Ghazni,2022,2,-12.40057756388816,-21.65035959436565
Ghor,2022,2,-11.40465457537311,-20.8132473142531
Hilmand,2022,2,-15.590692825677603,-24.43725076769644
Hirat,2022,2,-12.944207351613498,-23.002463841949893
Jawzjan,2022,2,-17.633859575164653,-26.468290609380336
Kabul,2022,2,-9.923048341957765,-18.842996338659372
Kandahar,2022,2,-16.13849154652535,-24.155339671558448
Kapisa,2022,2,-8.70471822975711,-17.434553444881722
Kunar,2022,2,-8.539199375413164,-16.42544144439041
Kunduz,2022,2,-13.079586830834964,-22.38272590955909
Laghman,2022,2,-8.94525896979605,-17.456400067807017
Logar,2022,2,-10.993978430478231,-20.2178014127144
Nangarhar,2022,2,-9.354311528548717,-17.644906546699023
Nimroz,2022,2,-16.572220485392695,-26.567173937932548
Nuristan,2022,2,-7.736687005201466,-15.545747313612445
Paktya,2022,2,-10.652291817200846,-19.716512192952063
Samangan,2022,2,-11.20498329666468,-20.91987149592714
Sar-e-Pul,2022,2,-11.343329068520047,-20.87780444860338
Takhar,2022,2,-8.651473755651002,-17.945040775780686
Wardak,2022,2,-11.01173262041133,-20.183887137869792
Zabul,2022,2,-11.98571299631018,-21.289741479467498
Khost,2022,3,-9.020348377526041,-16.92165189061721
Paktika,2022,3,-11.922716020540465,-21.316049872482175
Daykundi,2022,3,-8.968706385011492,-17.597237550345923
Panjsher,2022,3,-9.089904624082891,-17.234015490172972
Parwan,2022,3,-9.529700529866197,-18.02480362368413
Uruzgan,2022,3,-9.175038128771346,-17.583859478539033
Badakhshan,2022,3,-8.77776455947455,-16.831882002767365
Badghis,2022,3,-11.130307092308183,-20.940895162576076
Baghlan,2022,3,-10.07416185417748,-18.872646783235737
Balkh,2022,3,-13.492730162439184,-22.98950921599937
Bamyan,2022,3,-10.846986730034201,-19.529750214117218
Farah,2022,3,-11.516123974774386,-20.332942488177622
Faryab,2022,3,-12.323256348774278,-21.664674744359314
Ghazni,2022,3,-11.938548048989869,-20.886649321592113
Ghor,2022,3,-11.146414374811014,-20.297428355357518
Hilmand,2022,3,-15.22019142296397,-23.776877770608298
Hirat,2022,3,-12.834483226386544,-22.340731025767493
Jawzjan,2022,3,-15.970909684368557,-24.610672742632282
Kabul,2022,3,-9.449957601026917,-17.952599351901732
Kandahar,2022,3,-15.831556435544412,-23.651657330725975
Kapisa,2022,3,-8.650919317413353,-17.093868007561944
Kunar,2022,3,-8.248220942213427,-15.973371786574127
Kunduz,2022,3,-14.095830155616701,-22.086047097079025
Laghman,2022,3,-9.161815508164835,-17.384073282452274
Logar,2022,3,-10.523001210006706,-19.270078228668424
Nangarhar,2022,3,-9.234357729118983,-17.126128177453964
Nimroz,2022,3,-16.304420652003053,-26.4511231809176
Nuristan,2022,3,-7.988810050312509,-15.846241221224192
Paktya,2022,3,-10.181859408729473,-18.819180223042785
Samangan,2022,3,-10.789000188071354,-20.221003182546873
Sar-e-Pul,2022,3,-10.736112865534214,-19.917887206728096
Takhar,2022,3,-9.010335043001454,-17.94042020796074
Wardak,2022,3,-11.104525831109832,-19.84628296504642
Zabul,2022,3,-11.096083982895802,-20.25245469985313
Khost,2022,4,-9.11130498284507,-16.65046198338726
Paktika,2022,4,-11.663438025555378,-20.661035817276783
Daykundi,2022,4,-8.508977962645393,-16.54135786803363
Panjsher,2022,4,-8.768753555390175,-17.33373015010683
Parwan,2022,4,-8.513776576989944,-16.953145108585566
Uruzgan,2022,4,-8.827457445056782,-16.512403122413065
Badakhshan,2022,4,-8.95846566966083,-17.312166583386063
Badghis,2022,4,-12.475171153457634,-20.998163841706123
Baghlan,2022,4,-10.230542257788022,-18.81550887337711
Balkh,2022,4,-15.17076183653804,-23.464979644009468
Bamyan,2022,4,-10.10350725840587,-18.524987201357984
Farah,2022,4,-11.153487688868967,-19.578449521299163
Faryab,2022,4,-13.766286324141875,-22.057767244272007
Ghazni,2022,4,-11.256532595006243,-19.768918389175127
Ghor,2022,4,-10.358566328535193,-18.7673812636645
Hilmand,2022,4,-15.281106591628067,-23.59866361267647
Hirat,2022,4,-12.588449252974176,-21.274672559261298
Jawzjan,2022,4,-17.62852146857459,-25.337275836784634
Kabul,2022,4,-8.83994210677799,-17.13851851908946
Kandahar,2022,4,-15.680093145315595,-23.157532843148612
Kapisa,2022,4,-8.10523337158829,-16.362254157901923
Kunar,2022,4,-8.240754921226495,-15.722140730808027
Kunduz,2022,4,-14.643704409524313,-22.13423204464511
Laghman,2022,4,-8.921285553168754,-16.999487697364888
Logar,2022,4,-9.997034750648616,-18.388447278401276
Nangarhar,2022,4,-8.933410215456057,-16.523037516644685
Nimroz,2022,4,-16.28151034278502,-25.949663166993492
Nuristan,2022,4,-8.335349204643617,-16.70507696656002
Paktya,2022,4,-9.436059256840347,-17.816041257992165
Samangan,2022,4,-11.131702662742269,-19.914777489346307
Sar-e-Pul,2022,4,-11.342828917410412,-19.786602970409966
Takhar,2022,4,-9.791948654575489,-18.263151691171156
Wardak,2022,4,-9.893737138084706,-18.492895361461773
Zabul,2022,4,-11.11020124245934,-19.576002455211658
Khost,2022,5,-9.020474750872046,-16.57237385777253
Paktika,2022,5,-11.562033520644471,-20.19317865812876
Daykundi,2022,5,-8.745121820477793,-16.309784902897746
Panjsher,2022,5,-8.467511428076188,-16.69396480679045
Parwan,2022,5,-8.385300073136424,-16.238771791602687
Uruzgan,2022,5,-8.782998205521476,-16.226747877606172
Badakhshan,2022,5,-8.873371497858537,-17.215177971281985
Badghis,2022,5,-12.295506326040577,-21.076845489161013
Baghlan,2022,5,-10.566111754964465,-19.022641369942814
Balkh,2022,5,-15.029812841727395,-23.52805631238524
Bamyan,2022,5,-9.742825642092175,-17.849806934032607
Farah,2022,5,-10.958468319364158,-19.4724101028868
Faryab,2022,5,-14.377209262266105,-23.025703791918904
Ghazni,2022,5,-10.990734959681035,-18.977185719088137
Ghor,2022,5,-10.293143034764682,-18.249671990672613
Hilmand,2022,5,-15.049208309674984,-23.436603374050485
Hirat,2022,5,-12.178130758889761,-20.855702835978676
Jawzjan,2022,5,-17.677039054926368,-25.724217700342628
Kabul,2022,5,-9.0146550704447,-16.794391132002314
Kandahar,2022,5,-16.1250670637326,-23.423057366774422
Kapisa,2022,5,-8.128343011760636,-15.869095961722717
Kunar,2022,5,-7.990701114800559,-15.536026839571699
Kunduz,2022,5,-15.700554749408708,-23.39544261242545
Laghman,2022,5,-8.742833227024386,-16.740058120262674
Logar,2022,5,-9.758001848157445,-17.761901356538516
Nangarhar,2022,5,-8.865762519800617,-16.55153382842552
Nimroz,2022,5,-16.077444308463676,-25.931227263338567
Nuristan,2022,5,-7.981700503084183,-16.445461838439837
Paktya,2022,5,-9.68141110511225,-17.481800310369664
Samangan,2022,5,-10.867140126872352,-19.333692314051138
Sar-e-Pul,2022,5,-11.405067038142056,-19.90247340524591
Takhar,2022,5,-10.293107860437603,-18.808329337187306
Wardak,2022,5,-9.418708580714396,-17.47135729766526
Zabul,2022,5,-10.771310485455576,-19.16399754772898
Khost,2022,6,-8.988150842035674,-16.662789613590316
Paktika,2022,6,-11.506236269870183,-20.312845565449695
Daykundi,2022,6,-8.034358712356818,-15.604537974254335
Panjsher,2022,6,-7.453593029600893,-15.382425316801099
Parwan,2022,6,-8.028149096522894,-15.798764804614592
Uruzgan,2022,6,-8.127548149132378,-15.510403136427009
Badakhshan,2022,6,-8.619105246325097,-16.803333385504136
Badghis,2022,6,-12.498954096915398,-21.538773369025428
Baghlan,2022,6,-10.186261206779314,-18.74674880223258
Balkh,2022,6,-14.701189036889406,-23.352016004286792
Bamyan,2022,6,-9.530259894788564,-17.323432626992123
Farah,2022,6,-10.690704734283402,-19.133044628140407
Faryab,2022,6,-14.427225290731313,-23.20664705482187
Ghazni,2022,6,-10.839232277420791,-18.734071874387382
Ghor,2022,6,-9.747257003428889,-17.5728290856712
Hilmand,2022,6,-14.840732349880788,-23.355000295495966
Hirat,2022,6,-12.315464579398448,-21.12178457424203
Jawzjan,2022,6,-18.12040222936213,-26.13089917531916
Kabul,2022,6,-8.752311329748618,-16.41374991104213
Kandahar,2022,6,-15.547449054549835,-22.921967052796006
Kapisa,2022,6,-7.728812869423948,-15.326280118094713
Kunar,2022,6,-7.976654351787069,-15.458702163045254
Kunduz,2022,6,-15.584834218400571,-23.46402034515857
Laghman,2022,6,-8.65016883260119,-16.540336246850995
Logar,2022,6,-9.325620644105085,-17.27843787951658
Nangarhar,2022,6,-8.786556417654882,-16.384198106219017
Nimroz,2022,6,-15.864349555064006,-25.823230664363788
Nuristan,2022,6,-7.464233126743838,-15.738691387766421
Paktya,2022,6,-9.426831082737621,-17.240054830194282
Samangan,2022,6,-10.611386478641288,-19.10318878176843
Sar-e-Pul,2022,6,-11.007306522405223,-19.420235256660362
Takhar,2022,6,-9.824944631369341,-18.76967522352629
Wardak,2022,6,-9.207602911608182,-17.059171006381277
Zabul,2022,6,-10.805027869658279,-19.092311605553377
Khost,2022,7,-8.435532271762874,-16.454917123227254
Paktika,2022,7,-11.617353997441548,-20.747390993337643
Daykundi,2022,7,-8.001366294393556,-15.562435735462985
Panjsher,2022,7,-7.1843017268148115,-15.096860571214652
Parwan,2022,7,-8.100322770002458,-15.854273886774159
Uruzgan,2022,7,-8.263869569755984,-15.81732417227077
Badakhshan,2022,7,-8.21863732750088,-16.05927340117613
Badghis,2022,7,-12.524126641383823,-21.556838391404682
Baghlan,2022,7,-10.284056221927207,-18.616858364493023
Balkh,2022,7,-14.883133369480074,-23.335927007789024
Bamyan,2022,7,-9.158776906392273,-16.723169568330725
Farah,2022,7,-10.7117569135139,-19.155844116702145
Faryab,2022,7,-14.251293887537237,-22.987881808603152
Ghazni,2022,7,-10.67361490345376,-19.105154376749418
Ghor,2022,7,-9.556642650738613,-17.345093549599707
Hilmand,2022,7,-14.682032047920115,-23.190430902028645
Hirat,2022,7,-12.4423017512171,-21.283666099340014
Jawzjan,2022,7,-17.99494292948946,-25.77532369055565
Kabul,2022,7,-9.047386220176444,-17.08177183502862
Kandahar,2022,7,-15.93642704714532,-23.505931826248993
Kapisa,2022,7,-8.145349556267881,-16.166602081762697
Kunar,2022,7,-7.764247456901002,-15.187745835631157
Kunduz,2022,7,-15.529425311576963,-23.30821562938572
Laghman,2022,7,-8.496397311560532,-16.89810941841347
Logar,2022,7,-9.823664766302427,-18.310444631193015
Nangarhar,2022,7,-8.63226344751368,-16.694892462319455
Nimroz,2022,7,-16.01527536408197,-25.94342755696556
Nuristan,2022,7,-6.899667947780127,-15.026035286949742
Paktya,2022,7,-9.294769183824828,-17.738556465872247
Samangan,2022,7,-10.65084969550865,-18.71215618372566
Sar-e-Pul,2022,7,-10.630928815667051,-18.88102880405795
Takhar,2022,7,-9.731579200289378,-18.578328047211954
Wardak,2022,7,-9.376467733466548,-17.432823106443397
Zabul,2022,7,-10.661942134902725,-19.573627274483044
Khost,2022,8,-8.534897380320116,-16.188479868579673
Paktika,2022,8,-11.294842209991003,-20.34820929315073
Daykundi,2022,8,-8.227655315231974,-16.213423163809495
Panjsher,2022,8,-7.3356703406483925,-15.523727268326676
Parwan,2022,8,-8.29436763395769,-16.367612110707338
Uruzgan,2022,8,-8.495294139602724,-16.54248965583537
Badakhshan,2022,8,-8.277731221281737,-16.566337564552782
Badghis,2022,8,-12.624347774867989,-21.6980249366532
Baghlan,2022,8,-10.308309139465742,-18.707638055299526
Balkh,2022,8,-14.636963424112336,-23.14006570816334
Bamyan,2022,8,-9.397143638396276,-17.355365089994926
Farah,2022,8,-10.77460504665327,-19.222447939273266
Faryab,2022,8,-14.578393328685125,-23.385093611237526
Ghazni,2022,8,-10.539499314617919,-18.98627071080761
Ghor,2022,8,-9.716611655611421,-17.67269479610703
Hilmand,2022,8,-15.030731063209975,-23.573819275906377
Hirat,2022,8,-12.573915154384983,-21.472538297999254
Jawzjan,2022,8,-18.50208579734441,-26.25582289360665
Kabul,2022,8,-9.108416069606612,-17.36418419240021
Kandahar,2022,8,-15.7769089831804,-23.621924533234896
Kapisa,2022,8,-8.029376154162453,-16.231604620118997
Kunar,2022,8,-7.642897793494538,-15.025040979738451
Kunduz,2022,8,-15.56717516266631,-23.169292236328722
Laghman,2022,8,-8.663656890775949,-16.980514463946573
Logar,2022,8,-9.585778463448001,-18.244051181546716
Nangarhar,2022,8,-8.759523774600744,-16.785587088525915
Nimroz,2022,8,-16.108409038387688,-25.929641680953697
Nuristan,2022,8,-6.887487804454509,-15.283836508123228
Paktya,2022,8,-9.317590237040601,-17.753759682142018
Samangan,2022,8,-10.649773845805836,-18.90559142452381
Sar-e-Pul,2022,8,-10.92391429047597,-19.244260835161565
Takhar,2022,8,-9.957629542070858,-18.85497844015496
Wardak,2022,8,-9.2918249577268,-17.746401249208148
Zabul,2022,8,-11.070749126932686,-19.966925679367204
Khost,2022,9,-9.27556483980331,-16.720541934329457
Paktika,2022,9,-12.037533224196018,-20.726727234520386
Daykundi,2022,9,-8.530499816711687,-16.03015157179259
Panjsher,2022,9,-7.2114640715893135,-15.097897984400634
Parwan,2022,9,-8.27218447298871,-16.16412500697677
Uruzgan,2022,9,-8.692515196730604,-16.23809678230527
Badakhshan,2022,9,-8.386290371688967,-16.328891772627145
Badghis,2022,9,-12.628987927094347,-21.800176994937182
Baghlan,2022,9,-10.319967185546652,-18.710605347754264
Balkh,2022,9,-15.308510874185147,-23.635760711560685
Bamyan,2022,9,-9.392244357733118,-17.0501556974017
Farah,2022,9,-10.560069887261422,-18.96702965779934
Faryab,2022,9,-14.01840386801617,-22.869014318913802
Ghazni,2022,9,-11.287468144315726,-19.381048830377775
Ghor,2022,9,-9.517436001613456,-17.405145815023037
Hilmand,2022,9,-14.7502757956063,-23.031257558902194
Hirat,2022,9,-12.564853631095428,-21.522523812985703
Jawzjan,2022,9,-18.063565571373644,-25.95925883089305
Kabul,2022,9,-9.202736290440688,-17.16927401377933
Kandahar,2022,9,-16.507703363528396,-23.8456777833534
Kapisa,2022,9,-8.19007214084751,-16.156448508221054
Kunar,2022,9,-8.275899256618656,-15.646630909395027
Kunduz,2022,9,-15.787794286408369,-23.43665793077175
Laghman,2022,9,-8.905044570944508,-17.00079574803865
Logar,2022,9,-9.954419005295863,-18.12467054474712
Nangarhar,2022,9,-9.103481921113957,-16.789861495809944
Nimroz,2022,9,-16.0878373869898,-25.913361223225284
Nuristan,2022,9,-7.216354384810516,-15.373399045099253
Paktya,2022,9,-9.997626238148037,-18.015641616848644
Samangan,2022,9,-10.721447304360117,-18.775308928881365
Sar-e-Pul,2022,9,-10.852576043978333,-19.027567456722007
Takhar,2022,9,-9.863023811214285,-18.717975870785907
Wardak,2022,9,-9.5905649899565,-17.747578465497348
Zabul,2022,9,-11.303656720615216,-19.814678316539137
Khost,2022,10,-9.281701883509927,-16.87396277452739
Paktika,2022,10,-12.0032511241962,-20.716615204979945
Daykundi,2022,10,-8.121610395616061,-15.751608360044367
Panjsher,2022,10,-7.312546023183931,-15.269868554977798
Parwan,2022,10,-8.272294097644664,-16.045994529764936
Uruzgan,2022,10,-8.391477113631705,-15.928517587301872
Badakhshan,2022,10,-8.279222062629739,-16.466524294524778
Badghis,2022,10,-12.62628307577905,-22.051558046099096
Baghlan,2022,10,-10.599031495226088,-19.129239147308994
Balkh,2022,10,-14.854026093333976,-23.666871738375477
Bamyan,2022,10,-9.327604022615716,-16.949476311999927
Farah,2022,10,-10.701866061469657,-19.073105393064733
Faryab,2022,10,-14.86511614702452,-23.881235362298806
Ghazni,2022,10,-11.399586820120769,-19.42663412770984
Ghor,2022,10,-9.852522732107065,-17.78660449576159
Hilmand,2022,10,-15.052652686243144,-23.390554243712092
Hirat,2022,10,-12.60287681700096,-21.64247077553988
Jawzjan,2022,10,-18.70846403353357,-26.577734360253913
Kabul,2022,10,-9.071324206465952,-16.889149746867886
Kandahar,2022,10,-15.80461214380129,-23.384652044015553
Kapisa,2022,10,-8.294308073719192,-16.155367931941303
Kunar,2022,10,-8.436518886869782,-15.913671254790675
Kunduz,2022,10,-15.982574441221896,-23.866616121358206
Laghman,2022,10,-8.729360044836397,-16.838718845628847
Logar,2022,10,-9.904249527634116,-17.967719111879315
Nangarhar,2022,10,-8.918812620927076,-16.616095502062397
Nimroz,2022,10,-16.091533916077744,-25.809142364784062
Nuristan,2022,10,-7.16808803008911,-15.287186780956462
Paktya,2022,10,-9.952503716739919,-17.916600316063093
Samangan,2022,10,-11.015562511713933,-19.295115407979242
Sar-e-Pul,2022,10,-10.975268065086572,-19.417645767609688
Takhar,2022,10,-9.758046450540268,-18.935510818958644
Wardak,2022,10,-9.586228109913753,-17.60153049424898
Zabul,2022,10,-11.399825869544966,-19.795650438163104
Khost,2022,11,-9.47835838115468,-17.53742771808112
Paktika,2022,11,-12.343499887018298,-21.475655730544876
Daykundi,2022,11,-8.745388975306803,-17.273154652538967
Panjsher,2022,11,-8.336692667172455,-16.504521088312938
Parwan,2022,11,-8.905556850607287,-17.619651200137042
Uruzgan,2022,11,-9.005483325752119,-17.300875071109353
Badakhshan,2022,11,-8.459253736348447,-16.634350419928094
Badghis,2022,11,-11.755948704386062,-22.202873272751667
Baghlan,2022,11,-9.402953267924028,-18.8621918506886
Balkh,2022,11,-13.52826862445094,-23.36735285692952
Bamyan,2022,11,-10.142024157944952,-18.9765939530394
Farah,2022,11,-11.000432921349821,-19.796107787273428
Faryab,2022,11,-12.492658178667195,-22.864561223411997
Ghazni,2022,11,-11.575083505085232,-20.22061120041683
Ghor,2022,11,-10.386803743041327,-19.78764451456089
Hilmand,2022,11,-15.285417928532015,-23.883522732661433
Hirat,2022,11,-12.872510705792385,-22.541641656504627
Jawzjan,2022,11,-16.180414074266977,-25.523726293487485
Kabul,2022,11,-9.577112236198586,-18.077497057341958
Kandahar,2022,11,-16.26323490419318,-24.118541535724493
Kapisa,2022,11,-8.52807723385566,-17.31071550447806
Kunar,2022,11,-8.274320377993202,-16.122695559225356
Kunduz,2022,11,-13.775238287337814,-22.9352636563522
Laghman,2022,11,-9.085145275633101,-17.59862949367858
Logar,2022,11,-10.373434325264434,-19.03613345719813
Nangarhar,2022,11,-9.27494561536518,-17.41055376895965
Nimroz,2022,11,-16.284080830634643,-26.203468375034163
Nuristan,2022,11,-7.763883368224689,-15.991357203167404
Paktya,2022,11,-10.303141790913292,-18.91364481288029
Samangan,2022,11,-10.614189933025894,-20.24664015268801
Sar-e-Pul,2022,11,-9.76479992249536,-19.62988377764542
Takhar,2022,11,-8.049376197880019,-17.651538011537788
Wardak,2022,11,-10.032450379362785,-18.85200533824414
Zabul,2022,11,-11.35318214567962,-20.55517242738711
Khost,2022,12,-9.344343595975,-17.285398111143202
Paktika,2022,12,-11.98594552072535,-21.435649711733724
Daykundi,2022,12,-8.93336452823141,-17.659007649110805
Panjsher,2022,12,-8.228948683614995,-16.379516392090434
Parwan,2022,12,-9.051354679694624,-17.49340172433906
Uruzgan,2022,12,-8.987880025683781,-17.611163129005913
Badakhshan,2022,12,-8.388583409660903,-16.46291911914282
Badghis,2022,12,-11.771551738970732,-21.969396909506955
Baghlan,2022,12,-10.633439522478268,-19.889380919764868
Balkh,2022,12,-13.603282370470206,-23.568744059337746
Bamyan,2022,12,-10.549855218736369,-19.21185087805868
Farah,2022,12,-11.160601136910897,-20.37085027414958
Faryab,2022,12,-14.48860980632289,-23.9366580148805
Ghazni,2022,12,-11.832220530870496,-20.7630906123733
Ghor,2022,12,-11.037943853877794,-20.280729811818333
Hilmand,2022,12,-15.160647912013209,-23.94066188716201
Hirat,2022,12,-12.447695269537459,-22.52353435557427
Jawzjan,2022,12,-18.82875195949635,-26.7873358893345
Kabul,2022,12,-9.591482432808274,-17.982588436289692
Kandahar,2022,12,-15.831290110318287,-24.00286036559816
Kapisa,2022,12,-8.64609319343231,-17.157719328691662
Kunar,2022,12,-8.719100414331255,-16.53438163917708
Kunduz,2022,12,-14.48261234782665,-23.60804244999432
Laghman,2022,12,-9.108804677292154,-17.484702091481914
Logar,2022,12,-10.452843588514982,-19.183343542957147
Nangarhar,2022,12,-9.193679956216714,-17.16665294978941
Nimroz,2022,12,-16.161770920945436,-26.18253346626123
Nuristan,2022,12,-7.867467468751184,-15.965823398823597
Paktya,2022,12,-10.43505121856194,-19.105084301478023
Samangan,2022,12,-10.954466876135188,-20.632473640272085
Sar-e-Pul,2022,12,-11.148557537095257,-20.746253745246655
Takhar,2022,12,-9.145001402590983,-18.74408393666088
Wardak,2022,12,-10.507218552361715,-19.30591724236218
Zabul,2022,12,-11.467634337833795,-20.875145941794273
Khost,2023,1,-9.278368536499446,-17.578143994932642
Paktika,2023,1,-12.108657774193057,-21.95854300044569
Daykundi,2023,1,-9.406135820744362,-18.315200449098707
Panjsher,2023,1,-8.238616479004195,-16.40916915762085
Parwan,2023,1,-9.114474150322756,-17.858648213812945
Uruzgan,2023,1,-9.260392691067018,-18.184013805708748
Badakhshan,2023,1,-8.49518417784919,-16.610889036323748
Badghis,2023,1,-12.282743613201772,-23.157758675881038
Baghlan,2023,1,-10.55290681108863,-19.996075609205786
Balkh,2023,1,-15.043855637786882,-24.88526263769933
Bamyan,2023,1,-10.887868802877184,-19.59353555955156
Farah,2023,1,-11.497290985451421,-21.1560643705339
Faryab,2023,1,-14.510396450780389,-24.658217163393
Ghazni,2023,1,-12.021754967774163,-21.228393015955348
Ghor,2023,1,-11.498672338134723,-21.00541806599437
Hilmand,2023,1,-14.88408469120861,-24.60486873910254
Hirat,2023,1,-12.86506104122651,-23.166028413587362
Jawzjan,2023,1,-18.276391667010486,-26.750152728305224
Kabul,2023,1,-9.514732700815106,-18.5082705908462
Kandahar,2023,1,-15.083061740396742,-24.208719433820725
Kapisa,2023,1,-8.450426605653671,-17.315781071135746
Kunar,2023,1,-8.748012906326712,-16.764094525020592
Kunduz,2023,1,-14.656769000457288,-23.89440814608033
Laghman,2023,1,-9.028530096301791,-17.69377305348105
Logar,2023,1,-11.019756621664666,-20.132668344448735
Nangarhar,2023,1,-9.374130460352735,-17.690816772488727
Nimroz,2023,1,-16.0924496837398,-26.692286517613415
Nuristan,2023,1,-7.8563485990405715,-15.854906763807147
Paktya,2023,1,-10.654361167271274,-19.761954461966077
Samangan,2023,1,-12.198781949747413,-21.695947407440052
Sar-e-Pul,2023,1,-11.656763003936794,-21.33455709326831
Takhar,2023,1,-9.241760752104698,-18.936137413000882
Wardak,2023,1,-10.767259976848141,-19.814750600654484
Zabul,2023,1,-11.533827520607995,-21.328137171111205
Khost,2023,2,-9.313613147025926,-17.468971379905074
Paktika,2023,2,-12.232407225681914,-21.861863795132013
Daykundi,2023,2,-9.483776404768783,-18.28845428899587
Panjsher,2023,2,-8.363989376704675,-16.26035033532539
Parwan,2023,2,-9.472580537707397,-18.106600424765595
Uruzgan,2023,2,-9.675033894241132,-18.310421382640126
Badakhshan,2023,2,-8.4731546252862,-16.5055902436339
Badghis,2023,2,-10.57702890762427,-21.213937963908755
Baghlan,2023,2,-9.679641299972209,-19.101615714613725
Balkh,2023,2,-13.187124234570563,-23.460968700906566
Bamyan,2023,2,-11.038717543200745,-19.754434410347567
Farah,2023,2,-11.595308472071167,-20.733140742163336
Faryab,2023,2,-12.965498513276934,-23.378725013668625
Ghazni,2023,2,-12.32163966477143,-21.515344557039878
Ghor,2023,2,-11.394114608831797,-20.73345839294568
Hilmand,2023,2,-15.414070331516577,-24.22085875331816
Hirat,2023,2,-12.447683994666798,-22.630253123813944
Jawzjan,2023,2,-16.979263453284815,-26.218841382992473
Kabul,2023,2,-9.714643753837203,-18.660601107781844
Kandahar,2023,2,-16.361324393484065,-24.35043262102549
Kapisa,2023,2,-8.780065934031045,-17.606956588162674
Kunar,2023,2,-8.497597623464523,-16.352696315913335
Kunduz,2023,2,-12.787224243210414,-22.311215109237313
Laghman,2023,2,-9.232592941530449,-17.671460576772155
Logar,2023,2,-10.865519329959612,-20.138045399295343
Nangarhar,2023,2,-9.377874031304517,-17.5407537025051
Nimroz,2023,2,-16.721771649988636,-26.688723995545196
Nuristan,2023,2,-7.758298274249397,-15.333532306701764
Paktya,2023,2,-10.622183422691888,-19.590433903045238
Samangan,2023,2,-10.48261137999437,-20.33202238691276
Sar-e-Pul,2023,2,-10.870456489183153,-20.50923581708077
Takhar,2023,2,-8.526050847008209,-17.891612317580815
Wardak,2023,2,-11.193653528660112,-20.08739501080938
Zabul,2023,2,-11.869732505117796,-21.293018565547296
Khost,2023,3,-9.302737460379188,-17.21097275135802
Paktika,2023,3,-11.678666677610757,-21.13155255916111
Daykundi,2023,3,-9.278984388470162,-17.855544278451625
Panjsher,2023,3,-8.808705276013912,-16.758447110009016
Parwan,2023,3,-9.425727726152088,-17.826206698616424
Uruzgan,2023,3,-9.354521619379181,-17.79872986405131
Badakhshan,2023,3,-8.905179930195125,-16.861882625601638
Badghis,2023,3,-10.750949352894445,-20.4085496900169
Baghlan,2023,3,-10.567428056675398,-19.38927710297912
Balkh,2023,3,-14.99974245950898,-24.13002502600271
Bamyan,2023,3,-10.863309028895069,-19.53696279296714
Farah,2023,3,-11.276639501444976,-20.25978664480354
Faryab,2023,3,-13.466711008726952,-22.656954033185333
Ghazni,2023,3,-11.67827676560081,-20.85877904289688
Ghor,2023,3,-10.932738600881194,-20.179665405369366
Hilmand,2023,3,-15.115183485828828,-23.857764341893336
Hirat,2023,3,-12.683322837717714,-22.35855003731388
Jawzjan,2023,3,-17.881716669745472,-25.819817120922426
Kabul,2023,3,-9.717688313619988,-18.08444563789315
Kandahar,2023,3,-15.761636933941196,-23.848120273380953
Kapisa,2023,3,-8.752505747655,-17.14978637190269
Kunar,2023,3,-8.380962144202245,-16.066491309059465
Kunduz,2023,3,-14.905050222896172,-22.790085152404476
Laghman,2023,3,-9.144522153171302,-17.43097250576414
Logar,2023,3,-10.678327979314961,-19.374548831663393
Nangarhar,2023,3,-9.216948887475944,-17.136992854118514
Nimroz,2023,3,-16.447603459089063,-26.474723551065114
Nuristan,2023,3,-8.112549770005915,-15.862591881953934
Paktya,2023,3,-10.375765452902625,-18.906783550308262
Samangan,2023,3,-11.645394180908063,-20.90479174308563
Sar-e-Pul,2023,3,-11.543656559175865,-20.53281915757103
Takhar,2023,3,-9.616607394165115,-18.555572072943413
Wardak,2023,3,-10.860192207864,-19.74928894092588
Zabul,2023,3,-10.798252384712354,-20.33380285522832
Khost,2023,4,-8.814238338530362,-16.725941120830324
Paktika,2023,4,-11.340131273785685,-20.377020264484344
Daykundi,2023,4,-8.808014188559968,-17.243730756756943
Panjsher,2023,4,-9.288179103914054,-17.419490222400253
Parwan,2023,4,-9.166376380251409,-17.511433388747285
Uruzgan,2023,4,-9.11315940975352,-17.40403022702908
Badakhshan,2023,4,-9.116345437215863,-17.22576683018594
Badghis,2023,4,-11.869176566252376,-20.731042561421685
Baghlan,2023,4,-10.327649875459077,-18.930120783855866
Balkh,2023,4,-14.55270865994043,-23.107094949936524
Bamyan,2023,4,-10.333405399750804,-19.139495555509445
Farah,2023,4,-11.063826501420886,-19.834510217410273
Faryab,2023,4,-14.454017621404887,-23.025653363608487
Ghazni,2023,4,-11.362685000730808,-20.18109314509998
Ghor,2023,4,-10.3352621920974,-19.25747074909639
Hilmand,2023,4,-15.250855742562674,-23.81122242029716
Hirat,2023,4,-12.473987361345927,-21.521931898748768
Jawzjan,2023,4,-18.500019658670503,-25.842340130401087
Kabul,2023,4,-8.834655947638517,-17.244192262400325
Kandahar,2023,4,-15.931217306991778,-23.632240377906708
Kapisa,2023,4,-8.380160028526106,-16.747448882875346
Kunar,2023,4,-8.124121383634616,-15.852144248909873
Kunduz,2023,4,-14.69963087795259,-22.29418045025716
Laghman,2023,4,-8.932693433139928,-17.239890997967624
Logar,2023,4,-9.97465891046773,-18.650771989866925
Nangarhar,2023,4,-9.09478724753593,-17.031178029313086
Nimroz,2023,4,-16.36312062252724,-26.241104978310563
Nuristan,2023,4,-8.37201521850715,-16.388639311664857
Paktya,2023,4,-9.591920697382907,-18.1117986627913
Samangan,2023,4,-10.41766685401389,-19.819476888750252
Sar-e-Pul,2023,4,-11.309117855680835,-19.93627241386141
Takhar,2023,4,-10.083261129293287,-18.25117918303596
Wardak,2023,4,-10.30531465689935,-19.116739426350453
Zabul,2023,4,-11.444874260042084,-20.240765846783248
Khost,2023,5,-9.257675675455145,-16.85375339588511
Paktika,2023,5,-11.600634652532527,-19.99280024494288
Daykundi,2023,5,-8.536425558211416,-16.426482006719606
Panjsher,2023,5,-9.392360369408529,-17.755924612331846
Parwan,2023,5,-8.878269537260232,-16.873471703193673
Uruzgan,2023,5,-8.808003911637172,-16.600931651006192
Badakhshan,2023,5,-9.438910917848405,-17.73417382176318
Badghis,2023,5,-12.743572267581824,-21.65284179133238
Baghlan,2023,5,-10.761196043152127,-19.37985672101577
Balkh,2023,5,-14.95636649415736,-23.326477211729173
Bamyan,2023,5,-9.921804226875018,-18.401506280229977
Farah,2023,5,-10.843556148868323,-19.44927125127883
Faryab,2023,5,-15.026128119869647,-23.478733675058102
Ghazni,2023,5,-11.038579951712602,-19.168689987298187
Ghor,2023,5,-10.200102563424498,-18.5032429856231
Hilmand,2023,5,-15.119184818493684,-23.663214561356504
Hirat,2023,5,-12.487307192878362,-21.443581568292615
Jawzjan,2023,5,-18.855922496406073,-26.165287072928276
Kabul,2023,5,-9.221883694022667,-17.04346820535425
Kandahar,2023,5,-15.585107383691236,-23.053267626489667
Kapisa,2023,5,-8.406559852323243,-16.478713375854046
Kunar,2023,5,-8.159712237603303,-15.660688560463472
Kunduz,2023,5,-15.670619529473905,-23.24962872355614
Laghman,2023,5,-9.046671250940932,-17.161440295491435
Logar,2023,5,-10.021367996842919,-18.129427306732637
Nangarhar,2023,5,-9.090459577250677,-16.78486857664104
Nimroz,2023,5,-16.238875126533653,-26.098006228441275
Nuristan,2023,5,-8.761947896009023,-17.089289997714168
Paktya,2023,5,-9.849593222578633,-17.725610019461975
Samangan,2023,5,-11.127062341976766,-19.60859342104893
Sar-e-Pul,2023,5,-11.417130704498902,-19.91413090708569
Takhar,2023,5,-10.224182440976852,-18.54405236854492
Wardak,2023,5,-9.828901133300745,-18.126825515451646
Zabul,2023,5,-10.91847755299234,-19.280730791857664
Khost,2023,6,-8.856941591103652,-16.801538798479715
Paktika,2023,6,-11.536080952390687,-20.02748774758207
Daykundi,2023,6,-7.992064861761857,-15.569046496531554
Panjsher,2023,6,-8.498946187762296,-16.56312779088387
Parwan,2023,6,-8.279316501282317,-16.0708222080322
Uruzgan,2023,6,-8.254348721943238,-15.781410370504087
Badakhshan,2023,6,-9.229088077469191,-17.3847260452598
Badghis,2023,6,-12.492519657735583,-21.45817574177059
Baghlan,2023,6,-10.390073656702844,-18.802881831997635
Balkh,2023,6,-14.675860290200502,-23.131032110130484
Bamyan,2023,6,-9.292021037809889,-16.922780403502554
Farah,2023,6,-10.637767408757446,-19.10982984606204
Faryab,2023,6,-14.55797146882832,-23.178025620566757
Ghazni,2023,6,-10.725369364426697,-18.331573809363658
Ghor,2023,6,-9.791158493443067,-17.605621950996614
Hilmand,2023,6,-14.80035802761184,-23.263158157404913
Hirat,2023,6,-12.381237057581519,-21.36477638496468
Jawzjan,2023,6,-18.490446039821894,-25.9937440778913
Kabul,2023,6,-8.955833492609399,-16.740694282896495
Kandahar,2023,6,-15.708091047270841,-23.05207323944113
Kapisa,2023,6,-7.9419251712706105,-15.797139377943088
Kunar,2023,6,-8.091851986431474,-15.362570195201991
Kunduz,2023,6,-15.684903896886075,-23.492906188909465
Laghman,2023,6,-8.934338435869474,-16.99899037432411
Logar,2023,6,-9.583270224838087,-17.655940068437435
Nangarhar,2023,6,-8.969313776474149,-16.71432445016089
Nimroz,2023,6,-16.071457968382564,-25.935470159742398
Nuristan,2023,6,-8.136404265245584,-16.363368226866655
Paktya,2023,6,-9.519158443783862,-17.432388049757204
Samangan,2023,6,-10.598469277559994,-18.633658673836752
Sar-e-Pul,2023,6,-10.71790142890649,-18.949179220505837
Takhar,2023,6,-10.184633068389463,-18.889912299159842
Wardak,2023,6,-9.297281695843173,-17.092532071954576
Zabul,2023,6,-10.724509334145242,-18.889480168068935
Khost,2023,7,-8.770163798819791,-16.543251879581693
Paktika,2023,7,-11.136107333534925,-19.95674084284475
Daykundi,2023,7,-8.122159399917937,-15.685148275031874
Panjsher,2023,7,-7.14823293290653,-14.839333236958828
Parwan,2023,7,-7.873893214363873,-15.758727340254415
Uruzgan,2023,7,-8.225166568058228,-15.730883242707886
Badakhshan,2023,7,-8.440615942295063,-16.399309411826607
Badghis,2023,7,-12.473637234951955,-21.512309192378748
Baghlan,2023,7,-9.98430321871504,-18.40436831966894
Balkh,2023,7,-14.657407975995332,-23.05337272197945
Bamyan,2023,7,-9.243653628318095,-16.88619920342173
Farah,2023,7,-10.544700768418243,-19.00732571612821
Faryab,2023,7,-14.539392942710997,-23.242453161255522
Ghazni,2023,7,-10.476238699585208,-18.514598181648108
Ghor,2023,7,-9.635873225920902,-17.451771067197605
Hilmand,2023,7,-14.79301426671801,-23.271595560063833
Hirat,2023,7,-12.465464546549198,-21.456153683813923
Jawzjan,2023,7,-18.81806474340669,-26.240137245173774
Kabul,2023,7,-8.8247037363678,-16.651291038205727
Kandahar,2023,7,-15.643435828723558,-23.035009736838457
Kapisa,2023,7,-7.808464085935606,-15.657525323274937
Kunar,2023,7,-7.949166619925634,-15.33967446078822
Kunduz,2023,7,-15.377626631689905,-23.08604860687722
Laghman,2023,7,-8.775419115324636,-16.985184569860454
Logar,2023,7,-9.394763271437876,-17.586527021225315
Nangarhar,2023,7,-8.91853067907323,-16.715366386310077
Nimroz,2023,7,-15.998319778518482,-25.871992061856975
Nuristan,2023,7,-7.177084823311583,-15.283388986623038
Paktya,2023,7,-9.280024519906618,-17.494744659752318
Samangan,2023,7,-10.490746735903462,-18.56858175553133
Sar-e-Pul,2023,7,-10.830105046709244,-18.956925558569164
Takhar,2023,7,-9.656329763556384,-18.4548922406782
Wardak,2023,7,-9.051003910266559,-17.155427144609817
Zabul,2023,7,-10.670863872225341,-19.07201630937246
Khost,2023,8,-9.182620467268215,-16.69458115663461
Paktika,2023,8,-11.748656069705023,-20.386673125333452
Daykundi,2023,8,-8.208690663811915,-15.692124595700735
Panjsher,2023,8,-6.9720160755006395,-14.67100583914042
Parwan,2023,8,-8.030615913616916,-15.68910463388263
Uruzgan,2023,8,-8.284373928929652,-15.644397239064421
Badakhshan,2023,8,-8.183691392648164,-16.438355668909786
Badghis,2023,8,-12.705669722771553,-22.258972656033706
Baghlan,2023,8,-10.343202005823816,-18.990911189300245
Balkh,2023,8,-15.032625613973272,-24.166211714926224
Bamyan,2023,8,-9.18296179241645,-16.76489057122713
Farah,2023,8,-10.623595055412846,-19.32249873615313
Faryab,2023,8,-14.379999208825453,-24.457969092156596
Ghazni,2023,8,-10.771151854912091,-18.66781892623584
Ghor,2023,8,-9.626239332321502,-17.550571705999605
Hilmand,2023,8,-14.726880815766838,-24.032301423593932
Hirat,2023,8,-12.615156211833645,-22.182482804811233
Jawzjan,2023,8,-18.64784950149539,-28.359755529677372
Kabul,2023,8,-8.826212156882287,-16.533031422074508
Kandahar,2023,8,-16.13757214372928,-24.31087662331665
Kapisa,2023,8,-7.978817519201011,-15.60458947334354
Kunar,2023,8,-7.97718667532202,-15.474164269313604
Kunduz,2023,8,-15.737739982907083,-24.29592180151943
Laghman,2023,8,-8.56719470215283,-16.703896500676713
Logar,2023,8,-9.567087125659697,-17.480443768323052
Nangarhar,2023,8,-8.677288923485268,-16.385702879828543
Nimroz,2023,8,-16.090636252866798,-27.408268747379395
Nuristan,2023,8,-6.877256732767931,-14.99398029417477
Paktya,2023,8,-9.740935779344603,-17.6439876790457
Samangan,2023,8,-10.69873441573666,-18.928912553616506
Sar-e-Pul,2023,8,-10.818263471233161,-19.32597758310283
Takhar,2023,8,-9.765556882130978,-18.754821706264742
Wardak,2023,8,-9.226794733588942,-17.083124601997508
Zabul,2023,8,-10.918558657749097,-19.30307424141869
Khost,2023,9,-9.203253930764465,-16.840291392258724
Paktika,2023,9,-11.640122107001298,-20.47732389862295
Daykundi,2023,9,-7.995378003584722,-15.519030376096905
Panjsher,2023,9,-7.2398898304184085,-15.10178465724642
Parwan,2023,9,-8.015165386954063,-15.793368245421389
Uruzgan,2023,9,-8.096689633509001,-15.42785947826305
Badakhshan,2023,9,-8.23446534564452,-16.279431629394967
Badghis,2023,9,-12.707935158668823,-22.604537977763144
Baghlan,2023,9,-10.279691434303789,-19.082560351007565
Balkh,2023,9,-14.736055921276208,-24.4807775333115
Bamyan,2023,9,-9.153499555518282,-16.73678059428466
Farah,2023,9,-10.659812567501742,-19.35873294385474
Faryab,2023,9,-14.939491948271622,-25.293411117413093
Ghazni,2023,9,-10.80463368570432,-18.771521025238957
Ghor,2023,9,-9.70540830670559,-17.641231129471368
Hilmand,2023,9,-15.008689518615403,-24.52449707055442
Hirat,2023,9,-12.656258216828341,-22.326309151530626
Jawzjan,2023,9,-19.162710004736162,-29.258790305952562
Kabul,2023,9,-8.823370271987335,-16.691126783519113
Kandahar,2023,9,-15.604111556263243,-24.26607750649391
Kapisa,2023,9,-7.960574316826196,-15.76975751737531
Kunar,2023,9,-8.320713208699233,-15.793473897464413
Kunduz,2023,9,-15.976231647309712,-25.045231186266747
Laghman,2023,9,-8.791234855511902,-17.065953682673726
Logar,2023,9,-9.365481976448029,-17.41938571139709
Nangarhar,2023,9,-8.905164617105553,-16.741907877281502
Nimroz,2023,9,-16.18761002353544,-27.730723730482076
Nuristan,2023,9,-7.273839343899068,-15.32601825776938
Paktya,2023,9,-9.652130261378346,-17.734666946327437
Samangan,2023,9,-10.628110808127634,-18.947069182375074
Sar-e-Pul,2023,9,-10.921956622873648,-19.582699849105072
Takhar,2023,9,-10.076698777754812,-19.098822862549003
Wardak,2023,9,-9.145701732917095,-16.999139367065744
Zabul,2023,9,-11.002855532130603,-19.296479511277628
Khost,2023,10,-9.384885250418366,-17.218347476165523
Paktika,2023,10,-11.833362731534569,-20.808885935687314
Daykundi,2023,10,-8.228136170398969,-16.21721057754371
Panjsher,2023,10,-7.63791683661243,-15.894138745920944
Parwan,2023,10,-8.458431118021746,-16.5343653644313
Uruzgan,2023,10,-8.35177860123169,-15.996278131328129
Badakhshan,2023,10,-8.554228924119336,-17.038057364589164
Badghis,2023,10,-12.968567069171744,-23.155839154658786
Baghlan,2023,10,-10.607304489931474,-19.602319927657632
Balkh,2023,10,-14.981214412565272,-25.018070147471647
Bamyan,2023,10,-9.692208791093963,-18.026363318117664
Farah,2023,10,-10.785261051705817,-19.564060966599357
Faryab,2023,10,-15.071010475408432,-25.54031774628777
Ghazni,2023,10,-10.966124805716694,-19.505799906725667
Ghor,2023,10,-10.025538223046755,-18.50149170370191
Hilmand,2023,10,-14.99280377097832,-24.606202859684558
Hirat,2023,10,-13.001528352348005,-22.76484490156005
Jawzjan,2023,10,-19.30591686407335,-29.579957587708762
Kabul,2023,10,-9.164389401733741,-17.17526664884958
Kandahar,2023,10,-15.833001042492777,-24.54415720573728
Kapisa,2023,10,-8.28387849651047,-16.484905157469168
Kunar,2023,10,-8.365944516683633,-16.037315169477715
Kunduz,2023,10,-16.039203800101124,-25.384492746375763
Laghman,2023,10,-8.919614407547705,-17.320237001457244
Logar,2023,10,-9.778603722780185,-18.06714098638908
Nangarhar,2023,10,-9.082759744258308,-17.10043976699623
Nimroz,2023,10,-16.22735146195127,-27.846340290025385
Nuristan,2023,10,-7.558917370137108,-16.017771958199052
Paktya,2023,10,-9.87948131263325,-18.171553012496428
Samangan,2023,10,-11.106740419413502,-19.819032747517873
Sar-e-Pul,2023,10,-11.351421675948043,-20.7662732874786
Takhar,2023,10,-9.945281572063827,-19.378062996093337
Wardak,2023,10,-9.522504090457943,-17.810884166545588
Zabul,2023,10,-10.946075682835431,-19.556530156148202
Khost,2023,11,-9.450172609165636,-17.36616773380808
Paktika,2023,11,-11.930495630468602,-21.395346527717987
Daykundi,2023,11,-8.700239481937516,-17.027853545381962
Panjsher,2023,11,-7.758418982301271,-15.87755447729593
Parwan,2023,11,-8.559280534888337,-16.78102217832145
Uruzgan,2023,11,-8.633811915224946,-16.584513725294368
Badakhshan,2023,11,-8.57301871142012,-17.0623107642895
Badghis,2023,11,-12.438674896726939,-23.44083384384848
Baghlan,2023,11,-10.461460805315337,-19.84819577942666
Balkh,2023,11,-14.448489286921484,-25.18508175484487
Bamyan,2023,11,-10.068780393267215,-18.715992199099674
Farah,2023,11,-11.285649404509517,-20.782096616426177
Faryab,2023,11,-15.077850570884642,-26.104397190340702
Ghazni,2023,11,-11.570472704985674,-20.550181129809058
Ghor,2023,11,-10.405530733599543,-19.607109331286228
Hilmand,2023,11,-15.162062606042422,-25.26874617403685
Hirat,2023,11,-13.061710036972146,-23.493100512576568
Jawzjan,2023,11,-19.531872871035496,-29.95785960213364
Kabul,2023,11,-9.30225479669466,-17.432530208077647
Kandahar,2023,11,-15.891820581186998,-24.95876975973436
Kapisa,2023,11,-8.408415804999194,-16.61858046377295
Kunar,2023,11,-8.582348551347263,-16.403907092560868
Kunduz,2023,11,-15.697656205441934,-25.67186933851438
Laghman,2023,11,-9.05245051373531,-17.451918238144355
Logar,2023,11,-9.992457251986833,-18.556515228881782
Nangarhar,2023,11,-9.202464160654563,-17.22421121847393
Nimroz,2023,11,-16.20798461782124,-28.2847518402863
Nuristan,2023,11,-7.587450311708777,-15.955120933611369
Paktya,2023,11,-10.097545319755216,-18.59851602529024
Samangan,2023,11,-10.861376567091396,-20.578288961753504
Sar-e-Pul,2023,11,-11.405415936683717,-21.198231675049065
Takhar,2023,11,-10.094279317461941,-19.774730402410725
Wardak,2023,11,-9.933958668423369,-18.626333311650026
Zabul,2023,11,-11.505337750408412,-20.46544470579324
Khost,2023,12,-9.31547885973535,-17.220833213000784
Paktika,2023,12,-11.958211431728932,-21.639994884768633
Daykundi,2023,12,-8.958841984737973,-17.601243569282563
Panjsher,2023,12,-7.590985516457685,-15.651105681535057
Parwan,2023,12,-8.49280196480217,-16.698873323102237
Uruzgan,2023,12,-8.934346525709712,-17.33449527782139
Badakhshan,2023,12,-8.771871095026503,-17.137961733131927
Badghis,2023,12,-13.514158826876855,-24.38054558985067
Baghlan,2023,12,-10.628582691448063,-20.191964395849467
Balkh,2023,12,-14.815772940431788,-25.78087821083106
Bamyan,2023,12,-10.356450591571392,-18.937265604942034
Farah,2023,12,-11.40127511290778,-20.92808340401042
Faryab,2023,12,-15.117691883691542,-26.344919960509444
Ghazni,2023,12,-11.592077512396015,-20.859365810996326
Ghor,2023,12,-10.863753501073798,-20.038567813254584
Hilmand,2023,12,-15.38128237321048,-25.515710010662893
Hirat,2023,12,-13.455457877981079,-23.90961227000993
Jawzjan,2023,12,-19.212007621797657,-29.842015575359497
Kabul,2023,12,-9.255157081907898,-17.399651010587554
Kandahar,2023,12,-16.083405601528753,-25.364407494974404
Kapisa,2023,12,-8.262484252988372,-16.335058992883834
Kunar,2023,12,-8.698193872600404,-16.485425846742757
Kunduz,2023,12,-15.362528645655088,-25.429257372298682
Laghman,2023,12,-8.89804400492509,-17.274647815908388
Logar,2023,12,-10.110644102040654,-18.644014736320653
Nangarhar,2023,12,-9.056712103552758,-17.02803475512069
Nimroz,2023,12,-16.55221469390567,-28.502713050955652
Nuristan,2023,12,-7.616229773232126,-15.858544383246366
Paktya,2023,12,-10.147220411182499,-18.705302121053887
Samangan,2023,12,-11.836674079416515,-21.583832550465704
Sar-e-Pul,2023,12,-11.376186706549415,-21.376661307492746
Takhar,2023,12,-9.767646225971342,-19.612005462632354
Wardak,2023,12,-10.125904789537874,-18.945558754124818
Zabul,2023,12,-11.057442195733199,-20.586810677849684
