province,year,month,ndvi,evi
Khost,2015,1,0.20432848425596603,0.10883089026820074
Paktika,2015,1,0.10616533304827064,0.06385822324262592
Daykundi,2015,1,0.05388542932882989,0.030100555866861497
Panjsher,2015,1,-0.00018170812503982565,-0.008719984412323304
Parwan,2015,1,0.046262075948831236,0.022860220516204583
Uruzgan,2015,1,0.11536615710074657,0.07404125924670053
Badakhshan,2015,1,-0.01012965336073954,-0.01429305739964735
Badghis,2015,1,0.1473448004003669,0.08437666533034226
Baghlan,2015,1,0.08252056304191384,0.04491764480191039
Balkh,2015,1,0.12160027010818844,0.07486094558920654
Bamyan,2015,1,0.014089579661267239,0.0059521467231498735
Farah,2015,1,0.0903842698622538,0.059742748874453286
Faryab,2015,1,0.1580664997943033,0.09298689460996028
Ghazni,2015,1,0.07820070429279391,0.054625191905691685
Ghor,2015,1,0.0309976816279662,0.01755505430496761
Hilmand,2015,1,0.09625822455266159,0.06507715400254771
Hirat,2015,1,0.09621298314168628,0.06080883324728578
Jawzjan,2015,1,0.1584796719295129,0.1019768193755203
Kabul,2015,1,0.09571248146883325,0.05649336516079018
Kandahar,2015,1,0.09821029045342539,0.06786693601718186
Kapisa,2015,1,0.12105203495213593,0.0667555793415798
Kunar,2015,1,0.3500132560963065,0.14618530657322673
Kunduz,2015,1,0.17721519996755372,0.10380345841277695
Laghman,2015,1,0.18218440458831142,0.0915013464562766
Logar,2015,1,0.08579965893543261,0.05162012384378747
Nangarhar,2015,1,0.15263774872264432,0.07904353247157823
Nimroz,2015,1,0.07421240734988242,0.05505469644412275
Nuristan,2015,1,0.08925559732476869,0.03298396173877961
Paktya,2015,1,0.1520553769373531,0.0840101118505526
Samangan,2015,1,0.09410570291441608,0.05850313287257841
Sar-e-Pul,2015,1,0.084107582567978,0.04642767748699134
Takhar,2015,1,0.07638232187805344,0.035962474252038704
Wardak,2015,1,0.03284521745545691,0.018595308388183913
Zabul,2015,1,0.09240523987720614,0.061980839470543087
Khost,2015,2,0.20097508929391952,0.1096585415365736
Paktika,2015,2,0.09929488940432983,0.061000942441641955
Daykundi,2015,2,0.04125717334378754,0.01975486369303513
Panjsher,2015,2,-0.022655594927775174,-0.025888411117735353
Parwan,2015,2,0.025112154257690776,0.006355758120544063
Uruzgan,2015,2,0.09989414705684921,0.06317932741418426
Badakhshan,2015,2,-0.01369023459179095,-0.019847912142140798
Badghis,2015,2,0.204638054089904,0.1180708360382907
Baghlan,2015,2,0.07889180180042785,0.03966001264239223
Balkh,2015,2,0.14490766519669143,0.09242996547994532
Bamyan,2015,2,-0.004405240377239835,-0.009312130638040365
Farah,2015,2,0.08781726422374614,0.058410260328634306
Faryab,2015,2,0.20836327915741112,0.12330408684991563
Ghazni,2015,2,0.03699888252848518,0.02434264723970408
Ghor,2015,2,0.005478575984532478,-0.0033276211127717817
Hilmand,2015,2,0.09800530971136084,0.06781898635944453
Hirat,2015,2,0.0976114919879862,0.06007517264509333
Jawzjan,2015,2,0.19804221941964822,0.12897528224858842
Kabul,2015,2,0.08236701274689699,0.04530337607605972
Kandahar,2015,2,0.09949287263007137,0.06920791306479589
Kapisa,2015,2,0.11273165502396897,0.05853521219301369
Kunar,2015,2,0.25178393515702885,0.12285020641389349
Kunduz,2015,2,0.23537046529937453,0.14225619653482122
Laghman,2015,2,0.155264206653023,0.08738276951269158
Logar,2015,2,0.05705938888787924,0.03440156965631345
Nangarhar,2015,2,0.15630960460388718,0.08914569614620041
Nimroz,2015,2,0.07323283710854844,0.0545687104220106
Nuristan,2015,2,0.032349600711366486,0.00749633511731246
Paktya,2015,2,0.09419668006341758,0.0546660402933188
Samangan,2015,2,0.08345864844945708,0.049527092162180306
Sar-e-Pul,2015,2,0.10135303918540962,0.056071879848158375
Takhar,2015,2,0.09921036491764956,0.04646692212602107
Wardak,2015,2,0.00285870150711307,-0.004683974283745149
Zabul,2015,2,0.08709813722101613,0.0583550691123568
Khost,2015,3,0.23544780075700567,0.1319558333707624
Paktika,2015,3,0.11060527545014162,0.06990926389276822
Daykundi,2015,3,0.08836950461328885,0.05246610438675754
Panjsher,2015,3,-0.030420020030834917,-0.03667891015568375
Parwan,2015,3,0.045339497312291664,0.016316606955546504
Uruzgan,2015,3,0.14190105911688988,0.09615012801185144
Badakhshan,2015,3,0.0019081074205386558,-0.013571098316867801
Badghis,2015,3,0.30726089575484006,0.19874289703344353
Baghlan,2015,3,0.13489454031488268,0.07722329403394226
Balkh,2015,3,0.18514186777757397,0.13137985405718114
Bamyan,2015,3,0.006975014564292513,-0.0037379874845436386
Farah,2015,3,0.10505952570548455,0.06995807579974088
Faryab,2015,3,0.29743057712716625,0.1971640088512809
Ghazni,2015,3,0.06649173536304423,0.0445172314104551
Ghor,2015,3,0.05917115867056995,0.030681033399965436
Hilmand,2015,3,0.11378970442310019,0.08046070592570129
Hirat,2015,3,0.13553479554424808,0.08801425881502081
Jawzjan,2015,3,0.2602642067749513,0.19093942837971808
Kabul,2015,3,0.1280043004106899,0.07252790918687517
Kandahar,2015,3,0.11057347366409714,0.07819891405822599
Kapisa,2015,3,0.1473856920057008,0.0833895666656125
Kunar,2015,3,0.30739823659024923,0.1445404480420237
Kunduz,2015,3,0.30639104513789994,0.19864648388167086
Laghman,2015,3,0.19776258195177612,0.11243010267278608
Logar,2015,3,0.08682414660139284,0.05100739744899083
Nangarhar,2015,3,0.21147389949559403,0.12181895317027717
Nimroz,2015,3,0.0769657592181851,0.05560413917645902
Nuristan,2015,3,0.03370605519208061,0.002249644420507715
Paktya,2015,3,0.13666584511751761,0.07642903373840448
Samangan,2015,3,0.14395442023695018,0.09488105566204852
Sar-e-Pul,2015,3,0.1528494790862411,0.09637688585098836
Takhar,2015,3,0.15764069581580956,0.0897264670586267
Wardak,2015,3,0.02187190251404368,0.004597767231754908
Zabul,2015,3,0.10237359041613135,0.07262906058165042
Khost,2015,4,0.2734942110660433,0.17444103385146076
Paktika,2015,4,0.12808781242686101,0.08928842756070349
Daykundi,2015,4,0.16027965294748409,0.10133063995345103
Panjsher,2015,4,0.020669298005212843,-0.0013244059411914393
Parwan,2015,4,0.13021022915365468,0.07854889096634403
Uruzgan,2015,4,0.17571920476957295,0.12336760787897529
Badakhshan,2015,4,0.04341744673610793,0.010542099378097441
Badghis,2015,4,0.35414095322034206,0.2494981308970814
Baghlan,2015,4,0.22925116378374194,0.14790264547644902
Balkh,2015,4,0.2233364008419968,0.16462857285555416
Bamyan,2015,4,0.086697255134844,0.052867633812842374
Farah,2015,4,0.12215384514184874,0.08773643992324509
Faryab,2015,4,0.3413200110444848,0.24221450240786277
Ghazni,2015,4,0.12917994190474652,0.09207977865560359
Ghor,2015,4,0.16122478842530416,0.104664695705652
Hilmand,2015,4,0.12009119396052416,0.08724167988435902
Hirat,2015,4,0.17906273691579822,0.12429362152348443
Jawzjan,2015,4,0.2601166668047585,0.1936811539785415
Kabul,2015,4,0.1830456594879555,0.12547139767332477
Kandahar,2015,4,0.11302378820021898,0.08300938045075572
Kapisa,2015,4,0.22834118324786454,0.1503967101107181
Kunar,2015,4,0.40140547918157904,0.20001336036147696
Kunduz,2015,4,0.32136049483935414,0.23073840513064267
Laghman,2015,4,0.24194756741420398,0.14688269230517612
Logar,2015,4,0.14534741743382848,0.09891180658548225
Nangarhar,2015,4,0.2439780668969045,0.15667800133915058
Nimroz,2015,4,0.07652861467391084,0.05943110174988672
Nuristan,2015,4,0.09084142828154224,0.032113560036111995
Paktya,2015,4,0.19416641946063812,0.1252511296100648
Samangan,2015,4,0.23660829300321076,0.16493106039951783
Sar-e-Pul,2015,4,0.23647169981067703,0.16386632354798214
Takhar,2015,4,0.251887432553243,0.1673496816276184
Wardak,2015,4,0.12030281182856223,0.07578800662540905
Zabul,2015,4,0.11919708574610152,0.08564138001129819
Khost,2015,5,0.26161404760386436,0.16492854445759134
Paktika,2015,5,0.12635174721073908,0.08878680379339665
Daykundi,2015,5,0.20161808156952069,0.1343537225836131
Panjsher,2015,5,0.11734717049958714,0.06331664011302306
Parwan,2015,5,0.2128434993303864,0.137077810499242
Uruzgan,2015,5,0.1616066549093801,0.12156241500067333
Badakhshan,2015,5,0.12026639288777569,0.06345886363238593
Badghis,2015,5,0.2367540576318557,0.1705436031145911
Baghlan,2015,5,0.2547287447126977,0.17054340187565828
Balkh,2015,5,0.17187422295775093,0.13110657727229552
Bamyan,2015,5,0.18897167988483887,0.13254305586230516
Farah,2015,5,0.11438345597164916,0.08201468094878779
Faryab,2015,5,0.22593693705824897,0.16277190132960676
Ghazni,2015,5,0.1651374317653431,0.1218312588449183
Ghor,2015,5,0.2148521216543152,0.14897832726974355
Hilmand,2015,5,0.10702033862867788,0.07871207288589109
Hirat,2015,5,0.15916628142449044,0.1109448133886161
Jawzjan,2015,5,0.151630503918592,0.11502274030788885
Kabul,2015,5,0.20083680561513104,0.1421030044238134
Kandahar,2015,5,0.10530400622436718,0.0795763651775171
Kapisa,2015,5,0.258765991784844,0.17667058201525035
Kunar,2015,5,0.435876516264506,0.23282280492771612
Kunduz,2015,5,0.20996444121561414,0.14685898891379215
Laghman,2015,5,0.24506433341718653,0.15256264099238648
Logar,2015,5,0.16567724963722116,0.11623921199385101
Nangarhar,2015,5,0.21186438061637794,0.137990815699751
Nimroz,2015,5,0.07655041593306432,0.05871906870604645
Nuristan,2015,5,0.1787334267933443,0.0915689493573441
Paktya,2015,5,0.23162272075335408,0.1527336309973606
Samangan,2015,5,0.24856045953861264,0.18730902255773718
Sar-e-Pul,2015,5,0.23071685222288188,0.16592336439671646
Takhar,2015,5,0.26247360599024494,0.1747060754221161
Wardak,2015,5,0.20442756810130086,0.1379544023131522
Zabul,2015,5,0.1114191669666331,0.08392299048994117
Khost,2015,6,0.24497277562497333,0.1466787401795485
Paktika,2015,6,0.1161451526288543,0.07963129401692524
Daykundi,2015,6,0.16863904106688082,0.11572136951396504
Panjsher,2015,6,0.16961597687158655,0.10253934661969279
Parwan,2015,6,0.21012292680128986,0.13517014093898091
Uruzgan,2015,6,0.14456354314348507,0.10814579290235382
Badakhshan,2015,6,0.1836083849845318,0.11095714651616435
Badghis,2015,6,0.18436274195071356,0.14084859129681646
Baghlan,2015,6,0.21957307629615774,0.1471080629017834
Balkh,2015,6,0.137329689482126,0.10655310021005052
Bamyan,2015,6,0.19983993847848208,0.14100187732641897
Farah,2015,6,0.10535377349059895,0.0785943285928091
Faryab,2015,6,0.1777353867419543,0.13502491563220836
Ghazni,2015,6,0.1563382037250574,0.11484681449318587
Ghor,2015,6,0.1927746476005468,0.1410191176130962
Hilmand,2015,6,0.10190204573096472,0.0759646109313812
Hirat,2015,6,0.13447068432886528,0.097322105452236
Jawzjan,2015,6,0.12467807136046999,0.09696877974421858
Kabul,2015,6,0.18265350346841627,0.12844472677967472
Kandahar,2015,6,0.09984163082425995,0.07510024088524445
Kapisa,2015,6,0.23253411522265352,0.1534151855601226
Kunar,2015,6,0.4343906208269053,0.23995950200895663
Kunduz,2015,6,0.16095649455090225,0.11752096329697768
Laghman,2015,6,0.24253229113365843,0.15158450339664326
Logar,2015,6,0.15230501535549737,0.10367729973638375
Nangarhar,2015,6,0.20093577105113622,0.13331497806675768
Nimroz,2015,6,0.07610285660447476,0.05972070228276331
Nuristan,2015,6,0.24987531746277983,0.14558426754541998
Paktya,2015,6,0.22073318537819492,0.1399027823648395
Samangan,2015,6,0.2048108566332623,0.15349447085137977
Sar-e-Pul,2015,6,0.1987752699714743,0.14727558014559813
Takhar,2015,6,0.2045671909612155,0.13553756126855698
Wardak,2015,6,0.20517023162973053,0.1380829273385644
Zabul,2015,6,0.10310361454246075,0.0778697966411469
Khost,2015,7,0.2914877090714548,0.17995823236979436
Paktika,2015,7,0.11441842511129934,0.07733735859963124
Daykundi,2015,7,0.14682650520923532,0.09917386207424081
Panjsher,2015,7,0.19605623053850835,0.11618797183206987
Parwan,2015,7,0.18950413542020683,0.12245215451124677
Uruzgan,2015,7,0.14027872410514042,0.10478255435810387
Badakhshan,2015,7,0.19177355570539006,0.11604869463091319
Badghis,2015,7,0.16660848791987168,0.12776708126652836
Baghlan,2015,7,0.2013972324346124,0.13910653081347263
Balkh,2015,7,0.13508057798889053,0.10577718349183304
Bamyan,2015,7,0.17609828407617392,0.1252989373399311
Farah,2015,7,0.10061478300767449,0.07511348417606167
Faryab,2015,7,0.1597761523694648,0.12080156230782575
Ghazni,2015,7,0.1386606904428967,0.10265463473733152
Ghor,2015,7,0.16476123191288736,0.11989273090939755
Hilmand,2015,7,0.10409950242885051,0.07755056539185254
Hirat,2015,7,0.12200404893306678,0.08906940864122183
Jawzjan,2015,7,0.12014998119997505,0.09437830266619071
Kabul,2015,7,0.17288295897796627,0.11957731932243912
Kandahar,2015,7,0.09903634794880761,0.07458048143569372
Kapisa,2015,7,0.24273946283874687,0.15819998343826053
Kunar,2015,7,0.4441545068300561,0.2418316501801241
Kunduz,2015,7,0.19888400977743642,0.1495816173905893
Laghman,2015,7,0.2615151333831495,0.15516084308180386
Logar,2015,7,0.1406900307777999,0.09458908961753731
Nangarhar,2015,7,0.22967507819728725,0.14689586292713924
Nimroz,2015,7,0.07521157248427783,0.05863938140616649
Nuristan,2015,7,0.29569024568157676,0.1602419209528584
Paktya,2015,7,0.2136288334558823,0.13494907006346007
Samangan,2015,7,0.17650368587485513,0.13349658068776826
Sar-e-Pul,2015,7,0.18096071273052666,0.1336088926561574
Takhar,2015,7,0.19213404245510946,0.13527279505843437
Wardak,2015,7,0.17570284760099256,0.11778485128768568
Zabul,2015,7,0.10011806668396882,0.07468557611626922
Khost,2015,8,0.290480026429656,0.17183885591955655
Paktika,2015,8,0.11352308655232125,0.07735852863424734
Daykundi,2015,8,0.13762673009863557,0.09201495960774622
Panjsher,2015,8,0.1906553418571159,0.10949421425058956
Parwan,2015,8,0.1734047769513446,0.10825536235681624
Uruzgan,2015,8,0.13825213523557578,0.10244948513282671
Badakhshan,2015,8,0.1728268634010364,0.10019154388518955
Badghis,2015,8,0.1555691105504425,0.1165958842256678
Baghlan,2015,8,0.18370849155969046,0.12328320785998254
Balkh,2015,8,0.1319906126718803,0.10258783323227863
Bamyan,2015,8,0.15598931110522343,0.10749150889515306
Farah,2015,8,0.10040922080621208,0.07360462082361774
Faryab,2015,8,0.146388447467101,0.11009107717868043
Ghazni,2015,8,0.13181979512653866,0.09669530912110727
Ghor,2015,8,0.1473029083307792,0.10426637100678302
Hilmand,2015,8,0.10572405730101886,0.07838680837050142
Hirat,2015,8,0.11783681976965121,0.08354110582587235
Jawzjan,2015,8,0.1175355537992834,0.09194701418689183
Kabul,2015,8,0.16560083660344158,0.11327737398105983
Kandahar,2015,8,0.10028561969724173,0.0754763803555168
Kapisa,2015,8,0.24563273493054832,0.16270794727151078
Kunar,2015,8,0.5054805989071148,0.250597906105017
Kunduz,2015,8,0.20752793512580445,0.15541708241862123
Laghman,2015,8,0.28099813822390185,0.166278411316295
Logar,2015,8,0.13380758281382385,0.0884067146679046
Nangarhar,2015,8,0.2502926884067384,0.1568114043389956
Nimroz,2015,8,0.07595835230629068,0.05905868977086957
Nuristan,2015,8,0.30303520810317436,0.1596996254571052
Paktya,2015,8,0.20773801233069922,0.12517002699932622
Samangan,2015,8,0.1578497435680047,0.11689584335497115
Sar-e-Pul,2015,8,0.16063325874583628,0.11692004888077787
Takhar,2015,8,0.18524969994453913,0.12441911003987717
Wardak,2015,8,0.15821102436449455,0.10243265502226077
Zabul,2015,8,0.0994372708510524,0.07444375629406534
Khost,2015,9,0.2581175468518911,0.14339314159417363
Paktika,2015,9,0.11004947796334275,0.07236110822962359
Daykundi,2015,9,0.1305882812265554,0.08396337836745883
Panjsher,2015,9,0.1653161226319242,0.0882549416921274
Parwan,2015,9,0.15354829168709147,0.08813503674518716
Uruzgan,2015,9,0.13153677325820506,0.09424017397665613
Badakhshan,2015,9,0.1384635490400073,0.0754425364225037
Badghis,2015,9,0.14704987542755346,0.10695342570919547
Baghlan,2015,9,0.16179306522892348,0.10264469634499912
Balkh,2015,9,0.12187058000069223,0.09230708150424223
Bamyan,2015,9,0.13928775466083057,0.09119440888906463
Farah,2015,9,0.09822858682002937,0.07065791589267344
Faryab,2015,9,0.13704703983986682,0.10072568003445384
Ghazni,2015,9,0.12239210998177744,0.08696012562222916
Ghor,2015,9,0.13816090524634983,0.09435555637694525
Hilmand,2015,9,0.10113960663974512,0.0738453168426808
Hirat,2015,9,0.11383269448690995,0.07868067903649112
Jawzjan,2015,9,0.10935417707839921,0.0844954227083111
Kabul,2015,9,0.15208373224188645,0.09801523885050976
Kandahar,2015,9,0.09844456245661523,0.07303945310906747
Kapisa,2015,9,0.2153572967389876,0.13104587101279552
Kunar,2015,9,0.45128488769045405,0.20011424566957003
Kunduz,2015,9,0.162166512813619,0.11484430211235226
Laghman,2015,9,0.2548116568049943,0.13894391537119563
Logar,2015,9,0.12575807153350688,0.07901521590189427
Nangarhar,2015,9,0.217665941636472,0.12806343646488505
Nimroz,2015,9,0.07532632401336016,0.05823545064353876
Nuristan,2015,9,0.2604644192813699,0.1235063556764441
Paktya,2015,9,0.19484722127371676,0.10999469376782695
Samangan,2015,9,0.1467490679766068,0.10422725735328317
Sar-e-Pul,2015,9,0.14732468229030327,0.10328160428229785
Takhar,2015,9,0.155034411629023,0.09887278253549162
Wardak,2015,9,0.14265468965728922,0.08808564676797853
Zabul,2015,9,0.09668949567156164,0.07066431755381719
Khost,2015,10,0.24425482340515436,0.12799162396788438
Paktika,2015,10,0.1098773834057885,0.07125076868055197
Daykundi,2015,10,0.130937629351022,0.07691126540322805
Panjsher,2015,10,0.11868381485714345,0.059430716755379094
Parwan,2015,10,0.14110131547570676,0.07728498452356089
Uruzgan,2015,10,0.13303679393884527,0.08830564841353349
Badakhshan,2015,10,0.09025285598664695,0.04537299148718606
Badghis,2015,10,0.15469228261447102,0.10187183998132085
Baghlan,2015,10,0.15118962420190316,0.08925940463722591
Balkh,2015,10,0.1188815444988689,0.08623071051638197
Bamyan,2015,10,0.132102329963298,0.08438594766448604
Farah,2015,10,0.1013756317889768,0.06758698750122469
Faryab,2015,10,0.13915457320301494,0.09366822095413362
Ghazni,2015,10,0.12026852795910449,0.08024237854361319
Ghor,2015,10,0.14143441037774243,0.09208475929385714
Hilmand,2015,10,0.10062279508015218,0.0715068092535651
Hirat,2015,10,0.11826474007771998,0.0752610651607927
Jawzjan,2015,10,0.1071083411811608,0.07795969670603238
Kabul,2015,10,0.14801119037296406,0.09142872941501935
Kandahar,2015,10,0.09961220583923928,0.07133262602171835
Kapisa,2015,10,0.20076814866158424,0.11513297536845804
Kunar,2015,10,0.44983195319472113,0.17332459550469395
Kunduz,2015,10,0.14341146932967447,0.09576346255781815
Laghman,2015,10,0.2497428818431438,0.1247229173947501
Logar,2015,10,0.11900818221379576,0.07338653004026255
Nangarhar,2015,10,0.2043260833275395,0.11055080134995136
Nimroz,2015,10,0.07625493394954681,0.05687509098218883
Nuristan,2015,10,0.2096119771159213,0.09081982377889916
Paktya,2015,10,0.18789514936796817,0.10156794830597311
Samangan,2015,10,0.1485837550171395,0.10095619962911284
Sar-e-Pul,2015,10,0.1455385098004926,0.0983086134359869
Takhar,2015,10,0.14265185403606379,0.08557984550078125
Wardak,2015,10,0.1362579285924681,0.07993841805649426
Zabul,2015,10,0.09628552015557418,0.06616982474277681
Khost,2015,11,0.24077893305336479,0.11845183342762841
Paktika,2015,11,0.11213071917161387,0.06475304307776408
Daykundi,2015,11,0.10847133113494706,0.058802612144948065
Panjsher,2015,11,0.022140978400692613,0.005667622567627196
Parwan,2015,11,0.08098568072836422,0.04104727629427449
Uruzgan,2015,11,0.1295357521124094,0.08003139210809154
Badakhshan,2015,11,0.019121433984002328,-0.00043455654439808266
Badghis,2015,11,0.20406504061496714,0.12190060217502685
Baghlan,2015,11,0.13882120509016854,0.07433392584476808
Balkh,2015,11,0.14036162925820034,0.08855147003617639
Bamyan,2015,11,0.060640016605081885,0.036463806154826646
Farah,2015,11,0.1012452904092496,0.06432064878346769
Faryab,2015,11,0.1777143360553703,0.1084693965482444
Ghazni,2015,11,0.09782532279292677,0.06557534756007984
Ghor,2015,11,0.10656366170457932,0.06016020279994873
Hilmand,2015,11,0.10011215252673429,0.06757841310812436
Hirat,2015,11,0.12203726684394786,0.07500186743580446
Jawzjan,2015,11,0.14525259064201973,0.09740335850381623
Kabul,2015,11,0.13351919392135028,0.07562179995067494
Kandahar,2015,11,0.10240094377729268,0.06970134484958904
Kapisa,2015,11,0.1736933086000009,0.09099638593810472
Kunar,2015,11,0.3972310098463836,0.1561334725173583
Kunduz,2015,11,0.18171164246218904,0.1114008291747112
Laghman,2015,11,0.22963561327312582,0.11088883264170206
Logar,2015,11,0.10493328339235834,0.06006649677443604
Nangarhar,2015,11,0.1892659951380387,0.09863852559417367
Nimroz,2015,11,0.07587708767348776,0.05574894420531335
Nuristan,2015,11,0.09868398520639449,0.031559704369598936
Paktya,2015,11,0.1823174843244298,0.09053476298173817
Samangan,2015,11,0.1435799903343845,0.09083058919571764
Sar-e-Pul,2015,11,0.11923816484582359,0.06955370735419049
Takhar,2015,11,0.1270935861525938,0.0636053653855204
Wardak,2015,11,0.07316127815332298,0.04476651106567782
Zabul,2015,11,0.0977243438547521,0.061193700457330504
Khost,2015,12,0.2338439425234505,0.11162996681147114
Paktika,2015,12,0.10638987198078756,0.06322900399839466
Daykundi,2015,12,0.0818425853077068,0.04581298445479372
Panjsher,2015,12,0.01742076513056736,0.0021715111663469
Parwan,2015,12,0.0679564843825985,0.033959657803878246
Uruzgan,2015,12,0.12160555264764573,0.07613351418986752
Badakhshan,2015,12,-0.0007085655515405054,-0.007359755198704331
Badghis,2015,12,0.19382044124204126,0.11807730783993704
Baghlan,2015,12,0.10748502123908327,0.06206428444064714
Balkh,2015,12,0.12949101809859298,0.08526433765507062
Bamyan,2015,12,0.025774461991552984,0.014763125384709358
Farah,2015,12,0.09958919563462018,0.06344012920986661
Faryab,2015,12,0.18652369245238826,0.11809338869273367
Ghazni,2015,12,0.06719761119402788,0.04550841185301695
Ghor,2015,12,0.0707830992707064,0.044003168271306
Hilmand,2015,12,0.09827103159233155,0.06677377381671865
Hirat,2015,12,0.12331975618541209,0.07483718653010088
Jawzjan,2015,12,0.1809122250920875,0.1162979040190254
Kabul,2015,12,0.12427264899266888,0.06933440657274852
Kandahar,2015,12,0.09971907914860838,0.06865516178356558
Kapisa,2015,12,0.1628542628442972,0.08390678444497614
Kunar,2015,12,0.39214318869021314,0.1425001457231603
Kunduz,2015,12,0.19763727401590545,0.1144391514800106
Laghman,2015,12,0.22637099105399755,0.10167946842296029
Logar,2015,12,0.09575466811152754,0.05448625715130721
Nangarhar,2015,12,0.17335656873318075,0.08262650060508767
Nimroz,2015,12,0.07555386709267327,0.054352552692571235
Nuristan,2015,12,0.10590739503399474,0.030667711522293813
Paktya,2015,12,0.17483175647947277,0.08333983788224178
Samangan,2015,12,0.09894997441437228,0.06832973895177478
Sar-e-Pul,2015,12,0.11147376149986285,0.06709759186512808
Takhar,2015,12,0.07494330809910617,0.03739300722357408
Wardak,2015,12,0.03958044797388672,0.021453813708117976
Zabul,2015,12,0.09374829419978208,0.060339182110700336
Khost,2016,1,0.22047632126254132,0.1094559650022794
Paktika,2016,1,0.10583912834519228,0.06202302700955853
Daykundi,2016,1,0.04749952107291094,0.021254103476409457
Panjsher,2016,1,-0.0064004868132804624,-0.012384847557938453
Parwan,2016,1,0.03815252682561822,0.015350811694938364
Uruzgan,2016,1,0.12526177869418542,0.07306457204893499
Badakhshan,2016,1,-0.009567041311197276,-0.015900767373732794
Badghis,2016,1,0.2239591536523069,0.12822907684426
Baghlan,2016,1,0.1145852865018888,0.061155740390191525
Balkh,2016,1,0.15914065219972787,0.09524701929534425
Bamyan,2016,1,-0.00948166498770972,-0.012799937145093351
Farah,2016,1,0.09724584730254467,0.06211088565031173
Faryab,2016,1,0.22708247674575,0.13951687480503996
Ghazni,2016,1,0.04105353581443573,0.02458755611268669
Ghor,2016,1,0.001207781349875217,-0.006323388981288198
Hilmand,2016,1,0.10715555459555383,0.07217529396839255
Hirat,2016,1,0.12207815086683374,0.0734463508015511
Jawzjan,2016,1,0.20722082219498722,0.13249271115272016
Kabul,2016,1,0.11856347485121281,0.06208689785509637
Kandahar,2016,1,0.10774047006271224,0.07127911179518832
Kapisa,2016,1,0.15975235033148066,0.08209233203668459
Kunar,2016,1,0.3702882297075737,0.14081833627732684
Kunduz,2016,1,0.23166706279449026,0.13852671109186224
Laghman,2016,1,0.21805259635848132,0.09943257927562668
Logar,2016,1,0.07726788540993286,0.04356352734321506
Nangarhar,2016,1,0.1674518307577431,0.08324859009436411
Nimroz,2016,1,0.07382502323419339,0.054401599846398876
Nuristan,2016,1,0.08532391153040166,0.024410027302178956
Paktya,2016,1,0.15170923288657254,0.07319018902226458
Samangan,2016,1,0.09547207680952262,0.057535697558211384
Sar-e-Pul,2016,1,0.10642085436496855,0.05778695076305263
Takhar,2016,1,0.10356797599175728,0.05235035039799355
Wardak,2016,1,0.008948993707654947,-0.001006917870775636
Zabul,2016,1,0.10125263805814379,0.05939212236804006
Khost,2016,2,0.21042715457877045,0.121192969448006
Paktika,2016,2,0.10119632323276248,0.0647414351467752
Daykundi,2016,2,0.06422855027016698,0.03860300746754965
Panjsher,2016,2,0.0014395975873225484,-0.007796533461942634
Parwan,2016,2,0.0477246229999173,0.022422890102196523
Uruzgan,2016,2,0.12966589445264165,0.08774468133748317
Badakhshan,2016,2,-0.004513987848652468,-0.013798632346232442
Badghis,2016,2,0.2351145276173222,0.15720076224782198
Baghlan,2016,2,0.11575241599462763,0.06864708255807171
Balkh,2016,2,0.15788885141507447,0.10958252663277529
Bamyan,2016,2,-0.007240072094830045,-0.010810368198047725
Farah,2016,2,0.10175189597256568,0.06873584092082984
Faryab,2016,2,0.2461284712691604,0.16689582292387636
Ghazni,2016,2,0.04945144979103251,0.03418299288372122
Ghor,2016,2,0.027116011482368134,0.014142609386703333
Hilmand,2016,2,0.11364802158045241,0.08017309130096215
Hirat,2016,2,0.12335664734563617,0.07887013669205843
Jawzjan,2016,2,0.21178834392868431,0.1506581149853975
Kabul,2016,2,0.122859000838932,0.07295235348462713
Kandahar,2016,2,0.10494362598307962,0.07350208062447515
Kapisa,2016,2,0.16315248087071305,0.09254550422244479
Kunar,2016,2,0.34157242592358994,0.15407400032727603
Kunduz,2016,2,0.284149862262046,0.17960257059849066
Laghman,2016,2,0.20064055171520084,0.11151987761880561
Logar,2016,2,0.09548873748816676,0.060178602227105644
Nangarhar,2016,2,0.17254795834459197,0.10067904040331303
Nimroz,2016,2,0.07531678081161591,0.05661096330280828
Nuristan,2016,2,0.06668684773810216,0.02297461114075405
Paktya,2016,2,0.14717534051053988,0.08576737465122922
Samangan,2016,2,0.10570873962047604,0.0710211788288901
Sar-e-Pul,2016,2,0.11254941590184818,0.07089177908964758
Takhar,2016,2,0.11761265577033127,0.0655463193292105
Wardak,2016,2,0.018976499016067273,0.006885571487647182
Zabul,2016,2,0.10052996517857889,0.06828016898632475
Khost,2016,3,0.2349913097668445,0.14436761440487458
Paktika,2016,3,0.10999751840015437,0.06948233364554904
Daykundi,2016,3,0.10203237705431299,0.06114759500751572
Panjsher,2016,3,0.013651770611977936,-0.0015182194378201234
Parwan,2016,3,0.07211878835862168,0.03883459094277031
Uruzgan,2016,3,0.1810333122808299,0.12052991706074093
Badakhshan,2016,3,0.022847273734481068,0.001027828301791751
Badghis,2016,3,0.3533489265151546,0.20900492991262204
Baghlan,2016,3,0.17525640435308906,0.11423376647317063
Balkh,2016,3,0.2023320374208601,0.14011512051204306
Bamyan,2016,3,0.024132348123508583,0.01064064208428271
Farah,2016,3,0.11619411320640508,0.07915510682864575
Faryab,2016,3,0.3347316751265934,0.19476685181705908
Ghazni,2016,3,0.06908846071099162,0.044329390454998105
Ghor,2016,3,0.10200960467708706,0.05962723308645968
Hilmand,2016,3,0.12939161990829384,0.09154134146174374
Hirat,2016,3,0.16216725231065174,0.09784926935300567
Jawzjan,2016,3,0.24788995877974734,0.16509670968002924
Kabul,2016,3,0.15404849635179274,0.09342649412548021
Kandahar,2016,3,0.12170438784666736,0.08410080797880501
Kapisa,2016,3,0.19498107214158958,0.12099362024487237
Kunar,2016,3,0.3623024726264055,0.16925503176046564
Kunduz,2016,3,0.3410294506585188,0.2487023993640481
Laghman,2016,3,0.22758329943306838,0.13462000374033964
Logar,2016,3,0.1140051136947156,0.07066352670515609
Nangarhar,2016,3,0.2180872717697228,0.1313791630010738
Nimroz,2016,3,0.07527710213776997,0.056704611038917795
Nuristan,2016,3,0.06837487517269467,0.022429366975643673
Paktya,2016,3,0.16028518335455902,0.09433160439819871
Samangan,2016,3,0.17462906506469655,0.12078995335301518
Sar-e-Pul,2016,3,0.18601560955896107,0.11325077008124156
Takhar,2016,3,0.19705138009046083,0.12016289287033795
Wardak,2016,3,0.040778674844934325,0.019906411562746824
Zabul,2016,3,0.13425692323414123,0.08682384739479432
Khost,2016,4,0.27774799970575315,0.1719613028598503
Paktika,2016,4,0.14881971655735757,0.10303588289630536
Daykundi,2016,4,0.16207317914347028,0.10510892348152596
Panjsher,2016,4,0.04246178045961555,0.012225681547609193
Parwan,2016,4,0.1348456118727727,0.08120206606835888
Uruzgan,2016,4,0.20752525514536957,0.15071643710151256
Badakhshan,2016,4,0.06485042343282475,0.021945469198296385
Badghis,2016,4,0.3505005573939474,0.23592187778013402
Baghlan,2016,4,0.23745606417286066,0.1496750540560972
Balkh,2016,4,0.20844502865319936,0.15126754139778822
Bamyan,2016,4,0.09048042740220816,0.05802499685550564
Farah,2016,4,0.12266845557757124,0.08696579918941429
Faryab,2016,4,0.3422958755478048,0.22916648198517717
Ghazni,2016,4,0.13654793721130248,0.09787052657646778
Ghor,2016,4,0.16579484794637397,0.11040570722829908
Hilmand,2016,4,0.12481542760688383,0.09078446655781043
Hirat,2016,4,0.1798008463379484,0.12284285844227172
Jawzjan,2016,4,0.21485533900426249,0.15279323093577296
Kabul,2016,4,0.21386061464622613,0.14385164654029273
Kandahar,2016,4,0.1324796299749897,0.09800425877794063
Kapisa,2016,4,0.26205691646295226,0.1751868470420206
Kunar,2016,4,0.40544202631449205,0.20043278038493417
Kunduz,2016,4,0.29381616501876795,0.20816911070100189
Laghman,2016,4,0.26506799156172245,0.1569323778458579
Logar,2016,4,0.16085336867174635,0.10838626546636462
Nangarhar,2016,4,0.253565684209288,0.1575105166777486
Nimroz,2016,4,0.07506052281711567,0.0574850715357815
Nuristan,2016,4,0.09997650223895412,0.03654412692049739
Paktya,2016,4,0.21610526463930377,0.135980535965228
Samangan,2016,4,0.22349958609707465,0.15839079306156698
Sar-e-Pul,2016,4,0.23545104487045548,0.1609510535681802
Takhar,2016,4,0.25420905371874347,0.1587109438549675
Wardak,2016,4,0.10641603975300065,0.06525545489113399
Zabul,2016,4,0.1705161260718335,0.12574554009859903
Khost,2016,5,0.262935458028398,0.17187658338251094
Paktika,2016,5,0.14724893123089441,0.10517149573536044
Daykundi,2016,5,0.1975654325991244,0.13322163282653948
Panjsher,2016,5,0.1411886332745576,0.07180606784828658
Parwan,2016,5,0.22385664821355247,0.1371170974130706
Uruzgan,2016,5,0.17348017356312695,0.1271006311719538
Badakhshan,2016,5,0.14835434994618793,0.0792494822442843
Badghis,2016,5,0.2234384814964851,0.16281085045991733
Baghlan,2016,5,0.23992965621799106,0.16012843607222046
Balkh,2016,5,0.14811929937155563,0.11334044006708617
Bamyan,2016,5,0.19735157716439436,0.13653936396077698
Farah,2016,5,0.10567015955483408,0.07841492476019361
Faryab,2016,5,0.22103709700182025,0.16133817589857372
Ghazni,2016,5,0.1789571863026175,0.13278473655405365
Ghor,2016,5,0.2103686032682162,0.15086519203867307
Hilmand,2016,5,0.10359645987685112,0.07646148583697279
Hirat,2016,5,0.15251794104616637,0.10791393290157464
Jawzjan,2016,5,0.13413293880378077,0.10121058103342591
Kabul,2016,5,0.2183102230572777,0.1494238341431798
Kandahar,2016,5,0.11169847696210349,0.08349742366450937
Kapisa,2016,5,0.2671465763162409,0.17939190357074675
Kunar,2016,5,0.4446933722348318,0.2365302291946783
Kunduz,2016,5,0.1831027046974188,0.13069609134455112
Laghman,2016,5,0.2521014064262645,0.15785719142771662
Logar,2016,5,0.17885138753052124,0.12103335560961129
Nangarhar,2016,5,0.2178760190365547,0.1413002715836797
Nimroz,2016,5,0.0741531599829015,0.057247854489042536
Nuristan,2016,5,0.18941372108661259,0.09320449331302633
Paktya,2016,5,0.24370312148490558,0.1608431597171178
Samangan,2016,5,0.23260751891304063,0.1741915085081429
Sar-e-Pul,2016,5,0.22193972137525636,0.16339807951486335
Takhar,2016,5,0.23169700302106835,0.1502781327438972
Wardak,2016,5,0.21378742338060094,0.13957017739064403
Zabul,2016,5,0.13812222242955483,0.10309122526698065
Khost,2016,6,0.24649606030373847,0.1578911706363153
Paktika,2016,6,0.12905586511034298,0.09022822063081189
Daykundi,2016,6,0.16604201459858822,0.1156937695539242
Panjsher,2016,6,0.19215957425041222,0.11474330706189892
Parwan,2016,6,0.2100118266429134,0.13298953692670215
Uruzgan,2016,6,0.15219536577571413,0.11641593669000239
Badakhshan,2016,6,0.18828717415185103,0.1158450626854652
Badghis,2016,6,0.17280074277027926,0.1259476894144699
Baghlan,2016,6,0.206463827615712,0.13816631730229392
Balkh,2016,6,0.1286137599540152,0.09959309818523597
Bamyan,2016,6,0.19885514631171256,0.1423705033587356
Farah,2016,6,0.09929827177092604,0.07355928906830568
Faryab,2016,6,0.17238669020811104,0.12885877910883056
Ghazni,2016,6,0.16717788701711836,0.12625430602038384
Ghor,2016,6,0.18545473088383121,0.1348646514050779
Hilmand,2016,6,0.100683101581409,0.07503939571943365
Hirat,2016,6,0.12544706942758257,0.09010762337112563
Jawzjan,2016,6,0.11704232377935518,0.0910127261083956
Kabul,2016,6,0.18361118990953573,0.1299737459254154
Kandahar,2016,6,0.10486455860785403,0.0797223197299372
Kapisa,2016,6,0.22955211997169947,0.15374056794628813
Kunar,2016,6,0.436914902353789,0.2583971240388152
Kunduz,2016,6,0.16663441400297252,0.11900561193593102
Laghman,2016,6,0.2444334374975506,0.15165470922622631
Logar,2016,6,0.15645956445726275,0.10702872379250691
Nangarhar,2016,6,0.2078527541728798,0.13664661216018964
Nimroz,2016,6,0.07511049405948603,0.058333250274066044
Nuristan,2016,6,0.27422847310906256,0.15661846671749788
Paktya,2016,6,0.2274888001033429,0.1504727143415544
Samangan,2016,6,0.18727928310389344,0.13997662396758442
Sar-e-Pul,2016,6,0.19522845508013797,0.1447982316010331
Takhar,2016,6,0.1885972744572042,0.12741559868769162
Wardak,2016,6,0.20979033287196683,0.1422886447837243
Zabul,2016,6,0.12025585035581272,0.09187382933363189
Khost,2016,7,0.272126493284876,0.17893006433191422
Paktika,2016,7,0.1214444123121533,0.08422915819780644
Daykundi,2016,7,0.14553305184828277,0.09999718933623554
Panjsher,2016,7,0.18965197394212668,0.11721113780769765
Parwan,2016,7,0.18341633672863994,0.11985818073876463
Uruzgan,2016,7,0.14780641532106326,0.11119802316597086
Badakhshan,2016,7,0.1759350148829656,0.10864434157236304
Badghis,2016,7,0.1539903652199353,0.11347997594337193
Baghlan,2016,7,0.17914347023247904,0.12512595494470916
Balkh,2016,7,0.12572507656980955,0.09864504345864981
Bamyan,2016,7,0.17091754060790176,0.12091694871311358
Farah,2016,7,0.09607570212358325,0.07107828203924943
Faryab,2016,7,0.15352919164908668,0.11529263498399515
Ghazni,2016,7,0.1478322303819103,0.10944619572941348
Ghor,2016,7,0.1571175610413603,0.11364902774656524
Hilmand,2016,7,0.10086788005412294,0.07537896013113615
Hirat,2016,7,0.1152120885173016,0.0826573421758107
Jawzjan,2016,7,0.11335116449440256,0.08929714039924648
Kabul,2016,7,0.17068192499167079,0.12048722286116438
Kandahar,2016,7,0.10165584253881249,0.07693275188326036
Kapisa,2016,7,0.237591140656737,0.1629495599750464
Kunar,2016,7,0.43945214680965294,0.2429342484136732
Kunduz,2016,7,0.19566643892593352,0.14419142918735783
Laghman,2016,7,0.2529487817158408,0.16281796594328135
Logar,2016,7,0.1439326461006763,0.09969157153154763
Nangarhar,2016,7,0.21392233933934898,0.14204059754908585
Nimroz,2016,7,0.07280814560951208,0.0566133149461691
Nuristan,2016,7,0.29249192789384626,0.16993441362989867
Paktya,2016,7,0.21648205744479798,0.14022669997796375
Samangan,2016,7,0.16005208900284185,0.12008641663496958
Sar-e-Pul,2016,7,0.17079200476369472,0.12548100426757886
Takhar,2016,7,0.17877652435762328,0.1249705125963304
Wardak,2016,7,0.17833345591406002,0.11961318040752336
Zabul,2016,7,0.11258897332165066,0.08503908107893826
Khost,2016,8,0.291059142774113,0.17171558237856482
Paktika,2016,8,0.12074432995875743,0.08234191655784626
Daykundi,2016,8,0.13878155270471437,0.0953403174753783
Panjsher,2016,8,0.17305104567849433,0.10197558058581559
Parwan,2016,8,0.167786363411797,0.10394947033327355
Uruzgan,2016,8,0.14461516726367912,0.10831144675888332
Badakhshan,2016,8,0.14593405452171698,0.08625539805726319
Badghis,2016,8,0.1457206325219962,0.10653780718097912
Baghlan,2016,8,0.16369048401768777,0.11208646432132878
Balkh,2016,8,0.12319088286850789,0.09575583562303634
Bamyan,2016,8,0.1515993194388924,0.10510498876161511
Farah,2016,8,0.09821604349593172,0.07168659585457939
Faryab,2016,8,0.14266867681092882,0.10515468529028692
Ghazni,2016,8,0.1379705570819561,0.09980331791358733
Ghor,2016,8,0.14377764770367366,0.10139953126012463
Hilmand,2016,8,0.105377158858845,0.07773455420850284
Hirat,2016,8,0.11279621858595575,0.08029119996718172
Jawzjan,2016,8,0.11149278301832084,0.08689490799063364
Kabul,2016,8,0.1628371675883957,0.11110899095408776
Kandahar,2016,8,0.1046588309429197,0.07854573059303827
Kapisa,2016,8,0.2320919362321984,0.1537231340876011
Kunar,2016,8,0.4778704718317177,0.23241079806501494
Kunduz,2016,8,0.19585415689304733,0.1450519790758299
Laghman,2016,8,0.258141936898748,0.14991543037439772
Logar,2016,8,0.1367802095631874,0.09210009313049108
Nangarhar,2016,8,0.21900704132980373,0.13734786695527848
Nimroz,2016,8,0.0766468904537072,0.05954490339428286
Nuristan,2016,8,0.280690305954311,0.14409210959343527
Paktya,2016,8,0.20998691946273512,0.12956071543666595
Samangan,2016,8,0.14614051431200398,0.10704896015286033
Sar-e-Pul,2016,8,0.15290840349039433,0.11056839085627307
Takhar,2016,8,0.16727842543713503,0.1139818505178422
Wardak,2016,8,0.15918952535719388,0.10297166217863468
Zabul,2016,8,0.1118773673558869,0.0831663709413834
Khost,2016,9,0.2459675346329603,0.13746102136009855
Paktika,2016,9,0.11623304253681215,0.07783703485751207
Daykundi,2016,9,0.1326855994452197,0.08669874819600722
Panjsher,2016,9,0.1586702335320257,0.08544744863490049
Parwan,2016,9,0.14940125014138048,0.08698308381486759
Uruzgan,2016,9,0.1387402209433612,0.09986828861557699
Badakhshan,2016,9,0.13072021130628467,0.07210074486968315
Badghis,2016,9,0.14018729397420893,0.10060230449024843
Baghlan,2016,9,0.14681255586666678,0.09474689594819173
Balkh,2016,9,0.11609180392859438,0.08725271412148712
Bamyan,2016,9,0.13835359915045048,0.09183179753133185
Farah,2016,9,0.09729116140828489,0.06975432076090184
Faryab,2016,9,0.13545070448325328,0.09758914947473941
Ghazni,2016,9,0.12840470531530251,0.09114527813859848
Ghor,2016,9,0.13608710338434865,0.09314975996436163
Hilmand,2016,9,0.10279898486935281,0.07436293232443257
Hirat,2016,9,0.10991504272001419,0.07638522884689138
Jawzjan,2016,9,0.1045513070008474,0.07999908681442185
Kabul,2016,9,0.15191453954129452,0.09773211588899751
Kandahar,2016,9,0.10434592116459884,0.07703125408280562
Kapisa,2016,9,0.20548556875468393,0.12457296424995466
Kunar,2016,9,0.438216559045533,0.19006809848965625
Kunduz,2016,9,0.1506068649789919,0.10646388977469887
Laghman,2016,9,0.23644171308810163,0.12823376570955416
Logar,2016,9,0.1273351674729338,0.08188214488557533
Nangarhar,2016,9,0.19540584368164957,0.11251226692681805
Nimroz,2016,9,0.07696486734631494,0.05930182596672946
Nuristan,2016,9,0.24878311442420004,0.11605128203755134
Paktya,2016,9,0.1903574705183397,0.11128191147082445
Samangan,2016,9,0.13866702683737764,0.09871335603319312
Sar-e-Pul,2016,9,0.14294555329310646,0.09961972152730146
Takhar,2016,9,0.14450231755325885,0.09122799908810356
Wardak,2016,9,0.14213578008682676,0.08976199943570917
Zabul,2016,9,0.1095615698356932,0.07956454730276473
Khost,2016,10,0.20912861533261842,0.11299156032276682
Paktika,2016,10,0.11154474367047693,0.07307206866317262
Daykundi,2016,10,0.12638605020508312,0.07848074951915082
Panjsher,2016,10,0.14392012842422439,0.07484440000420615
Parwan,2016,10,0.1343232361749514,0.0746334981241111
Uruzgan,2016,10,0.1314265971731749,0.09083882732396661
Badakhshan,2016,10,0.10171128979993152,0.055033980096983924
Badghis,2016,10,0.14043621606273748,0.0948217178975457
Baghlan,2016,10,0.1367065143838996,0.08394343020867115
Balkh,2016,10,0.10968716576744483,0.07803940703877686
Bamyan,2016,10,0.13414812410697144,0.0843473607522602
Farah,2016,10,0.09502582285032223,0.06654696481254678
Faryab,2016,10,0.13452900013999544,0.09091709338550187
Ghazni,2016,10,0.12029116634875128,0.08334646911358505
Ghor,2016,10,0.13386544825027774,0.08736958962410957
Hilmand,2016,10,0.09595112555807377,0.06848193395891233
Hirat,2016,10,0.10723019194919546,0.07149827330459936
Jawzjan,2016,10,0.10160939836621699,0.07275333816228194
Kabul,2016,10,0.13618235665600348,0.083903137097517
Kandahar,2016,10,0.1007910897079906,0.07339732402047507
Kapisa,2016,10,0.18266990276577905,0.10349571206374719
Kunar,2016,10,0.39422143053504666,0.16288036078489743
Kunduz,2016,10,0.12495355469502092,0.08569243578867797
Laghman,2016,10,0.22199284993136237,0.1128662964756309
Logar,2016,10,0.11612315383993381,0.07128530880892478
Nangarhar,2016,10,0.1730219244482496,0.09299391686713554
Nimroz,2016,10,0.07537020001396004,0.05769538817870176
Nuristan,2016,10,0.2268692568872138,0.10032943466161606
Paktya,2016,10,0.17338624849008558,0.09647043187166264
Samangan,2016,10,0.13830722350154143,0.09251611788925129
Sar-e-Pul,2016,10,0.141207686489568,0.09159691870426545
Takhar,2016,10,0.12947351035019106,0.07821734693872542
Wardak,2016,10,0.1317938157237622,0.08073164811729704
Zabul,2016,10,0.10490376841366873,0.07433466583429064
Khost,2016,11,0.2083690243397931,0.11556457592075016
Paktika,2016,11,0.11344721638355705,0.0730722151823355
Daykundi,2016,11,0.1225742530895171,0.06909558094817536
Panjsher,2016,11,0.12128625398793108,0.0654921255223129
Parwan,2016,11,0.12151632866151953,0.06839266081228952
Uruzgan,2016,11,0.13334978752972063,0.08353646048974611
Badakhshan,2016,11,0.03574534822555113,0.016237774532974262
Badghis,2016,11,0.14425127390379094,0.08942196386743817
Baghlan,2016,11,0.1219427365824301,0.06986442868740636
Balkh,2016,11,0.1024431021446481,0.06748631022494421
Bamyan,2016,11,0.12984720532588154,0.0761525854688588
Farah,2016,11,0.09628757062372013,0.06410064286846881
Faryab,2016,11,0.12391633812998218,0.07792358566806397
Ghazni,2016,11,0.11800905546754467,0.07807613082165593
Ghor,2016,11,0.12917126949962332,0.07943890231218412
Hilmand,2016,11,0.09515687100506007,0.06526903108801711
Hirat,2016,11,0.1084306210104824,0.06801842332923588
Jawzjan,2016,11,0.1003673454692584,0.06854623015417861
Kabul,2016,11,0.12639718725541446,0.07780243417622701
Kandahar,2016,11,0.0998730275637147,0.07065327272319066
Kapisa,2016,11,0.16993519456772913,0.09591384178154058
Kunar,2016,11,0.3739998433747204,0.1434763794178185
Kunduz,2016,11,0.0907104608479758,0.04976492330406705
Laghman,2016,11,0.21172025008179776,0.10747432343951321
Logar,2016,11,0.10986685760728988,0.06748220963414238
Nangarhar,2016,11,0.16141839752493434,0.08567408276855493
Nimroz,2016,11,0.0761525017431578,0.056513885768728116
Nuristan,2016,11,0.20745318227095758,0.09044832149509585
Paktya,2016,11,0.17470335289558864,0.09569228400818355
Samangan,2016,11,0.12171501974803309,0.07762387256453042
Sar-e-Pul,2016,11,0.12383042729389479,0.07678320404776912
Takhar,2016,11,0.0894018193883637,0.048300463730590514
Wardak,2016,11,0.12538010304054012,0.07488107619631093
Zabul,2016,11,0.10402296786119207,0.07046422220899828
Khost,2016,12,0.20729603215805267,0.10527232417231877
Paktika,2016,12,0.11254516703907429,0.06920349368495403
Daykundi,2016,12,0.09294993846209043,0.0548910325017869
Panjsher,2016,12,0.05223432964300186,0.022809932447022105
Parwan,2016,12,0.08614981835815197,0.04482626885430619
Uruzgan,2016,12,0.12202699875408925,0.0778762519069464
Badakhshan,2016,12,0.030033317503998274,0.008998168006587712
Badghis,2016,12,0.13883834472958861,0.08370684122788447
Baghlan,2016,12,0.11820855974999031,0.06324643980160087
Balkh,2016,12,0.11229284542370518,0.06954606961346746
Bamyan,2016,12,0.06583091624132664,0.04188546135458115
Farah,2016,12,0.09272059813291066,0.06111787987163198
Faryab,2016,12,0.13224175387135714,0.08148385999688573
Ghazni,2016,12,0.10420157310153426,0.07010000139976937
Ghor,2016,12,0.09239975198845392,0.056866072925463675
Hilmand,2016,12,0.09469546451432617,0.06513535936969826
Hirat,2016,12,0.10430251441973991,0.06494188229252995
Jawzjan,2016,12,0.10606992287533588,0.06942151884626324
Kabul,2016,12,0.11627103939104488,0.06649268737681144
Kandahar,2016,12,0.09906865587639359,0.06961869488361772
Kapisa,2016,12,0.15718131309572778,0.08115948436262134
Kunar,2016,12,0.36531517094756477,0.13127680912362397
Kunduz,2016,12,0.13572625210562422,0.07789498583974482
Laghman,2016,12,0.2009483939594248,0.09162693653979292
Logar,2016,12,0.10851728109462083,0.06144281469206875
Nangarhar,2016,12,0.15400543806917835,0.07425034502306647
Nimroz,2016,12,0.07462631651144605,0.055684179056437716
Nuristan,2016,12,0.1132944343648129,0.03564287757805556
Paktya,2016,12,0.17113859515506746,0.0872178869766291
Samangan,2016,12,0.13175433214926976,0.08229992654590068
Sar-e-Pul,2016,12,0.1042248973148537,0.061299257864972846
Takhar,2016,12,0.12020011033790684,0.057861119277680395
Wardak,2016,12,0.08750210084533232,0.054190977264069365
Zabul,2016,12,0.10139221405020148,0.06683354956983587
Khost,2017,1,0.19255375095654742,0.10050745564261881
Paktika,2017,1,0.09220993208351565,0.055851469659231934
Daykundi,2017,1,0.066792425243849,0.03932731301009166
Panjsher,2017,1,-0.029415484768460416,-0.027057956176921028
Parwan,2017,1,0.012713554053948369,0.000645636507128855
Uruzgan,2017,1,0.1090532938730089,0.06915657671268773
Badakhshan,2017,1,-0.02082891337186438,-0.022495211630518253
Badghis,2017,1,0.11174043815869582,0.05935357989257284
Baghlan,2017,1,0.0659614398056505,0.03331546103659995
Balkh,2017,1,0.12192964669799267,0.0719742521543467
Bamyan,2017,1,0.010113017441941543,0.004003095505902689
Farah,2017,1,0.0918214350042211,0.05866487871964795
Faryab,2017,1,0.1329634555254404,0.0761780486871065
Ghazni,2017,1,0.03563974946496527,0.022627096800684487
Ghor,2017,1,0.036127906494781176,0.02106679935218626
Hilmand,2017,1,0.09753658986541994,0.06653406847138259
Hirat,2017,1,0.09611479985690041,0.05539969764710191
Jawzjan,2017,1,0.13044170110273226,0.08084165525185995
Kabul,2017,1,0.05892061143477488,0.032319022909207934
Kandahar,2017,1,0.10445538823689,0.0686883168316502
Kapisa,2017,1,0.08676529009896286,0.046409484459483036
Kunar,2017,1,0.28442989044965233,0.13088993309576263
Kunduz,2017,1,0.1846303753511747,0.10020859061329841
Laghman,2017,1,0.14693817273982654,0.07637545442544462
Logar,2017,1,0.043453288064494736,0.024282018743086935
Nangarhar,2017,1,0.13595670381716457,0.07041552323011316
Nimroz,2017,1,0.07550371240045477,0.055620477859337186
Nuristan,2017,1,0.04773572833647009,0.017688325335044556
Paktya,2017,1,0.09750893562918513,0.05608012982479362
Samangan,2017,1,0.0855047926804111,0.05074939607387665
Sar-e-Pul,2017,1,0.06467262863775945,0.03199340960634448
Takhar,2017,1,0.06141368717870893,0.026688600028058174
Wardak,2017,1,0.007243254485335934,0.0020295234999620506
Zabul,2017,1,0.07984614518391295,0.05023886487025644
Khost,2017,2,0.17967992747085357,0.10427996279168096
Paktika,2017,2,0.08566276527987277,0.05044531489365401
Daykundi,2017,2,0.02250687972412744,0.004507018437752251
Panjsher,2017,2,-0.03420765634799514,-0.03522946909941303
Parwan,2017,2,-0.01082962480114607,-0.019558026620390603
Uruzgan,2017,2,0.09682105426860306,0.05559636245923155
Badakhshan,2017,2,-0.018015134310831894,-0.021670369003452823
Badghis,2017,2,0.114181277826463,0.061235855825651
Baghlan,2017,2,0.055716001812879286,0.0287708239712638
Balkh,2017,2,0.09242344510362466,0.05879541028918533
Bamyan,2017,2,-0.016781142594919096,-0.020259923241909245
Farah,2017,2,0.09069657149067163,0.058192266706892405
Faryab,2017,2,0.14356867603628093,0.08223350219552199
Ghazni,2017,2,-0.00563920972335183,-0.013586266668303914
Ghor,2017,2,-0.011925477360529778,-0.01819177126363915
Hilmand,2017,2,0.10694140273523818,0.07218559097814718
Hirat,2017,2,0.08815535687474733,0.05199676574737901
Jawzjan,2017,2,0.14154013495647327,0.09188115827127251
Kabul,2017,2,0.035893265672794224,0.01333918030602214
Kandahar,2017,2,0.10975992400292403,0.0719703846098757
Kapisa,2017,2,0.07354477292044714,0.03832178493700154
Kunar,2017,2,0.26892129824253835,0.12175419665850883
Kunduz,2017,2,0.14212140651739152,0.08225549679963023
Laghman,2017,2,0.16472297137956954,0.08888325893488937
Logar,2017,2,0.00445707298062603,-0.005392934393822065
Nangarhar,2017,2,0.1412747111157988,0.07954773182638025
Nimroz,2017,2,0.07787294727333183,0.05658676974362059
Nuristan,2017,2,0.023440886699180735,0.0015204189832441518
Paktya,2017,2,0.05608306195532065,0.031077457109124518
Samangan,2017,2,0.05832294837458609,0.03315623854821434
Sar-e-Pul,2017,2,0.04978478015502713,0.020446428337005575
Takhar,2017,2,0.08147910074192521,0.039247421004642374
Wardak,2017,2,-0.02776135473220272,-0.03037468505628101
Zabul,2017,2,0.06727112974634059,0.03851842756500716
Khost,2017,3,0.23842287495527065,0.13833672981153503
Paktika,2017,3,0.11599524933710864,0.07370854509699196
Daykundi,2017,3,0.07777981775341677,0.04492704943744911
Panjsher,2017,3,-0.009586369912853528,-0.01801203519516132
Parwan,2017,3,0.040900030283782786,0.015808698706820477
Uruzgan,2017,3,0.14519512060190512,0.0981353293821537
Badakhshan,2017,3,0.006679845777253646,-0.007473944235262999
Badghis,2017,3,0.25779011732302276,0.1645963220351953
Baghlan,2017,3,0.14190155846191363,0.08887843563430645
Balkh,2017,3,0.17299590830542558,0.12063158779545044
Bamyan,2017,3,0.007586400662794581,-0.0018135582089941352
Farah,2017,3,0.11044989746443831,0.07783516647534722
Faryab,2017,3,0.23010451433394025,0.1501902689028786
Ghazni,2017,3,0.052385186145858284,0.03252722804394461
Ghor,2017,3,0.06521845540309208,0.03748079629478333
Hilmand,2017,3,0.12499281865741642,0.09021356698928483
Hirat,2017,3,0.13253418987602897,0.08683762556940103
Jawzjan,2017,3,0.1793759252832731,0.1297555798253834
Kabul,2017,3,0.12046054267596468,0.07130510161772913
Kandahar,2017,3,0.12867195018690236,0.09261527493015125
Kapisa,2017,3,0.15783240201938153,0.09410776037719029
Kunar,2017,3,0.33696972795113794,0.17169772195766192
Kunduz,2017,3,0.26533186515137086,0.18974974727053273
Laghman,2017,3,0.20938334531847852,0.1228377699849062
Logar,2017,3,0.0834987993110008,0.052169414007723666
Nangarhar,2017,3,0.19575753563355375,0.12007984195479712
Nimroz,2017,3,0.07422472808582724,0.05702111539010513
Nuristan,2017,3,0.054252838627115545,0.01696310218954954
Paktya,2017,3,0.14101936368730242,0.08107127507255787
Samangan,2017,3,0.14965401730472852,0.099667182302556
Sar-e-Pul,2017,3,0.13046390208147823,0.08281652135402501
Takhar,2017,3,0.15865390593968312,0.0938281618071455
Wardak,2017,3,0.015005636110396327,0.0010462156518270325
Zabul,2017,3,0.1135889590378092,0.07648470687106262
Khost,2017,4,0.2648892178580107,0.16613190305099762
Paktika,2017,4,0.13908643332855478,0.09600447343936337
Daykundi,2017,4,0.15542720009975666,0.10338826649391311
Panjsher,2017,4,0.03074760854772204,0.0023769737037727503
Parwan,2017,4,0.12554302050492688,0.0730537476099745
Uruzgan,2017,4,0.1786079628894515,0.13018828210194158
Badakhshan,2017,4,0.031178532285418437,0.002132321526516535
Badghis,2017,4,0.2957524176392481,0.215182097309663
Baghlan,2017,4,0.20425360473942555,0.13675370681052554
Balkh,2017,4,0.2235843212762003,0.16989925874221978
Bamyan,2017,4,0.09180771628633273,0.058645306980726127
Farah,2017,4,0.12251749455143857,0.08891589278887449
Faryab,2017,4,0.29041462035878896,0.21230071779301307
Ghazni,2017,4,0.13746715679274138,0.09898959265857529
Ghor,2017,4,0.15877709692073733,0.11243085735344203
Hilmand,2017,4,0.12258656566643472,0.09069391693348915
Hirat,2017,4,0.17184080890457168,0.12208492697615263
Jawzjan,2017,4,0.2264282790905663,0.17474816566031198
Kabul,2017,4,0.1797656992514443,0.11906542073961152
Kandahar,2017,4,0.13621696875866254,0.10086544089100452
Kapisa,2017,4,0.23438353869640666,0.15336070531717877
Kunar,2017,4,0.3964409986757709,0.19555350696512555
Kunduz,2017,4,0.29814746529441716,0.22319248050435755
Laghman,2017,4,0.24694657970756925,0.14992007127779391
Logar,2017,4,0.14624783290188284,0.09636872777795609
Nangarhar,2017,4,0.22638067998742467,0.14609521646781645
Nimroz,2017,4,0.07865379480103463,0.059920877672180024
Nuristan,2017,4,0.10211527952507471,0.03787691832106185
Paktya,2017,4,0.20036683135569683,0.12451860340811767
Samangan,2017,4,0.21219167171512116,0.15357801022256065
Sar-e-Pul,2017,4,0.21976744665108452,0.155119841228888
Takhar,2017,4,0.22606395477048902,0.15171623454228877
Wardak,2017,4,0.11018400155876097,0.06730729821230977
Zabul,2017,4,0.1445193140520189,0.10445793915529683
Khost,2017,5,0.2400821693407913,0.15443908233053383
Paktika,2017,5,0.13515755744957128,0.09538100813008461
Daykundi,2017,5,0.189570806456787,0.12842960422868083
Panjsher,2017,5,0.1359115196602311,0.07393780691584774
Parwan,2017,5,0.20812404963348952,0.13323130198794025
Uruzgan,2017,5,0.16357268027797833,0.12014007983549696
Badakhshan,2017,5,0.13180209615006822,0.07163237288501988
Badghis,2017,5,0.22510346855765945,0.16378238726462047
Baghlan,2017,5,0.23679078796281566,0.16364928451288804
Balkh,2017,5,0.17687866839022034,0.13587922929084092
Bamyan,2017,5,0.1908694925090468,0.13290298012437432
Farah,2017,5,0.11099751989549404,0.08074646870525161
Faryab,2017,5,0.21936303446740693,0.1629632230603887
Ghazni,2017,5,0.17259781437985153,0.12785486825746933
Ghor,2017,5,0.19916197166328423,0.14039906187268159
Hilmand,2017,5,0.10805302585532733,0.0796759117410629
Hirat,2017,5,0.15982561868038825,0.11366271297433875
Jawzjan,2017,5,0.1603505550981273,0.12453072636560436
Kabul,2017,5,0.19718215112072918,0.13822346240165534
Kandahar,2017,5,0.12122406556602637,0.09105263928913455
Kapisa,2017,5,0.2546510013092926,0.17127316461931594
Kunar,2017,5,0.42378423462494735,0.22625004094253226
Kunduz,2017,5,0.21174178071757802,0.1592273417593793
Laghman,2017,5,0.24432127053918126,0.15274403730744784
Logar,2017,5,0.16556290193653794,0.11360057525460272
Nangarhar,2017,5,0.2002140591764992,0.13157265522411787
Nimroz,2017,5,0.08003118130679117,0.060907884505049165
Nuristan,2017,5,0.19718841494976072,0.10104564644574082
Paktya,2017,5,0.23388051695916395,0.1524200542306872
Samangan,2017,5,0.22090988947102635,0.16604714663583725
Sar-e-Pul,2017,5,0.2285733597136269,0.16892101647863073
Takhar,2017,5,0.2580423166592964,0.17833090414351419
Wardak,2017,5,0.19898747043392534,0.13290645025573994
Zabul,2017,5,0.13274855891533263,0.09946497329528409
Khost,2017,6,0.2310577809290486,0.15003753746348397
Paktika,2017,6,0.12341518265040446,0.08764242107850082
Daykundi,2017,6,0.16127275339446523,0.11199283615980304
Panjsher,2017,6,0.18558794591544533,0.11372484133473004
Parwan,2017,6,0.199349933765912,0.13377493837945656
Uruzgan,2017,6,0.1495656556812627,0.11229537830767027
Badakhshan,2017,6,0.18772940445905864,0.11700267659205861
Badghis,2017,6,0.18154420661183007,0.13562939844546654
Baghlan,2017,6,0.2024017584273011,0.13755847369451457
Balkh,2017,6,0.14573859534033798,0.1145720393061722
Bamyan,2017,6,0.19363690541064915,0.1359462516350256
Farah,2017,6,0.1031079542421025,0.07636643416228484
Faryab,2017,6,0.17808575797861,0.13557207032390722
Ghazni,2017,6,0.16320556230656225,0.12113007045063445
Ghor,2017,6,0.17572649775791913,0.12904761826781658
Hilmand,2017,6,0.10470445894926948,0.07804409240896693
Hirat,2017,6,0.13675471079665133,0.09938093414997216
Jawzjan,2017,6,0.13488842547874005,0.10729547151643319
Kabul,2017,6,0.18001445406941735,0.1298586868592136
Kandahar,2017,6,0.11373243605507179,0.0854235268425108
Kapisa,2017,6,0.22788076351582678,0.15463497009467242
Kunar,2017,6,0.42683064173237645,0.23269070293309568
Kunduz,2017,6,0.17284266139817847,0.12988228001167224
Laghman,2017,6,0.24226630104287614,0.150351469652693
Logar,2017,6,0.15169637091949553,0.10552163616953676
Nangarhar,2017,6,0.19733060273678207,0.12734752550218506
Nimroz,2017,6,0.07833927762948062,0.0603658034002289
Nuristan,2017,6,0.2724582295559739,0.15143706928592185
Paktya,2017,6,0.22540221747308298,0.14612114909523083
Samangan,2017,6,0.18546839293760048,0.13705532142373986
Sar-e-Pul,2017,6,0.20025317509095156,0.15104909842361833
Takhar,2017,6,0.1956925620143596,0.13360165270190846
Wardak,2017,6,0.19961389614509187,0.13786719928291302
Zabul,2017,6,0.12026705683823018,0.08974334645736173
Khost,2017,7,0.26610733272461734,0.16665894281802815
Paktika,2017,7,0.1171900365684404,0.08103376173178971
Daykundi,2017,7,0.14144989564467703,0.09800772374715702
Panjsher,2017,7,0.18778697565940367,0.11254425663001118
Parwan,2017,7,0.1790063190852044,0.11658836117171459
Uruzgan,2017,7,0.1430783484098443,0.10930344406774785
Badakhshan,2017,7,0.1832852301971157,0.11381887273459852
Badghis,2017,7,0.16255666090847548,0.12108605241244255
Baghlan,2017,7,0.17861092458080896,0.12664327811865395
Balkh,2017,7,0.14113201034727585,0.11062866096555193
Bamyan,2017,7,0.16778879665251226,0.11652100231506629
Farah,2017,7,0.09896653467281256,0.07299088230292271
Faryab,2017,7,0.1586527778106505,0.11969460669505756
Ghazni,2017,7,0.14320143106323444,0.10741276227368544
Ghor,2017,7,0.15116222123402115,0.10828726700971421
Hilmand,2017,7,0.10588157267370168,0.07876912374759315
Hirat,2017,7,0.12517351387732858,0.09026608820299793
Jawzjan,2017,7,0.12818810569699682,0.10170008858444024
Kabul,2017,7,0.16899444981879702,0.11736278646470515
Kandahar,2017,7,0.10897899830376653,0.08221196797178654
Kapisa,2017,7,0.2348598550326335,0.15527941754303293
Kunar,2017,7,0.42133251076273265,0.22309662542074854
Kunduz,2017,7,0.1970666389151029,0.14593431778703483
Laghman,2017,7,0.24150335036779577,0.1509641096217047
Logar,2017,7,0.13985418600665092,0.09507474223246451
Nangarhar,2017,7,0.2023552197951262,0.13628368526875959
Nimroz,2017,7,0.07554057134819614,0.05874078582897175
Nuristan,2017,7,0.2814886561910685,0.1565662446820409
Paktya,2017,7,0.2142693503163758,0.138469820802224
Samangan,2017,7,0.1608771756601521,0.12015822766970745
Sar-e-Pul,2017,7,0.1780081951999925,0.13142893814845105
Takhar,2017,7,0.18475594479376437,0.12740769758376747
Wardak,2017,7,0.17094228340740175,0.11514734754813499
Zabul,2017,7,0.11123529265823241,0.08480205877641646
Khost,2017,8,0.27346260979711823,0.17176933926240018
Paktika,2017,8,0.11366975625957916,0.07853901833419483
Daykundi,2017,8,0.13476140702909462,0.09069326385995356
Panjsher,2017,8,0.16844511357354275,0.09729227292978194
Parwan,2017,8,0.16370879442381858,0.10197568152685726
Uruzgan,2017,8,0.14008755564951467,0.1033307170662434
Badakhshan,2017,8,0.15222677706447374,0.09267184092714854
Badghis,2017,8,0.1505617491136348,0.11109461492701182
Baghlan,2017,8,0.16326745969608183,0.11466593715156352
Balkh,2017,8,0.13587172018577554,0.10528727918987461
Bamyan,2017,8,0.1474536854992154,0.10046610447897943
Farah,2017,8,0.09896257956203246,0.0721698288420599
Faryab,2017,8,0.1463502387814004,0.10908768075715075
Ghazni,2017,8,0.1322034618505169,0.09654229369366497
Ghor,2017,8,0.13786866037367937,0.09688640564909069
Hilmand,2017,8,0.1075003110496056,0.07975353941508324
Hirat,2017,8,0.11987814156907572,0.08535021750785278
Jawzjan,2017,8,0.12408411314941427,0.09781180547528245
Kabul,2017,8,0.1600982824025964,0.10863620331882463
Kandahar,2017,8,0.1094814337598119,0.08149758936518452
Kapisa,2017,8,0.23321504843084429,0.15470082463833087
Kunar,2017,8,0.440840233196556,0.2253964810213956
Kunduz,2017,8,0.20718382186312753,0.1565729464688109
Laghman,2017,8,0.2471535031126598,0.14767234116133574
Logar,2017,8,0.13105218773490734,0.08834116421177646
Nangarhar,2017,8,0.2020624280607881,0.13019299949590085
Nimroz,2017,8,0.0764845555459577,0.05930238602107688
Nuristan,2017,8,0.2658791987031835,0.1414006682871844
Paktya,2017,8,0.19997413947259776,0.1270237965694342
Samangan,2017,8,0.1468315711145091,0.10662504859488629
Sar-e-Pul,2017,8,0.1582510847486318,0.11543578155892414
Takhar,2017,8,0.17336028376029225,0.1200829171180156
Wardak,2017,8,0.15075819528072676,0.09726051915778028
Zabul,2017,8,0.10920963845468803,0.08027451680923002
Khost,2017,9,0.2361140943387097,0.13746524981935807
Paktika,2017,9,0.1090148773865807,0.07409277895775203
Daykundi,2017,9,0.12885271138530238,0.08378883410420505
Panjsher,2017,9,0.15234155811666136,0.08337962726286005
Parwan,2017,9,0.14552181121856148,0.08715448860599775
Uruzgan,2017,9,0.13334779620211876,0.0956938337661321
Badakhshan,2017,9,0.12593609939666892,0.07105671400469549
Badghis,2017,9,0.14193413352586004,0.10162451797442612
Baghlan,2017,9,0.14682482108772318,0.09725335508219489
Balkh,2017,9,0.12243049586490624,0.09242175257871396
Bamyan,2017,9,0.13520278420359078,0.0900856255751537
Farah,2017,9,0.09677407015836091,0.06906385084483078
Faryab,2017,9,0.1361264466195452,0.09802461324637689
Ghazni,2017,9,0.12386707728409999,0.08898820569600789
Ghor,2017,9,0.13031351941930203,0.08829977871747592
Hilmand,2017,9,0.10399897316511167,0.07527511595819783
Hirat,2017,9,0.11517596640824358,0.07991964909575636
Jawzjan,2017,9,0.1129745406167656,0.0867581235625016
Kabul,2017,9,0.14785637971470258,0.09632761325270425
Kandahar,2017,9,0.10702567648830086,0.07855410960516568
Kapisa,2017,9,0.20435593242321096,0.1271042581017072
Kunar,2017,9,0.42665701904109254,0.19642923905957244
Kunduz,2017,9,0.16150471358819038,0.11708049886248978
Laghman,2017,9,0.2350638125754931,0.13059710172390493
Logar,2017,9,0.1214232754329804,0.07968847037786439
Nangarhar,2017,9,0.18601032752417895,0.11166691169629901
Nimroz,2017,9,0.0757918546001713,0.05830020245832119
Nuristan,2017,9,0.23552799327601734,0.11643896418363371
Paktya,2017,9,0.18279571857665736,0.10983967867032016
Samangan,2017,9,0.13779135652121946,0.0987393433950024
Sar-e-Pul,2017,9,0.14517611550764678,0.10225757784189482
Takhar,2017,9,0.14872527735461968,0.09586007339830908
Wardak,2017,9,0.13652909658295648,0.08656023947541587
Zabul,2017,9,0.1058992685285916,0.07683907093774975
Khost,2017,10,0.20638798882326526,0.11626200084863517
Paktika,2017,10,0.10693326040503248,0.07156373346253918
Daykundi,2017,10,0.122627969359145,0.07674354364798601
Panjsher,2017,10,0.13701255664557782,0.0732879833597641
Parwan,2017,10,0.13262827898877924,0.07689320139609852
Uruzgan,2017,10,0.12698114849983472,0.08806919114590281
Badakhshan,2017,10,0.10988436931685339,0.060636376080601975
Badghis,2017,10,0.13514235278108785,0.09430148029634178
Baghlan,2017,10,0.136548186724147,0.08861170043122035
Balkh,2017,10,0.10771606387969203,0.08080631071105625
Bamyan,2017,10,0.12699455693171643,0.08187776016237694
Farah,2017,10,0.09620823232944391,0.06752441318335253
Faryab,2017,10,0.12682660887074845,0.09017764747071037
Ghazni,2017,10,0.11794577247910022,0.08303178678440411
Ghor,2017,10,0.12527295731479599,0.08329169995576208
Hilmand,2017,10,0.09939154745692613,0.07138335444187714
Hirat,2017,10,0.11249452701710291,0.07660380513980797
Jawzjan,2017,10,0.09594484717649213,0.07469773454708233
Kabul,2017,10,0.13552923225673882,0.0861196061873144
Kandahar,2017,10,0.10437726581283671,0.07599797418268761
Kapisa,2017,10,0.1816284216780387,0.10805268850978293
Kunar,2017,10,0.3824266872720609,0.156046954893323
Kunduz,2017,10,0.13147524534533606,0.09374913790126167
Laghman,2017,10,0.21474691171870977,0.11339867612744813
Logar,2017,10,0.11286260576931999,0.07182516953707264
Nangarhar,2017,10,0.16434466201884965,0.09344674643986776
Nimroz,2017,10,0.07484356923633245,0.05742340121985008
Nuristan,2017,10,0.21453243432985336,0.09752805554112579
Paktya,2017,10,0.17111640401411565,0.09794238979421846
Samangan,2017,10,0.1328019532664444,0.09195756916851906
Sar-e-Pul,2017,10,0.13702355065285388,0.09331030579576759
Takhar,2017,10,0.13380365566847097,0.08338251469291551
Wardak,2017,10,0.126537449111263,0.07910547978140127
Zabul,2017,10,0.10276615778510541,0.07358200892737013
Khost,2017,11,0.19582039164538656,0.10206204485440322
Paktika,2017,11,0.10909086797197752,0.06613704977158885
Daykundi,2017,11,0.10512518074951804,0.06380096986034056
Panjsher,2017,11,0.10273145271152492,0.05346704700139025
Parwan,2017,11,0.09661777527757075,0.05275818496449058
Uruzgan,2017,11,0.11898296526635815,0.07936456704060327
Badakhshan,2017,11,0.10156365835421877,0.05428990370207239
Badghis,2017,11,0.13707032600855293,0.09268551381722108
Baghlan,2017,11,0.12525558057191089,0.07483008060303961
Balkh,2017,11,0.10740451678145248,0.07636654435046954
Bamyan,2017,11,0.07630735966707151,0.048082291073298394
Farah,2017,11,0.09548103131483433,0.06463603139613729
Faryab,2017,11,0.12519938215373466,0.08532675339068566
Ghazni,2017,11,0.08697626129719943,0.058011751694980754
Ghor,2017,11,0.10671864614914028,0.06975278757732087
Hilmand,2017,11,0.09608300827374994,0.06726400119190862
Hirat,2017,11,0.1114983187964225,0.07276082639344499
Jawzjan,2017,11,0.10454971195703268,0.07440003981570696
Kabul,2017,11,0.12295386096538255,0.07213732895194028
Kandahar,2017,11,0.10423890756349527,0.07278784791372246
Kapisa,2017,11,0.16383040107187338,0.09106136127803843
Kunar,2017,11,0.34366876079311315,0.13224687321079415
Kunduz,2017,11,0.11703785361543519,0.0799775539310697
Laghman,2017,11,0.2004469689885462,0.09946829698077701
Logar,2017,11,0.0999379627745266,0.060234422189411496
Nangarhar,2017,11,0.1517118080691461,0.07754593648304832
Nimroz,2017,11,0.07269485161259322,0.055023509121231044
Nuristan,2017,11,0.15995821894540832,0.06720615449530261
Paktya,2017,11,0.15856332972830903,0.08594906730370662
Samangan,2017,11,0.12308174667238407,0.08374752929725095
Sar-e-Pul,2017,11,0.10744066440885328,0.07061624222950574
Takhar,2017,11,0.12371998935244309,0.0728927311320438
Wardak,2017,11,0.0896760981608522,0.055419791901981805
Zabul,2017,11,0.1000569451608298,0.06705086427712126
Khost,2017,12,0.197351206001913,0.103120772920759
Paktika,2017,12,0.1058480377374419,0.06580597834173645
Daykundi,2017,12,0.09504371357938125,0.05611156522136466
Panjsher,2017,12,0.001898825447851147,-0.0038943499002435412
Parwan,2017,12,0.061289064826049997,0.03326671001315083
Uruzgan,2017,12,0.11164458921912701,0.07284124576018879
Badakhshan,2017,12,0.01624084886116134,0.004866224337414806
Badghis,2017,12,0.12911247660833883,0.08421274645448391
Baghlan,2017,12,0.0814134982418436,0.04780419102080779
Balkh,2017,12,0.096637097770958,0.06631866540324942
Bamyan,2017,12,0.03789942598889373,0.024343296070736944
Farah,2017,12,0.09402728798737127,0.06197468831283765
Faryab,2017,12,0.11474244162545837,0.07740712668188988
Ghazni,2017,12,0.06481600891581263,0.044535298247324155
Ghor,2017,12,0.09200006250121397,0.058824086607460226
Hilmand,2017,12,0.09076335602845888,0.06293376997506113
Hirat,2017,12,0.10651950661236737,0.06743891380784191
Jawzjan,2017,12,0.09260514174291633,0.06821036850287325
Kabul,2017,12,0.10266419960568135,0.06045438264619676
Kandahar,2017,12,0.0975114634610483,0.06922978317754523
Kapisa,2017,12,0.11341717336132934,0.06518374153542547
Kunar,2017,12,0.3418777725309678,0.1274810793294893
Kunduz,2017,12,0.11206143139255484,0.07286205993143076
Laghman,2017,12,0.1819784503014164,0.08569899079064769
Logar,2017,12,0.08819531267249331,0.05328708639540612
Nangarhar,2017,12,0.15134124268452542,0.07513338751527197
Nimroz,2017,12,0.07138111615541844,0.05391077263579288
Nuristan,2017,12,0.09193287701546865,0.029840952322054932
Paktya,2017,12,0.15280091541700166,0.08211270708024318
Samangan,2017,12,0.11228492922042103,0.07445757914971882
Sar-e-Pul,2017,12,0.08654175777162301,0.0565958939095863
Takhar,2017,12,0.07843093570779974,0.04473422788031517
Wardak,2017,12,0.06408777043885251,0.040685240126929686
Zabul,2017,12,0.0928726857768897,0.062274697334434914
Khost,2018,1,0.19343803262661147,0.10053813713406075
Paktika,2018,1,0.10489827620292591,0.06436242671980935
Daykundi,2018,1,0.09130122481907788,0.05444797626027258
Panjsher,2018,1,0.016681405300167866,0.003400932961612621
Parwan,2018,1,0.06439144865771958,0.034559499465108286
Uruzgan,2018,1,0.11327548440022286,0.07429805891038217
Badakhshan,2018,1,0.003775320897193423,-0.004243375778935616
Badghis,2018,1,0.12501416492943684,0.08235347192603104
Baghlan,2018,1,0.09479395797764452,0.054390839720523526
Balkh,2018,1,0.10062202513645203,0.06714687247195095
Bamyan,2018,1,0.03667146434356191,0.02359722211484519
Farah,2018,1,0.09233914256499724,0.06189257113478141
Faryab,2018,1,0.11408203009695086,0.0754028673860091
Ghazni,2018,1,0.06687148414786602,0.04608074743378805
Ghor,2018,1,0.08492297649104856,0.05275238998542958
Hilmand,2018,1,0.09269612300326117,0.06427226381637959
Hirat,2018,1,0.10273501346751497,0.06696909445944835
Jawzjan,2018,1,0.09960432924987782,0.06983295574563718
Kabul,2018,1,0.10437755686209386,0.06047820905741715
Kandahar,2018,1,0.09716553536759234,0.06837000567905194
Kapisa,2018,1,0.12296266835266334,0.06612963303326412
Kunar,2018,1,0.3488122609726652,0.13043986990843842
Kunduz,2018,1,0.12401620585575225,0.0758092022061153
Laghman,2018,1,0.19399279444058956,0.08821282925248884
Logar,2018,1,0.09178968033245512,0.0537887041186727
Nangarhar,2018,1,0.15753664755690897,0.08161704483654914
Nimroz,2018,1,0.0710952981019595,0.05416422874539862
Nuristan,2018,1,0.09691229813626544,0.030153294919542176
Paktya,2018,1,0.15597739139822703,0.0804233793090454
Samangan,2018,1,0.10262952161773842,0.06844285507472543
Sar-e-Pul,2018,1,0.08095960962743907,0.05115909258524354
Takhar,2018,1,0.0894629609039025,0.04894221311115455
Wardak,2018,1,0.06755293414620037,0.04222103280021701
Zabul,2018,1,0.09310001237074933,0.062448187153378805
Khost,2018,2,0.20597268422233084,0.10828682918708153
Paktika,2018,2,0.10773234385901226,0.06448059290884442
Daykundi,2018,2,0.06989287931906737,0.04216165462980571
Panjsher,2018,2,-0.014992120003802406,-0.01874808520877403
Parwan,2018,2,0.0318423498839999,0.012942888934440814
Uruzgan,2018,2,0.11114329387799293,0.07065952178438213
Badakhshan,2018,2,0.0008870789577110966,-0.009298441684133796
Badghis,2018,2,0.12395672836419244,0.07914335163241806
Baghlan,2018,2,0.09886231177600528,0.055140950940692414
Balkh,2018,2,0.10783168677615704,0.07388567044209071
Bamyan,2018,2,0.016738498664027233,0.008391016380627574
Farah,2018,2,0.09542810072046988,0.06432700784575192
Faryab,2018,2,0.12359312586393714,0.0822384799763614
Ghazni,2018,2,0.04910937968846896,0.03228555771034612
Ghor,2018,2,0.05610006460289864,0.035891258810010256
Hilmand,2018,2,0.1015036212143663,0.07036397711406311
Hirat,2018,2,0.1034541938897901,0.06487077548798391
Jawzjan,2018,2,0.10506691769589906,0.07616977131222395
Kabul,2018,2,0.09621611487867017,0.055800282375521364
Kandahar,2018,2,0.09912629292305795,0.06944908964553195
Kapisa,2018,2,0.12722818497868774,0.07074855348353452
Kunar,2018,2,0.3103314961556626,0.1407550481900817
Kunduz,2018,2,0.16022249482691264,0.09581951981773075
Laghman,2018,2,0.1911502567339612,0.10068102103010887
Logar,2018,2,0.07169854903173173,0.04577435632353633
Nangarhar,2018,2,0.1841278758696954,0.10700959704154364
Nimroz,2018,2,0.07300816964924428,0.055541697830741976
Nuristan,2018,2,0.050553872986924105,0.014289629986083664
Paktya,2018,2,0.1269986335869412,0.07036133487786994
Samangan,2018,2,0.07995699608514997,0.05070338797660825
Sar-e-Pul,2018,2,0.06252874803416159,0.037874352634463204
Takhar,2018,2,0.09025838151977891,0.044442074546618124
Wardak,2018,2,0.0264711513683122,0.014628515269703185
Zabul,2018,2,0.09008352394509574,0.059293126450294185
Khost,2018,3,0.23955840504463166,0.14302409461447513
Paktika,2018,3,0.11659460656375935,0.07552304879735862
Daykundi,2018,3,0.09834697639884722,0.05986437414489466
Panjsher,2018,3,0.003940786215338293,-0.011546043820551395
Parwan,2018,3,0.0719396805984697,0.03949533125910822
Uruzgan,2018,3,0.14236578426801463,0.09788856166912513
Badakhshan,2018,3,0.012956535261822154,-0.006063296543408028
Badghis,2018,3,0.21506414275991387,0.14390297695561968
Baghlan,2018,3,0.14115341386831107,0.08996088740024948
Balkh,2018,3,0.14526332206365064,0.1079214596847119
Bamyan,2018,3,0.04383025789553607,0.025678956584347375
Farah,2018,3,0.10081514283959915,0.07148231029871552
Faryab,2018,3,0.18411369327679114,0.12733752383850816
Ghazni,2018,3,0.0893520633409445,0.06438236664885115
Ghor,2018,3,0.09627616125760442,0.05756590426725257
Hilmand,2018,3,0.11712964976628656,0.08613715372561359
Hirat,2018,3,0.12706605577393007,0.08348023387220856
Jawzjan,2018,3,0.1262727573836008,0.0952537313355579
Kabul,2018,3,0.13605596889113233,0.08693971432102289
Kandahar,2018,3,0.1054134892685461,0.07657187109768158
Kapisa,2018,3,0.1836554741335116,0.11461601980447585
Kunar,2018,3,0.36614163803727534,0.17077883021706397
Kunduz,2018,3,0.2507123965294008,0.17508259614445604
Laghman,2018,3,0.2386014308263029,0.1394185029392122
Logar,2018,3,0.10390518435234541,0.06749743268219975
Nangarhar,2018,3,0.23583144653153976,0.1468258706853779
Nimroz,2018,3,0.074879421843583,0.05794797471507642
Nuristan,2018,3,0.07085772832701102,0.02003305559846275
Paktya,2018,3,0.1640845020733025,0.09252516775231762
Samangan,2018,3,0.15166418136465074,0.10672576056550062
Sar-e-Pul,2018,3,0.12380470000442081,0.08579487036069848
Takhar,2018,3,0.15298737438120055,0.09455944852791238
Wardak,2018,3,0.05759220111870755,0.033577085322822574
Zabul,2018,3,0.10707676108966417,0.07568728444773216
Khost,2018,4,0.27438077943100914,0.17582467453377343
Paktika,2018,4,0.1435189438157177,0.09981614493447927
Daykundi,2018,4,0.16283138434710231,0.10246328111561863
Panjsher,2018,4,0.06563979935104104,0.028022907171826553
Parwan,2018,4,0.14996527312109018,0.09375447192880007
Uruzgan,2018,4,0.16307910694826813,0.1171418030417904
Badakhshan,2018,4,0.06608424495262326,0.02674186902424552
Badghis,2018,4,0.19125265626173893,0.13195417294928444
Baghlan,2018,4,0.18108152503065997,0.11877675667968382
Balkh,2018,4,0.15129154357818547,0.11417861112348995
Bamyan,2018,4,0.12114776438918182,0.07958088815315217
Farah,2018,4,0.10694041923196936,0.07718247314681526
Faryab,2018,4,0.16922076079296489,0.11781698915609372
Ghazni,2018,4,0.1475541005214056,0.10846948431489754
Ghor,2018,4,0.16671219941925108,0.11105370461035545
Hilmand,2018,4,0.11328980876299452,0.08293224628575549
Hirat,2018,4,0.13967114443826922,0.09603326712578993
Jawzjan,2018,4,0.10877868519314968,0.08640286136192009
Kabul,2018,4,0.17913159815740454,0.12335705420317067
Kandahar,2018,4,0.10475779362427119,0.07707337997289027
Kapisa,2018,4,0.24416141434798,0.16787952313475807
Kunar,2018,4,0.39921659956853556,0.21083278168279532
Kunduz,2018,4,0.23200689831244534,0.17379970541302944
Laghman,2018,4,0.25274234915990057,0.15364916848941995
Logar,2018,4,0.1445231216683798,0.09965844588463428
Nangarhar,2018,4,0.2235416233944886,0.14178556337320483
Nimroz,2018,4,0.07259849464846796,0.05629151426953705
Nuristan,2018,4,0.1254867312642364,0.05669140703164203
Paktya,2018,4,0.21247803525515113,0.13687889140876827
Samangan,2018,4,0.20663118459943108,0.14157976322935742
Sar-e-Pul,2018,4,0.17640411598901606,0.12236684500851433
Takhar,2018,4,0.23751311784418724,0.15885298696530092
Wardak,2018,4,0.13643643331381247,0.08885863169367265
Zabul,2018,4,0.12593732104147703,0.09135873297809334
Khost,2018,5,0.25108992499373056,0.15316033953859268
Paktika,2018,5,0.13170837661311766,0.09289236225967251
Daykundi,2018,5,0.19375424640619288,0.12626604028252902
Panjsher,2018,5,0.11882507125871272,0.06039917374271531
Parwan,2018,5,0.1977866303526535,0.12389752203530839
Uruzgan,2018,5,0.14851234950163636,0.11086416240931138
Badakhshan,2018,5,0.1266526082646095,0.0663444358266215
Badghis,2018,5,0.17368224712498997,0.12894500504319006
Baghlan,2018,5,0.20934324919392458,0.13885453709120868
Balkh,2018,5,0.13497623107166135,0.1037275053366544
Bamyan,2018,5,0.18328610234274365,0.12118796656046528
Farah,2018,5,0.09951719150201685,0.07298060153422588
Faryab,2018,5,0.15486159978653324,0.11405236481111562
Ghazni,2018,5,0.16932113266751278,0.12437976422017716
Ghor,2018,5,0.20061304447664136,0.14014848959261159
Hilmand,2018,5,0.1012012580873531,0.07462165855989826
Hirat,2018,5,0.12760581742605773,0.09105368822264942
Jawzjan,2018,5,0.09690332085210424,0.07631837416169245
Kabul,2018,5,0.1857040166351357,0.1270467410896601
Kandahar,2018,5,0.09934703895919952,0.0752328220340099
Kapisa,2018,5,0.25121583931771696,0.16618500667738198
Kunar,2018,5,0.42175608710716794,0.2150085961293667
Kunduz,2018,5,0.17670824019115278,0.12766962916961316
Laghman,2018,5,0.24110717595143324,0.14630863639373506
Logar,2018,5,0.1552102291540872,0.10610939102804202
Nangarhar,2018,5,0.2029096674540053,0.1274016596082993
Nimroz,2018,5,0.07118524566354768,0.055730345788949406
Nuristan,2018,5,0.17564628229951723,0.08806161194726322
Paktya,2018,5,0.22528810679249534,0.14237780835990108
Samangan,2018,5,0.2272414203097414,0.16897896898871057
Sar-e-Pul,2018,5,0.18931496979671,0.13668620437191936
Takhar,2018,5,0.24277614576365344,0.161406234706335
Wardak,2018,5,0.19428496555131197,0.1277891344818319
Zabul,2018,5,0.11368867085186492,0.08607884977591312
Khost,2018,6,0.23471614432311227,0.15195954460090333
Paktika,2018,6,0.12082200248437207,0.08751041419903027
Daykundi,2018,6,0.16972118305676287,0.11867092001251603
Panjsher,2018,6,0.17837998329485216,0.10909595320818398
Parwan,2018,6,0.19959345026073197,0.13135127645588482
Uruzgan,2018,6,0.13417202016090224,0.10246483698845503
Badakhshan,2018,6,0.18210833561579678,0.11297713077124504
Badghis,2018,6,0.14587471541517488,0.11212984393208075
Baghlan,2018,6,0.19211768339821883,0.13380740963719007
Balkh,2018,6,0.11962329380696593,0.09532901161724039
Bamyan,2018,6,0.20024658164365722,0.14243795650818464
Farah,2018,6,0.09382126888700439,0.07046495003287113
Faryab,2018,6,0.14009369756499657,0.10669506341867635
Ghazni,2018,6,0.1607964672285846,0.118814973274584
Ghor,2018,6,0.18736719808015262,0.137366646935335
Hilmand,2018,6,0.09606848598819581,0.0720365960720918
Hirat,2018,6,0.1127741311295168,0.08258937312215008
Jawzjan,2018,6,0.09160540269457998,0.07347841944193773
Kabul,2018,6,0.17010429887851178,0.12209052271875771
Kandahar,2018,6,0.09577965842160285,0.07274505829494424
Kapisa,2018,6,0.22614870980758264,0.1528268376797431
Kunar,2018,6,0.4328468547328147,0.23101818560542206
Kunduz,2018,6,0.1454141480152101,0.10713564648895356
Laghman,2018,6,0.2402089939029269,0.14904220980007502
Logar,2018,6,0.1436430261903884,0.10170194885448357
Nangarhar,2018,6,0.20406246293654143,0.13533830474684136
Nimroz,2018,6,0.07074165295810131,0.055775547463854575
Nuristan,2018,6,0.25813559571441186,0.14613332806745033
Paktya,2018,6,0.2128290084959181,0.14251915517370303
Samangan,2018,6,0.19791227849902718,0.1520993808000866
Sar-e-Pul,2018,6,0.1873119055774892,0.1430266634707544
Takhar,2018,6,0.1916871725814436,0.1300720833747836
Wardak,2018,6,0.20122300234590879,0.1348448540837799
Zabul,2018,6,0.10521835150441401,0.08089976098237531
Khost,2018,7,0.2540628230104159,0.16876050983918117
Paktika,2018,7,0.11440608851977394,0.08042101396801245
Daykundi,2018,7,0.1436334681040481,0.09985200377908132
Panjsher,2018,7,0.18258051480455778,0.11331709599208815
Parwan,2018,7,0.17310727538725262,0.11420617652650779
Uruzgan,2018,7,0.12930921931391035,0.0982799193560935
Badakhshan,2018,7,0.1771905555759283,0.11147838296956727
Badghis,2018,7,0.1334980999237965,0.10231449378611578
Baghlan,2018,7,0.17148523119443587,0.1204127463422656
Balkh,2018,7,0.12021378278978166,0.0957747857818429
Bamyan,2018,7,0.1706239026842957,0.12154370237535926
Farah,2018,7,0.09071775135390048,0.06788632396632788
Faryab,2018,7,0.12697262514024543,0.09611300944024322
Ghazni,2018,7,0.13880582181107823,0.10330312901642591
Ghor,2018,7,0.15417955797190006,0.11252686146446789
Hilmand,2018,7,0.09802531268398294,0.07360861446408198
Hirat,2018,7,0.10436985182600102,0.07592432891515234
Jawzjan,2018,7,0.09318056498938727,0.07473617970273198
Kabul,2018,7,0.1541521918199098,0.10887377604972333
Kandahar,2018,7,0.09527235329191254,0.07224297904081217
Kapisa,2018,7,0.21853578552080472,0.14566103347057047
Kunar,2018,7,0.4120872432799364,0.23779119163741974
Kunduz,2018,7,0.17500035567182257,0.12853096651907037
Laghman,2018,7,0.23304777958926232,0.14793682209080272
Logar,2018,7,0.13088700297941128,0.09032769247356129
Nangarhar,2018,7,0.19946407873182193,0.13291531145726085
Nimroz,2018,7,0.07035288814120852,0.055216027479522964
Nuristan,2018,7,0.2812762500565956,0.160116643285035
Paktya,2018,7,0.1964122483021451,0.12606105257749547
Samangan,2018,7,0.16414996681786162,0.12534839354744595
Sar-e-Pul,2018,7,0.16649256171156143,0.1262968845388634
Takhar,2018,7,0.17669614395809233,0.12294279122326439
Wardak,2018,7,0.16618875262088262,0.11141594411343499
Zabul,2018,7,0.09928193505271612,0.07584372692717116
Khost,2018,8,0.25446250363936457,0.16191593483193262
Paktika,2018,8,0.11008537685160583,0.07587044213189427
Daykundi,2018,8,0.13464061125429883,0.09241092619440783
Panjsher,2018,8,0.16270980463881388,0.09648038342781522
Parwan,2018,8,0.1569337915693497,0.10126054376872308
Uruzgan,2018,8,0.1280230377164151,0.09738768030816186
Badakhshan,2018,8,0.14645603560726042,0.08955762863046203
Badghis,2018,8,0.12846998240761773,0.09719907381318281
Baghlan,2018,8,0.15538789248780377,0.10849784712937935
Balkh,2018,8,0.11876424596486149,0.09411505519510108
Bamyan,2018,8,0.14859848666518974,0.10443834973321192
Farah,2018,8,0.09150223825054965,0.0676053892024917
Faryab,2018,8,0.12092537812016547,0.09050205200856115
Ghazni,2018,8,0.12854850658657563,0.0952012477530138
Ghor,2018,8,0.13767649182661057,0.09855383110694768
Hilmand,2018,8,0.09866303083641625,0.07437760789328958
Hirat,2018,8,0.10252874983104147,0.07335806812210152
Jawzjan,2018,8,0.09361582612832683,0.07462971419162312
Kabul,2018,8,0.14654918280155363,0.10095794138850496
Kandahar,2018,8,0.0949122388280775,0.0721216155685479
Kapisa,2018,8,0.21535483085473345,0.14259098279867585
Kunar,2018,8,0.428256674008677,0.23067068676605723
Kunduz,2018,8,0.18445117400801894,0.1369686079913101
Laghman,2018,8,0.22681414801272692,0.13862956091119777
Logar,2018,8,0.12473786857971213,0.08397672464995463
Nangarhar,2018,8,0.1947844362676055,0.12487511284546315
Nimroz,2018,8,0.07251196124601574,0.056926327387219686
Nuristan,2018,8,0.2621845588942871,0.14014242978908525
Paktya,2018,8,0.18198990831183054,0.11253263751133949
Samangan,2018,8,0.14778130048906393,0.11185737791328505
Sar-e-Pul,2018,8,0.14965132521599542,0.11103474741108874
Takhar,2018,8,0.16339234968518412,0.11270182070431474
Wardak,2018,8,0.1450272500671473,0.09612176964567791
Zabul,2018,8,0.09767458049382328,0.07417468076262539
Khost,2018,9,0.2349225178319949,0.1369070091337394
Paktika,2018,9,0.10885744135563499,0.07308886549106072
Daykundi,2018,9,0.12754259877980417,0.08381024577401142
Panjsher,2018,9,0.15065032484663052,0.0824429004084101
Parwan,2018,9,0.1432643418599126,0.085641102716743
Uruzgan,2018,9,0.12194396903622919,0.09000237203725112
Badakhshan,2018,9,0.12383452272642208,0.06905424685253926
Badghis,2018,9,0.12762697976348913,0.09235350188812735
Baghlan,2018,9,0.14861476156407882,0.09497862638193244
Balkh,2018,9,0.11399751822243852,0.0865281437854983
Bamyan,2018,9,0.1363488939689127,0.09107133240953319
Farah,2018,9,0.08998294537492581,0.06500914494553248
Faryab,2018,9,0.11801407825942625,0.0858010519142891
Ghazni,2018,9,0.12078928754988723,0.08728443955428299
Ghor,2018,9,0.12959860103575085,0.08913431674164114
Hilmand,2018,9,0.0990317630121258,0.07290318683006922
Hirat,2018,9,0.10042751224571286,0.07003432990040595
Jawzjan,2018,9,0.08925454524759568,0.0699781501456728
Kabul,2018,9,0.14172544733213402,0.09278086649881773
Kandahar,2018,9,0.09528874623583687,0.07152821952494937
Kapisa,2018,9,0.19853985162981272,0.12291360060920835
Kunar,2018,9,0.425129758906343,0.19442765398987863
Kunduz,2018,9,0.1564135535971705,0.11045218078035576
Laghman,2018,9,0.22917239553378566,0.12994659109557544
Logar,2018,9,0.11812745167182621,0.07684419349376662
Nangarhar,2018,9,0.18919511127571517,0.1131732488508976
Nimroz,2018,9,0.07177652610557,0.05602969477154278
Nuristan,2018,9,0.2301011794626938,0.11365963523656908
Paktya,2018,9,0.17524798790881374,0.10347943034497187
Samangan,2018,9,0.14187393582151803,0.1027908291373951
Sar-e-Pul,2018,9,0.14079559012321674,0.0987921166052399
Takhar,2018,9,0.15105238572841087,0.09437989707586318
Wardak,2018,9,0.13313591931798727,0.08500472742624152
Zabul,2018,9,0.09571763012591998,0.07144290048819904
Khost,2018,10,0.20968960321270846,0.11515055328579632
Paktika,2018,10,0.10432029871585556,0.06962400992902357
Daykundi,2018,10,0.12331822891015688,0.0781405787413409
Panjsher,2018,10,0.07972137139160856,0.04195605785025224
Parwan,2018,10,0.12673090815707555,0.07199767614802108
Uruzgan,2018,10,0.1182855903938144,0.0844603441351146
Badakhshan,2018,10,0.04156314183806584,0.01667351173546706
Badghis,2018,10,0.12388474732774789,0.08683007612933691
Baghlan,2018,10,0.12760995467960265,0.07767093651821191
Balkh,2018,10,0.11190851697609479,0.08050398940319423
Bamyan,2018,10,0.13021267171532622,0.08392497908757082
Farah,2018,10,0.08806809938536672,0.0634859053994588
Faryab,2018,10,0.11709452721759198,0.08295932526795217
Ghazni,2018,10,0.1144680766142543,0.08003757020038789
Ghor,2018,10,0.12651799971967012,0.08530366675125788
Hilmand,2018,10,0.09537764439438474,0.06933674401891649
Hirat,2018,10,0.09851826223542479,0.0678372542125705
Jawzjan,2018,10,0.08770064750082217,0.06688126605662374
Kabul,2018,10,0.1302106924736498,0.08224113175031667
Kandahar,2018,10,0.09362273702096854,0.06905276270943111
Kapisa,2018,10,0.17615159635041527,0.10465485376549216
Kunar,2018,10,0.40488158091212517,0.15318210367012117
Kunduz,2018,10,0.13940951509884128,0.09139758813803794
Laghman,2018,10,0.21474276324819308,0.11279014243257528
Logar,2018,10,0.10887272415096796,0.0683448854920682
Nangarhar,2018,10,0.17768404075716665,0.09644906339699129
Nimroz,2018,10,0.07036738347432579,0.05457455554906141
Nuristan,2018,10,0.16364600186923797,0.06883097516381129
Paktya,2018,10,0.16458454500943048,0.09261108001892243
Samangan,2018,10,0.14013662597026208,0.09634352746234907
Sar-e-Pul,2018,10,0.13721109940986367,0.09278267888043588
Takhar,2018,10,0.11903112079446021,0.07088512216044168
Wardak,2018,10,0.12648448985558425,0.07740134141688614
Zabul,2018,10,0.09265661166136664,0.06749195081852197
Khost,2018,11,0.20745165618528183,0.11120384289500031
Paktika,2018,11,0.1080115092049447,0.06865369106967763
Daykundi,2018,11,0.11599997773622782,0.06460696914881807
Panjsher,2018,11,0.043624529162936784,0.01911978795220891
Parwan,2018,11,0.09549241666633172,0.05237775690570475
Uruzgan,2018,11,0.1195001615769764,0.07855124068900343
Badakhshan,2018,11,0.017437787196144888,-0.0014407310794665245
Badghis,2018,11,0.1473414247155145,0.09084925601037494
Baghlan,2018,11,0.10571265299326783,0.056996532439712484
Balkh,2018,11,0.11311355810999636,0.07273268763108551
Bamyan,2018,11,0.0797181909179047,0.04998359322070761
Farah,2018,11,0.09187243468151995,0.060678213173300674
Faryab,2018,11,0.12505637887090687,0.0778990428106651
Ghazni,2018,11,0.10644759702559325,0.07240104330307501
Ghor,2018,11,0.11449061622110746,0.0711839107178151
Hilmand,2018,11,0.09294582687211889,0.06578594428943116
Hirat,2018,11,0.10231750720478813,0.06394532362356413
Jawzjan,2018,11,0.09661960326045109,0.06468938271285984
Kabul,2018,11,0.12212527714986873,0.0717176676655898
Kandahar,2018,11,0.09373864109934192,0.06692470335982807
Kapisa,2018,11,0.16020725884950096,0.08886761635180035
Kunar,2018,11,0.3901729963125023,0.14833728921757428
Kunduz,2018,11,0.1380508366148043,0.08059428543365074
Laghman,2018,11,0.21419269043202388,0.10334576605512989
Logar,2018,11,0.1051946299487806,0.06155285710830093
Nangarhar,2018,11,0.16757444652372902,0.08901331866135931
Nimroz,2018,11,0.07107439993329119,0.053786672665784824
Nuristan,2018,11,0.13987951388828074,0.05337519666994993
Paktya,2018,11,0.1702791002249378,0.08999132330193978
Samangan,2018,11,0.12220500383156614,0.07927196568572714
Sar-e-Pul,2018,11,0.1090016716057272,0.06701790591940401
Takhar,2018,11,0.11354430995029899,0.058618216288606945
Wardak,2018,11,0.1011273925353508,0.06417376654188874
Zabul,2018,11,0.09260806518949027,0.06306831160357813
Khost,2018,12,0.2012630303607153,0.09842449026631553
Paktika,2018,12,0.10676722855604152,0.06508777133242845
Daykundi,2018,12,0.09552359848078378,0.055717876861287964
Panjsher,2018,12,0.024200006137481696,0.00748753873209508
Parwan,2018,12,0.06534496025145815,0.034398260775972314
Uruzgan,2018,12,0.11247549052228464,0.07299654885261404
Badakhshan,2018,12,0.004509635232110782,-0.00794256237238109
Badghis,2018,12,0.1471888374015973,0.09422799002200538
Baghlan,2018,12,0.10886564638553071,0.060202677264818615
Balkh,2018,12,0.10714184366000297,0.07154025216421893
Bamyan,2018,12,0.03814854384873404,0.024871698273017783
Farah,2018,12,0.09082352959123184,0.05985688165781399
Faryab,2018,12,0.12151862112786585,0.08154486574775406
Ghazni,2018,12,0.09560763926368052,0.06611268279101809
Ghor,2018,12,0.06573178715683944,0.042474408446292855
Hilmand,2018,12,0.09178326752984836,0.06422813586257227
Hirat,2018,12,0.10166912927961064,0.06363356601734486
Jawzjan,2018,12,0.09251027276132831,0.0677757763905773
Kabul,2018,12,0.10729216553027834,0.06163951493449638
Kandahar,2018,12,0.09397393906557665,0.06668708444373188
Kapisa,2018,12,0.14424547177484917,0.07627596248872731
Kunar,2018,12,0.36983433160043033,0.1333111171070038
Kunduz,2018,12,0.15119469037041597,0.09105877037940893
Laghman,2018,12,0.20716891202562937,0.09186062323068826
Logar,2018,12,0.09419820395407143,0.054944941585531086
Nangarhar,2018,12,0.15402388404787368,0.07663487148018043
Nimroz,2018,12,0.07103391047759608,0.05405202646909903
Nuristan,2018,12,0.11262994797421913,0.0359196049822337
Paktya,2018,12,0.1588375523789367,0.08035037713412051
Samangan,2018,12,0.11417018319610728,0.07544054989678922
Sar-e-Pul,2018,12,0.0904173499327865,0.05671131439388036
Takhar,2018,12,0.11991667051317499,0.0586942860641906
Wardak,2018,12,0.0602074395021032,0.03846147744290371
Zabul,2018,12,0.09171667147423515,0.06130014666104719
Khost,2019,1,0.1899844402438298,0.09928826029526984
Paktika,2019,1,0.1005386121163694,0.06294066166468193
Daykundi,2019,1,0.043990159108535036,0.02322976494186307
Panjsher,2019,1,-0.029145029162919153,-0.026573835550830188
Parwan,2019,1,0.008875945990405781,-0.0027643742553757895
Uruzgan,2019,1,0.09238930986922012,0.0599513505419982
Badakhshan,2019,1,-0.03303670302871809,-0.03127763023893698
Badghis,2019,1,0.13261381436846362,0.07963204055844866
Baghlan,2019,1,0.07254358934917098,0.033770714317019064
Balkh,2019,1,0.11668276913906195,0.06813361370976116
Bamyan,2019,1,-0.0033640850030357,-0.007642642130921393
Farah,2019,1,0.08799481126173658,0.058713789306233444
Faryab,2019,1,0.11867031702460458,0.07455170638911225
Ghazni,2019,1,0.032815951450613876,0.021286966733905656
Ghor,2019,1,0.006718536976086865,-0.00019296747012063632
Hilmand,2019,1,0.09141449840331066,0.0644140169314088
Hirat,2019,1,0.09320118906854069,0.05866888108595865
Jawzjan,2019,1,0.11071196027521177,0.07193827192955517
Kabul,2019,1,0.052837170525928435,0.02994639077391392
Kandahar,2019,1,0.09508045679666255,0.06614682748536029
Kapisa,2019,1,0.08416543747067758,0.04557373205425417
Kunar,2019,1,0.27136884607145045,0.1196153020953365
Kunduz,2019,1,0.20125989992121665,0.10968978015123515
Laghman,2019,1,0.1562443855204323,0.08117845620075123
Logar,2019,1,0.009357437195810048,0.004080550024292834
Nangarhar,2019,1,0.14000736308111614,0.07389165816410251
Nimroz,2019,1,0.06858675748148627,0.05257449096745467
Nuristan,2019,1,0.033651367263551946,0.008881776723188732
Paktya,2019,1,0.07514766049743193,0.04248561705384169
Samangan,2019,1,0.06997966623724552,0.04073796114397309
Sar-e-Pul,2019,1,0.07150476068075579,0.036111615081580124
Takhar,2019,1,0.08925979891662897,0.03538172783096538
Wardak,2019,1,-0.017370080339980297,-0.01804089988602306
Zabul,2019,1,0.08263840553246679,0.054352139573330745
Khost,2019,2,0.16299210834388947,0.0927821751752365
Paktika,2019,2,0.0457511187914814,0.02627494042718996
Daykundi,2019,2,0.002537336784824759,-0.008297631347336848
Panjsher,2019,2,-0.03588752772320226,-0.035780163053356066
Parwan,2019,2,-0.006474424806078212,-0.01736152692881036
Uruzgan,2019,2,0.0816199362120956,0.04816922149690749
Badakhshan,2019,2,-0.021857335093532732,-0.026097988546865788
Badghis,2019,2,0.145312975708261,0.08142584915983954
Baghlan,2019,2,0.08948141542286776,0.04702811069382414
Balkh,2019,2,0.13213811325250913,0.08415828163107779
Bamyan,2019,2,-0.0213598115800595,-0.023784420648477897
Farah,2019,2,0.08997110442335825,0.058200062796314775
Faryab,2019,2,0.15290741552726175,0.08625174823484545
Ghazni,2019,2,-0.03066059717301928,-0.03300575689728058
Ghor,2019,2,-0.018767071539573053,-0.02297422265715243
Hilmand,2019,2,0.10254306291704687,0.06684087096466118
Hirat,2019,2,0.08177671328497182,0.0471779783733622
Jawzjan,2019,2,0.1341824020085916,0.08351326248951986
Kabul,2019,2,0.032370161426891614,0.012331141869567077
Kandahar,2019,2,0.1026836569753573,0.06590501621749494
Kapisa,2019,2,0.06746943056337977,0.03290078285730992
Kunar,2019,2,0.21868547477509592,0.10032351561569053
Kunduz,2019,2,0.2361179008388086,0.14220102826547074
Laghman,2019,2,0.13698181452000663,0.0749349682078796
Logar,2019,2,-0.02094171767341075,-0.022918571211059297
Nangarhar,2019,2,0.1450924697584671,0.07853403269397334
Nimroz,2019,2,0.0749377415480275,0.05530581820704082
Nuristan,2019,2,0.009469569633767818,-0.0038441156043939927
Paktya,2019,2,0.027607493607688546,0.013708260009733082
Samangan,2019,2,0.061174343801805524,0.034324955135536045
Sar-e-Pul,2019,2,0.0876512999214678,0.043924344784904895
Takhar,2019,2,0.11371361961177365,0.054805018385354363
Wardak,2019,2,-0.03387091291138671,-0.03542291080457885
Zabul,2019,2,0.038470084452574,0.01760565844728045
Khost,2019,3,0.19506225916789863,0.12136562979687027
Paktika,2019,3,0.08205425564519406,0.052589822169010786
Daykundi,2019,3,0.0441059576451749,0.02306306449420318
Panjsher,2019,3,-0.02765534331437016,-0.032894182207664366
Parwan,2019,3,0.014016024407337528,-0.00394612740909233
Uruzgan,2019,3,0.12443626066151679,0.08630821635487622
Badakhshan,2019,3,-0.00017547140216180048,-0.013910830277265362
Badghis,2019,3,0.29361121693608505,0.17459649213217515
Baghlan,2019,3,0.15111108741958162,0.09965725476569767
Balkh,2019,3,0.17595618419905004,0.1269952816349365
Bamyan,2019,3,-0.0041904423671140015,-0.011626917327169589
Farah,2019,3,0.0978055368076777,0.06901373629850924
Faryab,2019,3,0.24716954910278296,0.16008168378574064
Ghazni,2019,3,0.003897316714291299,-0.006557841018761667
Ghor,2019,3,0.019627041379515858,0.004314844301592274
Hilmand,2019,3,0.11490363011058552,0.08532622223462877
Hirat,2019,3,0.1268547018875083,0.07746042767674391
Jawzjan,2019,3,0.16888931986352837,0.12182370288191607
Kabul,2019,3,0.08316094451171645,0.04843411056352768
Kandahar,2019,3,0.11323124034655348,0.08232131734270516
Kapisa,2019,3,0.12862160215519508,0.07737644574171143
Kunar,2019,3,0.2814218514775947,0.1435523086899216
Kunduz,2019,3,0.315949443150972,0.23324696986197924
Laghman,2019,3,0.18342511712927598,0.1109352973154761
Logar,2019,3,0.026785042735298702,0.009692974024780225
Nangarhar,2019,3,0.189044057168049,0.11752154239291208
Nimroz,2019,3,0.0711799515648706,0.05503099521041115
Nuristan,2019,3,0.0244343846053207,-0.0006023084739018816
Paktya,2019,3,0.07474060904818866,0.04367496998479569
Samangan,2019,3,0.13131542402243773,0.09130225156320437
Sar-e-Pul,2019,3,0.13989111538738763,0.08659915570644615
Takhar,2019,3,0.16884306580566866,0.10710286699424713
Wardak,2019,3,-0.029210518831665068,-0.035213389700241855
Zabul,2019,3,0.0832276277834832,0.05607371924725753
Khost,2019,4,0.2855408404227778,0.16607976902008215
Paktika,2019,4,0.14027613385553575,0.09197048442349229
Daykundi,2019,4,0.15235720072760564,0.098431284193367
Panjsher,2019,4,0.04529258458263499,0.013081788061449148
Parwan,2019,4,0.12437798680463052,0.0724397726896147
Uruzgan,2019,4,0.18809267784815628,0.13753016796387962
Badakhshan,2019,4,0.06931024617724588,0.02710024593127354
Badghis,2019,4,0.4114669122497371,0.2872606013819915
Baghlan,2019,4,0.2738916837493802,0.17506589896199512
Balkh,2019,4,0.23690842621753327,0.1746969742203673
Bamyan,2019,4,0.1007190560774829,0.06621149494953243
Farah,2019,4,0.1209935339244879,0.08637123813860972
Faryab,2019,4,0.35298140699642766,0.2562244881634308
Ghazni,2019,4,0.12482289861788816,0.09050560864940599
Ghor,2019,4,0.15344315202292946,0.10512776125719286
Hilmand,2019,4,0.12981377744353936,0.09577681091447376
Hirat,2019,4,0.1955137908248149,0.13104730617154287
Jawzjan,2019,4,0.2268131248851347,0.17614961949423535
Kabul,2019,4,0.18525648942288273,0.12005913658998212
Kandahar,2019,4,0.13872467390853258,0.10310017634106926
Kapisa,2019,4,0.2425305273072306,0.15584698761030963
Kunar,2019,4,0.40482734608907184,0.1844888497663943
Kunduz,2019,4,0.3197012026259293,0.22155627879289527
Laghman,2019,4,0.2555472951976031,0.14659536462440617
Logar,2019,4,0.13989208774391623,0.09040308378127339
Nangarhar,2019,4,0.26267652735557817,0.16059763096710464
Nimroz,2019,4,0.07246078815763936,0.055103651769645615
Nuristan,2019,4,0.09047505363362417,0.028070643116524033
Paktya,2019,4,0.19804266710506752,0.11316372166526652
Samangan,2019,4,0.2416161164803212,0.17181582301788392
Sar-e-Pul,2019,4,0.25971108915783525,0.18422329497114212
Takhar,2019,4,0.2823697170514314,0.17932439000532474
Wardak,2019,4,0.10132158690591578,0.06297468835463331
Zabul,2019,4,0.1347179186539564,0.09966226049203337
Khost,2019,5,0.2844369315179376,0.17412333385930362
Paktika,2019,5,0.1570076947556577,0.10971234592520202
Daykundi,2019,5,0.19990088483399776,0.1367010477045144
Panjsher,2019,5,0.12085774496630276,0.0598270103775408
Parwan,2019,5,0.2086048950101452,0.12936321418935362
Uruzgan,2019,5,0.17603527126607568,0.13224861931642437
Badakhshan,2019,5,0.13263764202567296,0.06971907988769595
Badghis,2019,5,0.3079932993178701,0.228993781974955
Baghlan,2019,5,0.26058865077058896,0.17067596518180644
Balkh,2019,5,0.18012448254600383,0.1389742134691864
Bamyan,2019,5,0.18219725942829765,0.12758888769193005
Farah,2019,5,0.1155924878616261,0.0846830479091165
Faryab,2019,5,0.2765915439209364,0.2035218358684956
Ghazni,2019,5,0.1773126527932293,0.1331831578264664
Ghor,2019,5,0.20974208836776803,0.15008424230246356
Hilmand,2019,5,0.11370913238130093,0.08345449171029963
Hirat,2019,5,0.1854606076388038,0.1323452380605594
Jawzjan,2019,5,0.18009778186966768,0.13862326075392142
Kabul,2019,5,0.2157839817151404,0.1500182615522521
Kandahar,2019,5,0.12562327133904833,0.09494991548738727
Kapisa,2019,5,0.2651916900306743,0.17880791466425916
Kunar,2019,5,0.43855494939626716,0.23097608844801712
Kunduz,2019,5,0.20074393192805007,0.1419016563193674
Laghman,2019,5,0.2539159438739373,0.1568168005187548
Logar,2019,5,0.1766997323782681,0.12098208678556639
Nangarhar,2019,5,0.22938199419015753,0.14598077325768755
Nimroz,2019,5,0.07751953418202683,0.05965452770186886
Nuristan,2019,5,0.1544275164188602,0.07003192616508447
Paktya,2019,5,0.2424526814469176,0.15325671715203096
Samangan,2019,5,0.2482503116827002,0.18687596874009965
Sar-e-Pul,2019,5,0.24834738597439227,0.18470154342192094
Takhar,2019,5,0.26134265887076086,0.16911481926746152
Wardak,2019,5,0.19828574419325481,0.13317415077521336
Zabul,2019,5,0.14022623154568378,0.10564513790294638
Khost,2019,6,0.2569474645899913,0.16380728801395764
Paktika,2019,6,0.14508705322760487,0.10337035857283207
Daykundi,2019,6,0.17741781080579694,0.12538399651973928
Panjsher,2019,6,0.16013479947951026,0.09645061634595492
Parwan,2019,6,0.21280036721899465,0.14061252973458338
Uruzgan,2019,6,0.15525845607398525,0.11859763468322476
Badakhshan,2019,6,0.16863648226103922,0.09742505174279995
Badghis,2019,6,0.21855308134453122,0.16481401534264878
Baghlan,2019,6,0.21922151198184373,0.1482300134619482
Balkh,2019,6,0.14339538004009858,0.11269198941987243
Bamyan,2019,6,0.20282193364732468,0.14588694723494866
Farah,2019,6,0.10758854570172341,0.08042973479928642
Faryab,2019,6,0.2069161495942337,0.1547620067230378
Ghazni,2019,6,0.1805228042511701,0.1377704424675798
Ghor,2019,6,0.19855002099404614,0.14567669070935055
Hilmand,2019,6,0.10768986148722325,0.08054554357535405
Hirat,2019,6,0.1576277893560265,0.1150237811121885
Jawzjan,2019,6,0.15089140962058806,0.11749705648039482
Kabul,2019,6,0.20086758024939072,0.14561450994836528
Kandahar,2019,6,0.11691576732393645,0.08903967122671534
Kapisa,2019,6,0.23904211688592425,0.16442104547251007
Kunar,2019,6,0.429235514015498,0.2377492434880058
Kunduz,2019,6,0.16850925287911747,0.12025476920069998
Laghman,2019,6,0.24385521651593384,0.15298086938337152
Logar,2019,6,0.1706069152442486,0.12024179198445546
Nangarhar,2019,6,0.20881890461558203,0.13381380751555533
Nimroz,2019,6,0.07936126818137208,0.061890491636192285
Nuristan,2019,6,0.22424500488321691,0.12354326312680022
Paktya,2019,6,0.2418208066372517,0.16189734266045192
Samangan,2019,6,0.2135424601469174,0.1616163120826243
Sar-e-Pul,2019,6,0.21647861461239465,0.1624766899264688
Takhar,2019,6,0.2006401370699348,0.13275619598862862
Wardak,2019,6,0.21770300036807333,0.15246287448988002
Zabul,2019,6,0.12914647060574272,0.09857724718255649
Khost,2019,7,0.2646652270341845,0.17518854902700706
Paktika,2019,7,0.13539989184884105,0.09722697835659183
Daykundi,2019,7,0.15092590082247168,0.1063528304919782
Panjsher,2019,7,0.18647234198437918,0.11546543025763824
Parwan,2019,7,0.19839371198167885,0.12689399891008796
Uruzgan,2019,7,0.1458444350810374,0.11052680359522953
Badakhshan,2019,7,0.18405258451722983,0.11583610795712547
Badghis,2019,7,0.18729824159331573,0.14206048139774846
Baghlan,2019,7,0.19729691337695002,0.136024669397384
Balkh,2019,7,0.13748310156975374,0.10959305765502475
Bamyan,2019,7,0.17649425815811473,0.12668120969156693
Farah,2019,7,0.10205109238991567,0.07540781550559891
Faryab,2019,7,0.17843765211228105,0.13353825151409254
Ghazni,2019,7,0.16338269261828525,0.12246072390489125
Ghor,2019,7,0.16865029069086823,0.12317967310295133
Hilmand,2019,7,0.10662510737498501,0.0794704921254343
Hirat,2019,7,0.14044244885346766,0.10190421070991854
Jawzjan,2019,7,0.13659465687058647,0.10759746200561765
Kabul,2019,7,0.1831091459895189,0.1322597367191059
Kandahar,2019,7,0.10802112595020359,0.08196051297883233
Kapisa,2019,7,0.23951376394349894,0.1653804969564604
Kunar,2019,7,0.39657915857364184,0.23109569298049407
Kunduz,2019,7,0.20189137434976664,0.14707236092173767
Laghman,2019,7,0.24420585568817826,0.16522841242866376
Logar,2019,7,0.15555477412526697,0.10987494854970076
Nangarhar,2019,7,0.2090061049036494,0.14282660092383298
Nimroz,2019,7,0.07660495246718375,0.05984769017809136
Nuristan,2019,7,0.2797730896028724,0.16617320016035797
Paktya,2019,7,0.22412108014765864,0.15286933511846246
Samangan,2019,7,0.1761925447843159,0.13443930576467847
Sar-e-Pul,2019,7,0.19035755464058304,0.14430987012266902
Takhar,2019,7,0.1916496504482887,0.13391021534677922
Wardak,2019,7,0.1907436367767333,0.12663966248213065
Zabul,2019,7,0.11988385759474819,0.09088208209340275
Khost,2019,8,0.29572522440227234,0.18138963367549416
Paktika,2019,8,0.1304630813785155,0.09060797466497537
Daykundi,2019,8,0.1433195222991556,0.09848900279335161
Panjsher,2019,8,0.17964165972264665,0.10681745099648986
Parwan,2019,8,0.18182380567170056,0.11637756829832017
Uruzgan,2019,8,0.14681740927770434,0.1110606949559202
Badakhshan,2019,8,0.15730967394371825,0.09652203941763775
Badghis,2019,8,0.17251483102926654,0.130224101165541
Baghlan,2019,8,0.18020753821758234,0.12392961042393615
Balkh,2019,8,0.13488671672245464,0.10706855693933587
Bamyan,2019,8,0.1549454687390049,0.10895968424599334
Farah,2019,8,0.1009225097727576,0.0743023107033613
Faryab,2019,8,0.16327079201777492,0.12207920557979896
Ghazni,2019,8,0.1491870764257359,0.11026173183150827
Ghor,2019,8,0.14990371977332734,0.10761195736909476
Hilmand,2019,8,0.1111456810839766,0.08325379204902572
Hirat,2019,8,0.13239926523452003,0.09536915557986905
Jawzjan,2019,8,0.13257931498737646,0.10455222930497819
Kabul,2019,8,0.17656230141148868,0.12245794345466283
Kandahar,2019,8,0.11144287827597646,0.08405594347930917
Kapisa,2019,8,0.2495387610457288,0.16841206340101497
Kunar,2019,8,0.48569569033724197,0.24264259809426234
Kunduz,2019,8,0.2087951900970359,0.15372106276843459
Laghman,2019,8,0.2737214446571758,0.16236816327962036
Logar,2019,8,0.1466849131828745,0.10015146087890478
Nangarhar,2019,8,0.2292110930620154,0.1438620611147585
Nimroz,2019,8,0.07728338120242392,0.06046125745175448
Nuristan,2019,8,0.2923953910902849,0.15358475839560748
Paktya,2019,8,0.2180379866834979,0.1360893575561011
Samangan,2019,8,0.15803625803093013,0.11907855658511335
Sar-e-Pul,2019,8,0.16958476934122454,0.12632914140103618
Takhar,2019,8,0.18021400570925464,0.1251591400083853
Wardak,2019,8,0.1670716327315584,0.1100933664092597
Zabul,2019,8,0.11815252792262854,0.08862517294583462
Khost,2019,9,0.2555040430915993,0.1456519179456605
Paktika,2019,9,0.1261110447682804,0.08446669706498025
Daykundi,2019,9,0.13806044799135825,0.09024734954286642
Panjsher,2019,9,0.15815860090359588,0.09016745165841851
Parwan,2019,9,0.15978509499715227,0.09739355589851059
Uruzgan,2019,9,0.1424569333456373,0.1039787039927391
Badakhshan,2019,9,0.13323141023766208,0.07555030217302719
Badghis,2019,9,0.16314029376215672,0.1208503598071551
Baghlan,2019,9,0.16717778051310242,0.1069838856217015
Balkh,2019,9,0.12496344552246047,0.09549951533388291
Bamyan,2019,9,0.14231741626601735,0.09563450536214466
Farah,2019,9,0.10046884212236241,0.0727806671778045
Faryab,2019,9,0.15349196547509564,0.11241036873023147
Ghazni,2019,9,0.13773297126911171,0.09980999220233663
Ghor,2019,9,0.14088285581316107,0.09755545774277245
Hilmand,2019,9,0.10905909568183622,0.0799591554514653
Hirat,2019,9,0.1277747887917635,0.08982606291639372
Jawzjan,2019,9,0.12376318944262306,0.09546056279242247
Kabul,2019,9,0.16312045946743978,0.10702220223887768
Kandahar,2019,9,0.10927469793889079,0.08135697916485989
Kapisa,2019,9,0.22130167181489024,0.13810943840805534
Kunar,2019,9,0.4612509463302609,0.21375508036235025
Kunduz,2019,9,0.1657972848267052,0.11475386793922941
Laghman,2019,9,0.2592477492622416,0.14348788675852556
Logar,2019,9,0.13772532537502905,0.08905748132540764
Nangarhar,2019,9,0.21216099496461777,0.12418872988721584
Nimroz,2019,9,0.07599632349004873,0.059161380044109375
Nuristan,2019,9,0.2542840474340151,0.12248586817779536
Paktya,2019,9,0.2009609089469993,0.11744456308619876
Samangan,2019,9,0.15054565715776286,0.10886630921114146
Sar-e-Pul,2019,9,0.15610004918512588,0.11186310155388805
Takhar,2019,9,0.1591112150764956,0.10152305283461269
Wardak,2019,9,0.14952739771366585,0.09644613446116841
Zabul,2019,9,0.11491163290821568,0.08480296573640571
Khost,2019,10,0.2426504787243712,0.1295081569391589
Paktika,2019,10,0.12286324914938053,0.07989869991067637
Daykundi,2019,10,0.1334617085835944,0.08090019725142161
Panjsher,2019,10,0.10741364332892649,0.060931765355187864
Parwan,2019,10,0.14259722862948002,0.08295409663094337
Uruzgan,2019,10,0.13805585807203585,0.09539342029753399
Badakhshan,2019,10,0.10821615356759658,0.061032476960487816
Badghis,2019,10,0.1633165749076105,0.1145920684963687
Baghlan,2019,10,0.1505318473177694,0.09724760279551627
Balkh,2019,10,0.12213222579145372,0.08929067467864014
Bamyan,2019,10,0.13698330400842446,0.0862717233338377
Farah,2019,10,0.09915730778907823,0.06962832250206241
Faryab,2019,10,0.15314553663109245,0.10748761051998548
Ghazni,2019,10,0.13156729116670657,0.09074540737607224
Ghor,2019,10,0.14355005815777774,0.09100684167186844
Hilmand,2019,10,0.10583952729090582,0.07584462421651707
Hirat,2019,10,0.12465371179906355,0.08409698281329386
Jawzjan,2019,10,0.11857499951834694,0.08937357702519463
Kabul,2019,10,0.15239787426585505,0.09630771832599103
Kandahar,2019,10,0.10773479208620505,0.07862982613597251
Kapisa,2019,10,0.1992555932449828,0.11917297994954744
Kunar,2019,10,0.4259836720211235,0.18449665278948083
Kunduz,2019,10,0.14483970340188526,0.09926089088488453
Laghman,2019,10,0.24081072708166207,0.12975213006568231
Logar,2019,10,0.12585721708785527,0.0770297327146136
Nangarhar,2019,10,0.19724061988059413,0.10782352389761751
Nimroz,2019,10,0.07583655626162779,0.0585716812652522
Nuristan,2019,10,0.18703939334350966,0.08707823897812944
Paktya,2019,10,0.1948905410430202,0.10582665687802265
Samangan,2019,10,0.15948721853467915,0.10756075073559153
Sar-e-Pul,2019,10,0.15591223417545474,0.10286916799525485
Takhar,2019,10,0.13907155614068778,0.08823152889324556
Wardak,2019,10,0.14110367149432634,0.08619891917877386
Zabul,2019,10,0.11156316878046026,0.07824235475264686
Khost,2019,11,0.24014704011614588,0.11985405825869191
Paktika,2019,11,0.12551166390619406,0.07608310938653456
Daykundi,2019,11,0.1104226348495481,0.06224255561117746
Panjsher,2019,11,0.03955062425535735,0.01596418439712491
Parwan,2019,11,0.09454377168394122,0.04930057581384584
Uruzgan,2019,11,0.13851595062334732,0.08523088912642039
Badakhshan,2019,11,0.039139449055560244,0.013791389439018092
Badghis,2019,11,0.17340908050799655,0.1093575799184651
Baghlan,2019,11,0.12430924101182737,0.07014772073081153
Balkh,2019,11,0.12011453618726887,0.08152867998540976
Bamyan,2019,11,0.06289324975246356,0.03905464917005003
Farah,2019,11,0.1004057912617909,0.06658036070116172
Faryab,2019,11,0.1536636987877747,0.09998386104980204
Ghazni,2019,11,0.09411168598734854,0.06293922684828859
Ghor,2019,11,0.11189272459007082,0.06808951911100783
Hilmand,2019,11,0.10537618198800744,0.0707537447213944
Hirat,2019,11,0.1257444574416209,0.07806514494715942
Jawzjan,2019,11,0.11861279812203014,0.08462250947110271
Kabul,2019,11,0.1406215961151825,0.08046538325277659
Kandahar,2019,11,0.11320941280105529,0.07694190249064944
Kapisa,2019,11,0.17217670140778674,0.09255486005662175
Kunar,2019,11,0.4076353853156197,0.15290398589140075
Kunduz,2019,11,0.1368963022947517,0.08597495080644478
Laghman,2019,11,0.2327074009493873,0.11042441403552077
Logar,2019,11,0.10524918724029803,0.06037545325955537
Nangarhar,2019,11,0.19152757386078517,0.09732360582375407
Nimroz,2019,11,0.0774191934878261,0.05770665613468621
Nuristan,2019,11,0.11149233381874353,0.03678587154456108
Paktya,2019,11,0.18075155758569364,0.09295168556538516
Samangan,2019,11,0.14353413659051972,0.09478569348287008
Sar-e-Pul,2019,11,0.12687293092728583,0.07819809034022433
Takhar,2019,11,0.11905193888980997,0.06455832339744967
Wardak,2019,11,0.07377853217790892,0.0452004098251758
Zabul,2019,11,0.11190686578528525,0.07134197129519028
Khost,2019,12,0.22230667371686075,0.11214136653926011
Paktika,2019,12,0.11909543263287745,0.06955956724033886
Daykundi,2019,12,0.07912530487040936,0.04432820815342277
Panjsher,2019,12,0.022674795231514007,0.006248736467847885
Parwan,2019,12,0.06528132507808646,0.0334040790733921
Uruzgan,2019,12,0.12309257576105248,0.07416739154878714
Badakhshan,2019,12,0.012646355537716581,-0.0009351795314388428
Badghis,2019,12,0.15860553574931435,0.09961537146723241
Baghlan,2019,12,0.10505409591485591,0.059352804955762686
Balkh,2019,12,0.11520735445286635,0.07636761412794782
Bamyan,2019,12,0.026298529746869113,0.01599272127955064
Farah,2019,12,0.09759333842528455,0.062236242792542085
Faryab,2019,12,0.13868674274394055,0.08887298024175212
Ghazni,2019,12,0.05441556272527137,0.03611417471032284
Ghor,2019,12,0.05109599190060049,0.03150368389953958
Hilmand,2019,12,0.10403355513069633,0.06853907263082366
Hirat,2019,12,0.11903043883707169,0.06994753477663186
Jawzjan,2019,12,0.12810398424316163,0.08558783880551425
Kabul,2019,12,0.11977795926068553,0.06861178562161213
Kandahar,2019,12,0.11104863684418563,0.07464872655670184
Kapisa,2019,12,0.15672425219548491,0.08290608031904276
Kunar,2019,12,0.39254643278520485,0.1423207747355302
Kunduz,2019,12,0.13079520881727275,0.08160389124553079
Laghman,2019,12,0.22473934099481752,0.10436506691291036
Logar,2019,12,0.07760115582681461,0.04625221183678608
Nangarhar,2019,12,0.1752485561965398,0.087116323021907
Nimroz,2019,12,0.0767062502195103,0.05566172154909488
Nuristan,2019,12,0.10225083008976775,0.02902242853481463
Paktya,2019,12,0.15177740219778582,0.07820699382626434
Samangan,2019,12,0.12133958742399135,0.08166877851929993
Sar-e-Pul,2019,12,0.08811988212792869,0.053251187116575706
Takhar,2019,12,0.10362320505790433,0.056183018669800515
Wardak,2019,12,0.027304526409433913,0.014526331748911865
Zabul,2019,12,0.10216768834534005,0.06375488243205253
Khost,2020,1,0.19534540363854602,0.10158487034067287
Paktika,2020,1,0.04016355745855577,0.021359178517774552
Daykundi,2020,1,-0.02291166123051646,-0.02651671667077257
Panjsher,2020,1,-0.02743009159258655,-0.024458007312339512
Parwan,2020,1,-0.0190386039022477,-0.020096920628949893
Uruzgan,2020,1,0.05475749199405446,0.025973512017925644
Badakhshan,2020,1,-0.023585145415139088,-0.023477477455303923
Badghis,2020,1,0.11030755096927744,0.05932006945536112
Baghlan,2020,1,0.06955949161626254,0.03869231697570055
Balkh,2020,1,0.10570752651706165,0.07017599602899383
Bamyan,2020,1,-0.01049156366851739,-0.01393123670638028
Farah,2020,1,0.0889307811540277,0.05556897614036054
Faryab,2020,1,0.12549718575992297,0.07277962333323053
Ghazni,2020,1,-0.030121094310196644,-0.03152200153657193
Ghor,2020,1,-0.028865396986623815,-0.02987267814780355
Hilmand,2020,1,0.1018630652213078,0.0649481363105949
Hirat,2020,1,0.09965348253276707,0.0560450178759535
Jawzjan,2020,1,0.1313974613216403,0.08937944695179746
Kabul,2020,1,0.014543571171608274,0.005077556939473467
Kandahar,2020,1,0.1088502400262993,0.06674029979100392
Kapisa,2020,1,0.04968443658057002,0.027189258200482666
Kunar,2020,1,0.24547653339438094,0.1080989628667778
Kunduz,2020,1,0.14224547734537585,0.08053797205693786
Laghman,2020,1,0.1622749826185342,0.08256899119016689
Logar,2020,1,-0.014810640186339558,-0.015109719537346467
Nangarhar,2020,1,0.15212450599214833,0.0768377282020168
Nimroz,2020,1,0.07683787638536704,0.0547674443793114
Nuristan,2020,1,0.020956192611223067,0.0009270176382396873
Paktya,2020,1,0.05248538703758602,0.02918225018322134
Samangan,2020,1,0.07389174034052952,0.051016643967387094
Sar-e-Pul,2020,1,0.05800209578583287,0.03323024038633629
Takhar,2020,1,0.07060498998741382,0.03333193181837922
Wardak,2020,1,-0.03285717339635245,-0.03362656522966188
Zabul,2020,1,-0.00919762253692596,-0.016652563719564497
Khost,2020,2,0.21484782618790602,0.12129099690652331
Paktika,2020,2,0.07371081854775212,0.04324292863168244
Daykundi,2020,2,0.018791790192473453,0.0028387173699842556
Panjsher,2020,2,-0.012586470404478967,-0.017490666238763743
Parwan,2020,2,0.02182568875965113,0.0030579451214470493
Uruzgan,2020,2,0.11513011958193439,0.067331548052888
Badakhshan,2020,2,-0.0029671257560025983,-0.011861993582926215
Badghis,2020,2,0.1975950842215283,0.11984545015566347
Baghlan,2020,2,0.09242717864759561,0.05487671318725571
Balkh,2020,2,0.12542063468140077,0.08308179179951547
Bamyan,2020,2,-0.002788584524674715,-0.00917327003677493
Farah,2020,2,0.10081979850300371,0.06856376380640022
Faryab,2020,2,0.18602590508449243,0.11551739464316516
Ghazni,2020,2,-0.00717765525234427,-0.015006354360086875
Ghor,2020,2,-0.00020961466712007265,-0.00820682024033325
Hilmand,2020,2,0.11989702618909073,0.08396136929101122
Hirat,2020,2,0.12044703067111052,0.07610887294007251
Jawzjan,2020,2,0.15474486612388125,0.10717902756680156
Kabul,2020,2,0.08522120523696483,0.046739490500818694
Kandahar,2020,2,0.1246329162152697,0.08483566549711619
Kapisa,2020,2,0.11898383138319822,0.06607754748651842
Kunar,2020,2,0.33382102002925684,0.1479569401577968
Kunduz,2020,2,0.18301332253604025,0.11525001032767862
Laghman,2020,2,0.2078638353382306,0.11013517851773269
Logar,2020,2,0.022746423718280773,0.008177786729724041
Nangarhar,2020,2,0.19842824401524936,0.11108132716659458
Nimroz,2020,2,0.07441438938743378,0.05680585391371738
Nuristan,2020,2,0.05090754721505098,0.011457364581088288
Paktya,2020,2,0.08943317796232345,0.04855249597108813
Samangan,2020,2,0.10540597296204947,0.06889174419970377
Sar-e-Pul,2020,2,0.08985582522692542,0.052309695241268155
Takhar,2020,2,0.1042273042483219,0.05786532468776208
Wardak,2020,2,-0.023584588216067792,-0.027475035240516796
Zabul,2020,2,0.0620588793155034,0.037173766944054935
Khost,2020,3,0.24478165497410348,0.14375545400288547
Paktika,2020,3,0.12222309842757957,0.07751125846117747
Daykundi,2020,3,0.08115255865438724,0.047195424662809134
Panjsher,2020,3,0.013909870158090691,-0.002968416736757726
Parwan,2020,3,0.058929749613212894,0.027586137671403364
Uruzgan,2020,3,0.16958191249089716,0.11201064567072268
Badakhshan,2020,3,0.02100403720755533,0.0002627635059212394
Badghis,2020,3,0.28757526677254175,0.18917351812258568
Baghlan,2020,3,0.1243475237320712,0.07019802977541582
Balkh,2020,3,0.1558739901255392,0.11119381833058381
Bamyan,2020,3,0.011266143594392061,0.0023341225486529886
Farah,2020,3,0.12111529464246452,0.0836160704082475
Faryab,2020,3,0.2741269839325771,0.17800940837689186
Ghazni,2020,3,0.05356503982335517,0.03215057895703517
Ghor,2020,3,0.06418978159562436,0.037701381525599084
Hilmand,2020,3,0.14897108882916282,0.10813703143005148
Hirat,2020,3,0.1620885520937018,0.10468373668703132
Jawzjan,2020,3,0.20507449742167144,0.1475774916880186
Kabul,2020,3,0.14627695429537826,0.08778423874526534
Kandahar,2020,3,0.16027897824122078,0.11152840958085004
Kapisa,2020,3,0.18726830362136723,0.11074796166085289
Kunar,2020,3,0.35972242099328444,0.1736987961787357
Kunduz,2020,3,0.24435207263786984,0.1561370773422506
Laghman,2020,3,0.24982106857877243,0.1453432627761623
Logar,2020,3,0.09416656208972081,0.057725148255237196
Nangarhar,2020,3,0.26042986649946154,0.1554140899268592
Nimroz,2020,3,0.0778262051912242,0.05957588038022866
Nuristan,2020,3,0.06564223315226676,0.02210079433471864
Paktya,2020,3,0.14426232962790497,0.08339806630957586
Samangan,2020,3,0.13860712053784657,0.09317725279475811
Sar-e-Pul,2020,3,0.14971870956767525,0.09752907254372141
Takhar,2020,3,0.14520879752388532,0.07914662292570757
Wardak,2020,3,0.009175719404391531,-0.0036177287341976655
Zabul,2020,3,0.12440190696133556,0.08111721456423458
Khost,2020,4,0.3051781366892177,0.17951854372698028
Paktika,2020,4,0.16316748817927063,0.10809455860888288
Daykundi,2020,4,0.15019808788053426,0.09547381046193025
Panjsher,2020,4,0.04744846154806719,0.010927006550194867
Parwan,2020,4,0.13461230136087066,0.0731674988642126
Uruzgan,2020,4,0.21754753768301685,0.1534684761463425
Badakhshan,2020,4,0.07414938219805936,0.029962889128499724
Badghis,2020,4,0.35906841724454924,0.24834704576801955
Baghlan,2020,4,0.21359189433037046,0.1278624138886131
Balkh,2020,4,0.20376603482168734,0.1507414223445086
Bamyan,2020,4,0.07536728750052474,0.043273904797641975
Farah,2020,4,0.13620932987167048,0.09649380397718016
Faryab,2020,4,0.3286732416878021,0.225278122674148
Ghazni,2020,4,0.13311737341095997,0.09185192199865332
Ghor,2020,4,0.1534143579936835,0.0998976155775999
Hilmand,2020,4,0.14289375480265964,0.10504153527262411
Hirat,2020,4,0.20846478498899385,0.14435398412768208
Jawzjan,2020,4,0.2343380727963754,0.17699581211305096
Kabul,2020,4,0.22079895799869492,0.139135985664934
Kandahar,2020,4,0.16823200031912072,0.12229228918419013
Kapisa,2020,4,0.2733185992526539,0.1692700103532149
Kunar,2020,4,0.4198399723245766,0.20457053527600658
Kunduz,2020,4,0.2755306469314787,0.1965832148631178
Laghman,2020,4,0.29396737372487136,0.16304072817570767
Logar,2020,4,0.16440776591409192,0.10346068413567956
Nangarhar,2020,4,0.3097050440508811,0.18526496619975913
Nimroz,2020,4,0.08024622636313751,0.060159751608145615
Nuristan,2020,4,0.09417684716302324,0.030043505509104684
Paktya,2020,4,0.2212097214071764,0.12774330409922227
Samangan,2020,4,0.21570535707360533,0.14934842736470752
Sar-e-Pul,2020,4,0.23322315431378804,0.1636744000864929
Takhar,2020,4,0.2385632614385454,0.148627139593875
Wardak,2020,4,0.09731625035731065,0.05312539805302839
Zabul,2020,4,0.16532141871350114,0.11707080125954722
Khost,2020,5,0.28727421049545726,0.1837626435605171
Paktika,2020,5,0.16879096901538904,0.11889462620807421
Daykundi,2020,5,0.20595874433162692,0.14103584485041906
Panjsher,2020,5,0.11602230854632646,0.05807020809583119
Parwan,2020,5,0.2107872547659258,0.13080221856709068
Uruzgan,2020,5,0.19318820920217056,0.14382681126941174
Badakhshan,2020,5,0.1420711428617803,0.07747949058707353
Badghis,2020,5,0.2693162369337234,0.19223662292857108
Baghlan,2020,5,0.2606045213040134,0.1663273864844897
Balkh,2020,5,0.16941304479726566,0.13044913137183603
Bamyan,2020,5,0.17749153195483625,0.12253032471477601
Farah,2020,5,0.12065052069581518,0.08912159217926323
Faryab,2020,5,0.25763166433716284,0.18822974121456917
Ghazni,2020,5,0.18563924909278848,0.13742812691110354
Ghor,2020,5,0.2099977415872254,0.14979174261846653
Hilmand,2020,5,0.11735855214631885,0.08560468713402716
Hirat,2020,5,0.19090295530474308,0.13756989208422696
Jawzjan,2020,5,0.16770239826214264,0.12750417914899617
Kabul,2020,5,0.23113548786200575,0.1619477953252559
Kandahar,2020,5,0.13741133152029392,0.10278548120243294
Kapisa,2020,5,0.2815591785026511,0.1893734415334965
Kunar,2020,5,0.44230435405454144,0.24779227720658015
Kunduz,2020,5,0.21817842877335283,0.15289901583554322
Laghman,2020,5,0.26889554118436376,0.1679703741213921
Logar,2020,5,0.18821903510443033,0.13002523921792133
Nangarhar,2020,5,0.24998990958954442,0.16204294906253322
Nimroz,2020,5,0.08281309124863284,0.06312184650154332
Nuristan,2020,5,0.16150699022206252,0.07910620611204792
Paktya,2020,5,0.2548032026200995,0.16720073592127993
Samangan,2020,5,0.25044116544525447,0.18677755399289064
Sar-e-Pul,2020,5,0.24792231981981655,0.18164800973455056
Takhar,2020,5,0.2671825111716787,0.17558427190985307
Wardak,2020,5,0.19447115444883867,0.12852519116036915
Zabul,2020,5,0.15680417321077023,0.11868655114785864
Khost,2020,6,0.29080297305296593,0.17371640767902125
Paktika,2020,6,0.15455356082221877,0.10719175241095122
Daykundi,2020,6,0.17944523855236438,0.12611520650807093
Panjsher,2020,6,0.17105833457355857,0.10026003378343072
Parwan,2020,6,0.21403614757016579,0.1382375820008475
Uruzgan,2020,6,0.1681874832608684,0.12623159017029537
Badakhshan,2020,6,0.18373511596617884,0.10670202816861424
Badghis,2020,6,0.18822716310094317,0.1403693174160263
Baghlan,2020,6,0.218388118978758,0.1488254805946152
Balkh,2020,6,0.13847931065145486,0.1087923749811947
Bamyan,2020,6,0.19884786839648533,0.14379294643110402
Farah,2020,6,0.11094830811056294,0.08258611253135018
Faryab,2020,6,0.1868596710442779,0.13726252108806458
Ghazni,2020,6,0.1872807109738357,0.141094655259281
Ghor,2020,6,0.19410851747934682,0.14037131002495437
Hilmand,2020,6,0.11109301643828759,0.0827891272545094
Hirat,2020,6,0.15672490264659078,0.11399813690106292
Jawzjan,2020,6,0.13118853748983356,0.10023566385265123
Kabul,2020,6,0.20546507403924485,0.146377878602363
Kandahar,2020,6,0.12400620199206068,0.09374255755140086
Kapisa,2020,6,0.2530304765895666,0.16975874648182807
Kunar,2020,6,0.46108103036712167,0.24773765778301907
Kunduz,2020,6,0.16585655801581622,0.12117036553863023
Laghman,2020,6,0.2643544120412963,0.1616508826427724
Logar,2020,6,0.1747559834348165,0.1197477469313773
Nangarhar,2020,6,0.23025204026663132,0.1464924275411977
Nimroz,2020,6,0.08274520102245352,0.06383917437300989
Nuristan,2020,6,0.25159242296307704,0.1261017734897144
Paktya,2020,6,0.25628821791495165,0.15649302000655058
Samangan,2020,6,0.209201459607178,0.16188598325838627
Sar-e-Pul,2020,6,0.21150861343143207,0.15425769137507994
Takhar,2020,6,0.20300068098811047,0.13938590542238238
Wardak,2020,6,0.21543954496377654,0.14727945202262435
Zabul,2020,6,0.14304852824324077,0.10949998097990583
Khost,2020,7,0.3208649230064526,0.19597808197670394
Paktika,2020,7,0.14328403822724203,0.09982799542087155
Daykundi,2020,7,0.1569462091751054,0.10903249283014786
Panjsher,2020,7,0.1968116975054069,0.11639906393468934
Parwan,2020,7,0.19684266196308955,0.1238121551478801
Uruzgan,2020,7,0.16224808860519271,0.12236101244059364
Badakhshan,2020,7,0.1838534992372961,0.1160218084397075
Badghis,2020,7,0.16963239460933513,0.12572673598800435
Baghlan,2020,7,0.2002180812577046,0.13663086872260663
Balkh,2020,7,0.13751227949723416,0.10862373551323844
Bamyan,2020,7,0.17738690539774904,0.1276150922923911
Farah,2020,7,0.10652514309584361,0.07865299322559122
Faryab,2020,7,0.167322877066124,0.12338597343277029
Ghazni,2020,7,0.16841482543497954,0.127614309368579
Ghor,2020,7,0.1684282587777211,0.12050482327697638
Hilmand,2020,7,0.11365827598775895,0.08481048465950636
Hirat,2020,7,0.14156139913287896,0.10254054348515547
Jawzjan,2020,7,0.1258836636841177,0.09806356518585857
Kabul,2020,7,0.18940892406781312,0.13192149100384856
Kandahar,2020,7,0.11945414465953746,0.08970421559026873
Kapisa,2020,7,0.25085045701776426,0.16871436487595884
Kunar,2020,7,0.47159338249784677,0.2771333981829457
Kunduz,2020,7,0.21225174955583215,0.15515985927015088
Laghman,2020,7,0.27572956888620825,0.17229610123577094
Logar,2020,7,0.1606506718959748,0.10886852898699673
Nangarhar,2020,7,0.2402036954097249,0.15931626376731498
Nimroz,2020,7,0.08005681703619782,0.06212816767087576
Nuristan,2020,7,0.2938715466711946,0.17020854973398442
Paktya,2020,7,0.24431704072689936,0.15067480450946638
Samangan,2020,7,0.17609103561193876,0.13551313106258325
Sar-e-Pul,2020,7,0.190487069817238,0.1389331491433163
Takhar,2020,7,0.19494157069188542,0.13380975555177146
Wardak,2020,7,0.19004580321828476,0.12673088025162724
Zabul,2020,7,0.1341070543997187,0.10260584099893276
Khost,2020,8,0.3183674639103386,0.19978661569039838
Paktika,2020,8,0.13741154965600602,0.09313952303389923
Daykundi,2020,8,0.1484086914312354,0.0995976251892984
Panjsher,2020,8,0.18850004551824165,0.10707992260030218
Parwan,2020,8,0.1828057330760565,0.11289232436895517
Uruzgan,2020,8,0.15970645278019294,0.11869106715875695
Badakhshan,2020,8,0.15860535922932673,0.093204138091658
Badghis,2020,8,0.15849355232362616,0.11765996375416328
Baghlan,2020,8,0.1796537731275377,0.12262743112683473
Balkh,2020,8,0.13346197692028375,0.10449651981702807
Bamyan,2020,8,0.15782312127216197,0.11115076450704159
Farah,2020,8,0.10641494958202465,0.07756173981816213
Faryab,2020,8,0.1568550849005173,0.11487448994156924
Ghazni,2020,8,0.15632901397989243,0.1156873655972336
Ghor,2020,8,0.15089975554640195,0.10548213261318065
Hilmand,2020,8,0.11809385185366568,0.08784303985445531
Hirat,2020,8,0.13573041408527,0.0966495443544866
Jawzjan,2020,8,0.12494239249560991,0.09628462889107688
Kabul,2020,8,0.1829404692463554,0.12328938387119986
Kandahar,2020,8,0.1203189939868014,0.08953716993036719
Kapisa,2020,8,0.26021728125333615,0.16926000189565807
Kunar,2020,8,0.4566427126944984,0.2362490784427588
Kunduz,2020,8,0.21160881812551866,0.15724563992469393
Laghman,2020,8,0.27684904967041374,0.16403831490950038
Logar,2020,8,0.15415635623553386,0.10201873482505755
Nangarhar,2020,8,0.2447120617248326,0.1567012655187104
Nimroz,2020,8,0.07873537345613173,0.061295486300196225
Nuristan,2020,8,0.28906978951726237,0.14757171152279178
Paktya,2020,8,0.2306988383810405,0.13988210893577543
Samangan,2020,8,0.1569982594015449,0.11936164018171193
Sar-e-Pul,2020,8,0.16944045103051272,0.12157980979601755
Takhar,2020,8,0.18220230891048106,0.12375902196569205
Wardak,2020,8,0.17031414505349282,0.11011787715995999
Zabul,2020,8,0.1304607677794398,0.09773220811448334
Khost,2020,9,0.2907220061753349,0.16633910714465142
Paktika,2020,9,0.1311169597003324,0.08784970994235494
Daykundi,2020,9,0.14135535818329928,0.09141140277396924
Panjsher,2020,9,0.16467226502454346,0.09182737843634203
Parwan,2020,9,0.16338843515685217,0.09562829169282416
Uruzgan,2020,9,0.1522074726955285,0.10979719762921317
Badakhshan,2020,9,0.12324550069627382,0.0685613646739485
Badghis,2020,9,0.15089421047463675,0.10777588497765916
Baghlan,2020,9,0.16136653986328967,0.10408073914858965
Balkh,2020,9,0.12615663112237938,0.09446588141756386
Bamyan,2020,9,0.14150204905282926,0.09540766871610866
Farah,2020,9,0.10541346662133393,0.07543061420530565
Faryab,2020,9,0.14804083164242351,0.10484617871064808
Ghazni,2020,9,0.14185723854357907,0.10257820474795136
Ghor,2020,9,0.14094985827870746,0.09516273540328193
Hilmand,2020,9,0.11507564047164519,0.08362179971256894
Hirat,2020,9,0.13035263640140438,0.09055574967331619
Jawzjan,2020,9,0.11793529759823107,0.0885115292563432
Kabul,2020,9,0.16908755765604566,0.10949209136552379
Kandahar,2020,9,0.11796751589993212,0.08663838386801406
Kapisa,2020,9,0.23335755665503674,0.14634252991091504
Kunar,2020,9,0.4626247255294317,0.2135629271303551
Kunduz,2020,9,0.17231909973834691,0.12146723541359396
Laghman,2020,9,0.26776794475074556,0.15237797911631298
Logar,2020,9,0.14115050844880475,0.09138244170014233
Nangarhar,2020,9,0.22969440060766388,0.1376001338725039
Nimroz,2020,9,0.07939767481080157,0.061560990021433726
Nuristan,2020,9,0.2464694037274366,0.1217327889363146
Paktya,2020,9,0.2136638261600763,0.12329653722885504
Samangan,2020,9,0.15128724727016052,0.1075604266859103
Sar-e-Pul,2020,9,0.15787834480721374,0.10751762017402883
Takhar,2020,9,0.15921413302401907,0.1018296680579088
Wardak,2020,9,0.1513407565187666,0.09558837199237527
Zabul,2020,9,0.12474232812249013,0.09174210988369423
Khost,2020,10,0.23476640786715455,0.12850401226922567
Paktika,2020,10,0.12219910367420567,0.07959376796477814
Daykundi,2020,10,0.13053530666671,0.08030917646815608
Panjsher,2020,10,0.1300883649640735,0.06887794214565506
Parwan,2020,10,0.13584771286472605,0.07483048209318532
Uruzgan,2020,10,0.1398889515597842,0.09588752460179512
Badakhshan,2020,10,0.08658002708722598,0.04412968462922207
Badghis,2020,10,0.14820485864455968,0.10102656726574855
Baghlan,2020,10,0.14197170241323842,0.08599817325874407
Balkh,2020,10,0.1160953590270251,0.0819765642621834
Bamyan,2020,10,0.13057484721389123,0.08481867803904977
Farah,2020,10,0.10383660528065017,0.07150979772529342
Faryab,2020,10,0.14573565521974055,0.09700330190610372
Ghazni,2020,10,0.1267132417128749,0.08861386431785079
Ghor,2020,10,0.13345917347887234,0.08663164299942883
Hilmand,2020,10,0.10876798914178078,0.0755013966121303
Hirat,2020,10,0.12629680848828367,0.08367944119937981
Jawzjan,2020,10,0.11476398063204753,0.0809827952971077
Kabul,2020,10,0.14547364917862035,0.08829448072588045
Kandahar,2020,10,0.11447248280347937,0.08206463404894228
Kapisa,2020,10,0.1952490677369784,0.11105778120708874
Kunar,2020,10,0.4140865539921402,0.16399008701987688
Kunduz,2020,10,0.13303797116735214,0.08993996956402908
Laghman,2020,10,0.239748344270728,0.12288698466898086
Logar,2020,10,0.12268123776288835,0.07530470675045216
Nangarhar,2020,10,0.1989845611987326,0.10828106213735489
Nimroz,2020,10,0.0796249675100227,0.060238451234198576
Nuristan,2020,10,0.2022979921757635,0.08807965761775109
Paktya,2020,10,0.18684361688792933,0.10208289248206662
Samangan,2020,10,0.1405879900049811,0.09804452807411261
Sar-e-Pul,2020,10,0.15084751951110456,0.09742320843389639
Takhar,2020,10,0.13256549404714363,0.07838656507056489
Wardak,2020,10,0.13242069194849573,0.08128058554620124
Zabul,2020,10,0.11466732876882926,0.08160374260298346
Khost,2020,11,0.24197483081294766,0.11446644645052481
Paktika,2020,11,0.13394706972032186,0.07188118285459916
Daykundi,2020,11,0.07919924345866969,0.044744062001233424
Panjsher,2020,11,-0.02162592470516324,-0.022145470177582706
Parwan,2020,11,0.04051584675633531,0.01571764751434829
Uruzgan,2020,11,0.120579286947288,0.07522916751299827
Badakhshan,2020,11,-0.013794363807634238,-0.017543510200719977
Badghis,2020,11,0.12183686590149509,0.07827681237540826
Baghlan,2020,11,0.07052794328426719,0.03774774165525002
Balkh,2020,11,0.11077860889703073,0.07345075961949546
Bamyan,2020,11,0.0012594711436566246,-0.003684352176939086
Farah,2020,11,0.10279685419681048,0.06698974754086061
Faryab,2020,11,0.11645962897014311,0.07708263576271034
Ghazni,2020,11,0.08078845599961537,0.05140473151118523
Ghor,2020,11,0.07603317913121087,0.04722485135045897
Hilmand,2020,11,0.10510412909556023,0.07199048462333614
Hirat,2020,11,0.11771135236504907,0.07320950165697968
Jawzjan,2020,11,0.10900272649679298,0.07697007144886603
Kabul,2020,11,0.1154250996398734,0.058580483278801415
Kandahar,2020,11,0.11918398307786746,0.08015176138250447
Kapisa,2020,11,0.1376934406311858,0.0695458611987217
Kunar,2020,11,0.34529116821209127,0.13068190004028618
Kunduz,2020,11,0.14000693349024518,0.08006419416564983
Laghman,2020,11,0.20873513376830066,0.09812266070665938
Logar,2020,11,0.08321584918627226,0.04415778079061773
Nangarhar,2020,11,0.18557881369824883,0.09044480476863828
Nimroz,2020,11,0.07820031260755621,0.05780354894040493
Nuristan,2020,11,0.06456294345634456,0.015048741508975635
Paktya,2020,11,0.1437122385895419,0.06915963884974535
Samangan,2020,11,0.0675792013565132,0.04180939843148793
Sar-e-Pul,2020,11,0.058862004578448944,0.03452703574023185
Takhar,2020,11,0.0702894129386789,0.033573830816588296
Wardak,2020,11,0.017928562943973735,0.006913084733114571
Zabul,2020,11,0.11528630730664009,0.07062515539996905
Khost,2020,12,0.2292753181744009,0.11161098835398531
Paktika,2020,12,0.12441190953959785,0.06846528410307018
Daykundi,2020,12,0.055324951839744466,0.02887842920251461
Panjsher,2020,12,-0.020505777833351797,-0.020323290550643087
Parwan,2020,12,0.035741162424203596,0.014928815931225435
Uruzgan,2020,12,0.12170398086406209,0.073312622515982
Badakhshan,2020,12,-0.01704698321199998,-0.020397934246133502
Badghis,2020,12,0.09773894567477669,0.05142746476821783
Baghlan,2020,12,0.062409336556853545,0.0296372650785749
Balkh,2020,12,0.0910532947664847,0.053896119391842405
Bamyan,2020,12,-0.009113163888148732,-0.012187869849959843
Farah,2020,12,0.09934877496905103,0.0640188352445005
Faryab,2020,12,0.07024778763420213,0.039419367724193674
Ghazni,2020,12,0.0651077141934277,0.04242646094777661
Ghor,2020,12,0.023205789977371005,0.010489301463359762
Hilmand,2020,12,0.10157661022340696,0.06890767073648345
Hirat,2020,12,0.10907864595658706,0.0636890210351544
Jawzjan,2020,12,0.059331924240733275,0.03725855574582667
Kabul,2020,12,0.11238040324688188,0.060755075340648626
Kandahar,2020,12,0.11432837745103906,0.07636209290549223
Kapisa,2020,12,0.1141140005724241,0.06045435715746539
Kunar,2020,12,0.3538077351691601,0.12599335805165
Kunduz,2020,12,0.13250793153794194,0.06914111624800491
Laghman,2020,12,0.20620976662525967,0.0960088764699681
Logar,2020,12,0.07556197273372454,0.04303642134677996
Nangarhar,2020,12,0.17554693517102626,0.0858408709830374
Nimroz,2020,12,0.07686502938509066,0.05675558553321244
Nuristan,2020,12,0.06605103863665457,0.015299339430827043
Paktya,2020,12,0.14317489932579094,0.0709505913735285
Samangan,2020,12,0.06089833358711912,0.033694213868549865
Sar-e-Pul,2020,12,0.02073572235397312,0.00650837407741658
Takhar,2020,12,0.054082947097789304,0.02425116312080107
Wardak,2020,12,0.01641410437722689,0.005007388390830989
Zabul,2020,12,0.11170131735687384,0.06876017482523689
Khost,2021,1,0.22057837165416272,0.11292392895998782
Paktika,2021,1,0.11740120014925151,0.0700106587161453
Daykundi,2021,1,0.05376022784175123,0.02966570492988834
Panjsher,2021,1,-0.009330556957316377,-0.013443733500551676
Parwan,2021,1,0.039892609756567644,0.018943742985479933
Uruzgan,2021,1,0.11984422230787975,0.07657634059392629
Badakhshan,2021,1,-0.013630863327651259,-0.017294100514414244
Badghis,2021,1,0.14133654025454198,0.08439110000889026
Baghlan,2021,1,0.07548897985696777,0.04042031715609087
Balkh,2021,1,0.10926334847152012,0.06829610081017948
Bamyan,2021,1,-0.014619752898714219,-0.016176759897031386
Farah,2021,1,0.09650718421986097,0.06430869595291307
Faryab,2021,1,0.12214964178350309,0.0714418814762928
Ghazni,2021,1,0.057413365185427986,0.03966318926260304
Ghor,2021,1,0.020270928956804102,0.0094321655496413
Hilmand,2021,1,0.09922046917888923,0.06854684097172709
Hirat,2021,1,0.11021593529975539,0.06803862399396987
Jawzjan,2021,1,0.11806307596782639,0.07428922338392088
Kabul,2021,1,0.11013431824203063,0.06275294290630505
Kandahar,2021,1,0.10650063576630561,0.07394652909565229
Kapisa,2021,1,0.12578032467584277,0.06965432740126731
Kunar,2021,1,0.3539067975547237,0.1336404811404978
Kunduz,2021,1,0.15721169350747297,0.08616265704115317
Laghman,2021,1,0.2137361588337811,0.10092817902240397
Logar,2021,1,0.07296825310933591,0.045719274541437975
Nangarhar,2021,1,0.17793181623351015,0.091532514252915
Nimroz,2021,1,0.07479679703471585,0.056561636192881216
Nuristan,2021,1,0.07537290208387835,0.01979586225211129
Paktya,2021,1,0.14097994209799145,0.0754594950843054
Samangan,2021,1,0.06407629643438492,0.03961501714828323
Sar-e-Pul,2021,1,0.0634020763438615,0.03245868552904751
Takhar,2021,1,0.08732490693168687,0.04296941144373648
Wardak,2021,1,0.017403326151946116,0.006543877719287689
Zabul,2021,1,0.10480320419023233,0.06909494269101639
Khost,2021,2,0.21844490059373411,0.11884823880003094
Paktika,2021,2,0.11481531700370438,0.07188294241129267
Daykundi,2021,2,0.08784148364531684,0.052895257363984816
Panjsher,2021,2,0.00859112807565364,-0.0024718347839254268
Parwan,2021,2,0.06437377831063035,0.03441547959776784
Uruzgan,2021,2,0.1344594358391131,0.08879908704629404
Badakhshan,2021,2,0.0023762808497151317,-0.008134455269268292
Badghis,2021,2,0.19920452541996542,0.12430661430007302
Baghlan,2021,2,0.12303058431975866,0.07196376682113217
Balkh,2021,2,0.13042928162399936,0.08764335232063092
Bamyan,2021,2,0.010392252433661736,0.0028434401603213005
Farah,2021,2,0.10233891567254802,0.06974174529170445
Faryab,2021,2,0.1769025052703014,0.11430040109330222
Ghazni,2021,2,0.07634737620967309,0.054561092851440396
Ghor,2021,2,0.06829282429211944,0.04111554761030753
Hilmand,2021,2,0.10638101389899463,0.07472816581028563
Hirat,2021,2,0.12370590208282764,0.07879057280489951
Jawzjan,2021,2,0.13435974102848516,0.0954574516404869
Kabul,2021,2,0.12753872570104924,0.07403961764491812
Kandahar,2021,2,0.10670425863555731,0.07560253153858992
Kapisa,2021,2,0.15929479670306507,0.09073409719739427
Kunar,2021,2,0.3613721923562795,0.1497331172623337
Kunduz,2021,2,0.2049694987811122,0.12562057351899658
Laghman,2021,2,0.22288798415665179,0.11494427790569207
Logar,2021,2,0.09232938883028567,0.05758363796828735
Nangarhar,2021,2,0.19618632552239113,0.10947478699578558
Nimroz,2021,2,0.0765804664553906,0.05782396785567272
Nuristan,2021,2,0.08819042526062665,0.03132214295095184
Paktya,2021,2,0.16046505629684082,0.0866411418847981
Samangan,2021,2,0.11762457366122311,0.07345722532670783
Sar-e-Pul,2021,2,0.09833644382327515,0.06040274331143458
Takhar,2021,2,0.12141414080852864,0.06198688105816779
Wardak,2021,2,0.038712850877208896,0.022404746693359373
Zabul,2021,2,0.10632105929786158,0.07313567925828988
Khost,2021,3,0.23543034662704757,0.14126317551616863
Paktika,2021,3,0.11859134067539723,0.07877097210784435
Daykundi,2021,3,0.1129302609837074,0.06866387910453618
Panjsher,2021,3,0.012502664587611914,-0.001220375692467304
Parwan,2021,3,0.07788916160867845,0.04577125560704802
Uruzgan,2021,3,0.15561452584718855,0.10531203419659964
Badakhshan,2021,3,0.010211788143130996,-0.0058141490384161585
Badghis,2021,3,0.26898322128415375,0.16981967232249962
Baghlan,2021,3,0.17103499969030053,0.10890088501318966
Balkh,2021,3,0.17094588690100168,0.11531705008879213
Bamyan,2021,3,0.039524729015126235,0.024063130780372886
Farah,2021,3,0.10442040471105553,0.07556252746125018
Faryab,2021,3,0.2211394809271286,0.14233767442962217
Ghazni,2021,3,0.09717500233857483,0.06977682578436332
Ghor,2021,3,0.10646388578488027,0.06390528107961999
Hilmand,2021,3,0.11949576854323136,0.08739643925903953
Hirat,2021,3,0.13120935159313987,0.08789198519010104
Jawzjan,2021,3,0.1721538071716925,0.11556384088737592
Kabul,2021,3,0.15412573842682423,0.10139430515642188
Kandahar,2021,3,0.11008932734796936,0.07887036166261421
Kapisa,2021,3,0.20033039273778366,0.1295922622302212
Kunar,2021,3,0.3487657379877305,0.16488922008436116
Kunduz,2021,3,0.31182513552658897,0.21694183206766443
Laghman,2021,3,0.23810663057100365,0.14275889303904765
Logar,2021,3,0.1126245533291056,0.07499555999586238
Nangarhar,2021,3,0.2320501438133076,0.14797284302455457
Nimroz,2021,3,0.07732429101418982,0.06016327078584671
Nuristan,2021,3,0.06659253889744991,0.02290202096138592
Paktya,2021,3,0.17541919764344843,0.10717421351954412
Samangan,2021,3,0.15594268644294695,0.10354253689081025
Sar-e-Pul,2021,3,0.14303626940662098,0.09039526763229205
Takhar,2021,3,0.17313157738229407,0.10439785479589926
Wardak,2021,3,0.06634070243221502,0.04144781557473919
Zabul,2021,3,0.11097583305702742,0.0773834601848144
Khost,2021,4,0.27646618747872004,0.1717013339875147
Paktika,2021,4,0.13894264302000064,0.09294375785154589
Daykundi,2021,4,0.1642946847491261,0.10487113372133454
Panjsher,2021,4,0.04419391633664509,0.012205494258756416
Parwan,2021,4,0.14348689537141593,0.08597106682261112
Uruzgan,2021,4,0.17143165460663087,0.12406729393215678
Badakhshan,2021,4,0.03190219719898969,0.0038854129258030275
Badghis,2021,4,0.22306552272180727,0.15731771553617618
Baghlan,2021,4,0.23402374852223312,0.1559180810437103
Balkh,2021,4,0.18519430583244598,0.14123318562918488
Bamyan,2021,4,0.12068316325668516,0.08117297838309183
Farah,2021,4,0.10443701088740794,0.07588580370302223
Faryab,2021,4,0.222688996610394,0.15960257167146058
Ghazni,2021,4,0.1374099857948157,0.09895666342598065
Ghor,2021,4,0.15039693691855247,0.09951972298197624
Hilmand,2021,4,0.11974058387924733,0.0894451376526182
Hirat,2021,4,0.13283825325825233,0.09245896501572724
Jawzjan,2021,4,0.16799123986217426,0.12958323977332833
Kabul,2021,4,0.19770356259327607,0.13141496415602086
Kandahar,2021,4,0.11252948424813468,0.08360390760061745
Kapisa,2021,4,0.2501278882484978,0.16429216282253856
Kunar,2021,4,0.39332150252702164,0.19188759158388027
Kunduz,2021,4,0.3395685949630626,0.25184224061498645
Laghman,2021,4,0.26340151957044255,0.1537737270986757
Logar,2021,4,0.14980660498973739,0.09877207901509244
Nangarhar,2021,4,0.25128694914944516,0.15786035944826732
Nimroz,2021,4,0.07755654005320776,0.060317243824464586
Nuristan,2021,4,0.09362691772271903,0.03354222004734691
Paktya,2021,4,0.21393504967034924,0.13085100533831
Samangan,2021,4,0.20314081230921127,0.14937555422656523
Sar-e-Pul,2021,4,0.19579165161059392,0.1369276342247277
Takhar,2021,4,0.24119106941978483,0.1645718868273355
Wardak,2021,4,0.1329159414434522,0.08408429080402877
Zabul,2021,4,0.11975315738616499,0.08674997123146844
Khost,2021,5,0.26182427031129585,0.16420526335329275
Paktika,2021,5,0.132024945131952,0.09327153803003622
Daykundi,2021,5,0.18703693649550662,0.12852650247375003
Panjsher,2021,5,0.1317962369191772,0.073747590554454
Parwan,2021,5,0.21212163456565766,0.13267563045987785
Uruzgan,2021,5,0.15446235014879886,0.11645707435400279
Badakhshan,2021,5,0.12648579657298595,0.06866677852976939
Badghis,2021,5,0.1727028824428032,0.12697990235889192
Baghlan,2021,5,0.23930398575842288,0.15783104883167876
Balkh,2021,5,0.1510058052385444,0.11666795696440939
Bamyan,2021,5,0.18925422831072078,0.13288611271648876
Farah,2021,5,0.09955929086204976,0.0738058471359754
Faryab,2021,5,0.1741765096896277,0.12774355948085087
Ghazni,2021,5,0.16442406784816851,0.12160074078863001
Ghor,2021,5,0.17135372839812923,0.1226450169745704
Hilmand,2021,5,0.10308931416696608,0.07686610381689399
Hirat,2021,5,0.1250537729204578,0.08898058774835381
Jawzjan,2021,5,0.12885155028454162,0.1007365291474888
Kabul,2021,5,0.2014435291410365,0.14168480589133056
Kandahar,2021,5,0.1054698242623157,0.08008077455225963
Kapisa,2021,5,0.2595937022442705,0.17284514974163687
Kunar,2021,5,0.41976135916844376,0.2316364834592254
Kunduz,2021,5,0.20826526976398055,0.14880993382763547
Laghman,2021,5,0.2501331502521954,0.15050849355809393
Logar,2021,5,0.16450714782628323,0.11476973111812959
Nangarhar,2021,5,0.2148043294865645,0.1395723410777269
Nimroz,2021,5,0.07534844661410871,0.05896434965147142
Nuristan,2021,5,0.1834358012988574,0.09490461664334462
Paktya,2021,5,0.23650659190896525,0.15473956194163438
Samangan,2021,5,0.21682819280744078,0.16120296721587338
Sar-e-Pul,2021,5,0.19967351499627586,0.14590556713682723
Takhar,2021,5,0.25560985313289,0.16772167065618596
Wardak,2021,5,0.2025350775102983,0.1333614618620101
Zabul,2021,5,0.11428305016394956,0.08628010782391698
Khost,2021,6,0.22483554558269878,0.14440177709576704
Paktika,2021,6,0.12276889265957379,0.08737418713608586
Daykundi,2021,6,0.15752128690768996,0.10980503432762363
Panjsher,2021,6,0.1896550003635274,0.11779051299066304
Parwan,2021,6,0.20161221870573828,0.1338444981082393
Uruzgan,2021,6,0.13903365840401669,0.10589519064843542
Badakhshan,2021,6,0.17844454900574896,0.11055807377895037
Badghis,2021,6,0.14857333844899837,0.11198999102175533
Baghlan,2021,6,0.19922790383870084,0.14016471873141254
Balkh,2021,6,0.12987720763487437,0.10200614199648426
Bamyan,2021,6,0.1880149451205226,0.13685100781852036
Farah,2021,6,0.0952526144545922,0.07110301460192957
Faryab,2021,6,0.14950475752564857,0.11397970025903247
Ghazni,2021,6,0.1526993881821049,0.11811854453157598
Ghor,2021,6,0.1597675260104111,0.11772975869736885
Hilmand,2021,6,0.09940981055759321,0.07462986204315766
Hirat,2021,6,0.11451947170787084,0.08244928680920942
Jawzjan,2021,6,0.11287719776665724,0.0893816511460071
Kabul,2021,6,0.17786162234029557,0.12836926789456918
Kandahar,2021,6,0.10253571018372921,0.07776894464974758
Kapisa,2021,6,0.23136794535137215,0.15588791330504717
Kunar,2021,6,0.4220576679732841,0.22321498812209487
Kunduz,2021,6,0.16564772657660562,0.12073895719789926
Laghman,2021,6,0.24031268717782106,0.14920144742107702
Logar,2021,6,0.14976872175370778,0.10555621119514919
Nangarhar,2021,6,0.19685688813778465,0.1299935403792534
Nimroz,2021,6,0.07485813317802703,0.05910163908751617
Nuristan,2021,6,0.2618276728868382,0.14828400853711557
Paktya,2021,6,0.21635802445395502,0.14412934024057972
Samangan,2021,6,0.18489987801268976,0.143274471063599
Sar-e-Pul,2021,6,0.18664096309167594,0.13924444485110118
Takhar,2021,6,0.18720151842235513,0.12976455190463762
Wardak,2021,6,0.19276946949512805,0.1350763347543312
Zabul,2021,6,0.10989272634832054,0.08514451682007791
Khost,2021,7,0.2857612430511503,0.17788988419808052
Paktika,2021,7,0.11883289548323389,0.08463228279820055
Daykundi,2021,7,0.1368811316358934,0.09395793952774593
Panjsher,2021,7,0.19178752325556775,0.11961723532798657
Parwan,2021,7,0.18066920797963332,0.11914232526640516
Uruzgan,2021,7,0.1357617947615861,0.10225530952484482
Badakhshan,2021,7,0.17632797089953162,0.1100304117225027
Badghis,2021,7,0.13992845652017574,0.1053707497565154
Baghlan,2021,7,0.17906081559455342,0.12479109150102935
Balkh,2021,7,0.12765420010595235,0.10106765552044884
Bamyan,2021,7,0.16414209950409347,0.11452543439966932
Farah,2021,7,0.09249074536288784,0.06874681771137696
Faryab,2021,7,0.1369686796563321,0.10313398056822559
Ghazni,2021,7,0.14116346842725896,0.1053008089397147
Ghor,2021,7,0.13927743013800944,0.10055983351344353
Hilmand,2021,7,0.10022375656648279,0.07520425479008332
Hirat,2021,7,0.10955667720182774,0.07909876877168785
Jawzjan,2021,7,0.10804199598599172,0.0854325465560378
Kabul,2021,7,0.16813079918818205,0.12069313912697278
Kandahar,2021,7,0.1008763595601172,0.07666064884402839
Kapisa,2021,7,0.23850029388038482,0.16476351958867297
Kunar,2021,7,0.46932425135163136,0.2418353518594213
Kunduz,2021,7,0.20381226883346207,0.1510379418597213
Laghman,2021,7,0.263343554090432,0.16399766841548055
Logar,2021,7,0.14289007181179647,0.09978214966350714
Nangarhar,2021,7,0.22600028145182383,0.14656409328589
Nimroz,2021,7,0.07310229135191817,0.057227288570668215
Nuristan,2021,7,0.2933785555682488,0.1659648983729911
Paktya,2021,7,0.21155854593356385,0.13585864398188072
Samangan,2021,7,0.16067178393802192,0.12124817616235231
Sar-e-Pul,2021,7,0.16635732742450648,0.12352941344784671
Takhar,2021,7,0.18427874462825636,0.1279803102272748
Wardak,2021,7,0.16928046069326513,0.11216267422972978
Zabul,2021,7,0.10523991535206187,0.07948718922032336
Khost,2021,8,0.30098991666123287,0.18501954657698358
Paktika,2021,8,0.11741132525910825,0.0813463156346894
Daykundi,2021,8,0.1308941027016033,0.08919845193445147
Panjsher,2021,8,0.17564529508868637,0.10119970294901859
Parwan,2021,8,0.16577151272896734,0.10434487957719649
Uruzgan,2021,8,0.1367330523171997,0.10252516203920697
Badakhshan,2021,8,0.15246390171466434,0.0920766609077852
Badghis,2021,8,0.1357077161375522,0.10009421234999845
Baghlan,2021,8,0.16772295671404064,0.11488813942623771
Balkh,2021,8,0.12629040267612213,0.09881436147848224
Bamyan,2021,8,0.14551503741269384,0.10151703138441846
Farah,2021,8,0.09494093598554229,0.070227561636041
Faryab,2021,8,0.13098161527729923,0.09740429691806728
Ghazni,2021,8,0.13168008193600228,0.09803807521763884
Ghor,2021,8,0.1289242921874958,0.09167879820658473
Hilmand,2021,8,0.10783831518752243,0.0810242110767718
Hirat,2021,8,0.10860395512788434,0.07677029789983433
Jawzjan,2021,8,0.1072600756595395,0.08401270612120708
Kabul,2021,8,0.1624349542626022,0.11078632621381526
Kandahar,2021,8,0.10395409563511203,0.0782772311884533
Kapisa,2021,8,0.24099102838071018,0.15838768651247548
Kunar,2021,8,0.46606469750680635,0.24058302391766423
Kunduz,2021,8,0.20238417462897612,0.15157908747049054
Laghman,2021,8,0.26644881412102667,0.1556862346647254
Logar,2021,8,0.13855831400774726,0.09342945756890796
Nangarhar,2021,8,0.2220639018798402,0.14030493713685926
Nimroz,2021,8,0.07618328560868329,0.05950053209314097
Nuristan,2021,8,0.28088111814031475,0.14812625691707137
Paktya,2021,8,0.20358870769401755,0.12629310159656676
Samangan,2021,8,0.14729317479901505,0.1099408624007417
Sar-e-Pul,2021,8,0.15164617338294886,0.11040699552528485
Takhar,2021,8,0.17401335219206043,0.11889953328872857
Wardak,2021,8,0.14905200125461468,0.09816244258607082
Zabul,2021,8,0.10488213487156876,0.07874238760304292
Khost,2021,9,0.2620714074049232,0.1567098001077411
Paktika,2021,9,0.1133436530270801,0.0762382757651787
Daykundi,2021,9,0.1260096397850476,0.0827868701189457
Panjsher,2021,9,0.15712001585371613,0.08654215128711955
Parwan,2021,9,0.1469696561305101,0.08865351406292733
Uruzgan,2021,9,0.13075702705517306,0.09529845536252594
Badakhshan,2021,9,0.12976442762952997,0.07470073654902665
Badghis,2021,9,0.13005504256572842,0.09343431937139886
Baghlan,2021,9,0.14883082790891197,0.0988239783923677
Balkh,2021,9,0.1158178971224071,0.08893384594308151
Bamyan,2021,9,0.1332956047427259,0.09025418567070598
Farah,2021,9,0.093731877634653,0.06825329631470108
Faryab,2021,9,0.1245702232083188,0.08981992482317618
Ghazni,2021,9,0.12224870468053209,0.08929957811499094
Ghor,2021,9,0.12355763025579068,0.08582000872312152
Hilmand,2021,9,0.1040804333922435,0.07709405388440331
Hirat,2021,9,0.10518664259585599,0.07273826679331219
Jawzjan,2021,9,0.0992535714492226,0.07719823825147597
Kabul,2021,9,0.15096944726757033,0.09873990050234485
Kandahar,2021,9,0.10129171961512067,0.07574238022951396
Kapisa,2021,9,0.21284154492387403,0.13066979125078296
Kunar,2021,9,0.4397908859871865,0.20957620941562072
Kunduz,2021,9,0.15289096554258774,0.11104307860017598
Laghman,2021,9,0.24418717036604745,0.13773322402134627
Logar,2021,9,0.12779141746746306,0.08298717994024639
Nangarhar,2021,9,0.20294242143358196,0.11949965288211534
Nimroz,2021,9,0.07562281351895607,0.05912672907582887
Nuristan,2021,9,0.2517104108538665,0.12182017822720996
Paktya,2021,9,0.18724160179801824,0.11076000568678693
Samangan,2021,9,0.13773847519537563,0.10068996300173691
Sar-e-Pul,2021,9,0.140766641000258,0.10028704757793759
Takhar,2021,9,0.14757122830976221,0.09619173250919869
Wardak,2021,9,0.13450658022065734,0.08655888717160487
Zabul,2021,9,0.10110894612960579,0.07500118534862363
Khost,2021,10,0.22896374796266064,0.12629313962952585
Paktika,2021,10,0.10944042314301392,0.07226613738888125
Daykundi,2021,10,0.12122364647167817,0.07568919589156396
Panjsher,2021,10,0.14081954437663297,0.07738518395840285
Parwan,2021,10,0.13276391269703805,0.07637297419426609
Uruzgan,2021,10,0.12265688555893448,0.08617469017406888
Badakhshan,2021,10,0.10023205187071046,0.05253471721821941
Badghis,2021,10,0.13236809934517405,0.0908240919318775
Baghlan,2021,10,0.1398360310195669,0.08797511613928236
Balkh,2021,10,0.11062957602022996,0.08121395045001491
Bamyan,2021,10,0.12786107276954997,0.08206198127571374
Farah,2021,10,0.08969753707853757,0.06396292979344667
Faryab,2021,10,0.12476907406044706,0.08532563236006478
Ghazni,2021,10,0.11438605865754584,0.08222947872663332
Ghor,2021,10,0.12001440248354012,0.07975999210742626
Hilmand,2021,10,0.09788487250637805,0.07177203640055645
Hirat,2021,10,0.10269338959387768,0.06925888661356511
Jawzjan,2021,10,0.09607942826862524,0.07240031556922971
Kabul,2021,10,0.13680293614952707,0.08577735489539327
Kandahar,2021,10,0.09843306107329956,0.07277506687243163
Kapisa,2021,10,0.1867525039145201,0.10906708267213175
Kunar,2021,10,0.41644898316368867,0.16857761122042503
Kunduz,2021,10,0.13511241327264384,0.09117601389306385
Laghman,2021,10,0.22928618564472064,0.11927596572342478
Logar,2021,10,0.116006113940986,0.07242751418808242
Nangarhar,2021,10,0.1843938536386347,0.10306663510451068
Nimroz,2021,10,0.07270878972355013,0.056652904179764166
Nuristan,2021,10,0.22120681234049425,0.10376539722423804
Paktya,2021,10,0.17483234384240126,0.09708349083775557
Samangan,2021,10,0.136275904550124,0.09558812458450815
Sar-e-Pul,2021,10,0.1386242790642681,0.0904416349343649
Takhar,2021,10,0.13377472580016975,0.0814305848773265
Wardak,2021,10,0.12563941808379692,0.07882349845616939
Zabul,2021,10,0.09699099472299526,0.0708152784344654
Khost,2021,11,0.2055789916618348,0.1070435717143032
Paktika,2021,11,0.10626361193373293,0.06858427549438131
Daykundi,2021,11,0.11714812633208904,0.06984390132728198
Panjsher,2021,11,0.07317842493517963,0.03743121085222584
Parwan,2021,11,0.11666566199536746,0.06281650487993495
Uruzgan,2021,11,0.12009909439208467,0.08075306990482962
Badakhshan,2021,11,0.02636306236036735,0.007106397375139778
Badghis,2021,11,0.14182438868762287,0.091262868061771
Baghlan,2021,11,0.12253069964753666,0.06986892063414901
Balkh,2021,11,0.11532983716104489,0.07521824112529964
Bamyan,2021,11,0.09909126719100192,0.06213923238128803
Farah,2021,11,0.09164860214747769,0.062164602141416406
Faryab,2021,11,0.1295253411918836,0.08338683961607386
Ghazni,2021,11,0.11187539578492253,0.0766852035138886
Ghor,2021,11,0.1118622267530543,0.07089012557931945
Hilmand,2021,11,0.0934938441130855,0.06697180941655251
Hirat,2021,11,0.1052327531703729,0.06683593587099197
Jawzjan,2021,11,0.10196485132569288,0.07175777522485982
Kabul,2021,11,0.1250922485000256,0.07504844660523301
Kandahar,2021,11,0.09587690305338063,0.0700016855188088
Kapisa,2021,11,0.1672847256334096,0.09270538713116752
Kunar,2021,11,0.3873305103694882,0.1489690857190401
Kunduz,2021,11,0.1392562607201035,0.08591255394035573
Laghman,2021,11,0.21068907746647533,0.10188354276262027
Logar,2021,11,0.10892871102755329,0.06451577635043884
Nangarhar,2021,11,0.168705768882284,0.08788250079001098
Nimroz,2021,11,0.07129546357273406,0.05514600763351762
Nuristan,2021,11,0.16424552559759548,0.06864310706585772
Paktya,2021,11,0.1674980934057667,0.08843275379098899
Samangan,2021,11,0.13369651503788285,0.08565472605465654
Sar-e-Pul,2021,11,0.11688763153805246,0.07132228882511876
Takhar,2021,11,0.11157569649372584,0.06055740962701885
Wardak,2021,11,0.11629657821301734,0.06938618868630084
Zabul,2021,11,0.0948794257598146,0.06699343060372316
Khost,2021,12,0.1992910745756688,0.10182388242994221
Paktika,2021,12,0.1065319658512607,0.06647237425796969
Daykundi,2021,12,0.10096273528855323,0.05871220792100226
Panjsher,2021,12,0.03843144593232314,0.017328003694932394
Parwan,2021,12,0.08200194323756733,0.0459319377125624
Uruzgan,2021,12,0.11898611444235674,0.07626279243507113
Badakhshan,2021,12,0.009468250938844963,-0.002588751868928617
Badghis,2021,12,0.14001479771820657,0.08280016820889888
Baghlan,2021,12,0.10466943316902375,0.058693854457757336
Balkh,2021,12,0.11059702404591745,0.07376202251505438
Bamyan,2021,12,0.06191364854059596,0.03988837085852297
Farah,2021,12,0.0905579699969553,0.05965362665017007
Faryab,2021,12,0.13320762381875437,0.08479576826214844
Ghazni,2021,12,0.10420070433504801,0.07147314214340875
Ghor,2021,12,0.07610759249738244,0.04598780622218961
Hilmand,2021,12,0.0903456908828719,0.06376399621660335
Hirat,2021,12,0.10309611598278733,0.06307793271477462
Jawzjan,2021,12,0.10035338879176761,0.07211769658421384
Kabul,2021,12,0.11100195786767679,0.06421732719188114
Kandahar,2021,12,0.09553549175046314,0.06743596991092396
Kapisa,2021,12,0.14240269600833275,0.07813831345303883
Kunar,2021,12,0.3659867128374275,0.13496404142397736
Kunduz,2021,12,0.16241213078516897,0.09736488783018014
Laghman,2021,12,0.200040581842868,0.0917508550031792
Logar,2021,12,0.09686176477743416,0.056696152991470856
Nangarhar,2021,12,0.15353037235856554,0.07684659734426516
Nimroz,2021,12,0.07142422618313617,0.05418634896294575
Nuristan,2021,12,0.14476518036427605,0.056271334890797144
Paktya,2021,12,0.160711372307984,0.08395800790700057
Samangan,2021,12,0.12291478333086202,0.08142167189133616
Sar-e-Pul,2021,12,0.09555030043404314,0.05986208685451863
Takhar,2021,12,0.10514295970766062,0.0546984155720581
Wardak,2021,12,0.09551579835386848,0.058909136670843444
Zabul,2021,12,0.09552643960574272,0.06282736920938335
Khost,2022,1,0.1781868072459559,0.09615952370689441
Paktika,2022,1,0.08357734763310501,0.0515541311474805
Daykundi,2022,1,-0.0007204690056339422,-0.010583000647882658
Panjsher,2022,1,-0.02951447234489586,-0.027942022960024
Parwan,2022,1,0.005304036890749503,-0.005834202807078502
Uruzgan,2022,1,0.07878224700109553,0.04633272773479285
Badakhshan,2022,1,-0.016818556376767723,-0.021550423173579795
Badghis,2022,1,0.13424786576171535,0.06506509343980478
Baghlan,2022,1,0.10599472494462922,0.056009218533067284
Balkh,2022,1,0.13204098331243497,0.08128347860612854
Bamyan,2022,1,-0.01495562834043915,-0.018584325617696948
Farah,2022,1,0.08661397107380146,0.052697407956388755
Faryab,2022,1,0.14361276925011396,0.08383409010179917
Ghazni,2022,1,-0.003041369188898944,-0.009738106067460821
Ghor,2022,1,-0.020132250270576767,-0.023918586509858317
Hilmand,2022,1,0.093107389169871,0.06120674084650315
Hirat,2022,1,0.0907514958517004,0.0498115465843022
Jawzjan,2022,1,0.1358435663571814,0.08961876056092474
Kabul,2022,1,0.023517647803883435,0.009796831895688486
Kandahar,2022,1,0.10148816542695847,0.06623233518499873
Kapisa,2022,1,0.086902596354117,0.04755572873494488
Kunar,2022,1,0.2401498112700604,0.1046249212088879
Kunduz,2022,1,0.23125864314780464,0.12998526473340413
Laghman,2022,1,0.15227088778082432,0.07831697798564666
Logar,2022,1,0.00011224192033991089,-0.004787117564850462
Nangarhar,2022,1,0.13884770159228166,0.07127223223723464
Nimroz,2022,1,0.07520929900152842,0.05295271081879601
Nuristan,2022,1,0.03175172037462234,0.006773254058291065
Paktya,2022,1,0.07736504840325516,0.04458035838184878
Samangan,2022,1,0.09930800885215037,0.06189980627718512
Sar-e-Pul,2022,1,0.08576783945576776,0.044134002731392216
Takhar,2022,1,0.1256588925440093,0.060297967349286594
Wardak,2022,1,-0.03311075580816609,-0.03348208327810188
Zabul,2022,1,0.07354555744646939,0.04416578495613567
Khost,2022,2,0.20344292466074304,0.11090323511339119
Paktika,2022,2,0.10035441976539114,0.06289538459912496
Daykundi,2022,2,0.03496367864645417,0.01747573120479555
Panjsher,2022,2,-0.015487921480632003,-0.019638564472538082
Parwan,2022,2,0.021324282520924196,0.0047426219440799
Uruzgan,2022,2,0.10570291278346729,0.07085012270999537
Badakhshan,2022,2,-0.012850681041955846,-0.01918354098225237
Badghis,2022,2,0.17466254294947756,0.10605689419733727
Baghlan,2022,2,0.11268863231826848,0.0631623893650731
Balkh,2022,2,0.1400145007741822,0.0946123870390896
Bamyan,2022,2,-0.009531453147775683,-0.01369313998663503
Farah,2022,2,0.09602975464230029,0.06659327247711574
Faryab,2022,2,0.19650732227710407,0.12322452380262017
Ghazni,2022,2,0.033449700602007824,0.020507893018054016
Ghor,2022,2,-0.003843879458838919,-0.009870008537516944
Hilmand,2022,2,0.1046478448488096,0.07569835525091659
Hirat,2022,2,0.10248099437711788,0.06563950692854222
Jawzjan,2022,2,0.15775851326667387,0.10606816723989428
Kabul,2022,2,0.07921842140566172,0.04451276010284491
Kandahar,2022,2,0.10860770899061584,0.07809883384865511
Kapisa,2022,2,0.12291245699701779,0.07073323534431693
Kunar,2022,2,0.2995291191993739,0.138373685081549
Kunduz,2022,2,0.28692579674039953,0.1756489184162711
Laghman,2022,2,0.1850762134855597,0.09938512555834389
Logar,2022,2,0.04253756525653655,0.023767482478381955
Nangarhar,2022,2,0.16306272690890136,0.09406109021890428
Nimroz,2022,2,0.07372234020298271,0.05637819203655459
Nuristan,2022,2,0.057617270204872416,0.01766153806864782
Paktya,2022,2,0.10541777761499194,0.05987333201742734
Samangan,2022,2,0.08664812454461143,0.05667348110027545
Sar-e-Pul,2022,2,0.10210323654566053,0.058576894775362355
Takhar,2022,2,0.14071477101947663,0.0694501705387159
Wardak,2022,2,-0.01518660904402752,-0.019661144307754185
Zabul,2022,2,0.08918029480656191,0.05961957386813848
Khost,2022,3,0.24890607399151427,0.15104045134596486
Paktika,2022,3,0.11932274548849837,0.08070055914471265
Daykundi,2022,3,0.111025029438845,0.07088494674730368
Panjsher,2022,3,0.022743114470135842,0.0030484300583116008
Parwan,2022,3,0.0872841295163724,0.0495196328612521
Uruzgan,2022,3,0.16066730803749876,0.11342729982485104
Badakhshan,2022,3,0.026524652939512627,0.0038688645677292747
Badghis,2022,3,0.2753115173302679,0.19917579534999244
Baghlan,2022,3,0.1795422118520438,0.1154839638918501
Balkh,2022,3,0.18148318211112796,0.13374024776246593
Bamyan,2022,3,0.05911203882472372,0.037395976390520225
Farah,2022,3,0.11905967905776907,0.08511410616150485
Faryab,2022,3,0.30662535901890897,0.22292821451925451
Ghazni,2022,3,0.095371636684188,0.06793415167192991
Ghor,2022,3,0.1033380435748021,0.06772886804563438
Hilmand,2022,3,0.12863282019846822,0.09419329896834695
Hirat,2022,3,0.14683604842239412,0.10225309516470955
Jawzjan,2022,3,0.20518672340794883,0.15474753902966087
Kabul,2022,3,0.1497361900381128,0.09826166488556534
Kandahar,2022,3,0.12041239969090005,0.08811816159130582
Kapisa,2022,3,0.19782496054080698,0.12483799638515612
Kunar,2022,3,0.35304830075166393,0.1636225974312782
Kunduz,2022,3,0.32271292874296903,0.22981921044354323
Laghman,2022,3,0.22166697040451747,0.12553571894568533
Logar,2022,3,0.11880411306372689,0.07792023403568589
Nangarhar,2022,3,0.2196342573660432,0.1338373824127441
Nimroz,2022,3,0.07649378408972048,0.0595458846177171
Nuristan,2022,3,0.0864659608928251,0.029749957277027377
Paktya,2022,3,0.17061074065988405,0.10113681346278439
Samangan,2022,3,0.17746900590729475,0.12531632505637724
Sar-e-Pul,2022,3,0.181324813170121,0.12674798476024798
Takhar,2022,3,0.20357412117726664,0.12593704591792218
Wardak,2022,3,0.06374621530088428,0.03688255620905214
Zabul,2022,3,0.11346187494387971,0.08023585329327668
Khost,2022,4,0.2612522706967074,0.15892297201610275
Paktika,2022,4,0.13226721930308075,0.09002588741879661
Daykundi,2022,4,0.17011485438940577,0.1136040776577157
Panjsher,2022,4,0.10482615136281409,0.05743978197097472
Parwan,2022,4,0.17236334064765535,0.10708135515434439
Uruzgan,2022,4,0.16744767715686318,0.1235708103338962
Badakhshan,2022,4,0.09805153886416203,0.05276662392649528
Badghis,2022,4,0.25315440955182233,0.17884255836181756
Baghlan,2022,4,0.1988759197932696,0.12900175558949614
Balkh,2022,4,0.16162815214526557,0.12234849349119865
Bamyan,2022,4,0.1465673678419306,0.09878844281472834
Farah,2022,4,0.11465753750356393,0.08241968311774679
Faryab,2022,4,0.24387891441769496,0.17943799139551314
Ghazni,2022,4,0.14763553053961923,0.10524125269733796
Ghor,2022,4,0.1641554570370344,0.11768047679604286
Hilmand,2022,4,0.1170488439737154,0.0866012510693619
Hirat,2022,4,0.1668325451662542,0.1154871841998519
Jawzjan,2022,4,0.14812087470180849,0.11479069405379753
Kabul,2022,4,0.1845912807065095,0.12629091663216246
Kandahar,2022,4,0.11425287286101447,0.08504589873503128
Kapisa,2022,4,0.24919187644602453,0.16582324405924717
Kunar,2022,4,0.40400174617176654,0.1996024648494795
Kunduz,2022,4,0.2458478593392242,0.17231618268959853
Laghman,2022,4,0.2378869093474068,0.1428072522309462
Logar,2022,4,0.1505820439339289,0.1012421758108147
Nangarhar,2022,4,0.22156121472341028,0.13721318786116743
Nimroz,2022,4,0.07288601108516894,0.05672423542976722
Nuristan,2022,4,0.1604317966298904,0.07719915563386424
Paktya,2022,4,0.21038055650341606,0.12926376289774838
Samangan,2022,4,0.19487673142741688,0.13799096266119534
Sar-e-Pul,2022,4,0.19400717696618908,0.14129359991504029
Takhar,2022,4,0.23273979587240104,0.15817268426827488
Wardak,2022,4,0.15923511364711224,0.09982347999236693
Zabul,2022,4,0.12208779455443125,0.08979136418208024
Khost,2022,5,0.21751709547305886,0.1361548018892627
Paktika,2022,5,0.11962317355213777,0.08472363886639207
Daykundi,2022,5,0.17230074223287567,0.11747870877010176
Panjsher,2022,5,0.17483549690633998,0.10451301509495423
Parwan,2022,5,0.20122334394619568,0.12908229925033454
Uruzgan,2022,5,0.14543157978850968,0.10812537565937239
Badakhshan,2022,5,0.16772558238402496,0.1009263410864749
Badghis,2022,5,0.19417548926645276,0.13870291775586274
Baghlan,2022,5,0.1823673454004892,0.1225321828222622
Balkh,2022,5,0.1282842203474158,0.09734385214184636
Bamyan,2022,5,0.18038112521098643,0.13018609547983637
Farah,2022,5,0.10344442002352111,0.07640738895280948
Faryab,2022,5,0.1825589017324209,0.13232973664317368
Ghazni,2022,5,0.1538300245148171,0.11410085195331876
Ghor,2022,5,0.17950698714088367,0.13072087757893014
Hilmand,2022,5,0.09916755720103776,0.07419148047296652
Hirat,2022,5,0.1486517310507259,0.10629412165999905
Jawzjan,2022,5,0.10900177656063373,0.08387919129600423
Kabul,2022,5,0.17869137852967995,0.1268792233864397
Kandahar,2022,5,0.10447489199923647,0.07876981095314246
Kapisa,2022,5,0.23122550372005832,0.15417258980671705
Kunar,2022,5,0.39843781054613253,0.21225033445527813
Kunduz,2022,5,0.14944402816008032,0.10807371096770489
Laghman,2022,5,0.22426009840905545,0.13649965141067627
Logar,2022,5,0.1505721474749667,0.10446102727590324
Nangarhar,2022,5,0.18607143803435552,0.1184722154652334
Nimroz,2022,5,0.07141342790264915,0.05583227378545337
Nuristan,2022,5,0.23164527789920933,0.12869372832714715
Paktya,2022,5,0.20832713316667673,0.1381099877927191
Samangan,2022,5,0.18227367129221433,0.13761650179486562
Sar-e-Pul,2022,5,0.1832702174915245,0.13655507188532617
Takhar,2022,5,0.2032376023372968,0.1330585169138394
Wardak,2022,5,0.19611292605422306,0.13286984823299228
Zabul,2022,5,0.11225218402987495,0.08594786233674374
Khost,2022,6,0.21623482618281015,0.14060246719737923
Paktika,2022,6,0.11349950361659698,0.07994752894264592
Daykundi,2022,6,0.1446687515220572,0.10014330978458141
Panjsher,2022,6,0.18875917592707703,0.11278455373063861
Parwan,2022,6,0.18245634767826735,0.1161004417773587
Uruzgan,2022,6,0.13387750099746065,0.1006940884457392
Badakhshan,2022,6,0.18322121401080793,0.11138562955243347
Badghis,2022,6,0.15607388803727407,0.11526091745176377
Baghlan,2022,6,0.1689534234607208,0.11363042848133795
Balkh,2022,6,0.12036808317614733,0.09369314196257031
Bamyan,2022,6,0.1685758001837248,0.12032591873143647
Farah,2022,6,0.09637965748190175,0.07194318988095731
Faryab,2022,6,0.15098557358852316,0.11395750013296602
Ghazni,2022,6,0.1381256599861045,0.10428840281782494
Ghor,2022,6,0.1571083116667723,0.11627489802832987
Hilmand,2022,6,0.09576238706540482,0.07268486914251512
Hirat,2022,6,0.12281618012964338,0.08911697435428398
Jawzjan,2022,6,0.09853241513687895,0.07787708462816506
Kabul,2022,6,0.16761944885244767,0.11727795748647835
Kandahar,2022,6,0.10096088165687861,0.07570211546615138
Kapisa,2022,6,0.2151043211076257,0.14068854625402888
Kunar,2022,6,0.40607218320099553,0.21403631911457174
Kunduz,2022,6,0.15628555024206733,0.11185443032510788
Laghman,2022,6,0.227534052163422,0.13950629845695395
Logar,2022,6,0.13777876254350954,0.0941168026380458
Nangarhar,2022,6,0.1917180360229741,0.1198031668279609
Nimroz,2022,6,0.0690765172097114,0.053930632916609045
Nuristan,2022,6,0.2730308050553838,0.14878394602165554
Paktya,2022,6,0.1948675050110128,0.12539824771296046
Samangan,2022,6,0.1643166704031156,0.1236581449323346
Sar-e-Pul,2022,6,0.16934082154196237,0.1275690015408854
Takhar,2022,6,0.17011505916431813,0.11494888366685978
Wardak,2022,6,0.17599397507184208,0.1189666425156781
Zabul,2022,6,0.10590824569800701,0.08023720795553718
Khost,2022,7,0.31219302372472985,0.18865837976613853
Paktika,2022,7,0.11698027356149725,0.07942341096000881
Daykundi,2022,7,0.13152323830883747,0.08968334151140028
Panjsher,2022,7,0.17953949176347617,0.10585458086115607
Parwan,2022,7,0.16619851283640832,0.10539389385628124
Uruzgan,2022,7,0.13320093592961937,0.10013538321268944
Badakhshan,2022,7,0.16379878927393512,0.10093560466235965
Badghis,2022,7,0.14260500523077427,0.10585847415088943
Baghlan,2022,7,0.15820022041955947,0.10955744664338822
Balkh,2022,7,0.12300772783535252,0.09731419631708288
Bamyan,2022,7,0.14917710865964942,0.10514799989749068
Farah,2022,7,0.09486919360235599,0.07035589114917985
Faryab,2022,7,0.13739256219323612,0.10288700818566468
Ghazni,2022,7,0.1321800003670298,0.09911646497257458
Ghor,2022,7,0.13857728758480256,0.1001755474538988
Hilmand,2022,7,0.10394580756423127,0.07754664857322642
Hirat,2022,7,0.11416659612853494,0.08282076594993003
Jawzjan,2022,7,0.09772938561375993,0.07697152182737223
Kabul,2022,7,0.16314349893839614,0.11262318998049141
Kandahar,2022,7,0.09962273598755825,0.07482500259469076
Kapisa,2022,7,0.23474293562371099,0.1561455232375773
Kunar,2022,7,0.44734768859976,0.22343916588009535
Kunduz,2022,7,0.19397801136929538,0.14643004559453787
Laghman,2022,7,0.2515042103104542,0.15193482728358795
Logar,2022,7,0.14247187056460442,0.09431750715941015
Nangarhar,2022,7,0.2296716798422389,0.14566522360090217
Nimroz,2022,7,0.07127062248778714,0.055794713862832794
Nuristan,2022,7,0.2837767834382267,0.15824165248591893
Paktya,2022,7,0.2106917111378123,0.12742643116414748
Samangan,2022,7,0.1452873568123517,0.11013283073555513
Sar-e-Pul,2022,7,0.1530905598239822,0.11436690197037128
Takhar,2022,7,0.17073717155238036,0.11755293348186675
Wardak,2022,7,0.15539770937515648,0.10190112630918424
Zabul,2022,7,0.10214677256060253,0.07750517798889428
Khost,2022,8,0.3558918325708061,0.2179745619057759
Paktika,2022,8,0.13063027106965253,0.08336262035960573
Daykundi,2022,8,0.12912937266408633,0.08641021887069175
Panjsher,2022,8,0.1687527022313604,0.09126418894731411
Parwan,2022,8,0.15428902398016153,0.0922966630575132
Uruzgan,2022,8,0.13751388940799728,0.1022385639911539
Badakhshan,2022,8,0.13641245322001352,0.07748153835278233
Badghis,2022,8,0.13761354968171888,0.1008513089713842
Baghlan,2022,8,0.15771537154957402,0.10300858448989261
Balkh,2022,8,0.12259924657296957,0.09502109966733731
Bamyan,2022,8,0.13737759130332025,0.09439307112979378
Farah,2022,8,0.0961204813547919,0.07063247817215258
Faryab,2022,8,0.13011074026683528,0.09629448848069436
Ghazni,2022,8,0.13642972427321803,0.0967894545116581
Ghor,2022,8,0.1296125872918427,0.09193166315636896
Hilmand,2022,8,0.1080378166020855,0.08125680622348169
Hirat,2022,8,0.11196622649952477,0.0797487459291637
Jawzjan,2022,8,0.09738867878931533,0.0759709640205073
Kabul,2022,8,0.16575910112303147,0.10860175168813334
Kandahar,2022,8,0.10395470615453703,0.07743280201619901
Kapisa,2022,8,0.24033910273713874,0.14911598262039247
Kunar,2022,8,0.48437353563543467,0.22716409493798384
Kunduz,2022,8,0.1834066436145206,0.13544125901904905
Laghman,2022,8,0.28366231308784096,0.16099952204905352
Logar,2022,8,0.1470875423557591,0.09307365196573686
Nangarhar,2022,8,0.26416193606435895,0.15622913958924897
Nimroz,2022,8,0.07301465224423644,0.05700187231725351
Nuristan,2022,8,0.2781359439990444,0.13397513072971645
Paktya,2022,8,0.22439019427388976,0.12994376589339215
Samangan,2022,8,0.13738639728925675,0.10094689572308528
Sar-e-Pul,2022,8,0.1409343679187786,0.1025933707573941
Takhar,2022,8,0.16393895064329672,0.10727705165083733
Wardak,2022,8,0.14620663831502395,0.09176937781522705
Zabul,2022,8,0.10533646500139034,0.07638129145552183
Khost,2022,9,0.3102492767898765,0.18414925348794534
Paktika,2022,9,0.13424574494321828,0.08858393473131203
Daykundi,2022,9,0.12765259852489297,0.08008383098404316
Panjsher,2022,9,0.16366743491803953,0.08888731160400823
Parwan,2022,9,0.14597367768361086,0.08490957797267051
Uruzgan,2022,9,0.13379315223414617,0.09472630443744391
Badakhshan,2022,9,0.1209638394929007,0.06630780837679918
Badghis,2022,9,0.13346139932570605,0.09426469190422099
Baghlan,2022,9,0.14030514790277104,0.09008583998257538
Balkh,2022,9,0.11599434123425859,0.08761172128942823
Bamyan,2022,9,0.12882953051147839,0.08667716275616949
Farah,2022,9,0.09786674817085733,0.0693542723209723
Faryab,2022,9,0.12572369984410947,0.08919490364697563
Ghazni,2022,9,0.13656173985603293,0.09896593174624298
Ghor,2022,9,0.12711178347011307,0.08402135258141308
Hilmand,2022,9,0.10752355503564323,0.07794655989885509
Hirat,2022,9,0.11028936000660516,0.07593584123264796
Jawzjan,2022,9,0.09403770146514029,0.07157383734741177
Kabul,2022,9,0.1620697762100577,0.10515011845566843
Kandahar,2022,9,0.10541967118606776,0.07777810374881691
Kapisa,2022,9,0.2209800975482149,0.13451663015136883
Kunar,2022,9,0.4731570907375428,0.21241888314537383
Kunduz,2022,9,0.14031840381982774,0.1017069937708262
Laghman,2022,9,0.26948294293300806,0.15085245540524855
Logar,2022,9,0.1454157556975224,0.09365991519057149
Nangarhar,2022,9,0.24140898357717672,0.14569370220966688
Nimroz,2022,9,0.0750347950581242,0.0580698096161889
Nuristan,2022,9,0.2571630304198816,0.12196045526323845
Paktya,2022,9,0.2140145461626703,0.12664838169395673
Samangan,2022,9,0.13127028463961318,0.09576186323391704
Sar-e-Pul,2022,9,0.1358105286021316,0.09296825090187218
Takhar,2022,9,0.1406556771949102,0.08919664446699777
Wardak,2022,9,0.14773099558553435,0.0930147755233214
Zabul,2022,9,0.10867225342705303,0.07930608243861806
Khost,2022,10,0.24913084582187256,0.13519680608947032
Paktika,2022,10,0.12239178707284797,0.07836488820612346
Daykundi,2022,10,0.11687795599584937,0.07044724216825693
Panjsher,2022,10,0.13099659589649496,0.06709964991877444
Parwan,2022,10,0.12340605310426568,0.067471287270742
Uruzgan,2022,10,0.12315604975670338,0.08492071863640802
Badakhshan,2022,10,0.04940247613576949,0.019971955647269408
Badghis,2022,10,0.1263927361624723,0.08778517602480769
Baghlan,2022,10,0.12495221419987677,0.07235239800530627
Balkh,2022,10,0.10891712067146353,0.07780470854645995
Bamyan,2022,10,0.1226456404482983,0.07830187562093274
Farah,2022,10,0.0928991001694295,0.06580356161547628
Faryab,2022,10,0.12136979151736271,0.084881297610572
Ghazni,2022,10,0.12188831928316077,0.08529766692126851
Ghor,2022,10,0.11880554392904268,0.0784519159113895
Hilmand,2022,10,0.09919818576663247,0.07141663211300821
Hirat,2022,10,0.10567096804852706,0.0723546948423022
Jawzjan,2022,10,0.08846546366876075,0.06743158190528371
Kabul,2022,10,0.13741252928701295,0.08384597988475431
Kandahar,2022,10,0.10143176607246607,0.07392433252559072
Kapisa,2022,10,0.18515616661791953,0.10539674234583124
Kunar,2022,10,0.39360754263470626,0.16594569214556168
Kunduz,2022,10,0.13366021657097393,0.08668126329577899
Laghman,2022,10,0.23033205790844288,0.116819571804531
Logar,2022,10,0.12261401456093846,0.07476153952125342
Nangarhar,2022,10,0.19959719550891328,0.11093796701177938
Nimroz,2022,10,0.07231760038825477,0.05595864728395889
Nuristan,2022,10,0.22064261848700667,0.0979679726322139
Paktya,2022,10,0.1828048682967634,0.0994916152768677
Samangan,2022,10,0.1322920124512535,0.08989091684545938
Sar-e-Pul,2022,10,0.13078228664128655,0.08568923983195295
Takhar,2022,10,0.12250326905460265,0.0675213083948108
Wardak,2022,10,0.12971607512764907,0.07772267335805107
Zabul,2022,10,0.1015129414398659,0.07234603098853327
Khost,2022,11,0.25602529720623024,0.12531411616894159
Paktika,2022,11,0.12500533007920292,0.07456166478436985
Daykundi,2022,11,0.10713505203917642,0.06467563914176663
Panjsher,2022,11,0.03922217096705114,0.01281096666117778
Parwan,2022,11,0.09693545722522891,0.05123390966715821
Uruzgan,2022,11,0.12250611029602275,0.08103155973426773
Badakhshan,2022,11,0.017941430112600833,-0.0016021780407286061
Badghis,2022,11,0.15823974799301632,0.10051334533732065
Baghlan,2022,11,0.11770885370321565,0.06185614028702291
Balkh,2022,11,0.13058257332000156,0.0836583099525763
Bamyan,2022,11,0.08319383506316477,0.05405553893713184
Farah,2022,11,0.10003192194318399,0.06573606464267835
Faryab,2022,11,0.15919592210214306,0.10174817282300036
Ghazni,2022,11,0.11326668657147443,0.07570253255514424
Ghor,2022,11,0.10866479702671293,0.06897107892465475
Hilmand,2022,11,0.10124882503489849,0.07145361408845939
Hirat,2022,11,0.11531278509458583,0.07205586876158539
Jawzjan,2022,11,0.11503944122000472,0.07993259966509843
Kabul,2022,11,0.13382022070167762,0.07652605225740299
Kandahar,2022,11,0.10409683817780363,0.07324229954968331
Kapisa,2022,11,0.1738609692807973,0.09114309429791854
Kunar,2022,11,0.3881325086152372,0.14551127613422724
Kunduz,2022,11,0.167435356067634,0.09632530683104738
Laghman,2022,11,0.22533416828675246,0.10684833009770252
Logar,2022,11,0.11971487747970408,0.06865566714453632
Nangarhar,2022,11,0.1941822354825663,0.09952641336468529
Nimroz,2022,11,0.07656796714054813,0.0571754348006473
Nuristan,2022,11,0.1284115939094799,0.04576063780388234
Paktya,2022,11,0.18706927759534056,0.09528090601302691
Samangan,2022,11,0.13522349841352094,0.08574113852934556
Sar-e-Pul,2022,11,0.12649767210105803,0.07928509573529961
Takhar,2022,11,0.12474570860478687,0.060154467954314846
Wardak,2022,11,0.1033590612763816,0.06230943070555031
Zabul,2022,11,0.10331622551043845,0.06702813126884917
Khost,2022,12,0.23710457541399282,0.11666414490283343
Paktika,2022,12,0.11619952660327769,0.06956462179263578
Daykundi,2022,12,0.07977766454796968,0.04690037754876505
Panjsher,2022,12,0.020342909663383275,0.00528221523310635
Parwan,2022,12,0.07995649454523711,0.04197707481041795
Uruzgan,2022,12,0.11270264944664815,0.07267594561373425
Badakhshan,2022,12,-0.00036204142853981416,-0.01003204101281583
Badghis,2022,12,0.17076807208655848,0.10012736439332946
Baghlan,2022,12,0.10697496772263107,0.05922675378353654
Balkh,2022,12,0.12876558607934788,0.08059575222941388
Bamyan,2022,12,0.04538508900052106,0.02999547248896575
Farah,2022,12,0.09865174845302113,0.06392182526919082
Faryab,2022,12,0.17029946294650547,0.10598364307445789
Ghazni,2022,12,0.0947005033922078,0.0642777483494178
Ghor,2022,12,0.05911258866705595,0.0359412042056683
Hilmand,2022,12,0.09869304864265875,0.06678263109666123
Hirat,2022,12,0.1112156725890834,0.06452443349774954
Jawzjan,2022,12,0.12393949135412112,0.08508576410149706
Kabul,2022,12,0.11525014813534998,0.06515524136304976
Kandahar,2022,12,0.10257035383101545,0.06976959984863158
Kapisa,2022,12,0.15324632344840008,0.08106341068980383
Kunar,2022,12,0.3815565114531077,0.13436970462633513
Kunduz,2022,12,0.19174648198463884,0.11176801947961346
Laghman,2022,12,0.2118056585662074,0.09501460871475079
Logar,2022,12,0.10729980223880871,0.060514240812331484
Nangarhar,2022,12,0.1748804586170024,0.08597076377507547
Nimroz,2022,12,0.0761307747628835,0.0560105561715614
Nuristan,2022,12,0.10904813358678535,0.03657774968674326
Paktya,2022,12,0.17532727235497253,0.0881178332154079
Samangan,2022,12,0.11616886946233841,0.07636348610879154
Sar-e-Pul,2022,12,0.09815800823336579,0.0567607366815715
Takhar,2022,12,0.11847978886489653,0.05980795937819565
Wardak,2022,12,0.07713730793552386,0.047611318064330554
Zabul,2022,12,0.09492572975230504,0.062042609940388946
Khost,2023,1,0.2203596583386338,0.11469309587380153
Paktika,2023,1,0.09548337403794689,0.058636102047162506
Daykundi,2023,1,0.02872120501084838,0.012844762432491432
Panjsher,2023,1,-0.0017872262009294107,-0.007477166304855857
Parwan,2023,1,0.04480507649783144,0.02278947528399704
Uruzgan,2023,1,0.0853653662384115,0.04958386836278192
Badakhshan,2023,1,-0.008367853096150344,-0.01284893948819892
Badghis,2023,1,0.1033675509560467,0.06453478045129728
Baghlan,2023,1,0.06959840562460767,0.03667576632457473
Balkh,2023,1,0.10164292163499802,0.06632774178953058
Bamyan,2023,1,-0.006527864120646019,-0.008661949650107076
Farah,2023,1,0.09107863453318774,0.05902670648477121
Faryab,2023,1,0.09909644377863364,0.06407020250005799
Ghazni,2023,1,0.018663259595844885,0.011119565030196467
Ghor,2023,1,-0.0025830924861351932,-0.006794232030908069
Hilmand,2023,1,0.09667052414265427,0.06451729122462714
Hirat,2023,1,0.08289270780460026,0.05085056905688231
Jawzjan,2023,1,0.10022018463212863,0.06843117076777787
Kabul,2023,1,0.06533136656430998,0.038665085132018925
Kandahar,2023,1,0.1037703057334614,0.0649142115868928
Kapisa,2023,1,0.12415092525705025,0.07076088944662527
Kunar,2023,1,0.30111565582919886,0.12181274122365775
Kunduz,2023,1,0.1749967473028189,0.10143104352686239
Laghman,2023,1,0.18218115746270763,0.09313647496786699
Logar,2023,1,0.0334132735849038,0.021161519668883112
Nangarhar,2023,1,0.1502033859613326,0.0789795118772545
Nimroz,2023,1,0.07765406255414055,0.05685936735131928
Nuristan,2023,1,0.06430285135184305,0.019767263109054637
Paktya,2023,1,0.08970173706017814,0.052322627441634045
Samangan,2023,1,0.04962321427506111,0.03276564988052102
Sar-e-Pul,2023,1,0.05789865664258047,0.032433627731448554
Takhar,2023,1,0.0778847356428693,0.03582965454386836
Wardak,2023,1,-0.0016408979757033756,-0.004561379098161201
Zabul,2023,1,0.07116354114303193,0.041585663681561524
Khost,2023,2,0.22307913973687732,0.11960667390737258
Paktika,2023,2,0.10558937002500803,0.062407388523129596
Daykundi,2023,2,0.042614868742313,0.02071169286820094
Panjsher,2023,2,-0.014946714944467648,-0.018168416997867927
Parwan,2023,2,0.02823046002320187,0.008902281553009766
Uruzgan,2023,2,0.10760118533549068,0.06945728179571495
Badakhshan,2023,2,-0.005215938606217234,-0.015310507842197953
Badghis,2023,2,0.191247238213649,0.10825616001854535
Baghlan,2023,2,0.12005096970415348,0.06396555703824701
Balkh,2023,2,0.13949397986777004,0.08853858172922874
Bamyan,2023,2,-0.0030319056806927857,-0.008452583704762394
Farah,2023,2,0.09397078442755433,0.06334427756160906
Faryab,2023,2,0.20262032642935662,0.12332886925710884
Ghazni,2023,2,0.033687802713165266,0.0183323114672035
Ghor,2023,2,0.02070050391689339,0.008809179257917804
Hilmand,2023,2,0.10114349816223518,0.07133620826245235
Hirat,2023,2,0.10936794236084267,0.06708986197473533
Jawzjan,2023,2,0.15316978752409804,0.09848957742991567
Kabul,2023,2,0.09518521585010609,0.05129997729736613
Kandahar,2023,2,0.10232604429453676,0.070288881295566
Kapisa,2023,2,0.13575775324196013,0.07199961884567475
Kunar,2023,2,0.31697207474036615,0.12878204661365017
Kunduz,2023,2,0.25562301264426407,0.1470366258270748
Laghman,2023,2,0.1899114536891692,0.09547125883680915
Logar,2023,2,0.05884627554979202,0.03298698503020259
Nangarhar,2023,2,0.17169498794433127,0.09507786455914781
Nimroz,2023,2,0.0737052620096601,0.05614998110516783
Nuristan,2023,2,0.04678395111359188,0.010479057371919422
Paktya,2023,2,0.10556238163752822,0.058638775217387196
Samangan,2023,2,0.11007852993069678,0.07006086454569509
Sar-e-Pul,2023,2,0.10727834996029022,0.06266172674265884
Takhar,2023,2,0.14478594524790836,0.0704507171682942
Wardak,2023,2,-0.005554434830497386,-0.011840092131779863
Zabul,2023,2,0.0892383453436311,0.05542610693537291
Khost,2023,3,0.25192023897425797,0.15167489685828028
Paktika,2023,3,0.1247736152532756,0.08111915403472152
Daykundi,2023,3,0.09958976128841493,0.059680623829871965
Panjsher,2023,3,0.023794997703126288,0.005775400944224651
Parwan,2023,3,0.08400269006426812,0.04725248201625892
Uruzgan,2023,3,0.147687456983535,0.10269930659859505
Badakhshan,2023,3,0.021250682327339374,0.00012942179104899717
Badghis,2023,3,0.3073852345074218,0.20699300051014358
Baghlan,2023,3,0.1738163073563112,0.1116742921306864
Balkh,2023,3,0.1829019629626802,0.1303187471279731
Bamyan,2023,3,0.04585437152643911,0.02745030751219757
Farah,2023,3,0.10637178293151876,0.07306253344738842
Faryab,2023,3,0.28304991667370183,0.1939371785362556
Ghazni,2023,3,0.09382080653948638,0.06584316703877159
Ghor,2023,3,0.10223226400422832,0.06265796512566875
Hilmand,2023,3,0.1189899889114582,0.08617989213350644
Hirat,2023,3,0.14801077291302248,0.09684499762415216
Jawzjan,2023,3,0.1904772817896395,0.14195682061926115
Kabul,2023,3,0.15267851315893388,0.09233141198741243
Kandahar,2023,3,0.1165408907011248,0.0837775900301008
Kapisa,2023,3,0.19218453933899235,0.11854770693165242
Kunar,2023,3,0.34530617785821954,0.15436728175585687
Kunduz,2023,3,0.3337373476477812,0.2432165866358789
Laghman,2023,3,0.21700938739655198,0.12182599840306489
Logar,2023,3,0.1262519381329346,0.07924979206554718
Nangarhar,2023,3,0.2087254615606381,0.1247661974388152
Nimroz,2023,3,0.07719937445442854,0.058699166085089384
Nuristan,2023,3,0.07842362012713372,0.029912731920463148
Paktya,2023,3,0.17988073412589886,0.10927884501909504
Samangan,2023,3,0.16524977166988208,0.11576847639360993
Sar-e-Pul,2023,3,0.19125282584693296,0.12826795231611043
Takhar,2023,3,0.22567547344582534,0.13876374633192878
Wardak,2023,3,0.06173499928668248,0.036215820613786164
Zabul,2023,3,0.11478047399617561,0.07768193168543099
Khost,2023,4,0.2958448152422131,0.17458323596688954
Paktika,2023,4,0.1546618219725161,0.10412836204452414
Daykundi,2023,4,0.16365235466449515,0.10569761849798094
Panjsher,2023,4,0.0613464019838392,0.02228611835472061
Parwan,2023,4,0.15534693190253873,0.09441870141915219
Uruzgan,2023,4,0.1691858609576769,0.12312501632495781
Badakhshan,2023,4,0.06520947066233514,0.026516862876380297
Badghis,2023,4,0.2445065834490635,0.17314064687575245
Baghlan,2023,4,0.1931591476142922,0.12372629314829048
Balkh,2023,4,0.15693148157437162,0.11778015091924182
Bamyan,2023,4,0.11408344903347277,0.07493583804072915
Farah,2023,4,0.10531102897411913,0.07496815192295064
Faryab,2023,4,0.20466832724679354,0.14634450060044724
Ghazni,2023,4,0.15143797095540987,0.10937335780021394
Ghor,2023,4,0.15591237707770642,0.10648172574276618
Hilmand,2023,4,0.11549649938690477,0.085108635600199
Hirat,2023,4,0.15014920232932483,0.10374927258406616
Jawzjan,2023,4,0.12489105223825954,0.09682074469651875
Kabul,2023,4,0.21023314306333227,0.1391858939245249
Kandahar,2023,4,0.12106975361210398,0.09014651895293019
Kapisa,2023,4,0.2571596421514956,0.16691807760047192
Kunar,2023,4,0.40929935569505316,0.18532985952150857
Kunduz,2023,4,0.25883629942394426,0.18198624963684995
Laghman,2023,4,0.25853154698903436,0.14498424046801398
Logar,2023,4,0.17309371769338713,0.11678910687706393
Nangarhar,2023,4,0.24425978124611153,0.15159069263175615
Nimroz,2023,4,0.07249806252809281,0.055940082029538554
Nuristan,2023,4,0.11213993308030656,0.03985353460452359
Paktya,2023,4,0.2326062640437598,0.14026967141132138
Samangan,2023,4,0.18074428195660738,0.13015133304220303
Sar-e-Pul,2023,4,0.18744700128024497,0.13508481162440675
Takhar,2023,4,0.26800176173750573,0.1733107463540708
Wardak,2023,4,0.1393979696693176,0.08951932572307446
Zabul,2023,4,0.13691200628407835,0.09966884613292849
Khost,2023,5,0.285702170766292,0.18103695321004698
Paktika,2023,5,0.16065359957224784,0.11460110457079943
Daykundi,2023,5,0.19500809412860445,0.13084188094115792
Panjsher,2023,5,0.13491763389153802,0.07574388865662014
Parwan,2023,5,0.20108167296333715,0.12742950923216145
Uruzgan,2023,5,0.1586693859819061,0.117169800669341
Badakhshan,2023,5,0.12362676526565275,0.07118971164329352
Badghis,2023,5,0.1913844441694637,0.13491529739666733
Baghlan,2023,5,0.17871576413979665,0.11814475964797476
Balkh,2023,5,0.13015535774374298,0.09974573473978185
Bamyan,2023,5,0.17810733969262157,0.12220625456610833
Farah,2023,5,0.09897168679510497,0.07240651864044172
Faryab,2023,5,0.1683311699788247,0.12082856995741507
Ghazni,2023,5,0.18994662091145972,0.1399087011858945
Ghor,2023,5,0.18884323728741922,0.1321925805056795
Hilmand,2023,5,0.09989704901148369,0.0739155588312394
Hirat,2023,5,0.13283793721268367,0.0933141259758124
Jawzjan,2023,5,0.10227210820864287,0.0792948943517495
Kabul,2023,5,0.204486975313952,0.14569935464590064
Kandahar,2023,5,0.11200982386715902,0.08451669741558045
Kapisa,2023,5,0.25499659432756183,0.17333175005526727
Kunar,2023,5,0.43265418053806565,0.24363996020156747
Kunduz,2023,5,0.16219912765938765,0.11924275090519934
Laghman,2023,5,0.2538149602081739,0.16390564461608315
Logar,2023,5,0.17932568186996353,0.12725998488754733
Nangarhar,2023,5,0.21649536031676647,0.14251027492196164
Nimroz,2023,5,0.0718193912046934,0.05586560234636749
Nuristan,2023,5,0.18379389092065587,0.0976712132072434
Paktya,2023,5,0.24970457480705516,0.16760858781551355
Samangan,2023,5,0.17549433431283654,0.13022150782320993
Sar-e-Pul,2023,5,0.19189584858418413,0.13680282524693335
Takhar,2023,5,0.20772557786316403,0.14104326234461972
Wardak,2023,5,0.20271755048151383,0.1334169396316266
Zabul,2023,5,0.13651719415133848,0.10193044440399966
Khost,2023,6,0.30864071211806604,0.18045498884055303
Paktika,2023,6,0.14668219639106,0.09939653770180665
Daykundi,2023,6,0.16286375939541892,0.11124400318190567
Panjsher,2023,6,0.18350619367604426,0.11300265055291313
Parwan,2023,6,0.18751525343805436,0.12177701407258242
Uruzgan,2023,6,0.14035757408863092,0.10443593022768845
Badakhshan,2023,6,0.173976073217004,0.10573686508832439
Badghis,2023,6,0.15382447920469103,0.11203126698504966
Baghlan,2023,6,0.1621753509454457,0.10983674690829319
Balkh,2023,6,0.11850221912412094,0.09252660611509801
Bamyan,2023,6,0.18298777109803444,0.12805226284533353
Farah,2023,6,0.09252812743759148,0.06848726407610352
Faryab,2023,6,0.14330745005951145,0.10482848723788038
Ghazni,2023,6,0.17618083653094924,0.13099080502644558
Ghor,2023,6,0.1660192014215921,0.11865957665372837
Hilmand,2023,6,0.09742920945585963,0.07297594471690191
Hirat,2023,6,0.11403814230184496,0.08176985758170788
Jawzjan,2023,6,0.09484986501058278,0.07559058546542449
Kabul,2023,6,0.1769647239568672,0.12523241193730422
Kandahar,2023,6,0.10569557246164883,0.07910508942950262
Kapisa,2023,6,0.22012424465008468,0.14612578994755598
Kunar,2023,6,0.4588137480290308,0.23544128775347276
Kunduz,2023,6,0.14628649911611188,0.10635894126072955
Laghman,2023,6,0.25483908520069076,0.14823056720457267
Logar,2023,6,0.15844275591706652,0.10846157561145038
Nangarhar,2023,6,0.2093695801090136,0.13272384797521106
Nimroz,2023,6,0.06919825070558959,0.054156679009380496
Nuristan,2023,6,0.27292469400061886,0.15454256376757716
Paktya,2023,6,0.24053355648595864,0.15057498954011136
Samangan,2023,6,0.14979904350850376,0.11248746383472179
Sar-e-Pul,2023,6,0.1749502967184568,0.12999322809857708
Takhar,2023,6,0.16616636180055172,0.11192714365868879
Wardak,2023,6,0.20126172780716503,0.13411076791927834
Zabul,2023,6,0.12204561525341456,0.09153286991885605
Khost,2023,7,0.34625711842541296,0.22349827769056915
Paktika,2023,7,0.13809140655834448,0.09396016558271252
Daykundi,2023,7,0.14142967742040508,0.09405386971656364
Panjsher,2023,7,0.18252580083977257,0.10614107210117682
Parwan,2023,7,0.1694909135138444,0.10776472023526004
Uruzgan,2023,7,0.1355132912268663,0.09903158033353626
Badakhshan,2023,7,0.16916574556812974,0.1047988420783699
Badghis,2023,7,0.14081429136705093,0.10414864622473173
Baghlan,2023,7,0.15516917398537192,0.10623527307635051
Balkh,2023,7,0.12173343067012919,0.09464986623661242
Bamyan,2023,7,0.158072876674274,0.10972182243000443
Farah,2023,7,0.09059474278996371,0.06657528843721948
Faryab,2023,7,0.13099979199804065,0.09687359888155694
Ghazni,2023,7,0.15619297235617113,0.11521813163813034
Ghor,2023,7,0.14291793036185857,0.10117676963722143
Hilmand,2023,7,0.10052241694776656,0.07540891332350252
Hirat,2023,7,0.10678560775586846,0.07620522650890918
Jawzjan,2023,7,0.09572412582949195,0.07527642004345636
Kabul,2023,7,0.16692048669869877,0.11522510904136588
Kandahar,2023,7,0.10029216704239292,0.07471454187161394
Kapisa,2023,7,0.23001911331581748,0.14983105797470536
Kunar,2023,7,0.4989351965336491,0.24637240536449748
Kunduz,2023,7,0.19978277920385468,0.15072217617311773
Laghman,2023,7,0.2669971529189126,0.16510443562869043
Logar,2023,7,0.15075788492696435,0.09693028699838246
Nangarhar,2023,7,0.22470737510006403,0.1465095492254842
Nimroz,2023,7,0.06969184283368848,0.054694219631148365
Nuristan,2023,7,0.3050932071365995,0.16696931561562006
Paktya,2023,7,0.23057737155961183,0.14103753331120075
Samangan,2023,7,0.13587390981194933,0.10189389514733255
Sar-e-Pul,2023,7,0.1577625996308559,0.1142229719336596
Takhar,2023,7,0.17321844689497104,0.11822964964583325
Wardak,2023,7,0.16971579887362379,0.11019833890538162
Zabul,2023,7,0.1125830650795301,0.08404310475723292
Khost,2023,8,0.3127533469888755,0.19085482475064144
Paktika,2023,8,0.13130585209078824,0.08982841873488688
Daykundi,2023,8,0.13476702888810976,0.0898937609417687
Panjsher,2023,8,0.16509219809185394,0.09701328646952471
Parwan,2023,8,0.1566498956663038,0.09809140350281342
Uruzgan,2023,8,0.13531390572727978,0.10024067311571656
Badakhshan,2023,8,0.15279642943776856,0.09035185630334472
Badghis,2023,8,0.1358557135759402,0.09936983307944815
Baghlan,2023,8,0.15041555253871547,0.10055473312052182
Balkh,2023,8,0.12266737931146761,0.09415577599981922
Bamyan,2023,8,0.14169582995807353,0.09810113208130009
Farah,2023,8,0.09243172071148147,0.06741171182164668
Faryab,2023,8,0.12577350485360014,0.09177246901430627
Ghazni,2023,8,0.14440977577906516,0.10651395250828331
Ghor,2023,8,0.13086092577500294,0.09111706244612026
Hilmand,2023,8,0.1065042081283313,0.07980683887459568
Hirat,2023,8,0.10585900621022966,0.07462287917994084
Jawzjan,2023,8,0.0953130945615226,0.07396445990834952
Kabul,2023,8,0.16134882851286247,0.10940676033990515
Kandahar,2023,8,0.1041790876786178,0.07796205407375612
Kapisa,2023,8,0.2257268140452062,0.14974922858594455
Kunar,2023,8,0.4730544006349056,0.22974773430800383
Kunduz,2023,8,0.19146598208490376,0.14222315587021897
Laghman,2023,8,0.26211587437069417,0.15098673342607516
Logar,2023,8,0.14472527246301414,0.09594749948338867
Nangarhar,2023,8,0.21907600716543515,0.13849021207184625
Nimroz,2023,8,0.07153782305180172,0.055932469430511174
Nuristan,2023,8,0.2865224301535754,0.14936615844903975
Paktya,2023,8,0.207981342308389,0.12918901013750742
Samangan,2023,8,0.13100039882535536,0.09712945741449872
Sar-e-Pul,2023,8,0.14421003830382934,0.10299564739554241
Takhar,2023,8,0.17056121963137735,0.11264085240306049
Wardak,2023,8,0.15219215691565938,0.09916683816750864
Zabul,2023,8,0.10911073021126615,0.08115926354060242
Khost,2023,9,0.2661213122444452,0.1537502103246637
Paktika,2023,9,0.12336169152229082,0.08227994542356386
Daykundi,2023,9,0.12905957491845413,0.0833706047980183
Panjsher,2023,9,0.13967544826689013,0.08049078762149317
Parwan,2023,9,0.13743535591558442,0.08225672515616066
Uruzgan,2023,9,0.13014748018709446,0.09406084844109884
Badakhshan,2023,9,0.11693362913738631,0.06488953672856453
Badghis,2023,9,0.1310719774032544,0.09312594317253958
Baghlan,2023,9,0.13184890584563458,0.08501011711537608
Balkh,2023,9,0.11350046024864789,0.08519951303824896
Bamyan,2023,9,0.13182203717230984,0.08698146809998494
Farah,2023,9,0.09164536782011694,0.06582947285481452
Faryab,2023,9,0.12182254581963081,0.08659659989016168
Ghazni,2023,9,0.1322391263323646,0.09534861620995676
Ghor,2023,9,0.12669377338642704,0.08476778644524331
Hilmand,2023,9,0.10180558780493594,0.07464754818649455
Hirat,2023,9,0.10342741045231295,0.07134378618629357
Jawzjan,2023,9,0.0890860591457662,0.06829292748666904
Kabul,2023,9,0.149697692595607,0.09821248412710916
Kandahar,2023,9,0.10135573953569256,0.0756523745049657
Kapisa,2023,9,0.19868810518598598,0.12063563647048002
Kunar,2023,9,0.4335149876302345,0.20187568141383322
Kunduz,2023,9,0.14149805278618108,0.10000172340030848
Laghman,2023,9,0.23539716537741237,0.13554381302567559
Logar,2023,9,0.1309344924323708,0.08557994557213207
Nangarhar,2023,9,0.1978113261149696,0.11863524327412459
Nimroz,2023,9,0.07130373323620215,0.05601650127492469
Nuristan,2023,9,0.23422102534012587,0.11442013105154457
Paktya,2023,9,0.1888645329883197,0.11106275172965369
Samangan,2023,9,0.12791080583535283,0.090747096208735
Sar-e-Pul,2023,9,0.13994697146924415,0.09561749627816381
Takhar,2023,9,0.13832993762904716,0.08615600486093938
Wardak,2023,9,0.1360883270242929,0.08655693999487056
Zabul,2023,9,0.1058693162148269,0.07799444481501108
Khost,2023,10,0.26019509801600404,0.13256178783299222
Paktika,2023,10,0.12167783186658976,0.07655710323758365
Daykundi,2023,10,0.12983531347419724,0.07566493787159434
Panjsher,2023,10,0.11915694424906617,0.06362960607836689
Parwan,2023,10,0.1301152047187387,0.07173827077477833
Uruzgan,2023,10,0.12994108453825104,0.08620980527178895
Badakhshan,2023,10,0.09022443017324482,0.04972540142269646
Badghis,2023,10,0.13217881677470367,0.08738538914142846
Baghlan,2023,10,0.12210177603595863,0.07330589567706916
Balkh,2023,10,0.10996843428575676,0.07784493779172842
Bamyan,2023,10,0.12860787181880828,0.07943337304039663
Farah,2023,10,0.09107130984426076,0.06331378286359854
Faryab,2023,10,0.1210379945475586,0.08267702443929086
Ghazni,2023,10,0.12795724156811175,0.08604041541643617
Ghor,2023,10,0.12627630748222254,0.0801512706282005
Hilmand,2023,10,0.10035275035299018,0.07162309792824251
Hirat,2023,10,0.1024034037416172,0.0678378749335355
Jawzjan,2023,10,0.08722448609686695,0.06563318370079346
Kabul,2023,10,0.14850539075884966,0.08941370952850394
Kandahar,2023,10,0.10088473419104423,0.07267082032389052
Kapisa,2023,10,0.1926148518134197,0.10483070558008158
Kunar,2023,10,0.4266696193875504,0.17434320236135986
Kunduz,2023,10,0.12181344354513977,0.07931379130465578
Laghman,2023,10,0.2447781717556081,0.12127886597298643
Logar,2023,10,0.1261528670419771,0.07444363484904105
Nangarhar,2023,10,0.19749276897526674,0.10581649711932778
Nimroz,2023,10,0.07172325425939771,0.0544481104615657
Nuristan,2023,10,0.18367183381695823,0.08036988388055573
Paktya,2023,10,0.1975285601054337,0.10034715801524649
Samangan,2023,10,0.12846877939522527,0.08514279860608513
Sar-e-Pul,2023,10,0.13684553029228014,0.08914113482598372
Takhar,2023,10,0.12323383318086645,0.07234379525144273
Wardak,2023,10,0.13368197710554722,0.07876362127265092
Zabul,2023,10,0.10359140300955584,0.07281988130541583
Khost,2023,11,0.24870435858097872,0.1286514591130719
Paktika,2023,11,0.12056091445777435,0.07412757513783681
Daykundi,2023,11,0.12202918223943297,0.07098909452069545
Panjsher,2023,11,0.1038559454226357,0.053230467273840114
Parwan,2023,11,0.11585774657451953,0.06256964185368331
Uruzgan,2023,11,0.12296556193212486,0.08089696906346074
Badakhshan,2023,11,0.06656357986570006,0.03315556121254792
Badghis,2023,11,0.1371057761586298,0.08586379050563482
Baghlan,2023,11,0.1147393637357636,0.06612431937653336
Balkh,2023,11,0.09738630638112654,0.07005827294042001
Bamyan,2023,11,0.11870512577741181,0.07489235453351069
Farah,2023,11,0.09132959578757949,0.05916825418174166
Faryab,2023,11,0.12072970315274134,0.07805421787918616
Ghazni,2023,11,0.12192762047806002,0.08284080963694804
Ghor,2023,11,0.1250622319509038,0.074983165097367
Hilmand,2023,11,0.09650203063271555,0.06677911242112008
Hirat,2023,11,0.10382273451924073,0.06419722859733065
Jawzjan,2023,11,0.08352652866003547,0.0626609671849641
Kabul,2023,11,0.13394923597229186,0.07910665305673063
Kandahar,2023,11,0.10130073486762975,0.07114485387006339
Kapisa,2023,11,0.17686505308750264,0.09509437083435347
Kunar,2023,11,0.39940197881321376,0.16326019607486036
Kunduz,2023,11,0.11706242570956234,0.07547092634873756
Laghman,2023,11,0.23887560665430765,0.11684041807162877
Logar,2023,11,0.1184549060943036,0.06713734836577041
Nangarhar,2023,11,0.1882905469114443,0.09702505979768138
Nimroz,2023,11,0.07251135781139935,0.053190554094186784
Nuristan,2023,11,0.18306132208529666,0.07705651019125753
Paktya,2023,11,0.18916096523863468,0.09626178351888573
Samangan,2023,11,0.12100258572894851,0.08269835306709199
Sar-e-Pul,2023,11,0.12875729959934543,0.0834357088555049
Takhar,2023,11,0.11342392192311178,0.06287968262637422
Wardak,2023,11,0.12299736895092322,0.07265406346763675
Zabul,2023,11,0.10237203263925226,0.06951890497816611
Khost,2023,12,0.23765464293840055,0.11972544887955597
Paktika,2023,12,0.12042826660146866,0.07019950383792048
Daykundi,2023,12,0.10110963230536424,0.0567367660445264
Panjsher,2023,12,0.08477648848846357,0.039606153102492755
Parwan,2023,12,0.1043212130949302,0.05341335680716157
Uruzgan,2023,12,0.11652971020980891,0.07295446672670113
Badakhshan,2023,12,0.03756186702616613,0.01421652455911148
Badghis,2023,12,0.13186870003675188,0.08484572408009286
Baghlan,2023,12,0.111230594648854,0.06103484947038328
Balkh,2023,12,0.11016431565907703,0.0732907089891934
Bamyan,2023,12,0.0994180835228731,0.06251038732625525
Farah,2023,12,0.09028997059440645,0.05884994077139695
Faryab,2023,12,0.12840075493625527,0.08590046161122314
Ghazni,2023,12,0.10545364950284998,0.07026933581055683
Ghor,2023,12,0.10055277136380712,0.06315470288976519
Hilmand,2023,12,0.09541134816827161,0.0642263873983118
Hirat,2023,12,0.10162347279086742,0.062407060159664095
Jawzjan,2023,12,0.09219386407691615,0.0675548729057429
Kabul,2023,12,0.12103144714109004,0.06925810063466291
Kandahar,2023,12,0.1004848199641948,0.06933587862778708
Kapisa,2023,12,0.16325946189357837,0.08339028962180464
Kunar,2023,12,0.3942807205250399,0.13773536426216493
Kunduz,2023,12,0.13411373119298226,0.08323652909990828
Laghman,2023,12,0.22618574192324092,0.10271846118955127
Logar,2023,12,0.11363404797881321,0.0615522630046002
Nangarhar,2023,12,0.17375676027477827,0.08346341551393284
Nimroz,2023,12,0.07246928480225737,0.05404556469614939
Nuristan,2023,12,0.1752600022711223,0.06576401167164846
Paktya,2023,12,0.17840659342952891,0.08766678817481355
Samangan,2023,12,0.1180519101346643,0.07732221714682087
Sar-e-Pul,2023,12,0.12591050539018764,0.08037184954420169
Takhar,2023,12,0.11401934617531446,0.0575183628765091
Wardak,2023,12,0.09609861984671841,0.05726182322857873
Zabul,2023,12,0.09919340294132879,0.06369263515926611
